gbifid	datasetkey	occurrenceid	kingdom	phylum	class	order	family	genus	species	infraspecificepithet	taxonrank	scientificname	verbatimscientificname	verbatimscientificnameauthorship	countrycode	locality	stateprovince	occurrencestatus	individualcount	publishingorgkey	decimallatitude	decimallongitude	coordinateuncertaintyinmeters	coordinateprecision	elevation	elevationaccuracy	depth	depthaccuracy	eventdate	day	month	year	taxonkey	specieskey	basisofrecord	institutioncode	collectioncode	catalognumber	recordnumber	identifiedby	dateidentified	license	rightsholder	recordedby	typestatus	establishmentmeans	lastinterpreted	mediatype	issue	dataset_name	datasetDOI
1	3.20200679592232e-314	50c9509d-22c7-4a22-a47d-8c48425ef4a7	https://www.inaturalist.org/observations/387512543	Animalia	Chordata	Aves	Piciformes	Picidae	Dendrocoptes	Dendrocoptes medius		SPECIES	Dendrocoptes medius (Linnaeus, 1758)	Dendrocoptes medius		CH		Basel-Stadt	PRESENT	NA	28eb1a3f-1c15-4a95-931a-4af90ecb574d	47.567077	7.570903	NA	NA	NA	NA	NA	NA	2026-08-02T14:51:28	2	8	2026	8773033	8773033	HUMAN_OBSERVATION	iNaturalist	Observations	387512543	NA		NA	CC_BY_NC_4_0	Alina I. Sartorius	Alina I. Sartorius	NA	NA	2026-09-11 05:49:27.63	StillImage	COORDINATE_ROUNDED;CONTINENT_DERIVED_FROM_COORDINATES;TAXON_ID_NOT_FOUND	iNaturalist Research-grade Observations	10.15468/ab3s5x
2	3.18748691557525e-314	50c9509d-22c7-4a22-a47d-8c48425ef4a7	https://www.inaturalist.org/observations/382535206	Animalia	Chordata	Aves	Piciformes	Picidae	Dendrocoptes	Dendrocoptes medius		SPECIES	Dendrocoptes medius (Linnaeus, 1758)	Dendrocoptes medius		CH		Obwalden	PRESENT	NA	28eb1a3f-1c15-4a95-931a-4af90ecb574d	46.818169	8.227483	126	NA	NA	NA	NA	NA	2026-07-18T06:30:59	18	7	2026	8773033	8773033	HUMAN_OBSERVATION	iNaturalist	Observations	382535206	NA	finfarfin	2026-07-18 10:20:09	CC_BY_NC_4_0	finfarfin	finfarfin	NA	NA	2026-09-11 05:49:25.271	StillImage	COORDINATE_ROUNDED;CONTINENT_DERIVED_FROM_COORDINATES;TAXON_ID_NOT_FOUND	iNaturalist Research-grade Observations	10.15468/ab3s5x
3	3.17294233243995e-314	50c9509d-22c7-4a22-a47d-8c48425ef4a7	https://www.inaturalist.org/observations/375999150	Animalia	Chordata	Aves	Piciformes	Picidae	Dendrocoptes	Dendrocoptes medius		SPECIES	Dendrocoptes medius (Linnaeus, 1758)	Dendrocoptes medius		CH		Zürich	PRESENT	NA	28eb1a3f-1c15-4a95-931a-4af90ecb574d	47.432366	8.493439	689	NA	NA	NA	NA	NA	2025-12-28T13:27:40	28	12	2025	8773033	8773033	HUMAN_OBSERVATION	iNaturalist	Observations	375999150	NA	molinina	2026-06-27 22:50:37	CC_BY_NC_4_0	molinina	molinina	NA	NA	2026-09-11 05:49:06.431	StillImage	COORDINATE_ROUNDED;CONTINENT_DERIVED_FROM_COORDINATES;TAXON_ID_NOT_FOUND	iNaturalist Research-grade Observations	10.15468/ab3s5x
4	3.08492335039359e-314	b1047888-ae52-4179-9dd5-5448ea342a24	https://data.biodiversitydata.nl/xeno-canto/observation/XC1101286	Animalia	Chordata	Aves	Piciformes	Picidae	Dendrocoptes	Dendrocoptes medius		SPECIES	Dendrocoptes medius (Linnaeus, 1758)	Dendrocoptes medius		CH	Muri bei Bern, Bern-Mittelland, Bern		PRESENT	NA	1f00d75c-f6fc-4224-a595-975e82d7689c	46.919	7.4999	NA	NA	NA	NA	NA	NA	2026-04-19	19	4	2026	8773033	8773033	HUMAN_OBSERVATION		Wildlife sounds - Birds	XC1101286	NA		NA	CC_BY_NC_4_0	Jerome Fischer	Jerome Fischer	NA	NA	2026-09-09 21:22:43.415	StillImage;Sound	CONTINENT_DERIVED_FROM_COORDINATES	Xeno-canto - Bird sounds from around the world	10.15468/qv0ksn
5	3.05583086943657e-314	50c9509d-22c7-4a22-a47d-8c48425ef4a7	https://www.inaturalist.org/observations/344741045	Animalia	Chordata	Aves	Piciformes	Picidae	Dendrocoptes	Dendrocoptes medius		SPECIES	Dendrocoptes medius (Linnaeus, 1758)	Dendrocoptes medius		CH		Vaud	PRESENT	NA	28eb1a3f-1c15-4a95-931a-4af90ecb574d	46.395253	6.898055	182	NA	NA	NA	NA	NA	2025-03-30T08:31	30	3	2025	8773033	8773033	HUMAN_OBSERVATION	iNaturalist	Observations	344741045	NA	Samuel Rion	2026-03-23 19:28:34	CC_BY_NC_4_0	Samuel Rion	Samuel Rion	NA	NA	2026-09-11 05:48:14.332	StillImage	COORDINATE_ROUNDED;CONTINENT_DERIVED_FROM_COORDINATES;TAXON_ID_NOT_FOUND	iNaturalist Research-grade Observations	10.15468/ab3s5x
6	3.04787878800615e-314	8a863029-f435-446a-821e-275f4f641165	https://observation.org/observation/387527215	Animalia	Chordata	Aves	Piciformes	Picidae	Dendrocoptes	Dendrocoptes medius		SPECIES	Dendrocoptes medius (Linnaeus, 1758)	Dendrocoptes medius		CH	Tiersteinberg-Homberg-Horn (AG)	Aargau (AG)	PRESENT	2	c8d737e0-2ff8-42e8-b8fc-6b805d26fc5f	47.491243	7.978533	32	NA	NA	NA	NA	NA	2026-03-05	5	3	2026	8773033	8773033	HUMAN_OBSERVATION				NA		NA	CC_BY_NC_4_0	Stichting Observation International	User 1017132	NA	NA	2026-09-01 17:47:28.166	StillImage		Observation.org, Nature data from around the World	10.15468/5nilie
7	3.04499686603904e-314	50c9509d-22c7-4a22-a47d-8c48425ef4a7	https://www.inaturalist.org/observations/339893502	Animalia	Chordata	Aves	Piciformes	Picidae	Dendrocoptes	Dendrocoptes medius		SPECIES	Dendrocoptes medius (Linnaeus, 1758)	Dendrocoptes medius		CH		Basel-Landschaft	PRESENT	NA	28eb1a3f-1c15-4a95-931a-4af90ecb574d	47.51968	7.628722	NA	NA	NA	NA	NA	NA	2026-02-23T10:12	23	2	2026	8773033	8773033	HUMAN_OBSERVATION	iNaturalist	Observations	339893502	NA	Codrin Bucur	2026-02-23 14:28:24	CC_BY_4_0	Codrin Bucur	Codrin Bucur	NA	NA	2026-09-11 05:36:15.987	StillImage	COORDINATE_ROUNDED;CONTINENT_DERIVED_FROM_COORDINATES;TAXON_ID_NOT_FOUND	iNaturalist Research-grade Observations	10.15468/ab3s5x
8	3.03908894119897e-314	8a863029-f435-446a-821e-275f4f641165	https://observation.org/observation/383677114	Animalia	Chordata	Aves	Piciformes	Picidae	Dendrocoptes	Dendrocoptes medius		SPECIES	Dendrocoptes medius (Linnaeus, 1758)	Dendrocoptes medius		CH	Tiersteinberg-Homberg-Horn (AG)	Aargau (AG)	PRESENT	1	c8d737e0-2ff8-42e8-b8fc-6b805d26fc5f	47.491725	7.980164	32	NA	NA	NA	NA	NA	2026-01-07	7	1	2026	8773033	8773033	HUMAN_OBSERVATION				NA		NA	CC_BY_NC_4_0	Stichting Observation International	User 1017132	NA	NA	2026-09-01 17:42:17.534	StillImage		Observation.org, Nature data from around the World	10.15468/5nilie
9	3.0371157304591e-314	50c9509d-22c7-4a22-a47d-8c48425ef4a7	https://www.inaturalist.org/observations/337788194	Animalia	Chordata	Aves	Piciformes	Picidae	Dendrocoptes	Dendrocoptes medius		SPECIES	Dendrocoptes medius (Linnaeus, 1758)	Dendrocoptes medius		CH		Aargau	PRESENT	NA	28eb1a3f-1c15-4a95-931a-4af90ecb574d	47.460595	8.297172	853	NA	NA	NA	NA	NA	2026-02-07T13:18	7	2	2026	8773033	8773033	HUMAN_OBSERVATION	iNaturalist	Observations	337788194	NA	zorille	2026-02-08 10:29:03	CC_BY_NC_4_0	zorille	zorille	NA	NA	2026-09-11 06:03:58.289	Sound	COORDINATE_ROUNDED;CONTINENT_DERIVED_FROM_COORDINATES;TAXON_ID_NOT_FOUND	iNaturalist Research-grade Observations	10.15468/ab3s5x
10	3.03033547046903e-314	50c9509d-22c7-4a22-a47d-8c48425ef4a7	https://www.inaturalist.org/observations/291432377	Animalia	Chordata	Aves	Piciformes	Picidae	Dendrocoptes	Dendrocoptes medius		SPECIES	Dendrocoptes medius (Linnaeus, 1758)	Dendrocoptes medius		CH		Genève	PRESENT	NA	28eb1a3f-1c15-4a95-931a-4af90ecb574d	46.141159	5.974162	28	NA	NA	NA	NA	NA	2025-06-21T11:27	21	6	2025	8773033	8773033	HUMAN_OBSERVATION	iNaturalist	Observations	291432377	NA	Tommy Andriollo	2025-06-21 10:31:32	CC_BY_4_0	Tommy Andriollo	Tommy Andriollo	NA	NA	2026-09-11 05:48:14.532	Sound	COORDINATE_ROUNDED;CONTINENT_DERIVED_FROM_COORDINATES;TAXON_ID_NOT_FOUND	iNaturalist Research-grade Observations	10.15468/ab3s5x
11	3.0289348758839e-314	50c9509d-22c7-4a22-a47d-8c48425ef4a7	https://www.inaturalist.org/observations/334099466	Animalia	Chordata	Aves	Piciformes	Picidae	Dendrocoptes	Dendrocoptes medius		SPECIES	Dendrocoptes medius (Linnaeus, 1758)	Dendrocoptes medius		CH		Graubünden	PRESENT	NA	28eb1a3f-1c15-4a95-931a-4af90ecb574d	46.827899	9.37414	198	NA	NA	NA	NA	NA	2024-11-04T14:57	4	11	2024	8773033	8773033	HUMAN_OBSERVATION	iNaturalist	Observations	334099466	NA	Jürgen Spindler	2026-01-09 16:04:21	CC_BY_NC_4_0	Jürgen Spindler	Jürgen Spindler	NA	NA	2026-09-11 05:35:58.316	Sound	COORDINATE_ROUNDED;CONTINENT_DERIVED_FROM_COORDINATES;TAXON_ID_NOT_FOUND	iNaturalist Research-grade Observations	10.15468/ab3s5x
12	2.93291241080545e-314	50c9509d-22c7-4a22-a47d-8c48425ef4a7	https://www.inaturalist.org/observations/331064471	Animalia	Chordata	Aves	Piciformes	Picidae	Dendrocoptes	Dendrocoptes medius		SPECIES	Dendrocoptes medius (Linnaeus, 1758)	Dendrocoptes medius		CH		Basel-Landschaft	PRESENT	NA	28eb1a3f-1c15-4a95-931a-4af90ecb574d	47.510475	7.62515	NA	NA	NA	NA	NA	NA	2025-12-12T12:37	12	12	2025	8773033	8773033	HUMAN_OBSERVATION	iNaturalist	Observations	331064471	NA	Codrin Bucur	2025-12-17 08:41:47	CC_BY_4_0	Codrin Bucur	Codrin Bucur	NA	NA	2026-09-11 05:58:00.537	StillImage	COORDINATE_ROUNDED;CONTINENT_DERIVED_FROM_COORDINATES;TAXON_ID_NOT_FOUND	iNaturalist Research-grade Observations	10.15468/ab3s5x
13	2.93287664885181e-314	50c9509d-22c7-4a22-a47d-8c48425ef4a7	https://www.inaturalist.org/observations/331065711	Animalia	Chordata	Aves	Piciformes	Picidae	Dendrocoptes	Dendrocoptes medius		SPECIES	Dendrocoptes medius (Linnaeus, 1758)	Dendrocoptes medius		CH		Basel-Landschaft	PRESENT	NA	28eb1a3f-1c15-4a95-931a-4af90ecb574d	47.510285	7.624683	NA	NA	NA	NA	NA	NA	2025-12-12T12:47	12	12	2025	8773033	8773033	HUMAN_OBSERVATION	iNaturalist	Observations	331065711	NA	Codrin Bucur	2025-12-17 09:08:42	CC_BY_4_0	Codrin Bucur	Codrin Bucur	NA	NA	2026-09-11 05:51:58.43	StillImage	COORDINATE_ROUNDED;CONTINENT_DERIVED_FROM_COORDINATES;TAXON_ID_NOT_FOUND	iNaturalist Research-grade Observations	10.15468/ab3s5x
14	2.92498666999087e-314	50c9509d-22c7-4a22-a47d-8c48425ef4a7	https://www.inaturalist.org/observations/329547166	Animalia	Chordata	Aves	Piciformes	Picidae	Dendrocoptes	Dendrocoptes medius		SPECIES	Dendrocoptes medius (Linnaeus, 1758)	Dendrocoptes medius		CH		Basel-Landschaft	PRESENT	NA	28eb1a3f-1c15-4a95-931a-4af90ecb574d	47.467529	7.577154	467	NA	NA	NA	NA	NA	2025-12-04T15:26	4	12	2025	8773033	8773033	HUMAN_OBSERVATION	iNaturalist	Observations	329547166	NA	Maryse	2025-12-05 08:41:54	CC_BY_NC_4_0	Maryse	Maryse	NA	NA	2026-09-11 06:03:09.723	StillImage	COORDINATE_ROUNDED;CONTINENT_DERIVED_FROM_COORDINATES;TAXON_ID_NOT_FOUND	iNaturalist Research-grade Observations	10.15468/ab3s5x
15	2.91943601785315e-314	50c9509d-22c7-4a22-a47d-8c48425ef4a7	https://www.inaturalist.org/observations/328750253	Animalia	Chordata	Aves	Piciformes	Picidae	Dendrocoptes	Dendrocoptes medius		SPECIES	Dendrocoptes medius (Linnaeus, 1758)	Dendrocoptes medius		CH		Genève	PRESENT	NA	28eb1a3f-1c15-4a95-931a-4af90ecb574d	46.23591	6.072435	8	NA	NA	NA	NA	NA	2025-11-29T11:21	29	11	2025	8773033	8773033	HUMAN_OBSERVATION	iNaturalist	Observations	328750253	NA	Victor B	2025-11-29 12:17:44	CC_BY_NC_4_0	Victor B	Victor B	NA	NA	2026-09-11 05:35:45.822	StillImage	COORDINATE_ROUNDED;CONTINENT_DERIVED_FROM_COORDINATES;TAXON_ID_NOT_FOUND	iNaturalist Research-grade Observations	10.15468/ab3s5x
16	2.91393218930482e-314	50c9509d-22c7-4a22-a47d-8c48425ef4a7	https://www.inaturalist.org/observations/327141455	Animalia	Chordata	Aves	Piciformes	Picidae	Dendrocoptes	Dendrocoptes medius		SPECIES	Dendrocoptes medius (Linnaeus, 1758)	Dendrocoptes medius		CH		Vaud	PRESENT	NA	28eb1a3f-1c15-4a95-931a-4af90ecb574d	46.391081	6.905959	83	NA	NA	NA	NA	NA	2025-11-18T14:12:03	18	11	2025	8773033	8773033	HUMAN_OBSERVATION	iNaturalist	Observations	327141455	NA	DACANA	2025-11-18 19:34:27	CC_BY_NC_4_0	estim77	estim77	NA	NA	2026-09-11 05:47:41.696	StillImage	COORDINATE_ROUNDED;CONTINENT_DERIVED_FROM_COORDINATES;TAXON_ID_NOT_FOUND	iNaturalist Research-grade Observations	10.15468/ab3s5x
17	2.90111153312339e-314	6ac3f774-d9fb-4796-b3e9-92bf6c81c084		Animalia	Chordata	Aves	Piciformes	Picidae	Dendrocoptes	Dendrocoptes medius		SPECIES	Leiopicus medius (Linnaeus, 1758)	Leiopicus medius		CH	Boniswiler Ried		PRESENT	NA	bb646dff-a905-4403-a49b-6d378c2cf0d9	47.31411	8.198625	250	NA	NA	NA	NA	NA	2025-10-18T00:00	18	10	2025	10362259	8773033	HUMAN_OBSERVATION	NABU|naturgucker	NABU|naturgucker	1799267959	NA		NA	CC_BY_4_0		423796009	NA	NA	2026-09-10 18:04:02.966		COORDINATE_ROUNDED;GEODETIC_DATUM_ASSUMED_WGS84;CONTINENT_DERIVED_FROM_COORDINATES	NABU|naturgucker	10.15468/uc1apo
18	2.89927198146862e-314	50c9509d-22c7-4a22-a47d-8c48425ef4a7	https://www.inaturalist.org/observations/321430100	Animalia	Chordata	Aves	Piciformes	Picidae	Dendrocoptes	Dendrocoptes medius		SPECIES	Dendrocoptes medius (Linnaeus, 1758)	Dendrocoptes medius		CH		Zürich	PRESENT	NA	28eb1a3f-1c15-4a95-931a-4af90ecb574d	47.424962	8.534994	1	NA	NA	NA	NA	NA	2025-10-17T16:59	17	10	2025	8773033	8773033	HUMAN_OBSERVATION	iNaturalist	Observations	321430100	NA	Enzo	2025-10-17 16:01:51	CC_BY_NC_4_0	Enzo	Enzo	NA	NA	2026-09-11 05:51:37.884	StillImage	COORDINATE_ROUNDED;CONTINENT_DERIVED_FROM_COORDINATES;TAXON_ID_NOT_FOUND	iNaturalist Research-grade Observations	10.15468/ab3s5x
19	2.88394930521713e-314	6ac3f774-d9fb-4796-b3e9-92bf6c81c084		Animalia	Chordata	Aves	Piciformes	Picidae	Dendrocoptes	Dendrocoptes medius		SPECIES	Leiopicus medius (Linnaeus, 1758)	Leiopicus medius		CH	TK25 Blatt 8411/2 - Rhein / Basel (CH)		PRESENT	NA	bb646dff-a905-4403-a49b-6d378c2cf0d9	47.582043	7.607493	25	NA	NA	NA	NA	NA	2022-01-08T00:00	8	1	2022	10362259	8773033	HUMAN_OBSERVATION	NABU|naturgucker	NABU|naturgucker	669218171	NA		NA	CC_BY_4_0		-754202979	NA	NA	2026-09-10 18:04:01.031		COORDINATE_ROUNDED;GEODETIC_DATUM_ASSUMED_WGS84;CONTINENT_DERIVED_FROM_COORDINATES	NABU|naturgucker	10.15468/uc1apo
20	2.88372960410574e-314	6ac3f774-d9fb-4796-b3e9-92bf6c81c084		Animalia	Chordata	Aves	Piciformes	Picidae	Dendrocoptes	Dendrocoptes medius		SPECIES	Leiopicus medius (Linnaeus, 1758)	Leiopicus medius		CH	TK25 Blatt 8413/1 - Möhlin		PRESENT	NA	bb646dff-a905-4403-a49b-6d378c2cf0d9	47.593285	7.880542	25	NA	NA	NA	NA	NA	2022-01-08T00:00	8	1	2022	10362259	8773033	HUMAN_OBSERVATION	NABU|naturgucker	NABU|naturgucker	-598710427	NA		NA	CC_BY_4_0		-754202979	NA	NA	2026-09-10 18:04:09.928		COORDINATE_ROUNDED;GEODETIC_DATUM_ASSUMED_WGS84;CONTINENT_DERIVED_FROM_COORDINATES	NABU|naturgucker	10.15468/uc1apo
21	2.8792583124812e-314	50c9509d-22c7-4a22-a47d-8c48425ef4a7	https://www.inaturalist.org/observations/312525659	Animalia	Chordata	Aves	Piciformes	Picidae	Dendrocoptes	Dendrocoptes medius		SPECIES	Dendrocoptes medius (Linnaeus, 1758)	Dendrocoptes medius		CH		Basel-Landschaft	PRESENT	NA	28eb1a3f-1c15-4a95-931a-4af90ecb574d	47.512578	7.624534	69	NA	NA	NA	NA	NA	2025-09-02T07:40	2	9	2025	8773033	8773033	HUMAN_OBSERVATION	iNaturalist	Observations	312525659	NA	Codrin Bucur	2025-09-08 19:51:59	CC_BY_4_0	Codrin Bucur	Codrin Bucur	NA	NA	2026-09-11 05:57:33.725	Sound	COORDINATE_ROUNDED;CONTINENT_DERIVED_FROM_COORDINATES;TAXON_ID_NOT_FOUND	iNaturalist Research-grade Observations	10.15468/ab3s5x
22	2.87855971156303e-314	6ac3f774-d9fb-4796-b3e9-92bf6c81c084		Animalia	Chordata	Aves	Piciformes	Picidae	Dendrocoptes	Dendrocoptes medius		SPECIES	Leiopicus medius (Linnaeus, 1758)	Leiopicus medius		CH	TK25 Blatt 8317/2 - Neuhausen am Rhein / Laufen-Uhwiesen		PRESENT	NA	bb646dff-a905-4403-a49b-6d378c2cf0d9	47.656204	8.606384	25	NA	NA	NA	NA	NA	2016-01-09T00:00	9	1	2016	10362259	8773033	HUMAN_OBSERVATION	NABU|naturgucker	NABU|naturgucker	-1493614089	NA		NA	CC_BY_4_0		-754202979	NA	NA	2026-09-10 18:05:16.528		COORDINATE_ROUNDED;GEODETIC_DATUM_ASSUMED_WGS84;CONTINENT_DERIVED_FROM_COORDINATES	NABU|naturgucker	10.15468/uc1apo
23	2.87667491831708e-314	6ac3f774-d9fb-4796-b3e9-92bf6c81c084		Animalia	Chordata	Aves	Piciformes	Picidae	Dendrocoptes	Dendrocoptes medius		SPECIES	Leiopicus medius (Linnaeus, 1758)	Leiopicus medius		CH	TK25 Blatt 8411/2 - Rhein / Basel (CH)		PRESENT	NA	bb646dff-a905-4403-a49b-6d378c2cf0d9	47.596146	7.665551	25	NA	NA	NA	NA	NA	2015-01-10T00:00	10	1	2015	10362259	8773033	HUMAN_OBSERVATION	NABU|naturgucker	NABU|naturgucker	-993130980	NA		NA	CC_BY_4_0		-754202979	NA	NA	2026-09-10 18:03:45.812		COORDINATE_ROUNDED;GEODETIC_DATUM_ASSUMED_WGS84;CONTINENT_DERIVED_FROM_COORDINATES	NABU|naturgucker	10.15468/uc1apo
24	2.84594961808755e-314	50c9509d-22c7-4a22-a47d-8c48425ef4a7	https://www.inaturalist.org/observations/309794581	Animalia	Chordata	Aves	Piciformes	Picidae	Dendrocoptes	Dendrocoptes medius		SPECIES	Dendrocoptes medius (Linnaeus, 1758)	Dendrocoptes medius		CH		Basel-Landschaft	PRESENT	NA	28eb1a3f-1c15-4a95-931a-4af90ecb574d	47.519095	7.549402	NA	NA	NA	NA	NA	NA	2025-08-22T11:55	22	8	2025	8773033	8773033	HUMAN_OBSERVATION	iNaturalist	Observations	309794581	NA	Codrin Bucur	2025-08-28 19:29:44	CC_BY_4_0	Codrin Bucur	Codrin Bucur	NA	NA	2026-09-11 06:06:22.761	StillImage	COORDINATE_ROUNDED;CONTINENT_DERIVED_FROM_COORDINATES;TAXON_ID_NOT_FOUND	iNaturalist Research-grade Observations	10.15468/ab3s5x
25	2.82342524730854e-314	4fa7b334-ce0d-4e88-aaae-2e0c138d049e	URN:catalog:CLO:EBIRD:OBS1962994142	Animalia	Chordata	Aves	Piciformes	Picidae	Dendrocoptes	Dendrocoptes medius		SPECIES	Dendrocoptes medius (Linnaeus, 1758)	Dendrocoptes medius		CH	Auli	Thurgau	PRESENT	2	e2e717bf-551a-4917-bdc9-4fa0f342c530	47.580666	8.900771	NA	NA	NA	NA	NA	NA	2024-02-25	25	2	2024	8773033	8773033	HUMAN_OBSERVATION	CLO	EBIRD	OBS1962994142	NA		NA	CC_BY_4_0		obsr3623541	NA	NA	2026-09-02 06:32:08.017		CONTINENT_DERIVED_FROM_COORDINATES;TAXON_CONCEPT_ID_NOT_FOUND	EOD – eBird Observation Dataset	10.15468/aomfnb
26	2.82181837932815e-314	4fa7b334-ce0d-4e88-aaae-2e0c138d049e	URN:catalog:CLO:EBIRD:OBS1964978186	Animalia	Chordata	Aves	Piciformes	Picidae	Dendrocoptes	Dendrocoptes medius		SPECIES	Dendrocoptes medius (Linnaeus, 1758)	Dendrocoptes medius		CH	Marais de la Versoix	Vaud	PRESENT	2	e2e717bf-551a-4917-bdc9-4fa0f342c530	46.33755	6.140714	NA	NA	NA	NA	NA	NA	2024-02-20	20	2	2024	8773033	8773033	HUMAN_OBSERVATION	CLO	EBIRD	OBS1964978186	NA		NA	CC_BY_4_0		obsr1182107	NA	NA	2026-09-02 06:32:24.273		COORDINATE_ROUNDED;CONTINENT_DERIVED_FROM_COORDINATES;TAXON_CONCEPT_ID_NOT_FOUND	EOD – eBird Observation Dataset	10.15468/aomfnb
27	2.82041615333825e-314	4fa7b334-ce0d-4e88-aaae-2e0c138d049e	URN:catalog:CLO:EBIRD:OBS1981605753	Animalia	Chordata	Aves	Piciformes	Picidae	Dendrocoptes	Dendrocoptes medius		SPECIES	Dendrocoptes medius (Linnaeus, 1758)	Dendrocoptes medius		CH	Naturschutz Reservat Lolibach	Solothurn	PRESENT	2	e2e717bf-551a-4917-bdc9-4fa0f342c530	47.469177	7.613219	NA	NA	NA	NA	NA	NA	2024-03-16	16	3	2024	8773033	8773033	HUMAN_OBSERVATION	CLO	EBIRD	OBS1981605753	NA		NA	CC_BY_4_0		obsr1136389	NA	NA	2026-09-02 06:32:08.508		CONTINENT_DERIVED_FROM_COORDINATES;TAXON_CONCEPT_ID_NOT_FOUND	EOD – eBird Observation Dataset	10.15468/aomfnb
28	2.82032902090909e-314	4fa7b334-ce0d-4e88-aaae-2e0c138d049e	URN:catalog:CLO:EBIRD:OBS2484569589	Animalia	Chordata	Aves	Piciformes	Picidae	Dendrocoptes	Dendrocoptes medius		SPECIES	Dendrocoptes medius (Linnaeus, 1758)	Dendrocoptes medius		CH	Forêt du Mont-Renaud-Boncourt	Jura	PRESENT	1	e2e717bf-551a-4917-bdc9-4fa0f342c530	47.49531	7.027473	NA	NA	NA	NA	NA	NA	2024-09-23	23	9	2024	8773033	8773033	HUMAN_OBSERVATION	CLO	EBIRD	OBS2484569589	NA		NA	CC_BY_4_0		obsr3471167	NA	NA	2026-09-02 06:32:13.412		COORDINATE_ROUNDED;CONTINENT_DERIVED_FROM_COORDINATES;TAXON_CONCEPT_ID_NOT_FOUND	EOD – eBird Observation Dataset	10.15468/aomfnb
29	2.82026986544118e-314	4fa7b334-ce0d-4e88-aaae-2e0c138d049e	URN:catalog:CLO:EBIRD:OBS1981649049	Animalia	Chordata	Aves	Piciformes	Picidae	Dendrocoptes	Dendrocoptes medius		SPECIES	Dendrocoptes medius (Linnaeus, 1758)	Dendrocoptes medius		CH	Aare bei Brugg	Aargau	PRESENT	1	e2e717bf-551a-4917-bdc9-4fa0f342c530	47.47434	8.194616	NA	NA	NA	NA	NA	NA	2024-03-16	16	3	2024	8773033	8773033	HUMAN_OBSERVATION	CLO	EBIRD	OBS1981649049	NA		NA	CC_BY_4_0		obsr4236721	NA	NA	2026-09-02 06:32:19.21		CONTINENT_DERIVED_FROM_COORDINATES;TAXON_CONCEPT_ID_NOT_FOUND	EOD – eBird Observation Dataset	10.15468/aomfnb
30	2.81969035311815e-314	4fa7b334-ce0d-4e88-aaae-2e0c138d049e	URN:catalog:CLO:EBIRD:OBS2047877262	Animalia	Chordata	Aves	Piciformes	Picidae	Dendrocoptes	Dendrocoptes medius		SPECIES	Dendrocoptes medius (Linnaeus, 1758)	Dendrocoptes medius		CH	Breitmattenweg, Riehen CH-BS 47.57848, 7.63016	Basel-Stadt	PRESENT	1	e2e717bf-551a-4917-bdc9-4fa0f342c530	47.578484	7.630162	NA	NA	NA	NA	NA	NA	2024-04-11	11	4	2024	8773033	8773033	HUMAN_OBSERVATION	CLO	EBIRD	OBS2047877262	NA		NA	CC_BY_4_0		obsr2907636	NA	NA	2026-09-02 06:32:20.845		CONTINENT_DERIVED_FROM_COORDINATES;TAXON_CONCEPT_ID_NOT_FOUND	EOD – eBird Observation Dataset	10.15468/aomfnb
31	2.81840399540352e-314	4fa7b334-ce0d-4e88-aaae-2e0c138d049e	URN:catalog:CLO:EBIRD:OBS1979308594	Animalia	Chordata	Aves	Piciformes	Picidae	Dendrocoptes	Dendrocoptes medius		SPECIES	Dendrocoptes medius (Linnaeus, 1758)	Dendrocoptes medius		CH	Muttenz [617/262]	Basel-Landschaft	PRESENT	1	e2e717bf-551a-4917-bdc9-4fa0f342c530	47.513535	7.668635	NA	NA	NA	NA	NA	NA	2020-05-21	21	5	2020	8773033	8773033	HUMAN_OBSERVATION	CLO	EBIRD	OBS1979308594	NA		NA	CC_BY_4_0		obsr4298144	NA	NA	2026-09-02 06:32:05.784		CONTINENT_DERIVED_FROM_COORDINATES;TAXON_CONCEPT_ID_NOT_FOUND	EOD – eBird Observation Dataset	10.15468/aomfnb
32	2.81783666970372e-314	4fa7b334-ce0d-4e88-aaae-2e0c138d049e	URN:catalog:CLO:EBIRD:OBS2463660420	Animalia	Chordata	Aves	Piciformes	Picidae	Dendrocoptes	Dendrocoptes medius		SPECIES	Dendrocoptes medius (Linnaeus, 1758)	Dendrocoptes medius		CH	Eselhallenweg, Münchenstein	Basel-Landschaft	PRESENT	1	e2e717bf-551a-4917-bdc9-4fa0f342c530	47.505756	7.637024	NA	NA	NA	NA	NA	NA	2024-09-15	15	9	2024	8773033	8773033	HUMAN_OBSERVATION	CLO	EBIRD	OBS2463660420	NA		NA	CC_BY_4_0		obsr2904442	NA	NA	2026-09-02 06:32:31.729		CONTINENT_DERIVED_FROM_COORDINATES;TAXON_CONCEPT_ID_NOT_FOUND	EOD – eBird Observation Dataset	10.15468/aomfnb
33	2.81648601230967e-314	4fa7b334-ce0d-4e88-aaae-2e0c138d049e	URN:catalog:CLO:EBIRD:OBS1917954691	Animalia	Chordata	Aves	Piciformes	Picidae	Dendrocoptes	Dendrocoptes medius		SPECIES	Dendrocoptes medius (Linnaeus, 1758)	Dendrocoptes medius		CH	Prêles et alentours	Bern	PRESENT	1	e2e717bf-551a-4917-bdc9-4fa0f342c530	47.09904	7.130306	NA	NA	NA	NA	NA	NA	2024-01-07	7	1	2024	8773033	8773033	HUMAN_OBSERVATION	CLO	EBIRD	OBS1917954691	NA		NA	CC_BY_4_0		obsr2359143	NA	NA	2026-09-02 06:32:35.079		CONTINENT_DERIVED_FROM_COORDINATES;TAXON_CONCEPT_ID_NOT_FOUND	EOD – eBird Observation Dataset	10.15468/aomfnb
34	2.81538474492575e-314	4fa7b334-ce0d-4e88-aaae-2e0c138d049e	URN:catalog:CLO:EBIRD:OBS2522241804	Animalia	Chordata	Aves	Piciformes	Picidae	Dendrocoptes	Dendrocoptes medius		SPECIES	Dendrocoptes medius (Linnaeus, 1758)	Dendrocoptes medius		CH	Zürich Rütihof	Zürich	PRESENT	1	e2e717bf-551a-4917-bdc9-4fa0f342c530	47.416237	8.474295	NA	NA	NA	NA	NA	NA	2024-10-09	9	10	2024	8773033	8773033	HUMAN_OBSERVATION	CLO	EBIRD	OBS2522241804	NA		NA	CC_BY_4_0		obsr1540565	NA	NA	2026-09-02 06:32:32.511		CONTINENT_DERIVED_FROM_COORDINATES;TAXON_CONCEPT_ID_NOT_FOUND	EOD – eBird Observation Dataset	10.15468/aomfnb
35	2.81470667737582e-314	4fa7b334-ce0d-4e88-aaae-2e0c138d049e	URN:catalog:CLO:EBIRD:OBS1941235928	Animalia	Chordata	Aves	Piciformes	Picidae	Dendrocoptes	Dendrocoptes medius		SPECIES	Dendrocoptes medius (Linnaeus, 1758)	Dendrocoptes medius		CH	Zürichberg	Zürich	PRESENT	1	e2e717bf-551a-4917-bdc9-4fa0f342c530	47.388268	8.566375	NA	NA	NA	NA	NA	NA	2024-02-03	3	2	2024	8773033	8773033	HUMAN_OBSERVATION	CLO	EBIRD	OBS1941235928	NA		NA	CC_BY_4_0		obsr840090	NA	NA	2026-09-02 06:32:46.564		CONTINENT_DERIVED_FROM_COORDINATES;TAXON_CONCEPT_ID_NOT_FOUND	EOD – eBird Observation Dataset	10.15468/aomfnb
36	2.81459743007428e-314	4fa7b334-ce0d-4e88-aaae-2e0c138d049e	URN:catalog:CLO:EBIRD:OBS2583928096	Animalia	Chordata	Aves	Piciformes	Picidae	Dendrocoptes	Dendrocoptes medius		SPECIES	Dendrocoptes medius (Linnaeus, 1758)	Dendrocoptes medius		CH	Fanel--Inseln und Lagunen--Reiherwäldli	Bern	PRESENT	1	e2e717bf-551a-4917-bdc9-4fa0f342c530	46.9828	7.053337	NA	NA	NA	NA	NA	NA	2024-11-03	3	11	2024	8773033	8773033	HUMAN_OBSERVATION	CLO	EBIRD	OBS2583928096	NA		NA	CC_BY_4_0		obsr2667350	NA	NA	2026-09-02 06:32:34.02		COORDINATE_ROUNDED;CONTINENT_DERIVED_FROM_COORDINATES;TAXON_CONCEPT_ID_NOT_FOUND	EOD – eBird Observation Dataset	10.15468/aomfnb
37	2.81389842155195e-314	4fa7b334-ce0d-4e88-aaae-2e0c138d049e	URN:catalog:CLO:EBIRD:OBS1947028729	Animalia	Chordata	Aves	Piciformes	Picidae	Dendrocoptes	Dendrocoptes medius		SPECIES	Dendrocoptes medius (Linnaeus, 1758)	Dendrocoptes medius		CH	Hotzlerweg 19a, Blauen CH-Basel-Landschaft (47.4487,7.5226)	Basel-Landschaft	PRESENT	1	e2e717bf-551a-4917-bdc9-4fa0f342c530	47.44871	7.522634	NA	NA	NA	NA	NA	NA	2024-02-10	10	2	2024	8773033	8773033	HUMAN_OBSERVATION	CLO	EBIRD	OBS1947028729	NA		NA	CC_BY_4_0		obsr645246	NA	NA	2026-09-02 06:32:35.52		CONTINENT_DERIVED_FROM_COORDINATES;TAXON_CONCEPT_ID_NOT_FOUND	EOD – eBird Observation Dataset	10.15468/aomfnb
38	2.81238936473559e-314	4fa7b334-ce0d-4e88-aaae-2e0c138d049e	URN:catalog:CLO:EBIRD:OBS1942123054	Animalia	Chordata	Aves	Piciformes	Picidae	Dendrocoptes	Dendrocoptes medius		SPECIES	Dendrocoptes medius (Linnaeus, 1758)	Dendrocoptes medius		CH	Hardwald	Basel-Landschaft	PRESENT	1	e2e717bf-551a-4917-bdc9-4fa0f342c530	47.54471	7.645051	NA	NA	NA	NA	NA	NA	2024-02-04	4	2	2024	8773033	8773033	HUMAN_OBSERVATION	CLO	EBIRD	OBS1942123054	NA		NA	CC_BY_4_0		obsr2005048	NA	NA	2026-09-02 06:32:34.061		COORDINATE_ROUNDED;CONTINENT_DERIVED_FROM_COORDINATES;TAXON_CONCEPT_ID_NOT_FOUND	EOD – eBird Observation Dataset	10.15468/aomfnb
39	2.81169123663825e-314	4fa7b334-ce0d-4e88-aaae-2e0c138d049e	URN:catalog:CLO:EBIRD:OBS2221554497	Animalia	Chordata	Aves	Piciformes	Picidae	Dendrocoptes	Dendrocoptes medius		SPECIES	Dendrocoptes medius (Linnaeus, 1758)	Dendrocoptes medius		CH	Hallau, Wolftel	Schaffhausen	PRESENT	1	e2e717bf-551a-4917-bdc9-4fa0f342c530	47.686775	8.428708	NA	NA	NA	NA	NA	NA	2024-06-05	5	6	2024	8773033	8773033	HUMAN_OBSERVATION	CLO	EBIRD	OBS2221554497	NA		NA	CC_BY_4_0		obsr457108	NA	NA	2026-09-02 06:32:34.459		CONTINENT_DERIVED_FROM_COORDINATES;TAXON_CONCEPT_ID_NOT_FOUND	EOD – eBird Observation Dataset	10.15468/aomfnb
40	2.81094267234351e-314	4fa7b334-ce0d-4e88-aaae-2e0c138d049e	URN:catalog:CLO:EBIRD:OBS2567401870	Animalia	Chordata	Aves	Piciformes	Picidae	Dendrocoptes	Dendrocoptes medius		SPECIES	Dendrocoptes medius (Linnaeus, 1758)	Dendrocoptes medius		CH	Jurapark, Densbüren CH-AG 47.46570, 8.07228	Aargau	PRESENT	2	e2e717bf-551a-4917-bdc9-4fa0f342c530	47.4657	8.072281	NA	NA	NA	NA	NA	NA	2024-10-27	27	10	2024	8773033	8773033	HUMAN_OBSERVATION	CLO	EBIRD	OBS2567401870	NA		NA	CC_BY_4_0		obsr407714	NA	NA	2026-09-02 06:32:34.385		CONTINENT_DERIVED_FROM_COORDINATES;TAXON_CONCEPT_ID_NOT_FOUND	EOD – eBird Observation Dataset	10.15468/aomfnb
41	2.81022432806807e-314	4fa7b334-ce0d-4e88-aaae-2e0c138d049e	URN:catalog:CLO:EBIRD:OBS2294499489	Animalia	Chordata	Aves	Piciformes	Picidae	Dendrocoptes	Dendrocoptes medius		SPECIES	Dendrocoptes medius (Linnaeus, 1758)	Dendrocoptes medius		CH	Chardonne	Vaud	PRESENT	1	e2e717bf-551a-4917-bdc9-4fa0f342c530	46.47976	6.826917	NA	NA	NA	NA	NA	NA	2024-07-05	5	7	2024	8773033	8773033	HUMAN_OBSERVATION	CLO	EBIRD	OBS2294499489	NA		NA	CC_BY_4_0		obsr3241038	NA	NA	2026-09-02 06:32:47.078		CONTINENT_DERIVED_FROM_COORDINATES;TAXON_CONCEPT_ID_NOT_FOUND	EOD – eBird Observation Dataset	10.15468/aomfnb
42	2.81014925182879e-314	4fa7b334-ce0d-4e88-aaae-2e0c138d049e	URN:catalog:CLO:EBIRD:OBS2422917826	Animalia	Chordata	Aves	Piciformes	Picidae	Dendrocoptes	Dendrocoptes medius		SPECIES	Dendrocoptes medius (Linnaeus, 1758)	Dendrocoptes medius		CH	Gruthweg, Münchenstein	Basel-Landschaft	PRESENT	1	e2e717bf-551a-4917-bdc9-4fa0f342c530	47.51271	7.624729	NA	NA	NA	NA	NA	NA	2024-08-29	29	8	2024	8773033	8773033	HUMAN_OBSERVATION	CLO	EBIRD	OBS2422917826	NA		NA	CC_BY_4_0		obsr2005048	NA	NA	2026-09-02 06:32:39.057		CONTINENT_DERIVED_FROM_COORDINATES;TAXON_CONCEPT_ID_NOT_FOUND	EOD – eBird Observation Dataset	10.15468/aomfnb
43	2.80979207744551e-314	4fa7b334-ce0d-4e88-aaae-2e0c138d049e	URN:catalog:CLO:EBIRD:OBS2511334540	Animalia	Chordata	Aves	Piciformes	Picidae	Dendrocoptes	Dendrocoptes medius		SPECIES	Dendrocoptes medius (Linnaeus, 1758)	Dendrocoptes medius		CH	Tannholz, Reitnau, Aargau, CH (47.266, 8.029)	Aargau	PRESENT	1	e2e717bf-551a-4917-bdc9-4fa0f342c530	47.266075	8.029057	NA	NA	NA	NA	NA	NA	2024-10-05	5	10	2024	8773033	8773033	HUMAN_OBSERVATION	CLO	EBIRD	OBS2511334540	NA		NA	CC_BY_4_0		obsr5108050	NA	NA	2026-09-02 06:32:34.484		CONTINENT_DERIVED_FROM_COORDINATES;TAXON_CONCEPT_ID_NOT_FOUND	EOD – eBird Observation Dataset	10.15468/aomfnb
44	2.80921146977894e-314	4fa7b334-ce0d-4e88-aaae-2e0c138d049e	URN:catalog:CLO:EBIRD:OBS1983194527	Animalia	Chordata	Aves	Piciformes	Picidae	Dendrocoptes	Dendrocoptes medius		SPECIES	Dendrocoptes medius (Linnaeus, 1758)	Dendrocoptes medius		CH	Lachen	Zürich	PRESENT	3	e2e717bf-551a-4917-bdc9-4fa0f342c530	47.651176	8.799173	NA	NA	NA	NA	NA	NA	2024-03-17	17	3	2024	8773033	8773033	HUMAN_OBSERVATION	CLO	EBIRD	OBS1983194527	NA		NA	CC_BY_4_0		obsr241514	NA	NA	2026-09-02 06:32:43.425		CONTINENT_DERIVED_FROM_COORDINATES;TAXON_CONCEPT_ID_NOT_FOUND	EOD – eBird Observation Dataset	10.15468/aomfnb
45	2.80888663001592e-314	4fa7b334-ce0d-4e88-aaae-2e0c138d049e	URN:catalog:CLO:EBIRD:OBS2232913682	Animalia	Chordata	Aves	Piciformes	Picidae	Dendrocoptes	Dendrocoptes medius		SPECIES	Dendrocoptes medius (Linnaeus, 1758)	Dendrocoptes medius		CH	Hallauer Berg	Schaffhausen	PRESENT	1	e2e717bf-551a-4917-bdc9-4fa0f342c530	47.701263	8.448645	NA	NA	NA	NA	NA	NA	2024-06-10	10	6	2024	8773033	8773033	HUMAN_OBSERVATION	CLO	EBIRD	OBS2232913682	NA		NA	CC_BY_4_0		obsr457108	NA	NA	2026-09-02 06:32:33.598		CONTINENT_DERIVED_FROM_COORDINATES;TAXON_CONCEPT_ID_NOT_FOUND	EOD – eBird Observation Dataset	10.15468/aomfnb
46	2.80859935554614e-314	4fa7b334-ce0d-4e88-aaae-2e0c138d049e	URN:catalog:CLO:EBIRD:OBS1976158705	Animalia	Chordata	Aves	Piciformes	Picidae	Dendrocoptes	Dendrocoptes medius		SPECIES	Dendrocoptes medius (Linnaeus, 1758)	Dendrocoptes medius		CH	Sisseln	Aargau	PRESENT	2	e2e717bf-551a-4917-bdc9-4fa0f342c530	47.54323	7.995931	NA	NA	NA	NA	NA	NA	2024-03-10	10	3	2024	8773033	8773033	HUMAN_OBSERVATION	CLO	EBIRD	OBS1976158705	NA		NA	CC_BY_4_0		obsr176548	NA	NA	2026-09-02 06:32:49.959		CONTINENT_DERIVED_FROM_COORDINATES;TAXON_CONCEPT_ID_NOT_FOUND	EOD – eBird Observation Dataset	10.15468/aomfnb
47	2.8085415394902e-314	4fa7b334-ce0d-4e88-aaae-2e0c138d049e	URN:catalog:CLO:EBIRD:OBS2405804462	Animalia	Chordata	Aves	Piciformes	Picidae	Dendrocoptes	Dendrocoptes medius		SPECIES	Dendrocoptes medius (Linnaeus, 1758)	Dendrocoptes medius		CH	Klingnauer Stausee--Gippinger Grien	Aargau	PRESENT	1	e2e717bf-551a-4917-bdc9-4fa0f342c530	47.59362	8.218696	NA	NA	NA	NA	NA	NA	2024-08-22	22	8	2024	8773033	8773033	HUMAN_OBSERVATION	CLO	EBIRD	OBS2405804462	NA		NA	CC_BY_4_0		obsr176548	NA	NA	2026-09-02 06:32:46.092		CONTINENT_DERIVED_FROM_COORDINATES;TAXON_CONCEPT_ID_NOT_FOUND	EOD – eBird Observation Dataset	10.15468/aomfnb
48	2.80834503426682e-314	4fa7b334-ce0d-4e88-aaae-2e0c138d049e	URN:catalog:CLO:EBIRD:OBS1982984886	Animalia	Chordata	Aves	Piciformes	Picidae	Dendrocoptes	Dendrocoptes medius		SPECIES	Dendrocoptes medius (Linnaeus, 1758)	Dendrocoptes medius		CH	Zurlindeninsel	Aargau	PRESENT	2	e2e717bf-551a-4917-bdc9-4fa0f342c530	47.40593	8.063514	NA	NA	NA	NA	NA	NA	2024-03-17	17	3	2024	8773033	8773033	HUMAN_OBSERVATION	CLO	EBIRD	OBS1982984886	NA		NA	CC_BY_4_0		obsr1598540	NA	NA	2026-09-02 06:32:32.313		CONTINENT_DERIVED_FROM_COORDINATES;TAXON_CONCEPT_ID_NOT_FOUND	EOD – eBird Observation Dataset	10.15468/aomfnb
49	2.80787591695983e-314	4fa7b334-ce0d-4e88-aaae-2e0c138d049e	URN:catalog:CLO:EBIRD:OBS1944705693	Animalia	Chordata	Aves	Piciformes	Picidae	Dendrocoptes	Dendrocoptes medius		SPECIES	Dendrocoptes medius (Linnaeus, 1758)	Dendrocoptes medius		CH	Katzensee	Zürich	PRESENT	1	e2e717bf-551a-4917-bdc9-4fa0f342c530	47.4316	8.495886	NA	NA	NA	NA	NA	NA	2024-02-07	7	2	2024	8773033	8773033	HUMAN_OBSERVATION	CLO	EBIRD	OBS1944705693	NA		NA	CC_BY_4_0		obsr2667350	NA	NA	2026-09-02 06:32:32.354		CONTINENT_DERIVED_FROM_COORDINATES;TAXON_CONCEPT_ID_NOT_FOUND	EOD – eBird Observation Dataset	10.15468/aomfnb
50	2.8071862650527e-314	4fa7b334-ce0d-4e88-aaae-2e0c138d049e	URN:catalog:CLO:EBIRD:OBS1940209326	Animalia	Chordata	Aves	Piciformes	Picidae	Dendrocoptes	Dendrocoptes medius		SPECIES	Dendrocoptes medius (Linnaeus, 1758)	Dendrocoptes medius		CH	Hintermoos	Zürich	PRESENT	1	e2e717bf-551a-4917-bdc9-4fa0f342c530	47.49083	8.533859	NA	NA	NA	NA	NA	NA	2024-02-02	2	2	2024	8773033	8773033	HUMAN_OBSERVATION	CLO	EBIRD	OBS1940209326	NA		NA	CC_BY_4_0		obsr1473331	NA	NA	2026-09-02 06:32:43.757		CONTINENT_DERIVED_FROM_COORDINATES;TAXON_CONCEPT_ID_NOT_FOUND	EOD – eBird Observation Dataset	10.15468/aomfnb
51	2.80712978742059e-314	4fa7b334-ce0d-4e88-aaae-2e0c138d049e	URN:catalog:CLO:EBIRD:OBS2345410389	Animalia	Chordata	Aves	Piciformes	Picidae	Dendrocoptes	Dendrocoptes medius		SPECIES	Dendrocoptes medius (Linnaeus, 1758)	Dendrocoptes medius		CH	NSG Häftli	Bern	PRESENT	1	e2e717bf-551a-4917-bdc9-4fa0f342c530	47.14567	7.336271	NA	NA	NA	NA	NA	NA	2024-07-27	27	7	2024	8773033	8773033	HUMAN_OBSERVATION	CLO	EBIRD	OBS2345410389	NA		NA	CC_BY_4_0		obsr3611063	NA	NA	2026-09-02 06:32:46.221		CONTINENT_DERIVED_FROM_COORDINATES;TAXON_CONCEPT_ID_NOT_FOUND	EOD – eBird Observation Dataset	10.15468/aomfnb
52	2.80712191794299e-314	4fa7b334-ce0d-4e88-aaae-2e0c138d049e	URN:catalog:CLO:EBIRD:OBS2167849692	Animalia	Chordata	Aves	Piciformes	Picidae	Dendrocoptes	Dendrocoptes medius		SPECIES	Dendrocoptes medius (Linnaeus, 1758)	Dendrocoptes medius		CH	Regionaler Naturpark, Hemmental CH-SH 47.73091, 8.55725	Schaffhausen	PRESENT	1	e2e717bf-551a-4917-bdc9-4fa0f342c530	47.73091	8.557245	NA	NA	NA	NA	NA	NA	2024-05-18	18	5	2024	8773033	8773033	HUMAN_OBSERVATION	CLO	EBIRD	OBS2167849692	NA		NA	CC_BY_4_0		obsr998869	NA	NA	2026-09-02 06:32:52.601		CONTINENT_DERIVED_FROM_COORDINATES;TAXON_CONCEPT_ID_NOT_FOUND	EOD – eBird Observation Dataset	10.15468/aomfnb
53	2.80680913980457e-314	4fa7b334-ce0d-4e88-aaae-2e0c138d049e	URN:catalog:CLO:EBIRD:OBS2528954913	Animalia	Chordata	Aves	Piciformes	Picidae	Dendrocoptes	Dendrocoptes medius		SPECIES	Dendrocoptes medius (Linnaeus, 1758)	Dendrocoptes medius		CH	Haute Plaine de l'Orbe	Vaud	PRESENT	1	e2e717bf-551a-4917-bdc9-4fa0f342c530	46.67977	6.549954	NA	NA	NA	NA	NA	NA	2024-09-28	28	9	2024	8773033	8773033	HUMAN_OBSERVATION	CLO	EBIRD	OBS2528954913	NA		NA	CC_BY_4_0		obsr830098	NA	NA	2026-09-02 06:32:46.094		CONTINENT_DERIVED_FROM_COORDINATES;TAXON_CONCEPT_ID_NOT_FOUND	EOD – eBird Observation Dataset	10.15468/aomfnb
54	2.80617002784862e-314	4fa7b334-ce0d-4e88-aaae-2e0c138d049e	URN:catalog:CLO:EBIRD:OBS2695725533	Animalia	Chordata	Aves	Piciformes	Picidae	Dendrocoptes	Dendrocoptes medius		SPECIES	Dendrocoptes medius (Linnaeus, 1758)	Dendrocoptes medius		CH	Teppes de Verbois	Genève	PRESENT	2	e2e717bf-551a-4917-bdc9-4fa0f342c530	46.180393	6.0148	NA	NA	NA	NA	NA	NA	2024-12-15	15	12	2024	8773033	8773033	HUMAN_OBSERVATION	CLO	EBIRD	OBS2695725533	NA		NA	CC_BY_4_0		obsr1601049	NA	NA	2026-09-02 06:32:49.125		CONTINENT_DERIVED_FROM_COORDINATES;TAXON_CONCEPT_ID_NOT_FOUND	EOD – eBird Observation Dataset	10.15468/aomfnb
55	2.80589177748787e-314	4fa7b334-ce0d-4e88-aaae-2e0c138d049e	URN:catalog:CLO:EBIRD:OBS2387083555	Animalia	Chordata	Aves	Piciformes	Picidae	Dendrocoptes	Dendrocoptes medius		SPECIES	Dendrocoptes medius (Linnaeus, 1758)	Dendrocoptes medius		CH	Vieille Thielle	Neuchâtel	PRESENT	1	e2e717bf-551a-4917-bdc9-4fa0f342c530	47.0492	7.04794	NA	NA	NA	NA	NA	NA	2021-11-12	12	11	2021	8773033	8773033	HUMAN_OBSERVATION	CLO	EBIRD	OBS2387083555	NA		NA	CC_BY_4_0		obsr2556702	NA	NA	2026-09-02 06:32:40.742		CONTINENT_DERIVED_FROM_COORDINATES;TAXON_CONCEPT_ID_NOT_FOUND	EOD – eBird Observation Dataset	10.15468/aomfnb
56	2.80579678052175e-314	4fa7b334-ce0d-4e88-aaae-2e0c138d049e	URN:catalog:CLO:EBIRD:OBS2639713686	Animalia	Chordata	Aves	Piciformes	Picidae	Dendrocoptes	Dendrocoptes medius		SPECIES	Dendrocoptes medius (Linnaeus, 1758)	Dendrocoptes medius		CH	Klingnauer Stausee	Aargau	PRESENT	1	e2e717bf-551a-4917-bdc9-4fa0f342c530	47.583332	8.233332	NA	NA	NA	NA	NA	NA	2024-11-24	24	11	2024	8773033	8773033	HUMAN_OBSERVATION	CLO	EBIRD	OBS2639713686	NA		NA	CC_BY_4_0		obsr2408553	NA	NA	2026-09-02 06:32:47.149		CONTINENT_DERIVED_FROM_COORDINATES;TAXON_CONCEPT_ID_NOT_FOUND	EOD – eBird Observation Dataset	10.15468/aomfnb
57	2.80579579782518e-314	4fa7b334-ce0d-4e88-aaae-2e0c138d049e	URN:catalog:CLO:EBIRD:OBS2646325847	Animalia	Chordata	Aves	Piciformes	Picidae	Dendrocoptes	Dendrocoptes medius		SPECIES	Dendrocoptes medius (Linnaeus, 1758)	Dendrocoptes medius		CH	Ergolzmündung Augst-Kaiseraugst	Basel-Landschaft	PRESENT	1	e2e717bf-551a-4917-bdc9-4fa0f342c530	47.53824	7.713776	NA	NA	NA	NA	NA	NA	2024-11-26	26	11	2024	8773033	8773033	HUMAN_OBSERVATION	CLO	EBIRD	OBS2646325847	NA		NA	CC_BY_4_0		obsr1058805	NA	NA	2026-09-02 06:32:44.086		COORDINATE_ROUNDED;CONTINENT_DERIVED_FROM_COORDINATES;TAXON_CONCEPT_ID_NOT_FOUND	EOD – eBird Observation Dataset	10.15468/aomfnb
58	2.80448199822239e-314	4fa7b334-ce0d-4e88-aaae-2e0c138d049e	URN:catalog:CLO:EBIRD:OBS1968135929	Animalia	Chordata	Aves	Piciformes	Picidae	Dendrocoptes	Dendrocoptes medius		SPECIES	Dendrocoptes medius (Linnaeus, 1758)	Dendrocoptes medius		CH	Chlusberg	Basel-Landschaft	PRESENT	1	e2e717bf-551a-4917-bdc9-4fa0f342c530	47.46735	7.580553	NA	NA	NA	NA	NA	NA	2024-03-02	2	3	2024	8773033	8773033	HUMAN_OBSERVATION	CLO	EBIRD	OBS1968135929	NA		NA	CC_BY_4_0		obsr198439	NA	NA	2026-09-02 06:32:48.127		COORDINATE_ROUNDED;CONTINENT_DERIVED_FROM_COORDINATES;TAXON_CONCEPT_ID_NOT_FOUND	EOD – eBird Observation Dataset	10.15468/aomfnb
59	2.80382116862284e-314	4fa7b334-ce0d-4e88-aaae-2e0c138d049e	URN:catalog:CLO:EBIRD:OBS2386218054	Animalia	Chordata	Aves	Piciformes	Picidae	Dendrocoptes	Dendrocoptes medius		SPECIES	Dendrocoptes medius (Linnaeus, 1758)	Dendrocoptes medius		CH	Combes Chapuis	Genève	PRESENT	1	e2e717bf-551a-4917-bdc9-4fa0f342c530	46.30669	6.122122	NA	NA	NA	NA	NA	NA	2021-03-08	8	3	2021	8773033	8773033	HUMAN_OBSERVATION	CLO	EBIRD	OBS2386218054	NA		NA	CC_BY_4_0		obsr2556702	NA	NA	2026-09-02 06:32:42.699		CONTINENT_DERIVED_FROM_COORDINATES;TAXON_CONCEPT_ID_NOT_FOUND	EOD – eBird Observation Dataset	10.15468/aomfnb
60	2.80337739441316e-314	4fa7b334-ce0d-4e88-aaae-2e0c138d049e	URN:catalog:CLO:EBIRD:OBS1959008516	Animalia	Chordata	Aves	Piciformes	Picidae	Dendrocoptes	Dendrocoptes medius		SPECIES	Dendrocoptes medius (Linnaeus, 1758)	Dendrocoptes medius		CH	Route du Village 12, Puidoux CH-VD 46.49914, 6.77110	Vaud	PRESENT	1	e2e717bf-551a-4917-bdc9-4fa0f342c530	46.49914	6.771099	NA	NA	NA	NA	NA	NA	2024-02-18	18	2	2024	8773033	8773033	HUMAN_OBSERVATION	CLO	EBIRD	OBS1959008516	NA		NA	CC_BY_4_0		obsr2167672	NA	NA	2026-09-02 06:32:43.997		CONTINENT_DERIVED_FROM_COORDINATES;TAXON_CONCEPT_ID_NOT_FOUND	EOD – eBird Observation Dataset	10.15468/aomfnb
61	2.80283194445795e-314	4fa7b334-ce0d-4e88-aaae-2e0c138d049e	URN:catalog:CLO:EBIRD:OBS2011116355	Animalia	Chordata	Aves	Piciformes	Picidae	Dendrocoptes	Dendrocoptes medius		SPECIES	Dendrocoptes medius (Linnaeus, 1758)	Dendrocoptes medius		CH	Champ Pittet	Vaud	PRESENT	2	e2e717bf-551a-4917-bdc9-4fa0f342c530	46.78503	6.665075	NA	NA	NA	NA	NA	NA	2024-03-15	15	3	2024	8773033	8773033	HUMAN_OBSERVATION	CLO	EBIRD	OBS2011116355	NA		NA	CC_BY_4_0		obsr830098	NA	NA	2026-09-02 06:32:41.941		CONTINENT_DERIVED_FROM_COORDINATES;TAXON_CONCEPT_ID_NOT_FOUND	EOD – eBird Observation Dataset	10.15468/aomfnb
62	2.80243908914779e-314	4fa7b334-ce0d-4e88-aaae-2e0c138d049e	URN:catalog:CLO:EBIRD:OBS2407339536	Animalia	Chordata	Aves	Piciformes	Picidae	Dendrocoptes	Dendrocoptes medius		SPECIES	Dendrocoptes medius (Linnaeus, 1758)	Dendrocoptes medius		CH	Käferberg	Zürich	PRESENT	1	e2e717bf-551a-4917-bdc9-4fa0f342c530	47.40654	8.520327	NA	NA	NA	NA	NA	NA	2024-08-23	23	8	2024	8773033	8773033	HUMAN_OBSERVATION	CLO	EBIRD	OBS2407339536	NA		NA	CC_BY_4_0		obsr3593850	NA	NA	2026-09-02 06:26:24.702		CONTINENT_DERIVED_FROM_COORDINATES;TAXON_CONCEPT_ID_NOT_FOUND	EOD – eBird Observation Dataset	10.15468/aomfnb
63	2.80208940232937e-314	4fa7b334-ce0d-4e88-aaae-2e0c138d049e	URN:catalog:CLO:EBIRD:OBS2548728171	Animalia	Chordata	Aves	Piciformes	Picidae	Dendrocoptes	Dendrocoptes medius		SPECIES	Dendrocoptes medius (Linnaeus, 1758)	Dendrocoptes medius		CH	Sissacherfluh	Basel-Landschaft	PRESENT	1	e2e717bf-551a-4917-bdc9-4fa0f342c530	47.482166	7.821236	NA	NA	NA	NA	NA	NA	2024-10-17	17	10	2024	8773033	8773033	HUMAN_OBSERVATION	CLO	EBIRD	OBS2548728171	NA		NA	CC_BY_4_0		obsr176548	NA	NA	2026-09-02 06:29:40.935		COORDINATE_ROUNDED;CONTINENT_DERIVED_FROM_COORDINATES;TAXON_CONCEPT_ID_NOT_FOUND	EOD – eBird Observation Dataset	10.15468/aomfnb
64	2.80192919265053e-314	4fa7b334-ce0d-4e88-aaae-2e0c138d049e	URN:catalog:CLO:EBIRD:OBS1920017601	Animalia	Chordata	Aves	Piciformes	Picidae	Dendrocoptes	Dendrocoptes medius		SPECIES	Dendrocoptes medius (Linnaeus, 1758)	Dendrocoptes medius		CH	28 Schützenweg, Laufen, Basel-Landschaft, CH (47.416, 7.496)n	Basel-Landschaft	PRESENT	1	e2e717bf-551a-4917-bdc9-4fa0f342c530	47.41602	7.495997	NA	NA	NA	NA	NA	NA	2024-01-09	9	1	2024	8773033	8773033	HUMAN_OBSERVATION	CLO	EBIRD	OBS1920017601	NA		NA	CC_BY_4_0		obsr2667350	NA	NA	2026-09-02 06:32:45.432		CONTINENT_DERIVED_FROM_COORDINATES;TAXON_CONCEPT_ID_NOT_FOUND	EOD – eBird Observation Dataset	10.15468/aomfnb
65	2.80094455440296e-314	4fa7b334-ce0d-4e88-aaae-2e0c138d049e	URN:catalog:CLO:EBIRD:OBS1919717088	Animalia	Chordata	Aves	Piciformes	Picidae	Dendrocoptes	Dendrocoptes medius		SPECIES	Dendrocoptes medius (Linnaeus, 1758)	Dendrocoptes medius		CH	Hard, Winterthur	Zürich	PRESENT	1	e2e717bf-551a-4917-bdc9-4fa0f342c530	47.5177	8.676957	NA	NA	NA	NA	NA	NA	2024-01-09	9	1	2024	8773033	8773033	HUMAN_OBSERVATION	CLO	EBIRD	OBS1919717088	NA		NA	CC_BY_4_0		obsr1835560	NA	NA	2026-09-02 06:28:30.053		CONTINENT_DERIVED_FROM_COORDINATES;TAXON_CONCEPT_ID_NOT_FOUND	EOD – eBird Observation Dataset	10.15468/aomfnb
66	2.80024473857737e-314	4fa7b334-ce0d-4e88-aaae-2e0c138d049e	URN:catalog:CLO:EBIRD:OBS1981635661	Animalia	Chordata	Aves	Piciformes	Picidae	Dendrocoptes	Dendrocoptes medius		SPECIES	Dendrocoptes medius (Linnaeus, 1758)	Dendrocoptes medius		CH	Hönggerberg	Zürich	PRESENT	3	e2e717bf-551a-4917-bdc9-4fa0f342c530	47.41608	8.492535	NA	NA	NA	NA	NA	NA	2024-03-16	16	3	2024	8773033	8773033	HUMAN_OBSERVATION	CLO	EBIRD	OBS1981635661	NA		NA	CC_BY_4_0		obsr2086074	NA	NA	2026-09-02 06:29:37.288		CONTINENT_DERIVED_FROM_COORDINATES;TAXON_CONCEPT_ID_NOT_FOUND	EOD – eBird Observation Dataset	10.15468/aomfnb
67	2.7990541782152e-314	4fa7b334-ce0d-4e88-aaae-2e0c138d049e	URN:catalog:CLO:EBIRD:OBS1990234566	Animalia	Chordata	Aves	Piciformes	Picidae	Dendrocoptes	Dendrocoptes medius		SPECIES	Dendrocoptes medius (Linnaeus, 1758)	Dendrocoptes medius		CH	Reinach [612/261]	Basel-Landschaft	PRESENT	2	e2e717bf-551a-4917-bdc9-4fa0f342c530	47.50238	7.603733	NA	NA	NA	NA	NA	NA	2024-03-22	22	3	2024	8773033	8773033	HUMAN_OBSERVATION	CLO	EBIRD	OBS1990234566	NA		NA	CC_BY_4_0		obsr4298144	NA	NA	2026-09-02 06:26:32.753		CONTINENT_DERIVED_FROM_COORDINATES;TAXON_CONCEPT_ID_NOT_FOUND	EOD – eBird Observation Dataset	10.15468/aomfnb
68	2.79834431902316e-314	4fa7b334-ce0d-4e88-aaae-2e0c138d049e	URN:catalog:CLO:EBIRD:OBS2055778080	Animalia	Chordata	Aves	Piciformes	Picidae	Dendrocoptes	Dendrocoptes medius		SPECIES	Dendrocoptes medius (Linnaeus, 1758)	Dendrocoptes medius		CH	Beurnevésin	Jura	PRESENT	1	e2e717bf-551a-4917-bdc9-4fa0f342c530	47.49475	7.140124	NA	NA	NA	NA	NA	NA	2024-04-13	13	4	2024	8773033	8773033	HUMAN_OBSERVATION	CLO	EBIRD	OBS2055778080	NA		NA	CC_BY_4_0		obsr4185666	NA	NA	2026-09-02 06:29:47.206		COORDINATE_ROUNDED;CONTINENT_DERIVED_FROM_COORDINATES;TAXON_CONCEPT_ID_NOT_FOUND	EOD – eBird Observation Dataset	10.15468/aomfnb
69	2.79657746369346e-314	4fa7b334-ce0d-4e88-aaae-2e0c138d049e	URN:catalog:CLO:EBIRD:OBS2548974788	Animalia	Chordata	Aves	Piciformes	Picidae	Dendrocoptes	Dendrocoptes medius		SPECIES	Dendrocoptes medius (Linnaeus, 1758)	Dendrocoptes medius		CH	Therwil	Basel-Landschaft	PRESENT	NA	e2e717bf-551a-4917-bdc9-4fa0f342c530	47.492714	7.570277	NA	NA	NA	NA	NA	NA	2020-12-20	20	12	2020	8773033	8773033	HUMAN_OBSERVATION	CLO	EBIRD	OBS2548974788	NA		NA	CC_BY_4_0		obsr1590927	NA	NA	2026-09-02 06:25:38.952		COORDINATE_ROUNDED;CONTINENT_DERIVED_FROM_COORDINATES;TAXON_CONCEPT_ID_NOT_FOUND	EOD – eBird Observation Dataset	10.15468/aomfnb
70	2.7951264378516e-314	4fa7b334-ce0d-4e88-aaae-2e0c138d049e	URN:catalog:CLO:EBIRD:OBS3105838826	Animalia	Chordata	Aves	Piciformes	Picidae	Dendrocoptes	Dendrocoptes medius		SPECIES	Dendrocoptes medius (Linnaeus, 1758)	Dendrocoptes medius		CH	Ättenberg, Birmensdorf	Zürich	PRESENT	1	e2e717bf-551a-4917-bdc9-4fa0f342c530	47.349995	8.451387	NA	NA	NA	NA	NA	NA	2023-03-04	4	3	2023	8773033	8773033	HUMAN_OBSERVATION	CLO	EBIRD	OBS3105838826	NA		NA	CC_BY_4_0		obsr6903743	NA	NA	2026-09-02 06:26:00.99		CONTINENT_DERIVED_FROM_COORDINATES;TAXON_CONCEPT_ID_NOT_FOUND	EOD – eBird Observation Dataset	10.15468/aomfnb
71	2.79387286089851e-314	4fa7b334-ce0d-4e88-aaae-2e0c138d049e	URN:catalog:CLO:EBIRD:OBS2289756776	Animalia	Chordata	Aves	Piciformes	Picidae	Dendrocoptes	Dendrocoptes medius		SPECIES	Dendrocoptes medius (Linnaeus, 1758)	Dendrocoptes medius		CH	Niderholz	Zürich	PRESENT	1	e2e717bf-551a-4917-bdc9-4fa0f342c530	47.61392	8.619204	NA	NA	NA	NA	NA	NA	2010-03-06	6	3	2010	8773033	8773033	HUMAN_OBSERVATION	CLO	EBIRD	OBS2289756776	NA		NA	CC_BY_4_0		obsr809733	NA	NA	2026-09-02 06:30:55.02		CONTINENT_DERIVED_FROM_COORDINATES;TAXON_CONCEPT_ID_NOT_FOUND	EOD – eBird Observation Dataset	10.15468/aomfnb
72	2.79361598628792e-314	4fa7b334-ce0d-4e88-aaae-2e0c138d049e	URN:catalog:CLO:EBIRD:OBS2378878850	Animalia	Chordata	Aves	Piciformes	Picidae	Dendrocoptes	Dendrocoptes medius		SPECIES	Dendrocoptes medius (Linnaeus, 1758)	Dendrocoptes medius		CH	Hüttikon	Zürich	PRESENT	NA	e2e717bf-551a-4917-bdc9-4fa0f342c530	47.439617	8.384344	NA	NA	NA	NA	NA	NA	2024-08-11	11	8	2024	8773033	8773033	HUMAN_OBSERVATION	CLO	EBIRD	OBS2378878850	NA		NA	CC_BY_4_0		obsr3975134	NA	NA	2026-09-02 06:31:49.715		CONTINENT_DERIVED_FROM_COORDINATES;TAXON_CONCEPT_ID_NOT_FOUND	EOD – eBird Observation Dataset	10.15468/aomfnb
73	2.79361199917816e-314	4fa7b334-ce0d-4e88-aaae-2e0c138d049e	URN:catalog:CLO:EBIRD:OBS1975988545	Animalia	Chordata	Aves	Piciformes	Picidae	Dendrocoptes	Dendrocoptes medius		SPECIES	Dendrocoptes medius (Linnaeus, 1758)	Dendrocoptes medius		CH	Lärchenischlag	Zürich	PRESENT	2	e2e717bf-551a-4917-bdc9-4fa0f342c530	47.52555	8.524192	NA	NA	NA	NA	NA	NA	2024-03-10	10	3	2024	8773033	8773033	HUMAN_OBSERVATION	CLO	EBIRD	OBS1975988545	NA		NA	CC_BY_4_0		obsr4670199	NA	NA	2026-09-02 06:31:27.356		CONTINENT_DERIVED_FROM_COORDINATES;TAXON_CONCEPT_ID_NOT_FOUND	EOD – eBird Observation Dataset	10.15468/aomfnb
74	2.79336712295178e-314	4fa7b334-ce0d-4e88-aaae-2e0c138d049e	URN:catalog:CLO:EBIRD:OBS2192663689	Animalia	Chordata	Aves	Piciformes	Picidae	Dendrocoptes	Dendrocoptes medius		SPECIES	Dendrocoptes medius (Linnaeus, 1758)	Dendrocoptes medius		CH	Bergweg, Zeglingen CH-Kanton Basel-Landschaft 47.40474, 7.91483	Basel-Landschaft	PRESENT	1	e2e717bf-551a-4917-bdc9-4fa0f342c530	47.40474	7.91483	NA	NA	NA	NA	NA	NA	2024-05-26	26	5	2024	8773033	8773033	HUMAN_OBSERVATION	CLO	EBIRD	OBS2192663689	NA		NA	CC_BY_4_0		obsr2907636	NA	NA	2026-09-02 06:29:13.954		CONTINENT_DERIVED_FROM_COORDINATES;TAXON_CONCEPT_ID_NOT_FOUND	EOD – eBird Observation Dataset	10.15468/aomfnb
75	2.79336370698191e-314	4fa7b334-ce0d-4e88-aaae-2e0c138d049e	URN:catalog:CLO:EBIRD:OBS2401273382	Animalia	Chordata	Aves	Piciformes	Picidae	Dendrocoptes	Dendrocoptes medius		SPECIES	Dendrocoptes medius (Linnaeus, 1758)	Dendrocoptes medius		CH	Neeracherried	Zürich	PRESENT	1	e2e717bf-551a-4917-bdc9-4fa0f342c530	47.500526	8.480115	NA	NA	NA	NA	NA	NA	2024-08-20	20	8	2024	8773033	8773033	HUMAN_OBSERVATION	CLO	EBIRD	OBS2401273382	NA		NA	CC_BY_4_0		obsr1473331	NA	NA	2026-09-02 06:28:04.996		CONTINENT_DERIVED_FROM_COORDINATES;TAXON_CONCEPT_ID_NOT_FOUND	EOD – eBird Observation Dataset	10.15468/aomfnb
76	2.79282956618933e-314	4fa7b334-ce0d-4e88-aaae-2e0c138d049e	URN:catalog:CLO:EBIRD:OBS1954132213	Animalia	Chordata	Aves	Piciformes	Picidae	Dendrocoptes	Dendrocoptes medius		SPECIES	Dendrocoptes medius (Linnaeus, 1758)	Dendrocoptes medius		CH	Daheim	Basel-Landschaft	PRESENT	2	e2e717bf-551a-4917-bdc9-4fa0f342c530	47.522717	7.560411	NA	NA	NA	NA	NA	NA	2024-02-17	17	2	2024	8773033	8773033	HUMAN_OBSERVATION	CLO	EBIRD	OBS1954132213	NA		NA	CC_BY_4_0		obsr1569452	NA	NA	2026-09-02 06:27:22.77		COORDINATE_ROUNDED;CONTINENT_DERIVED_FROM_COORDINATES;TAXON_CONCEPT_ID_NOT_FOUND	EOD – eBird Observation Dataset	10.15468/aomfnb
77	2.79263694481599e-314	4fa7b334-ce0d-4e88-aaae-2e0c138d049e	URN:catalog:CLO:EBIRD:OBS2601975321	Animalia	Chordata	Aves	Piciformes	Picidae	Dendrocoptes	Dendrocoptes medius		SPECIES	Dendrocoptes medius (Linnaeus, 1758)	Dendrocoptes medius		CH	hameau de La Cure	Vaud	PRESENT	NA	e2e717bf-551a-4917-bdc9-4fa0f342c530	46.463364	6.075017	NA	NA	NA	NA	NA	NA	2024-11-10	10	11	2024	8773033	8773033	HUMAN_OBSERVATION	CLO	EBIRD	OBS2601975321	NA		NA	CC_BY_4_0		obsr6227765	NA	NA	2026-09-02 06:26:02.66		COORDINATE_ROUNDED;CONTINENT_DERIVED_FROM_COORDINATES;TAXON_CONCEPT_ID_NOT_FOUND	EOD – eBird Observation Dataset	10.15468/aomfnb
78	2.79244302849659e-314	4fa7b334-ce0d-4e88-aaae-2e0c138d049e	URN:catalog:CLO:EBIRD:OBS2548298426	Animalia	Chordata	Aves	Piciformes	Picidae	Dendrocoptes	Dendrocoptes medius		SPECIES	Dendrocoptes medius (Linnaeus, 1758)	Dendrocoptes medius		CH	Dardagny--Grand Bois de Roulave	Genève	PRESENT	2	e2e717bf-551a-4917-bdc9-4fa0f342c530	46.197807	5.967178	NA	NA	NA	NA	NA	NA	2014-03-05	5	3	2014	8773033	8773033	HUMAN_OBSERVATION	CLO	EBIRD	OBS2548298426	NA		NA	CC_BY_4_0		obsr231906	NA	NA	2026-09-02 06:28:08.244		CONTINENT_DERIVED_FROM_COORDINATES;TAXON_CONCEPT_ID_NOT_FOUND	EOD – eBird Observation Dataset	10.15468/aomfnb
79	2.79193265868443e-314	4fa7b334-ce0d-4e88-aaae-2e0c138d049e	URN:catalog:CLO:EBIRD:OBS1965692413	Animalia	Chordata	Aves	Piciformes	Picidae	Dendrocoptes	Dendrocoptes medius		SPECIES	Dendrocoptes medius (Linnaeus, 1758)	Dendrocoptes medius		CH	CH Ossingen	Zürich	PRESENT	1	e2e717bf-551a-4917-bdc9-4fa0f342c530	47.612267	8.726441	NA	NA	NA	NA	NA	NA	2024-02-28	28	2	2024	8773033	8773033	HUMAN_OBSERVATION	CLO	EBIRD	OBS1965692413	NA		NA	CC_BY_4_0		obsr1109461	NA	NA	2026-09-02 06:25:46.44		CONTINENT_DERIVED_FROM_COORDINATES;TAXON_CONCEPT_ID_NOT_FOUND	EOD – eBird Observation Dataset	10.15468/aomfnb
80	2.79169928480036e-314	4fa7b334-ce0d-4e88-aaae-2e0c138d049e	URN:catalog:CLO:EBIRD:OBS2222338380	Animalia	Chordata	Aves	Piciformes	Picidae	Dendrocoptes	Dendrocoptes medius		SPECIES	Dendrocoptes medius (Linnaeus, 1758)	Dendrocoptes medius		CH	Schlangenweglein, Bruderholz, CH-Basel	Basel-Stadt	PRESENT	1	e2e717bf-551a-4917-bdc9-4fa0f342c530	47.534294	7.597844	NA	NA	NA	NA	NA	NA	2024-06-06	6	6	2024	8773033	8773033	HUMAN_OBSERVATION	CLO	EBIRD	OBS2222338380	NA		NA	CC_BY_4_0		obsr1414450	NA	NA	2026-09-02 06:31:11.853		CONTINENT_DERIVED_FROM_COORDINATES;TAXON_CONCEPT_ID_NOT_FOUND	EOD – eBird Observation Dataset	10.15468/aomfnb
81	2.79094587816823e-314	4fa7b334-ce0d-4e88-aaae-2e0c138d049e	URN:catalog:CLO:EBIRD:OBS1975948299	Animalia	Chordata	Aves	Piciformes	Picidae	Dendrocoptes	Dendrocoptes medius		SPECIES	Dendrocoptes medius (Linnaeus, 1758)	Dendrocoptes medius		CH	CH Bietenholz	Zürich	PRESENT	1	e2e717bf-551a-4917-bdc9-4fa0f342c530	47.414207	8.682332	NA	NA	NA	NA	NA	NA	2024-03-10	10	3	2024	8773033	8773033	HUMAN_OBSERVATION	CLO	EBIRD	OBS1975948299	NA		NA	CC_BY_4_0		obsr1109461	NA	NA	2026-09-02 06:28:25.639		CONTINENT_DERIVED_FROM_COORDINATES;TAXON_CONCEPT_ID_NOT_FOUND	EOD – eBird Observation Dataset	10.15468/aomfnb
82	2.79080191830847e-314	4fa7b334-ce0d-4e88-aaae-2e0c138d049e	URN:catalog:CLO:EBIRD:OBS1962704776	Animalia	Chordata	Aves	Piciformes	Picidae	Dendrocoptes	Dendrocoptes medius		SPECIES	Dendrocoptes medius (Linnaeus, 1758)	Dendrocoptes medius		CH	Schauenburgstrasse, Muttenz CH-Basel-Landschaft (47.5155,7.6525)	Basel-Landschaft	PRESENT	1	e2e717bf-551a-4917-bdc9-4fa0f342c530	47.515457	7.652497	NA	NA	NA	NA	NA	NA	2024-02-25	25	2	2024	8773033	8773033	HUMAN_OBSERVATION	CLO	EBIRD	OBS1962704776	NA		NA	CC_BY_4_0		obsr1414450	NA	NA	2026-09-02 06:29:33.837		CONTINENT_DERIVED_FROM_COORDINATES;TAXON_CONCEPT_ID_NOT_FOUND	EOD – eBird Observation Dataset	10.15468/aomfnb
83	2.79067451409445e-314	4fa7b334-ce0d-4e88-aaae-2e0c138d049e	URN:catalog:CLO:EBIRD:OBS2435311843	Animalia	Chordata	Aves	Piciformes	Picidae	Dendrocoptes	Dendrocoptes medius		SPECIES	Dendrocoptes medius (Linnaeus, 1758)	Dendrocoptes medius		CH	Schmelzenriedweg, Grellingen, Basel-Landschaft, CH (47,447, 7,593)	Basel-Landschaft	PRESENT	2	e2e717bf-551a-4917-bdc9-4fa0f342c530	47.446583	7.592845	NA	NA	NA	NA	NA	NA	2024-09-03	3	9	2024	8773033	8773033	HUMAN_OBSERVATION	CLO	EBIRD	OBS2435311843	NA		NA	CC_BY_4_0		obsr1476369	NA	NA	2026-09-02 06:30:58.781		COORDINATE_ROUNDED;CONTINENT_DERIVED_FROM_COORDINATES;TAXON_CONCEPT_ID_NOT_FOUND	EOD – eBird Observation Dataset	10.15468/aomfnb
84	2.78953228570409e-314	4fa7b334-ce0d-4e88-aaae-2e0c138d049e	URN:catalog:CLO:EBIRD:OBS2407717416	Animalia	Chordata	Aves	Piciformes	Picidae	Dendrocoptes	Dendrocoptes medius		SPECIES	Dendrocoptes medius (Linnaeus, 1758)	Dendrocoptes medius		CH	Gipfligrube	Basel-Landschaft	PRESENT	1	e2e717bf-551a-4917-bdc9-4fa0f342c530	47.51029	7.624984	NA	NA	NA	NA	NA	NA	2024-08-23	23	8	2024	8773033	8773033	HUMAN_OBSERVATION	CLO	EBIRD	OBS2407717416	NA		NA	CC_BY_4_0		obsr2005048	NA	NA	2026-09-02 06:31:52.124		CONTINENT_DERIVED_FROM_COORDINATES;TAXON_CONCEPT_ID_NOT_FOUND	EOD – eBird Observation Dataset	10.15468/aomfnb
85	2.78845255315947e-314	4fa7b334-ce0d-4e88-aaae-2e0c138d049e	URN:catalog:CLO:EBIRD:OBS1961809009	Animalia	Chordata	Aves	Piciformes	Picidae	Dendrocoptes	Dendrocoptes medius		SPECIES	Dendrocoptes medius (Linnaeus, 1758)	Dendrocoptes medius		CH	Altlauf Glatt	Zürich	PRESENT	2	e2e717bf-551a-4917-bdc9-4fa0f342c530	47.46721	8.535132	NA	NA	NA	NA	NA	NA	2024-02-24	24	2	2024	8773033	8773033	HUMAN_OBSERVATION	CLO	EBIRD	OBS1961809009	NA		NA	CC_BY_4_0		obsr1540565	NA	NA	2026-09-02 06:28:46.75		CONTINENT_DERIVED_FROM_COORDINATES;TAXON_CONCEPT_ID_NOT_FOUND	EOD – eBird Observation Dataset	10.15468/aomfnb
86	2.78782826663135e-314	4fa7b334-ce0d-4e88-aaae-2e0c138d049e	URN:catalog:CLO:EBIRD:OBS1981944103	Animalia	Chordata	Aves	Piciformes	Picidae	Dendrocoptes	Dendrocoptes medius		SPECIES	Dendrocoptes medius (Linnaeus, 1758)	Dendrocoptes medius		CH	Steppberg area 4310, Rheinfelden CH-Aargau (47.5409,7.8104)	Aargau	PRESENT	1	e2e717bf-551a-4917-bdc9-4fa0f342c530	47.540882	7.810372	NA	NA	NA	NA	NA	NA	2024-03-16	16	3	2024	8773033	8773033	HUMAN_OBSERVATION	CLO	EBIRD	OBS1981944103	NA		NA	CC_BY_4_0		obsr176548	NA	NA	2026-09-02 06:27:40.165		CONTINENT_DERIVED_FROM_COORDINATES;TAXON_CONCEPT_ID_NOT_FOUND	EOD – eBird Observation Dataset	10.15468/aomfnb
87	2.78754885027568e-314	4fa7b334-ce0d-4e88-aaae-2e0c138d049e	URN:catalog:CLO:EBIRD:OBS2405857159	Animalia	Chordata	Aves	Piciformes	Picidae	Dendrocoptes	Dendrocoptes medius		SPECIES	Dendrocoptes medius (Linnaeus, 1758)	Dendrocoptes medius		CH	Ermitage Arlesheim	Basel-Landschaft	PRESENT	1	e2e717bf-551a-4917-bdc9-4fa0f342c530	47.491074	7.630442	NA	NA	NA	NA	NA	NA	2024-08-22	22	8	2024	8773033	8773033	HUMAN_OBSERVATION	CLO	EBIRD	OBS2405857159	NA		NA	CC_BY_4_0		obsr1569452	NA	NA	2026-09-02 06:26:13.7		CONTINENT_DERIVED_FROM_COORDINATES;TAXON_CONCEPT_ID_NOT_FOUND	EOD – eBird Observation Dataset	10.15468/aomfnb
88	2.78274106190327e-314	4fa7b334-ce0d-4e88-aaae-2e0c138d049e	URN:catalog:CLO:EBIRD:OBS2936492153	Animalia	Chordata	Aves	Piciformes	Picidae	Dendrocoptes	Dendrocoptes medius		SPECIES	Dendrocoptes medius (Linnaeus, 1758)	Dendrocoptes medius		CH	Klingnauer Stausee--Fischergrien/Werd	Aargau	PRESENT	1	e2e717bf-551a-4917-bdc9-4fa0f342c530	47.56257	8.247879	NA	NA	NA	NA	NA	NA	2024-03-24	24	3	2024	8773033	8773033	HUMAN_OBSERVATION	CLO	EBIRD	OBS2936492153	NA		NA	CC_BY_4_0		obsr1322946	NA	NA	2026-09-02 06:30:56.712		CONTINENT_DERIVED_FROM_COORDINATES;TAXON_CONCEPT_ID_NOT_FOUND	EOD – eBird Observation Dataset	10.15468/aomfnb
89	2.77984637871459e-314	4fa7b334-ce0d-4e88-aaae-2e0c138d049e	URN:catalog:CLO:EBIRD:OBS1929098158	Animalia	Chordata	Aves	Piciformes	Picidae	Dendrocoptes	Dendrocoptes medius		SPECIES	Dendrocoptes medius (Linnaeus, 1758)	Dendrocoptes medius		CH	Pointe à la Bise	Genève	PRESENT	1	e2e717bf-551a-4917-bdc9-4fa0f342c530	46.244473	6.192513	NA	NA	NA	NA	NA	NA	2024-01-20	20	1	2024	8773033	8773033	HUMAN_OBSERVATION	CLO	EBIRD	OBS1929098158	NA		NA	CC_BY_4_0		obsr3490614	NA	NA	2026-09-02 06:25:44.593		COORDINATE_ROUNDED;CONTINENT_DERIVED_FROM_COORDINATES;TAXON_CONCEPT_ID_NOT_FOUND	EOD – eBird Observation Dataset	10.15468/aomfnb
90	2.77962587375839e-314	4fa7b334-ce0d-4e88-aaae-2e0c138d049e	URN:catalog:CLO:EBIRD:OBS2023810582	Animalia	Chordata	Aves	Piciformes	Picidae	Dendrocoptes	Dendrocoptes medius		SPECIES	Dendrocoptes medius (Linnaeus, 1758)	Dendrocoptes medius		CH	Rodersdorf--Chrütlihof	Solothurn	PRESENT	1	e2e717bf-551a-4917-bdc9-4fa0f342c530	47.489742	7.439465	NA	NA	NA	NA	NA	NA	2024-03-30	30	3	2024	8773033	8773033	HUMAN_OBSERVATION	CLO	EBIRD	OBS2023810582	NA		NA	CC_BY_4_0		obsr793683	NA	NA	2026-09-02 06:26:16.072		COORDINATE_ROUNDED;CONTINENT_DERIVED_FROM_COORDINATES;TAXON_CONCEPT_ID_NOT_FOUND	EOD – eBird Observation Dataset	10.15468/aomfnb
91	2.77778660470917e-314	4fa7b334-ce0d-4e88-aaae-2e0c138d049e	URN:catalog:CLO:EBIRD:OBS2553006371	Animalia	Chordata	Aves	Piciformes	Picidae	Dendrocoptes	Dendrocoptes medius		SPECIES	Dendrocoptes medius (Linnaeus, 1758)	Dendrocoptes medius		CH	Lärchenstrasse Birmensdorf	Zürich	PRESENT	1	e2e717bf-551a-4917-bdc9-4fa0f342c530	47.360443	8.462163	NA	NA	NA	NA	NA	NA	2024-10-20	20	10	2024	8773033	8773033	HUMAN_OBSERVATION	CLO	EBIRD	OBS2553006371	NA		NA	CC_BY_4_0		obsr1908376	NA	NA	2026-09-02 06:26:13.392		CONTINENT_DERIVED_FROM_COORDINATES;TAXON_CONCEPT_ID_NOT_FOUND	EOD – eBird Observation Dataset	10.15468/aomfnb
92	2.77634893444985e-314	4fa7b334-ce0d-4e88-aaae-2e0c138d049e	URN:catalog:CLO:EBIRD:OBS2526653255	Animalia	Chordata	Aves	Piciformes	Picidae	Dendrocoptes	Dendrocoptes medius		SPECIES	Dendrocoptes medius (Linnaeus, 1758)	Dendrocoptes medius		CH	Unterengstringen	Zürich	PRESENT	1	e2e717bf-551a-4917-bdc9-4fa0f342c530	47.41609	8.456303	NA	NA	NA	NA	NA	NA	2024-10-11	11	10	2024	8773033	8773033	HUMAN_OBSERVATION	CLO	EBIRD	OBS2526653255	NA		NA	CC_BY_4_0		obsr1540565	NA	NA	2026-09-02 06:29:04.431		CONTINENT_DERIVED_FROM_COORDINATES;TAXON_CONCEPT_ID_NOT_FOUND	EOD – eBird Observation Dataset	10.15468/aomfnb
93	2.77609675790949e-314	4fa7b334-ce0d-4e88-aaae-2e0c138d049e	URN:catalog:CLO:EBIRD:OBS2461015230	Animalia	Chordata	Aves	Piciformes	Picidae	Dendrocoptes	Dendrocoptes medius		SPECIES	Dendrocoptes medius (Linnaeus, 1758)	Dendrocoptes medius		CH	Muttenzer Hard, Muttenz CH-Canton of Basel-Landschaft 47.54559, 7.64255	Basel-Landschaft	PRESENT	1	e2e717bf-551a-4917-bdc9-4fa0f342c530	47.545593	7.642552	NA	NA	NA	NA	NA	NA	2024-09-06	6	9	2024	8773033	8773033	HUMAN_OBSERVATION	CLO	EBIRD	OBS2461015230	NA		NA	CC_BY_4_0		obsr176548	NA	NA	2026-09-02 06:25:09.634		CONTINENT_DERIVED_FROM_COORDINATES;TAXON_CONCEPT_ID_NOT_FOUND	EOD – eBird Observation Dataset	10.15468/aomfnb
94	2.7745914233837e-314	4fa7b334-ce0d-4e88-aaae-2e0c138d049e	URN:catalog:CLO:EBIRD:OBS1958208190	Animalia	Chordata	Aves	Piciformes	Picidae	Dendrocoptes	Dendrocoptes medius		SPECIES	Dendrocoptes medius (Linnaeus, 1758)	Dendrocoptes medius		CH	Amden, Sankt Gallen, CH (47.141, 9.132)	Sankt Gallen	PRESENT	1	e2e717bf-551a-4917-bdc9-4fa0f342c530	47.14097	9.132391	NA	NA	NA	NA	NA	NA	2024-02-20	20	2	2024	8773033	8773033	HUMAN_OBSERVATION	CLO	EBIRD	OBS1958208190	NA		NA	CC_BY_4_0		obsr1109461	NA	NA	2026-09-02 06:26:14.891		CONTINENT_DERIVED_FROM_COORDINATES;TAXON_CONCEPT_ID_NOT_FOUND	EOD – eBird Observation Dataset	10.15468/aomfnb
95	2.77332964543496e-314	4fa7b334-ce0d-4e88-aaae-2e0c138d049e	URN:catalog:CLO:EBIRD:OBS1955289565	Animalia	Chordata	Aves	Piciformes	Picidae	Dendrocoptes	Dendrocoptes medius		SPECIES	Dendrocoptes medius (Linnaeus, 1758)	Dendrocoptes medius		CH	Flachsee	Aargau	PRESENT	1	e2e717bf-551a-4917-bdc9-4fa0f342c530	47.32812	8.368525	NA	NA	NA	NA	NA	NA	2024-02-18	18	2	2024	8773033	8773033	HUMAN_OBSERVATION	CLO	EBIRD	OBS1955289565	NA		NA	CC_BY_4_0		obsr2692703	NA	NA	2026-09-02 06:30:30.089		CONTINENT_DERIVED_FROM_COORDINATES;TAXON_CONCEPT_ID_NOT_FOUND	EOD – eBird Observation Dataset	10.15468/aomfnb
96	2.77207891627625e-314	4fa7b334-ce0d-4e88-aaae-2e0c138d049e	URN:catalog:CLO:EBIRD:OBS1935814309	Animalia	Chordata	Aves	Piciformes	Picidae	Dendrocoptes	Dendrocoptes medius		SPECIES	Dendrocoptes medius (Linnaeus, 1758)	Dendrocoptes medius		CH	Promenade Robert Hainard	Vaud	PRESENT	1	e2e717bf-551a-4917-bdc9-4fa0f342c530	46.792187	6.642544	NA	NA	NA	NA	NA	NA	2024-01-28	28	1	2024	8773033	8773033	HUMAN_OBSERVATION	CLO	EBIRD	OBS1935814309	NA		NA	CC_BY_4_0		obsr3490614	NA	NA	2026-09-02 06:30:57.056		COORDINATE_ROUNDED;CONTINENT_DERIVED_FROM_COORDINATES;TAXON_CONCEPT_ID_NOT_FOUND	EOD – eBird Observation Dataset	10.15468/aomfnb
97	2.77171721081693e-314	4fa7b334-ce0d-4e88-aaae-2e0c138d049e	URN:catalog:CLO:EBIRD:OBS1929036855	Animalia	Chordata	Aves	Piciformes	Picidae	Dendrocoptes	Dendrocoptes medius		SPECIES	Dendrocoptes medius (Linnaeus, 1758)	Dendrocoptes medius		CH	Rhine (Möhlin - Rheinfelden)	Aargau	PRESENT	2	e2e717bf-551a-4917-bdc9-4fa0f342c530	47.569782	7.814182	NA	NA	NA	NA	NA	NA	2024-01-20	20	1	2024	8773033	8773033	HUMAN_OBSERVATION	CLO	EBIRD	OBS1929036855	NA		NA	CC_BY_4_0		obsr2904442	NA	NA	2026-09-02 06:29:26.269		CONTINENT_DERIVED_FROM_COORDINATES;TAXON_CONCEPT_ID_NOT_FOUND	EOD – eBird Observation Dataset	10.15468/aomfnb
98	2.76591763309079e-314	4fa7b334-ce0d-4e88-aaae-2e0c138d049e	URN:catalog:CLO:EBIRD:OBS1961569664	Animalia	Chordata	Aves	Piciformes	Picidae	Dendrocoptes	Dendrocoptes medius		SPECIES	Dendrocoptes medius (Linnaeus, 1758)	Dendrocoptes medius		CH	Degenried	Zürich	PRESENT	2	e2e717bf-551a-4917-bdc9-4fa0f342c530	47.36768	8.577337	NA	NA	NA	NA	NA	NA	2024-02-24	24	2	2024	8773033	8773033	HUMAN_OBSERVATION	CLO	EBIRD	OBS1961569664	NA		NA	CC_BY_4_0		obsr339900	NA	NA	2026-09-02 06:27:49.561		CONTINENT_DERIVED_FROM_COORDINATES;TAXON_CONCEPT_ID_NOT_FOUND	EOD – eBird Observation Dataset	10.15468/aomfnb
99	2.76538252689395e-314	4fa7b334-ce0d-4e88-aaae-2e0c138d049e	URN:catalog:CLO:EBIRD:OBS2495327489	Animalia	Chordata	Aves	Piciformes	Picidae	Dendrocoptes	Dendrocoptes medius		SPECIES	Dendrocoptes medius (Linnaeus, 1758)	Dendrocoptes medius		CH	Seltisberg, Basel-Landschaft, CH	Basel-Landschaft	PRESENT	1	e2e717bf-551a-4917-bdc9-4fa0f342c530	47.46232	7.720444	NA	NA	NA	NA	NA	NA	2024-09-28	28	9	2024	8773033	8773033	HUMAN_OBSERVATION	CLO	EBIRD	OBS2495327489	NA		NA	CC_BY_4_0		obsr1058805	NA	NA	2026-09-02 06:28:04.761		CONTINENT_DERIVED_FROM_COORDINATES;TAXON_CONCEPT_ID_NOT_FOUND	EOD – eBird Observation Dataset	10.15468/aomfnb
100	2.76503900552072e-314	4fa7b334-ce0d-4e88-aaae-2e0c138d049e	URN:catalog:CLO:EBIRD:OBS1979308719	Animalia	Chordata	Aves	Piciformes	Picidae	Dendrocoptes	Dendrocoptes medius		SPECIES	Dendrocoptes medius (Linnaeus, 1758)	Dendrocoptes medius		CH	Blauenweide	Basel-Landschaft	PRESENT	1	e2e717bf-551a-4917-bdc9-4fa0f342c530	47.456554	7.518202	NA	NA	NA	NA	NA	NA	2021-05-23	23	5	2021	8773033	8773033	HUMAN_OBSERVATION	CLO	EBIRD	OBS1979308719	NA		NA	CC_BY_4_0		obsr4298144	NA	NA	2026-09-02 06:31:38.067		CONTINENT_DERIVED_FROM_COORDINATES;TAXON_CONCEPT_ID_NOT_FOUND	EOD – eBird Observation Dataset	10.15468/aomfnb
101	2.76315923889865e-314	4fa7b334-ce0d-4e88-aaae-2e0c138d049e	URN:catalog:CLO:EBIRD:OBS2393516432	Animalia	Chordata	Aves	Piciformes	Picidae	Dendrocoptes	Dendrocoptes medius		SPECIES	Dendrocoptes medius (Linnaeus, 1758)	Dendrocoptes medius		CH	Fanel--Inseln und Lagunen--Lagunen	Bern	PRESENT	1	e2e717bf-551a-4917-bdc9-4fa0f342c530	46.984055	7.046016	NA	NA	NA	NA	NA	NA	2024-08-10	10	8	2024	8773033	8773033	HUMAN_OBSERVATION	CLO	EBIRD	OBS2393516432	NA		NA	CC_BY_4_0		obsr1540565	NA	NA	2026-09-02 06:30:58.799		CONTINENT_DERIVED_FROM_COORDINATES;TAXON_CONCEPT_ID_NOT_FOUND	EOD – eBird Observation Dataset	10.15468/aomfnb
102	2.76292416444062e-314	4fa7b334-ce0d-4e88-aaae-2e0c138d049e	URN:catalog:CLO:EBIRD:OBS2547643245	Animalia	Chordata	Aves	Piciformes	Picidae	Dendrocoptes	Dendrocoptes medius		SPECIES	Dendrocoptes medius (Linnaeus, 1758)	Dendrocoptes medius		CH	Allmend Chatzensee	Zürich	PRESENT	1	e2e717bf-551a-4917-bdc9-4fa0f342c530	47.431908	8.506969	NA	NA	NA	NA	NA	NA	2024-10-19	19	10	2024	8773033	8773033	HUMAN_OBSERVATION	CLO	EBIRD	OBS2547643245	NA		NA	CC_BY_4_0		obsr4975745	NA	NA	2026-09-02 06:31:44.917		CONTINENT_DERIVED_FROM_COORDINATES;TAXON_CONCEPT_ID_NOT_FOUND	EOD – eBird Observation Dataset	10.15468/aomfnb
103	2.76286077977078e-314	4fa7b334-ce0d-4e88-aaae-2e0c138d049e	URN:catalog:CLO:EBIRD:OBS2374547032	Animalia	Chordata	Aves	Piciformes	Picidae	Dendrocoptes	Dendrocoptes medius		SPECIES	Dendrocoptes medius (Linnaeus, 1758)	Dendrocoptes medius		CH	Adlisberg	Zürich	PRESENT	1	e2e717bf-551a-4917-bdc9-4fa0f342c530	47.37022	8.59427	NA	NA	NA	NA	NA	NA	2024-08-06	6	8	2024	8773033	8773033	HUMAN_OBSERVATION	CLO	EBIRD	OBS2374547032	NA		NA	CC_BY_4_0		obsr325989	NA	NA	2026-09-02 06:26:59.052		CONTINENT_DERIVED_FROM_COORDINATES;TAXON_CONCEPT_ID_NOT_FOUND	EOD – eBird Observation Dataset	10.15468/aomfnb
104	2.76179309007628e-314	4fa7b334-ce0d-4e88-aaae-2e0c138d049e	URN:catalog:CLO:EBIRD:OBS1928863796	Animalia	Chordata	Aves	Piciformes	Picidae	Dendrocoptes	Dendrocoptes medius		SPECIES	Dendrocoptes medius (Linnaeus, 1758)	Dendrocoptes medius		CH	Müliberg	Zürich	PRESENT	1	e2e717bf-551a-4917-bdc9-4fa0f342c530	47.298832	8.477245	NA	NA	NA	NA	NA	NA	2024-01-20	20	1	2024	8773033	8773033	HUMAN_OBSERVATION	CLO	EBIRD	OBS1928863796	NA		NA	CC_BY_4_0		obsr1501634	NA	NA	2026-09-02 06:30:54.65		CONTINENT_DERIVED_FROM_COORDINATES;TAXON_CONCEPT_ID_NOT_FOUND	EOD – eBird Observation Dataset	10.15468/aomfnb
105	2.76167062651871e-314	4fa7b334-ce0d-4e88-aaae-2e0c138d049e	URN:catalog:CLO:EBIRD:OBS2636947422	Animalia	Chordata	Aves	Piciformes	Picidae	Dendrocoptes	Dendrocoptes medius		SPECIES	Dendrocoptes medius (Linnaeus, 1758)	Dendrocoptes medius		CH	Frauenfelder Allmend	Thurgau	PRESENT	1	e2e717bf-551a-4917-bdc9-4fa0f342c530	47.579315	8.909761	NA	NA	NA	NA	NA	NA	2024-11-23	23	11	2024	8773033	8773033	HUMAN_OBSERVATION	CLO	EBIRD	OBS2636947422	NA		NA	CC_BY_4_0		obsr2408553	NA	NA	2026-09-02 06:30:12.748		CONTINENT_DERIVED_FROM_COORDINATES;TAXON_CONCEPT_ID_NOT_FOUND	EOD – eBird Observation Dataset	10.15468/aomfnb
106	2.75959740651675e-314	4fa7b334-ce0d-4e88-aaae-2e0c138d049e	URN:catalog:CLO:EBIRD:OBS2526522992	Animalia	Chordata	Aves	Piciformes	Picidae	Dendrocoptes	Dendrocoptes medius		SPECIES	Dendrocoptes medius (Linnaeus, 1758)	Dendrocoptes medius		CH	Home	Basel-Landschaft	PRESENT	2	e2e717bf-551a-4917-bdc9-4fa0f342c530	47.52387	7.56053	NA	NA	NA	NA	NA	NA	2024-10-11	11	10	2024	8773033	8773033	HUMAN_OBSERVATION	CLO	EBIRD	OBS2526522992	NA		NA	CC_BY_4_0		obsr1569452	NA	NA	2026-09-02 06:29:57.343		COORDINATE_ROUNDED;CONTINENT_DERIVED_FROM_COORDINATES;TAXON_CONCEPT_ID_NOT_FOUND	EOD – eBird Observation Dataset	10.15468/aomfnb
107	2.75849410061797e-314	4fa7b334-ce0d-4e88-aaae-2e0c138d049e	URN:catalog:CLO:EBIRD:OBS2475292990	Animalia	Chordata	Aves	Piciformes	Picidae	Dendrocoptes	Dendrocoptes medius		SPECIES	Dendrocoptes medius (Linnaeus, 1758)	Dendrocoptes medius		CH	Ennetbaden--Geissberg	Aargau	PRESENT	1	e2e717bf-551a-4917-bdc9-4fa0f342c530	47.487	8.332	NA	NA	NA	NA	NA	NA	2024-09-20	20	9	2024	8773033	8773033	HUMAN_OBSERVATION	CLO	EBIRD	OBS2475292990	NA		NA	CC_BY_4_0		obsr4185666	NA	NA	2026-09-02 06:28:30.959		CONTINENT_DERIVED_FROM_COORDINATES;TAXON_CONCEPT_ID_NOT_FOUND	EOD – eBird Observation Dataset	10.15468/aomfnb
108	2.75786135963852e-314	4fa7b334-ce0d-4e88-aaae-2e0c138d049e	URN:catalog:CLO:EBIRD:OBS2260762705	Animalia	Chordata	Aves	Piciformes	Picidae	Dendrocoptes	Dendrocoptes medius		SPECIES	Dendrocoptes medius (Linnaeus, 1758)	Dendrocoptes medius		CH	Marais des Crêts	Genève	PRESENT	1	e2e717bf-551a-4917-bdc9-4fa0f342c530	46.243214	6.077499	NA	NA	NA	NA	NA	NA	2024-06-21	21	6	2024	8773033	8773033	HUMAN_OBSERVATION	CLO	EBIRD	OBS2260762705	NA		NA	CC_BY_4_0		obsr1211177	NA	NA	2026-09-02 06:27:34.293		CONTINENT_DERIVED_FROM_COORDINATES;TAXON_CONCEPT_ID_NOT_FOUND	EOD – eBird Observation Dataset	10.15468/aomfnb
109	2.75624909448501e-314	4fa7b334-ce0d-4e88-aaae-2e0c138d049e	URN:catalog:CLO:EBIRD:OBS2190003358	Animalia	Chordata	Aves	Piciformes	Picidae	Dendrocoptes	Dendrocoptes medius		SPECIES	Dendrocoptes medius (Linnaeus, 1758)	Dendrocoptes medius		CH	Les pléiades	Vaud	PRESENT	NA	e2e717bf-551a-4917-bdc9-4fa0f342c530	46.490387	6.909501	NA	NA	NA	NA	NA	NA	2024-05-25	25	5	2024	8773033	8773033	HUMAN_OBSERVATION	CLO	EBIRD	OBS2190003358	NA		NA	CC_BY_4_0		obsr3241038	NA	NA	2026-09-02 06:28:44.313		COORDINATE_ROUNDED;CONTINENT_DERIVED_FROM_COORDINATES;TAXON_CONCEPT_ID_NOT_FOUND	EOD – eBird Observation Dataset	10.15468/aomfnb
110	2.75584249624484e-314	4fa7b334-ce0d-4e88-aaae-2e0c138d049e	URN:catalog:CLO:EBIRD:OBS2393044084	Animalia	Chordata	Aves	Piciformes	Picidae	Dendrocoptes	Dendrocoptes medius		SPECIES	Dendrocoptes medius (Linnaeus, 1758)	Dendrocoptes medius		CH	Passerelle de Chèvres, Bernex, Genève, CH (46,203, 6,077)	Genève	PRESENT	1	e2e717bf-551a-4917-bdc9-4fa0f342c530	46.203068	6.076899	NA	NA	NA	NA	NA	NA	2024-08-16	16	8	2024	8773033	8773033	HUMAN_OBSERVATION	CLO	EBIRD	OBS2393044084	NA		NA	CC_BY_4_0		obsr4777009	NA	NA	2026-09-02 06:27:31.903		COORDINATE_ROUNDED;CONTINENT_DERIVED_FROM_COORDINATES;TAXON_CONCEPT_ID_NOT_FOUND	EOD – eBird Observation Dataset	10.15468/aomfnb
111	2.75483695062134e-314	4fa7b334-ce0d-4e88-aaae-2e0c138d049e	URN:catalog:CLO:EBIRD:OBS1934900402	Animalia	Chordata	Aves	Piciformes	Picidae	Dendrocoptes	Dendrocoptes medius		SPECIES	Dendrocoptes medius (Linnaeus, 1758)	Dendrocoptes medius		CH	Wartenberg	Basel-Landschaft	PRESENT	1	e2e717bf-551a-4917-bdc9-4fa0f342c530	47.52032	7.658489	NA	NA	NA	NA	NA	NA	2024-01-27	27	1	2024	8773033	8773033	HUMAN_OBSERVATION	CLO	EBIRD	OBS1934900402	NA		NA	CC_BY_4_0		obsr1540565	NA	NA	2026-09-02 06:29:33.383		CONTINENT_DERIVED_FROM_COORDINATES;TAXON_CONCEPT_ID_NOT_FOUND	EOD – eBird Observation Dataset	10.15468/aomfnb
112	2.75417897968562e-314	4fa7b334-ce0d-4e88-aaae-2e0c138d049e	URN:catalog:CLO:EBIRD:OBS1981587989	Animalia	Chordata	Aves	Piciformes	Picidae	Dendrocoptes	Dendrocoptes medius		SPECIES	Dendrocoptes medius (Linnaeus, 1758)	Dendrocoptes medius		CH	Irchel Wald	Zürich	PRESENT	1	e2e717bf-551a-4917-bdc9-4fa0f342c530	47.40044	8.55615	NA	NA	NA	NA	NA	NA	2024-03-16	16	3	2024	8773033	8773033	HUMAN_OBSERVATION	CLO	EBIRD	OBS1981587989	NA		NA	CC_BY_4_0		obsr2907636	NA	NA	2026-09-02 06:28:26.937		CONTINENT_DERIVED_FROM_COORDINATES;TAXON_CONCEPT_ID_NOT_FOUND	EOD – eBird Observation Dataset	10.15468/aomfnb
113	2.75407592253256e-314	4fa7b334-ce0d-4e88-aaae-2e0c138d049e	URN:catalog:CLO:EBIRD:OBS1938588842	Animalia	Chordata	Aves	Piciformes	Picidae	Dendrocoptes	Dendrocoptes medius		SPECIES	Dendrocoptes medius (Linnaeus, 1758)	Dendrocoptes medius		CH	Route de la Pierre-à-Cambot, Romanel-sur-Lausanne CH-VD 46.56965, 6.59567	Vaud	PRESENT	1	e2e717bf-551a-4917-bdc9-4fa0f342c530	46.569645	6.595665	NA	NA	NA	NA	NA	NA	2024-01-31	31	1	2024	8773033	8773033	HUMAN_OBSERVATION	CLO	EBIRD	OBS1938588842	NA		NA	CC_BY_4_0		obsr839562	NA	NA	2026-09-02 06:28:14.513		CONTINENT_DERIVED_FROM_COORDINATES;TAXON_CONCEPT_ID_NOT_FOUND	EOD – eBird Observation Dataset	10.15468/aomfnb
114	2.75362258864669e-314	4fa7b334-ce0d-4e88-aaae-2e0c138d049e	URN:catalog:CLO:EBIRD:OBS2407468686	Animalia	Chordata	Aves	Piciformes	Picidae	Dendrocoptes	Dendrocoptes medius		SPECIES	Dendrocoptes medius (Linnaeus, 1758)	Dendrocoptes medius		CH	Baldisriet, Hettlingen	Zürich	PRESENT	1	e2e717bf-551a-4917-bdc9-4fa0f342c530	47.55068	8.703598	NA	NA	NA	NA	NA	NA	2024-08-23	23	8	2024	8773033	8773033	HUMAN_OBSERVATION	CLO	EBIRD	OBS2407468686	NA		NA	CC_BY_4_0		obsr3274226	NA	NA	2026-09-02 06:28:26.777		CONTINENT_DERIVED_FROM_COORDINATES;TAXON_CONCEPT_ID_NOT_FOUND	EOD – eBird Observation Dataset	10.15468/aomfnb
115	2.75356692572883e-314	4fa7b334-ce0d-4e88-aaae-2e0c138d049e	URN:catalog:CLO:EBIRD:OBS2626651775	Animalia	Chordata	Aves	Piciformes	Picidae	Dendrocoptes	Dendrocoptes medius		SPECIES	Dendrocoptes medius (Linnaeus, 1758)	Dendrocoptes medius		CH	Croy [527/170]	Vaud	PRESENT	2	e2e717bf-551a-4917-bdc9-4fa0f342c530	46.687756	6.491577	NA	NA	NA	NA	NA	NA	2024-11-09	9	11	2024	8773033	8773033	HUMAN_OBSERVATION	CLO	EBIRD	OBS2626651775	NA		NA	CC_BY_4_0		obsr830098	NA	NA	2026-09-02 06:30:01.068		CONTINENT_DERIVED_FROM_COORDINATES;TAXON_CONCEPT_ID_NOT_FOUND	EOD – eBird Observation Dataset	10.15468/aomfnb
116	2.75235138491355e-314	4fa7b334-ce0d-4e88-aaae-2e0c138d049e	URN:catalog:CLO:EBIRD:OBS1911745285	Animalia	Chordata	Aves	Piciformes	Picidae	Dendrocoptes	Dendrocoptes medius		SPECIES	Dendrocoptes medius (Linnaeus, 1758)	Dendrocoptes medius		CH	Müliholenfels - 39 Ilbachstrasse, Erschwil, Solothurn, CH (47.377, 7.535)	Solothurn	PRESENT	1	e2e717bf-551a-4917-bdc9-4fa0f342c530	47.377083	7.535242	NA	NA	NA	NA	NA	NA	2024-01-01	1	1	2024	8773033	8773033	HUMAN_OBSERVATION	CLO	EBIRD	OBS1911745285	NA		NA	CC_BY_4_0		obsr3651904	NA	NA	2026-09-02 06:27:59.103		COORDINATE_ROUNDED;CONTINENT_DERIVED_FROM_COORDINATES;TAXON_CONCEPT_ID_NOT_FOUND	EOD – eBird Observation Dataset	10.15468/aomfnb
117	2.75009883884477e-314	4fa7b334-ce0d-4e88-aaae-2e0c138d049e	URN:catalog:CLO:EBIRD:OBS2488361590	Animalia	Chordata	Aves	Piciformes	Picidae	Dendrocoptes	Dendrocoptes medius		SPECIES	Dendrocoptes medius (Linnaeus, 1758)	Dendrocoptes medius		CH	Gorges de l’Areuse	Neuchâtel	PRESENT	1	e2e717bf-551a-4917-bdc9-4fa0f342c530	46.950527	6.747065	NA	NA	NA	NA	NA	NA	2024-09-24	24	9	2024	8773033	8773033	HUMAN_OBSERVATION	CLO	EBIRD	OBS2488361590	NA		NA	CC_BY_4_0		obsr528631	NA	NA	2026-09-02 06:31:24.974		COORDINATE_ROUNDED;CONTINENT_DERIVED_FROM_COORDINATES;TAXON_CONCEPT_ID_NOT_FOUND	EOD – eBird Observation Dataset	10.15468/aomfnb
118	2.74905063559341e-314	4fa7b334-ce0d-4e88-aaae-2e0c138d049e	URN:catalog:CLO:EBIRD:OBS2578230780	Animalia	Chordata	Aves	Piciformes	Picidae	Dendrocoptes	Dendrocoptes medius		SPECIES	Dendrocoptes medius (Linnaeus, 1758)	Dendrocoptes medius		CH	Oberwil/ Bielbenken	Basel-Landschaft	PRESENT	1	e2e717bf-551a-4917-bdc9-4fa0f342c530	47.514004	7.535945	NA	NA	NA	NA	NA	NA	2024-11-01	1	11	2024	8773033	8773033	HUMAN_OBSERVATION	CLO	EBIRD	OBS2578230780	NA		NA	CC_BY_4_0		obsr730210	NA	NA	2026-09-02 06:29:05.707		COORDINATE_ROUNDED;CONTINENT_DERIVED_FROM_COORDINATES;TAXON_CONCEPT_ID_NOT_FOUND	EOD – eBird Observation Dataset	10.15468/aomfnb
119	2.74858427418459e-314	4fa7b334-ce0d-4e88-aaae-2e0c138d049e	URN:catalog:CLO:EBIRD:OBS1977240837	Animalia	Chordata	Aves	Piciformes	Picidae	Dendrocoptes	Dendrocoptes medius		SPECIES	Dendrocoptes medius (Linnaeus, 1758)	Dendrocoptes medius		CH	Niederglatt und Oberglatt Felder	Zürich	PRESENT	1	e2e717bf-551a-4917-bdc9-4fa0f342c530	47.49627	8.512495	NA	NA	NA	NA	NA	NA	2024-03-11	11	3	2024	8773033	8773033	HUMAN_OBSERVATION	CLO	EBIRD	OBS1977240837	NA		NA	CC_BY_4_0		obsr1473331	NA	NA	2026-09-02 06:25:23.761		CONTINENT_DERIVED_FROM_COORDINATES;TAXON_CONCEPT_ID_NOT_FOUND	EOD – eBird Observation Dataset	10.15468/aomfnb
120	2.74806594942147e-314	4fa7b334-ce0d-4e88-aaae-2e0c138d049e	URN:catalog:CLO:EBIRD:OBS2635404756	Animalia	Chordata	Aves	Piciformes	Picidae	Dendrocoptes	Dendrocoptes medius		SPECIES	Dendrocoptes medius (Linnaeus, 1758)	Dendrocoptes medius		CH	Zürich / Susenberg	Zürich	PRESENT	1	e2e717bf-551a-4917-bdc9-4fa0f342c530	47.38191	8.557644	NA	NA	NA	NA	NA	NA	2019-03-20	20	3	2019	8773033	8773033	HUMAN_OBSERVATION	CLO	EBIRD	OBS2635404756	NA		NA	CC_BY_4_0		obsr1581635	NA	NA	2026-09-02 06:27:15.223		CONTINENT_DERIVED_FROM_COORDINATES;TAXON_CONCEPT_ID_NOT_FOUND	EOD – eBird Observation Dataset	10.15468/aomfnb
121	2.74776270625596e-314	4fa7b334-ce0d-4e88-aaae-2e0c138d049e	URN:catalog:CLO:EBIRD:OBS2328966052	Animalia	Chordata	Aves	Piciformes	Picidae	Dendrocoptes	Dendrocoptes medius		SPECIES	Dendrocoptes medius (Linnaeus, 1758)	Dendrocoptes medius		CH	Marais de Damphreux	Jura	PRESENT	1	e2e717bf-551a-4917-bdc9-4fa0f342c530	47.47301	7.111244	NA	NA	NA	NA	NA	NA	2024-07-20	20	7	2024	8773033	8773033	HUMAN_OBSERVATION	CLO	EBIRD	OBS2328966052	NA		NA	CC_BY_4_0		obsr497615	NA	NA	2026-09-02 06:27:26.095		CONTINENT_DERIVED_FROM_COORDINATES;TAXON_CONCEPT_ID_NOT_FOUND	EOD – eBird Observation Dataset	10.15468/aomfnb
122	2.74715521351321e-314	4fa7b334-ce0d-4e88-aaae-2e0c138d049e	URN:catalog:CLO:EBIRD:OBS2264963730	Animalia	Chordata	Aves	Piciformes	Picidae	Dendrocoptes	Dendrocoptes medius		SPECIES	Dendrocoptes medius (Linnaeus, 1758)	Dendrocoptes medius		CH	Strengelbach--Langenthalerstrasse	Aargau	PRESENT	1	e2e717bf-551a-4917-bdc9-4fa0f342c530	47.27866	7.922911	NA	NA	NA	NA	NA	NA	2024-06-23	23	6	2024	8773033	8773033	HUMAN_OBSERVATION	CLO	EBIRD	OBS2264963730	NA		NA	CC_BY_4_0		obsr1525480	NA	NA	2026-09-02 06:27:44.264		CONTINENT_DERIVED_FROM_COORDINATES;TAXON_CONCEPT_ID_NOT_FOUND	EOD – eBird Observation Dataset	10.15468/aomfnb
123	2.74698617685754e-314	4fa7b334-ce0d-4e88-aaae-2e0c138d049e	URN:catalog:CLO:EBIRD:OBS1973985974	Animalia	Chordata	Aves	Piciformes	Picidae	Dendrocoptes	Dendrocoptes medius		SPECIES	Dendrocoptes medius (Linnaeus, 1758)	Dendrocoptes medius		CH	Frauenfeld, Allmend	Thurgau	PRESENT	2	e2e717bf-551a-4917-bdc9-4fa0f342c530	47.5808	8.896875	NA	NA	NA	NA	NA	NA	2024-03-08	8	3	2024	8773033	8773033	HUMAN_OBSERVATION	CLO	EBIRD	OBS1973985974	NA		NA	CC_BY_4_0		obsr1835560	NA	NA	2026-09-02 06:31:59.214		CONTINENT_DERIVED_FROM_COORDINATES;TAXON_CONCEPT_ID_NOT_FOUND	EOD – eBird Observation Dataset	10.15468/aomfnb
124	2.746794810905e-314	4fa7b334-ce0d-4e88-aaae-2e0c138d049e	URN:catalog:CLO:EBIRD:OBS2521533646	Animalia	Chordata	Aves	Piciformes	Picidae	Dendrocoptes	Dendrocoptes medius		SPECIES	Dendrocoptes medius (Linnaeus, 1758)	Dendrocoptes medius		CH	Marais de Sionnet	Genève	PRESENT	1	e2e717bf-551a-4917-bdc9-4fa0f342c530	46.232445	6.236501	NA	NA	NA	NA	NA	NA	2024-09-24	24	9	2024	8773033	8773033	HUMAN_OBSERVATION	CLO	EBIRD	OBS2521533646	NA		NA	CC_BY_4_0		obsr247137	NA	NA	2026-09-02 06:30:12.231		COORDINATE_ROUNDED;CONTINENT_DERIVED_FROM_COORDINATES;TAXON_CONCEPT_ID_NOT_FOUND	EOD – eBird Observation Dataset	10.15468/aomfnb
125	2.74537278029369e-314	4fa7b334-ce0d-4e88-aaae-2e0c138d049e	URN:catalog:CLO:EBIRD:OBS1977830607	Animalia	Chordata	Aves	Piciformes	Picidae	Dendrocoptes	Dendrocoptes medius		SPECIES	Dendrocoptes medius (Linnaeus, 1758)	Dendrocoptes medius		CH	Romainmotier-Envy [526/169]	Vaud	PRESENT	2	e2e717bf-551a-4917-bdc9-4fa0f342c530	46.67381	6.479568	NA	NA	NA	NA	NA	NA	2024-03-09	9	3	2024	8773033	8773033	HUMAN_OBSERVATION	CLO	EBIRD	OBS1977830607	NA		NA	CC_BY_4_0		obsr830098	NA	NA	2026-09-02 06:28:26.147		CONTINENT_DERIVED_FROM_COORDINATES;TAXON_CONCEPT_ID_NOT_FOUND	EOD – eBird Observation Dataset	10.15468/aomfnb
126	2.74360215672531e-314	4fa7b334-ce0d-4e88-aaae-2e0c138d049e	URN:catalog:CLO:EBIRD:OBS1934839962	Animalia	Chordata	Aves	Piciformes	Picidae	Dendrocoptes	Dendrocoptes medius		SPECIES	Dendrocoptes medius (Linnaeus, 1758)	Dendrocoptes medius		CH	Ziegeleiweiher	Zürich	PRESENT	1	e2e717bf-551a-4917-bdc9-4fa0f342c530	47.519737	8.632825	NA	NA	NA	NA	NA	NA	2024-01-27	27	1	2024	8773033	8773033	HUMAN_OBSERVATION	CLO	EBIRD	OBS1934839962	NA		NA	CC_BY_4_0		obsr1302591	NA	NA	2026-09-02 06:27:06.183		CONTINENT_DERIVED_FROM_COORDINATES;TAXON_CONCEPT_ID_NOT_FOUND	EOD – eBird Observation Dataset	10.15468/aomfnb
127	2.74294534140914e-314	4fa7b334-ce0d-4e88-aaae-2e0c138d049e	URN:catalog:CLO:EBIRD:OBS2502535479	Animalia	Chordata	Aves	Piciformes	Picidae	Dendrocoptes	Dendrocoptes medius		SPECIES	Dendrocoptes medius (Linnaeus, 1758)	Dendrocoptes medius		CH	Türlersee	Zürich	PRESENT	1	e2e717bf-551a-4917-bdc9-4fa0f342c530	47.26877	8.502846	NA	NA	NA	NA	NA	NA	2024-10-01	1	10	2024	8773033	8773033	HUMAN_OBSERVATION	CLO	EBIRD	OBS2502535479	NA		NA	CC_BY_4_0		obsr3324135	NA	NA	2026-09-02 06:31:08.263		CONTINENT_DERIVED_FROM_COORDINATES;TAXON_CONCEPT_ID_NOT_FOUND	EOD – eBird Observation Dataset	10.15468/aomfnb
128	2.74191002536608e-314	4fa7b334-ce0d-4e88-aaae-2e0c138d049e	URN:catalog:CLO:EBIRD:OBS3331139796	Animalia	Chordata	Aves	Piciformes	Picidae	Dendrocoptes	Dendrocoptes medius		SPECIES	Dendrocoptes medius (Linnaeus, 1758)	Dendrocoptes medius		CH	Corcelles-Cormondrèche [556/204] / Corcelles-Cormondrèche	Neuchâtel	PRESENT	1	e2e717bf-551a-4917-bdc9-4fa0f342c530	46.990135	6.866798	NA	NA	NA	NA	NA	NA	2011-01-29	29	1	2011	8773033	8773033	HUMAN_OBSERVATION	CLO	EBIRD	OBS3331139796	NA		NA	CC_BY_4_0		obsr2843627	NA	NA	2026-09-02 06:30:00.351		CONTINENT_DERIVED_FROM_COORDINATES;TAXON_CONCEPT_ID_NOT_FOUND	EOD – eBird Observation Dataset	10.15468/aomfnb
129	2.741854759677e-314	4fa7b334-ce0d-4e88-aaae-2e0c138d049e	URN:catalog:CLO:EBIRD:OBS1982811578	Animalia	Chordata	Aves	Piciformes	Picidae	Dendrocoptes	Dendrocoptes medius		SPECIES	Dendrocoptes medius (Linnaeus, 1758)	Dendrocoptes medius		CH	Lange Erlen	Basel-Stadt	PRESENT	1	e2e717bf-551a-4917-bdc9-4fa0f342c530	47.578342	7.632867	NA	NA	NA	NA	NA	NA	2024-03-17	17	3	2024	8773033	8773033	HUMAN_OBSERVATION	CLO	EBIRD	OBS1982811578	NA		NA	CC_BY_4_0		obsr1414450	NA	NA	2026-09-02 06:26:37.596		COORDINATE_ROUNDED;CONTINENT_DERIVED_FROM_COORDINATES;TAXON_CONCEPT_ID_NOT_FOUND	EOD – eBird Observation Dataset	10.15468/aomfnb
130	2.7410516342308e-314	4fa7b334-ce0d-4e88-aaae-2e0c138d049e	URN:catalog:CLO:EBIRD:OBS2320014210	Animalia	Chordata	Aves	Piciformes	Picidae	Dendrocoptes	Dendrocoptes medius		SPECIES	Dendrocoptes medius (Linnaeus, 1758)	Dendrocoptes medius		CH	Weiningen / Au	Zürich	PRESENT	1	e2e717bf-551a-4917-bdc9-4fa0f342c530	47.413486	8.411531	NA	NA	NA	NA	NA	NA	2017-03-25	25	3	2017	8773033	8773033	HUMAN_OBSERVATION	CLO	EBIRD	OBS2320014210	NA		NA	CC_BY_4_0		obsr1540565	NA	NA	2026-09-02 06:29:31.683		CONTINENT_DERIVED_FROM_COORDINATES;TAXON_CONCEPT_ID_NOT_FOUND	EOD – eBird Observation Dataset	10.15468/aomfnb
131	2.73771569903755e-314	4fa7b334-ce0d-4e88-aaae-2e0c138d049e	URN:catalog:CLO:EBIRD:OBS2326743942	Animalia	Chordata	Aves	Piciformes	Picidae	Dendrocoptes	Dendrocoptes medius		SPECIES	Dendrocoptes medius (Linnaeus, 1758)	Dendrocoptes medius		CH	Reichenbachwald	Bern	PRESENT	1	e2e717bf-551a-4917-bdc9-4fa0f342c530	46.978783	7.450563	NA	NA	NA	NA	NA	NA	2024-07-18	18	7	2024	8773033	8773033	HUMAN_OBSERVATION	CLO	EBIRD	OBS2326743942	NA		NA	CC_BY_4_0		obsr687838	NA	NA	2026-09-02 06:27:40.913		CONTINENT_DERIVED_FROM_COORDINATES;TAXON_CONCEPT_ID_NOT_FOUND	EOD – eBird Observation Dataset	10.15468/aomfnb
132	2.73760992254717e-314	4fa7b334-ce0d-4e88-aaae-2e0c138d049e	URN:catalog:CLO:EBIRD:OBS2100125495	Animalia	Chordata	Aves	Piciformes	Picidae	Dendrocoptes	Dendrocoptes medius		SPECIES	Dendrocoptes medius (Linnaeus, 1758)	Dendrocoptes medius		CH	Les Vieux-Prés	Neuchâtel	PRESENT	1	e2e717bf-551a-4917-bdc9-4fa0f342c530	47.080406	6.934967	NA	NA	NA	NA	NA	NA	2022-12-31	31	12	2022	8773033	8773033	HUMAN_OBSERVATION	CLO	EBIRD	OBS2100125495	NA		NA	CC_BY_4_0		obsr3179011	NA	NA	2026-09-02 06:28:07.568		CONTINENT_DERIVED_FROM_COORDINATES;TAXON_CONCEPT_ID_NOT_FOUND	EOD – eBird Observation Dataset	10.15468/aomfnb
133	2.73739602670712e-314	4fa7b334-ce0d-4e88-aaae-2e0c138d049e	URN:catalog:CLO:EBIRD:OBS1975372981	Animalia	Chordata	Aves	Piciformes	Picidae	Dendrocoptes	Dendrocoptes medius		SPECIES	Dendrocoptes medius (Linnaeus, 1758)	Dendrocoptes medius		CH	Wildenstein	Basel-Landschaft	PRESENT	NA	e2e717bf-551a-4917-bdc9-4fa0f342c530	47.434387	7.748121	NA	NA	NA	NA	NA	NA	2024-03-09	9	3	2024	8773033	8773033	HUMAN_OBSERVATION	CLO	EBIRD	OBS1975372981	NA		NA	CC_BY_4_0		obsr3296456	NA	NA	2026-09-02 06:29:08.52		COORDINATE_ROUNDED;CONTINENT_DERIVED_FROM_COORDINATES;TAXON_CONCEPT_ID_NOT_FOUND	EOD – eBird Observation Dataset	10.15468/aomfnb
134	2.73685261329051e-314	4fa7b334-ce0d-4e88-aaae-2e0c138d049e	URN:catalog:CLO:EBIRD:OBS1963250348	Animalia	Chordata	Aves	Piciformes	Picidae	Dendrocoptes	Dendrocoptes medius		SPECIES	Dendrocoptes medius (Linnaeus, 1758)	Dendrocoptes medius		CH	Embouchure de l'Aubonne	Vaud	PRESENT	2	e2e717bf-551a-4917-bdc9-4fa0f342c530	46.459915	6.39128	NA	NA	NA	NA	NA	NA	2024-02-25	25	2	2024	8773033	8773033	HUMAN_OBSERVATION	CLO	EBIRD	OBS1963250348	NA		NA	CC_BY_4_0		obsr919359	NA	NA	2026-09-02 06:26:25.465		CONTINENT_DERIVED_FROM_COORDINATES;TAXON_CONCEPT_ID_NOT_FOUND	EOD – eBird Observation Dataset	10.15468/aomfnb
135	2.73639659761631e-314	4fa7b334-ce0d-4e88-aaae-2e0c138d049e	URN:catalog:CLO:EBIRD:OBS2255840472	Animalia	Chordata	Aves	Piciformes	Picidae	Dendrocoptes	Dendrocoptes medius		SPECIES	Dendrocoptes medius (Linnaeus, 1758)	Dendrocoptes medius		CH	Naturschutzzentrum Thurauen	Zürich	PRESENT	1	e2e717bf-551a-4917-bdc9-4fa0f342c530	47.578857	8.581843	NA	NA	NA	NA	NA	NA	2024-06-19	19	6	2024	8773033	8773033	HUMAN_OBSERVATION	CLO	EBIRD	OBS2255840472	NA		NA	CC_BY_4_0		obsr1569452	NA	NA	2026-09-02 06:31:01.355		CONTINENT_DERIVED_FROM_COORDINATES;TAXON_CONCEPT_ID_NOT_FOUND	EOD – eBird Observation Dataset	10.15468/aomfnb
136	2.73525147449534e-314	4fa7b334-ce0d-4e88-aaae-2e0c138d049e	URN:catalog:CLO:EBIRD:OBS2050195416	Animalia	Chordata	Aves	Piciformes	Picidae	Dendrocoptes	Dendrocoptes medius		SPECIES	Dendrocoptes medius (Linnaeus, 1758)	Dendrocoptes medius		CH	Réserve Naturelle du Moulin de Vert	Genève	PRESENT	1	e2e717bf-551a-4917-bdc9-4fa0f342c530	46.179577	6.023539	NA	NA	NA	NA	NA	NA	2024-04-12	12	4	2024	8773033	8773033	HUMAN_OBSERVATION	CLO	EBIRD	OBS2050195416	NA		NA	CC_BY_4_0		obsr601450	NA	NA	2026-09-02 06:29:19.631		COORDINATE_ROUNDED;CONTINENT_DERIVED_FROM_COORDINATES;TAXON_CONCEPT_ID_NOT_FOUND	EOD – eBird Observation Dataset	10.15468/aomfnb
137	2.73507716714735e-314	4fa7b334-ce0d-4e88-aaae-2e0c138d049e	URN:catalog:CLO:EBIRD:OBS2599714863	Animalia	Chordata	Aves	Piciformes	Picidae	Dendrocoptes	Dendrocoptes medius		SPECIES	Dendrocoptes medius (Linnaeus, 1758)	Dendrocoptes medius		CH	Metzerlen-Mariastein, Solothurn, CH (47.452, 7.461)	Solothurn	PRESENT	1	e2e717bf-551a-4917-bdc9-4fa0f342c530	47.4518	7.460751	NA	NA	NA	NA	NA	NA	2024-10-31	31	10	2024	8773033	8773033	HUMAN_OBSERVATION	CLO	EBIRD	OBS2599714863	NA		NA	CC_BY_4_0		obsr1569452	NA	NA	2026-09-02 06:29:15.217		COORDINATE_ROUNDED;CONTINENT_DERIVED_FROM_COORDINATES;TAXON_CONCEPT_ID_NOT_FOUND	EOD – eBird Observation Dataset	10.15468/aomfnb
138	2.73415435627471e-314	4fa7b334-ce0d-4e88-aaae-2e0c138d049e	URN:catalog:CLO:EBIRD:OBS2524449148	Animalia	Chordata	Aves	Piciformes	Picidae	Dendrocoptes	Dendrocoptes medius		SPECIES	Dendrocoptes medius (Linnaeus, 1758)	Dendrocoptes medius		CH	Fichtlirain 18, Biel-Benken BL CH-Canton of Basel-Landschaft 47.50999, 7.53093	Basel-Landschaft	PRESENT	1	e2e717bf-551a-4917-bdc9-4fa0f342c530	47.509995	7.530927	NA	NA	NA	NA	NA	NA	2024-10-10	10	10	2024	8773033	8773033	HUMAN_OBSERVATION	CLO	EBIRD	OBS2524449148	NA		NA	CC_BY_4_0		obsr1569452	NA	NA	2026-09-02 06:29:32.917		CONTINENT_DERIVED_FROM_COORDINATES;TAXON_CONCEPT_ID_NOT_FOUND	EOD – eBird Observation Dataset	10.15468/aomfnb
139	2.73402684880096e-314	4fa7b334-ce0d-4e88-aaae-2e0c138d049e	URN:catalog:CLO:EBIRD:OBS3331144997	Animalia	Chordata	Aves	Piciformes	Picidae	Dendrocoptes	Dendrocoptes medius		SPECIES	Dendrocoptes medius (Linnaeus, 1758)	Dendrocoptes medius		CH	Buus [631/261] / Buus	Basel-Landschaft	PRESENT	1	e2e717bf-551a-4917-bdc9-4fa0f342c530	47.503494	7.856722	NA	NA	NA	NA	NA	NA	2017-12-31	31	12	2017	8773033	8773033	HUMAN_OBSERVATION	CLO	EBIRD	OBS3331144997	NA		NA	CC_BY_4_0		obsr2843627	NA	NA	2026-09-02 06:24:55.984		CONTINENT_DERIVED_FROM_COORDINATES;TAXON_CONCEPT_ID_NOT_FOUND	EOD – eBird Observation Dataset	10.15468/aomfnb
140	2.73393657510241e-314	4fa7b334-ce0d-4e88-aaae-2e0c138d049e	URN:catalog:CLO:EBIRD:OBS2437021493	Animalia	Chordata	Aves	Piciformes	Picidae	Dendrocoptes	Dendrocoptes medius		SPECIES	Dendrocoptes medius (Linnaeus, 1758)	Dendrocoptes medius		CH	Hardwald, Winterthur	Zürich	PRESENT	1	e2e717bf-551a-4917-bdc9-4fa0f342c530	47.515255	8.673817	NA	NA	NA	NA	NA	NA	2024-09-04	4	9	2024	8773033	8773033	HUMAN_OBSERVATION	CLO	EBIRD	OBS2437021493	NA		NA	CC_BY_4_0		obsr1835560	NA	NA	2026-09-02 06:29:41.091		CONTINENT_DERIVED_FROM_COORDINATES;TAXON_CONCEPT_ID_NOT_FOUND	EOD – eBird Observation Dataset	10.15468/aomfnb
141	2.73256460025795e-314	4fa7b334-ce0d-4e88-aaae-2e0c138d049e	URN:catalog:CLO:EBIRD:OBS1960634768	Animalia	Chordata	Aves	Piciformes	Picidae	Dendrocoptes	Dendrocoptes medius		SPECIES	Dendrocoptes medius (Linnaeus, 1758)	Dendrocoptes medius		CH	Klingnauer Stausee--Giriz	Aargau	PRESENT	1	e2e717bf-551a-4917-bdc9-4fa0f342c530	47.600376	8.223996	NA	NA	NA	NA	NA	NA	2024-02-23	23	2	2024	8773033	8773033	HUMAN_OBSERVATION	CLO	EBIRD	OBS1960634768	NA		NA	CC_BY_4_0		obsr1835560	NA	NA	2026-09-02 06:28:58.86		CONTINENT_DERIVED_FROM_COORDINATES;TAXON_CONCEPT_ID_NOT_FOUND	EOD – eBird Observation Dataset	10.15468/aomfnb
142	2.7323703049902e-314	4fa7b334-ce0d-4e88-aaae-2e0c138d049e	URN:catalog:CLO:EBIRD:OBS2244865977	Animalia	Chordata	Aves	Piciformes	Picidae	Dendrocoptes	Dendrocoptes medius		SPECIES	Dendrocoptes medius (Linnaeus, 1758)	Dendrocoptes medius		CH	Eschheimertal	Schaffhausen	PRESENT	1	e2e717bf-551a-4917-bdc9-4fa0f342c530	47.70541	8.602367	NA	NA	NA	NA	NA	NA	2024-06-14	14	6	2024	8773033	8773033	HUMAN_OBSERVATION	CLO	EBIRD	OBS2244865977	NA		NA	CC_BY_4_0		obsr457108	NA	NA	2026-09-02 06:26:11.49		CONTINENT_DERIVED_FROM_COORDINATES;TAXON_CONCEPT_ID_NOT_FOUND	EOD – eBird Observation Dataset	10.15468/aomfnb
143	2.73201193101553e-314	4fa7b334-ce0d-4e88-aaae-2e0c138d049e	URN:catalog:CLO:EBIRD:OBS2702197860	Animalia	Chordata	Aves	Piciformes	Picidae	Dendrocoptes	Dendrocoptes medius		SPECIES	Dendrocoptes medius (Linnaeus, 1758)	Dendrocoptes medius		CH	Kappiinseli	Aargau	PRESENT	1	e2e717bf-551a-4917-bdc9-4fa0f342c530	47.484974	8.293991	NA	NA	NA	NA	NA	NA	2024-12-17	17	12	2024	8773033	8773033	HUMAN_OBSERVATION	CLO	EBIRD	OBS2702197860	NA		NA	CC_BY_4_0		obsr1322236	NA	NA	2026-09-02 06:29:21.667		CONTINENT_DERIVED_FROM_COORDINATES;TAXON_CONCEPT_ID_NOT_FOUND	EOD – eBird Observation Dataset	10.15468/aomfnb
144	2.729700185507e-314	4fa7b334-ce0d-4e88-aaae-2e0c138d049e	URN:catalog:CLO:EBIRD:OBS3331123135	Animalia	Chordata	Aves	Piciformes	Picidae	Dendrocoptes	Dendrocoptes medius		SPECIES	Dendrocoptes medius (Linnaeus, 1758)	Dendrocoptes medius		CH	Allschwil [607/265] / Allschwil	Basel-Landschaft	PRESENT	2	e2e717bf-551a-4917-bdc9-4fa0f342c530	47.540184	7.53825	NA	NA	NA	NA	NA	NA	2008-03-29	29	3	2008	8773033	8773033	HUMAN_OBSERVATION	CLO	EBIRD	OBS3331123135	NA		NA	CC_BY_4_0		obsr2843627	NA	NA	2026-09-02 06:31:51.168		COORDINATE_ROUNDED;CONTINENT_DERIVED_FROM_COORDINATES;TAXON_CONCEPT_ID_NOT_FOUND	EOD – eBird Observation Dataset	10.15468/aomfnb
145	2.72859133075695e-314	4fa7b334-ce0d-4e88-aaae-2e0c138d049e	URN:catalog:CLO:EBIRD:OBS2585054339	Animalia	Chordata	Aves	Piciformes	Picidae	Dendrocoptes	Dendrocoptes medius		SPECIES	Dendrocoptes medius (Linnaeus, 1758)	Dendrocoptes medius		CH	Niderwald, Magden CH-Aargau (47.5345,7.8013)	Aargau	PRESENT	4	e2e717bf-551a-4917-bdc9-4fa0f342c530	47.53453	7.801338	NA	NA	NA	NA	NA	NA	2024-11-01	1	11	2024	8773033	8773033	HUMAN_OBSERVATION	CLO	EBIRD	OBS2585054339	NA		NA	CC_BY_4_0		obsr176548	NA	NA	2026-09-02 06:31:23.439		CONTINENT_DERIVED_FROM_COORDINATES;TAXON_CONCEPT_ID_NOT_FOUND	EOD – eBird Observation Dataset	10.15468/aomfnb
146	2.72637884007227e-314	4fa7b334-ce0d-4e88-aaae-2e0c138d049e	URN:catalog:CLO:EBIRD:OBS1975407696	Animalia	Chordata	Aves	Piciformes	Picidae	Dendrocoptes	Dendrocoptes medius		SPECIES	Dendrocoptes medius (Linnaeus, 1758)	Dendrocoptes medius		CH	Hohenklingen	Schaffhausen	PRESENT	1	e2e717bf-551a-4917-bdc9-4fa0f342c530	47.66493	8.860478	NA	NA	NA	NA	NA	NA	2024-03-09	9	3	2024	8773033	8773033	HUMAN_OBSERVATION	CLO	EBIRD	OBS1975407696	NA		NA	CC_BY_4_0		obsr2937037	NA	NA	2026-09-02 06:30:54.716		CONTINENT_DERIVED_FROM_COORDINATES;TAXON_CONCEPT_ID_NOT_FOUND	EOD – eBird Observation Dataset	10.15468/aomfnb
147	2.72550280338245e-314	4fa7b334-ce0d-4e88-aaae-2e0c138d049e	URN:catalog:CLO:EBIRD:OBS2734828537	Animalia	Chordata	Aves	Piciformes	Picidae	Dendrocoptes	Dendrocoptes medius		SPECIES	Dendrocoptes medius (Linnaeus, 1758)	Dendrocoptes medius		CH	Birs bei Aesch	Basel-Landschaft	PRESENT	1	e2e717bf-551a-4917-bdc9-4fa0f342c530	47.47151	7.60372	NA	NA	NA	NA	NA	NA	2024-12-27	27	12	2024	8773033	8773033	HUMAN_OBSERVATION	CLO	EBIRD	OBS2734828537	NA		NA	CC_BY_4_0		obsr4236721	NA	NA	2026-09-02 06:27:00.188		CONTINENT_DERIVED_FROM_COORDINATES;TAXON_CONCEPT_ID_NOT_FOUND	EOD – eBird Observation Dataset	10.15468/aomfnb
148	2.72546987242496e-314	4fa7b334-ce0d-4e88-aaae-2e0c138d049e	URN:catalog:CLO:EBIRD:OBS2642945595	Animalia	Chordata	Aves	Piciformes	Picidae	Dendrocoptes	Dendrocoptes medius		SPECIES	Dendrocoptes medius (Linnaeus, 1758)	Dendrocoptes medius		CH	Bachenbülacher Allmend	Zürich	PRESENT	1	e2e717bf-551a-4917-bdc9-4fa0f342c530	47.480263	8.543909	NA	NA	NA	NA	NA	NA	2024-11-25	25	11	2024	8773033	8773033	HUMAN_OBSERVATION	CLO	EBIRD	OBS2642945595	NA		NA	CC_BY_4_0		obsr1473331	NA	NA	2026-09-02 06:30:12.217		CONTINENT_DERIVED_FROM_COORDINATES;TAXON_CONCEPT_ID_NOT_FOUND	EOD – eBird Observation Dataset	10.15468/aomfnb
149	2.72537884478224e-314	4fa7b334-ce0d-4e88-aaae-2e0c138d049e	URN:catalog:CLO:EBIRD:OBS3331122430	Animalia	Chordata	Aves	Piciformes	Picidae	Dendrocoptes	Dendrocoptes medius		SPECIES	Dendrocoptes medius (Linnaeus, 1758)	Dendrocoptes medius		CH	Fanel / Gampelen	Neuchâtel	PRESENT	1	e2e717bf-551a-4917-bdc9-4fa0f342c530	46.981865	7.037756	NA	NA	NA	NA	NA	NA	2008-03-15	15	3	2008	8773033	8773033	HUMAN_OBSERVATION	CLO	EBIRD	OBS3331122430	NA		NA	CC_BY_4_0		obsr2843627	NA	NA	2026-09-02 06:30:33.603		CONTINENT_DERIVED_FROM_COORDINATES;TAXON_CONCEPT_ID_NOT_FOUND	EOD – eBird Observation Dataset	10.15468/aomfnb
150	2.72415804414409e-314	4fa7b334-ce0d-4e88-aaae-2e0c138d049e	URN:catalog:CLO:EBIRD:OBS2065648384	Animalia	Chordata	Aves	Piciformes	Picidae	Dendrocoptes	Dendrocoptes medius		SPECIES	Dendrocoptes medius (Linnaeus, 1758)	Dendrocoptes medius		CH	enten teich	Zürich	PRESENT	1	e2e717bf-551a-4917-bdc9-4fa0f342c530	47.54363	8.739699	NA	NA	NA	NA	NA	NA	2024-04-11	11	4	2024	8773033	8773033	HUMAN_OBSERVATION	CLO	EBIRD	OBS2065648384	NA		NA	CC_BY_4_0		obsr3259879	NA	NA	2026-09-02 06:31:21.675		CONTINENT_DERIVED_FROM_COORDINATES;TAXON_CONCEPT_ID_NOT_FOUND	EOD – eBird Observation Dataset	10.15468/aomfnb
151	2.72322175565469e-314	4fa7b334-ce0d-4e88-aaae-2e0c138d049e	URN:catalog:CLO:EBIRD:OBS2252937520	Animalia	Chordata	Aves	Piciformes	Picidae	Dendrocoptes	Dendrocoptes medius		SPECIES	Dendrocoptes medius (Linnaeus, 1758)	Dendrocoptes medius		CH	Barrage de Verbois	Genève	PRESENT	1	e2e717bf-551a-4917-bdc9-4fa0f342c530	46.192875	6.028233	NA	NA	NA	NA	NA	NA	2024-06-18	18	6	2024	8773033	8773033	HUMAN_OBSERVATION	CLO	EBIRD	OBS2252937520	NA		NA	CC_BY_4_0		obsr1211177	NA	NA	2026-09-02 06:30:23.617		COORDINATE_ROUNDED;CONTINENT_DERIVED_FROM_COORDINATES;TAXON_CONCEPT_ID_NOT_FOUND	EOD – eBird Observation Dataset	10.15468/aomfnb
152	2.72098927210959e-314	4fa7b334-ce0d-4e88-aaae-2e0c138d049e	URN:catalog:CLO:EBIRD:OBS1955338685	Animalia	Chordata	Aves	Piciformes	Picidae	Dendrocoptes	Dendrocoptes medius		SPECIES	Dendrocoptes medius (Linnaeus, 1758)	Dendrocoptes medius		CH	Prés de Villette et Bordons	Genève	PRESENT	2	e2e717bf-551a-4917-bdc9-4fa0f342c530	46.253117	6.286025	NA	NA	NA	NA	NA	NA	2024-02-18	18	2	2024	8773033	8773033	HUMAN_OBSERVATION	CLO	EBIRD	OBS1955338685	NA		NA	CC_BY_4_0		obsr1571825	NA	NA	2026-09-02 06:29:26.421		CONTINENT_DERIVED_FROM_COORDINATES;TAXON_CONCEPT_ID_NOT_FOUND	EOD – eBird Observation Dataset	10.15468/aomfnb
153	2.72054432597619e-314	4fa7b334-ce0d-4e88-aaae-2e0c138d049e	URN:catalog:CLO:EBIRD:OBS2032812049	Animalia	Chordata	Aves	Piciformes	Picidae	Dendrocoptes	Dendrocoptes medius		SPECIES	Dendrocoptes medius (Linnaeus, 1758)	Dendrocoptes medius		CH	La Neuveville, forêt	Bern	PRESENT	2	e2e717bf-551a-4917-bdc9-4fa0f342c530	47.074005	7.105798	NA	NA	NA	NA	NA	NA	2024-04-06	6	4	2024	8773033	8773033	HUMAN_OBSERVATION	CLO	EBIRD	OBS2032812049	NA		NA	CC_BY_4_0		obsr2359143	NA	NA	2026-09-02 06:29:50.598		COORDINATE_ROUNDED;CONTINENT_DERIVED_FROM_COORDINATES;TAXON_CONCEPT_ID_NOT_FOUND	EOD – eBird Observation Dataset	10.15468/aomfnb
154	2.72046347608578e-314	4fa7b334-ce0d-4e88-aaae-2e0c138d049e	URN:catalog:CLO:EBIRD:OBS2480024923	Animalia	Chordata	Aves	Piciformes	Picidae	Dendrocoptes	Dendrocoptes medius		SPECIES	Dendrocoptes medius (Linnaeus, 1758)	Dendrocoptes medius		CH	Hallau, Liteggli	Schaffhausen	PRESENT	1	e2e717bf-551a-4917-bdc9-4fa0f342c530	47.703712	8.428818	NA	NA	NA	NA	NA	NA	2024-09-21	21	9	2024	8773033	8773033	HUMAN_OBSERVATION	CLO	EBIRD	OBS2480024923	NA		NA	CC_BY_4_0		obsr457108	NA	NA	2026-09-02 06:31:26.702		CONTINENT_DERIVED_FROM_COORDINATES;TAXON_CONCEPT_ID_NOT_FOUND	EOD – eBird Observation Dataset	10.15468/aomfnb
155	2.72041862134799e-314	4fa7b334-ce0d-4e88-aaae-2e0c138d049e	URN:catalog:CLO:EBIRD:OBS1923259436	Animalia	Chordata	Aves	Piciformes	Picidae	Dendrocoptes	Dendrocoptes medius		SPECIES	Dendrocoptes medius (Linnaeus, 1758)	Dendrocoptes medius		CH	CH St George	Vaud	PRESENT	1	e2e717bf-551a-4917-bdc9-4fa0f342c530	46.51632	6.262754	NA	NA	NA	NA	NA	NA	2024-01-13	13	1	2024	8773033	8773033	HUMAN_OBSERVATION	CLO	EBIRD	OBS1923259436	NA		NA	CC_BY_4_0		obsr403213	NA	NA	2026-09-02 06:28:53.834		COORDINATE_ROUNDED;CONTINENT_DERIVED_FROM_COORDINATES;TAXON_CONCEPT_ID_NOT_FOUND	EOD – eBird Observation Dataset	10.15468/aomfnb
156	2.71950391908072e-314	4fa7b334-ce0d-4e88-aaae-2e0c138d049e	URN:catalog:CLO:EBIRD:OBS2695819022	Animalia	Chordata	Aves	Piciformes	Picidae	Dendrocoptes	Dendrocoptes medius		SPECIES	Dendrocoptes medius (Linnaeus, 1758)	Dendrocoptes medius		CH	Forest above Nussbaumen	Aargau	PRESENT	1	e2e717bf-551a-4917-bdc9-4fa0f342c530	47.499508	8.292423	NA	NA	NA	NA	NA	NA	2024-12-15	15	12	2024	8773033	8773033	HUMAN_OBSERVATION	CLO	EBIRD	OBS2695819022	NA		NA	CC_BY_4_0		obsr1322236	NA	NA	2026-09-02 06:25:42.233		CONTINENT_DERIVED_FROM_COORDINATES;TAXON_CONCEPT_ID_NOT_FOUND	EOD – eBird Observation Dataset	10.15468/aomfnb
157	2.71860235747744e-314	4fa7b334-ce0d-4e88-aaae-2e0c138d049e	URN:catalog:CLO:EBIRD:OBS1982968252	Animalia	Chordata	Aves	Piciformes	Picidae	Dendrocoptes	Dendrocoptes medius		SPECIES	Dendrocoptes medius (Linnaeus, 1758)	Dendrocoptes medius		CH	Réserve naturelle En Bucley	Vaud	PRESENT	2	e2e717bf-551a-4917-bdc9-4fa0f342c530	46.392796	6.138504	NA	NA	NA	NA	NA	NA	2024-03-17	17	3	2024	8773033	8773033	HUMAN_OBSERVATION	CLO	EBIRD	OBS1982968252	NA		NA	CC_BY_4_0		obsr211904	NA	NA	2026-09-02 06:30:56.692		COORDINATE_ROUNDED;CONTINENT_DERIVED_FROM_COORDINATES;TAXON_CONCEPT_ID_NOT_FOUND	EOD – eBird Observation Dataset	10.15468/aomfnb
158	2.71655023704294e-314	4fa7b334-ce0d-4e88-aaae-2e0c138d049e	URN:catalog:CLO:EBIRD:OBS2379385714	Animalia	Chordata	Aves	Piciformes	Picidae	Dendrocoptes	Dendrocoptes medius		SPECIES	Dendrocoptes medius (Linnaeus, 1758)	Dendrocoptes medius		CH	Fanel* general (use more precise loc.) (not including Grosses Moos)	Neuchâtel	PRESENT	1	e2e717bf-551a-4917-bdc9-4fa0f342c530	46.979736	7.040211	NA	NA	NA	NA	NA	NA	2024-08-11	11	8	2024	8773033	8773033	HUMAN_OBSERVATION	CLO	EBIRD	OBS2379385714	NA		NA	CC_BY_4_0		obsr323823	NA	NA	2026-09-02 06:26:51.364		CONTINENT_DERIVED_FROM_COORDINATES;TAXON_CONCEPT_ID_NOT_FOUND	EOD – eBird Observation Dataset	10.15468/aomfnb
159	2.71616305410046e-314	4fa7b334-ce0d-4e88-aaae-2e0c138d049e	URN:catalog:CLO:EBIRD:OBS2195507153	Animalia	Chordata	Aves	Piciformes	Picidae	Dendrocoptes	Dendrocoptes medius		SPECIES	Dendrocoptes medius (Linnaeus, 1758)	Dendrocoptes medius		CH	wald seuzach	Zürich	PRESENT	1	e2e717bf-551a-4917-bdc9-4fa0f342c530	47.53822	8.745873	NA	NA	NA	NA	NA	NA	2024-05-26	26	5	2024	8773033	8773033	HUMAN_OBSERVATION	CLO	EBIRD	OBS2195507153	NA		NA	CC_BY_4_0		obsr3259879	NA	NA	2026-09-02 06:25:48.895		CONTINENT_DERIVED_FROM_COORDINATES;TAXON_CONCEPT_ID_NOT_FOUND	EOD – eBird Observation Dataset	10.15468/aomfnb
160	2.71580069005164e-314	4fa7b334-ce0d-4e88-aaae-2e0c138d049e	URN:catalog:CLO:EBIRD:OBS2307141477	Animalia	Chordata	Aves	Piciformes	Picidae	Dendrocoptes	Dendrocoptes medius		SPECIES	Dendrocoptes medius (Linnaeus, 1758)	Dendrocoptes medius		CH	Wangental	Schaffhausen	PRESENT	1	e2e717bf-551a-4917-bdc9-4fa0f342c530	47.64808	8.515772	NA	NA	NA	NA	NA	NA	2024-07-08	8	7	2024	8773033	8773033	HUMAN_OBSERVATION	CLO	EBIRD	OBS2307141477	NA		NA	CC_BY_4_0		obsr457108	NA	NA	2026-09-02 06:31:19.857		CONTINENT_DERIVED_FROM_COORDINATES;TAXON_CONCEPT_ID_NOT_FOUND	EOD – eBird Observation Dataset	10.15468/aomfnb
161	2.7150375873812e-314	4fa7b334-ce0d-4e88-aaae-2e0c138d049e	URN:catalog:CLO:EBIRD:OBS2547532859	Animalia	Chordata	Aves	Piciformes	Picidae	Dendrocoptes	Dendrocoptes medius		SPECIES	Dendrocoptes medius (Linnaeus, 1758)	Dendrocoptes medius		CH	Aussichtsturm Liestal	Basel-Landschaft	PRESENT	2	e2e717bf-551a-4917-bdc9-4fa0f342c530	47.488007	7.753344	NA	NA	NA	NA	NA	NA	2024-10-19	19	10	2024	8773033	8773033	HUMAN_OBSERVATION	CLO	EBIRD	OBS2547532859	NA		NA	CC_BY_4_0		obsr497615	NA	NA	2026-09-02 06:30:33.708		COORDINATE_ROUNDED;CONTINENT_DERIVED_FROM_COORDINATES;TAXON_CONCEPT_ID_NOT_FOUND	EOD – eBird Observation Dataset	10.15468/aomfnb
162	2.71301934107552e-314	4fa7b334-ce0d-4e88-aaae-2e0c138d049e	URN:catalog:CLO:EBIRD:OBS1963897116	Animalia	Chordata	Aves	Piciformes	Picidae	Dendrocoptes	Dendrocoptes medius		SPECIES	Dendrocoptes medius (Linnaeus, 1758)	Dendrocoptes medius		CH	Oberalmetweg, Embrach CH-ZH	Zürich	PRESENT	1	e2e717bf-551a-4917-bdc9-4fa0f342c530	47.50496	8.610498	NA	NA	NA	NA	NA	NA	2024-02-26	26	2	2024	8773033	8773033	HUMAN_OBSERVATION	CLO	EBIRD	OBS1963897116	NA		NA	CC_BY_4_0		obsr1716447	NA	NA	2026-09-02 06:27:21.029		CONTINENT_DERIVED_FROM_COORDINATES;TAXON_CONCEPT_ID_NOT_FOUND	EOD – eBird Observation Dataset	10.15468/aomfnb
163	2.71274180365149e-314	4fa7b334-ce0d-4e88-aaae-2e0c138d049e	URN:catalog:CLO:EBIRD:OBS2709593311	Animalia	Chordata	Aves	Piciformes	Picidae	Dendrocoptes	Dendrocoptes medius		SPECIES	Dendrocoptes medius (Linnaeus, 1758)	Dendrocoptes medius		CH	28 Talmatt, Wegenstetten, Aargau, CH (47.502, 7.932)	Aargau	PRESENT	1	e2e717bf-551a-4917-bdc9-4fa0f342c530	47.50156	7.932224	NA	NA	NA	NA	NA	NA	2024-12-20	20	12	2024	8773033	8773033	HUMAN_OBSERVATION	CLO	EBIRD	OBS2709593311	NA		NA	CC_BY_4_0		obsr2257075	NA	NA	2026-09-02 06:28:47.437		CONTINENT_DERIVED_FROM_COORDINATES;TAXON_CONCEPT_ID_NOT_FOUND	EOD – eBird Observation Dataset	10.15468/aomfnb
164	2.71125525646596e-314	4fa7b334-ce0d-4e88-aaae-2e0c138d049e	URN:catalog:CLO:EBIRD:OBS2710014932	Animalia	Chordata	Aves	Piciformes	Picidae	Dendrocoptes	Dendrocoptes medius		SPECIES	Dendrocoptes medius (Linnaeus, 1758)	Dendrocoptes medius		CH	Saint Martin - Creuse	Neuchâtel	PRESENT	1	e2e717bf-551a-4917-bdc9-4fa0f342c530	47.07245	6.939325	NA	NA	NA	NA	NA	NA	2024-12-20	20	12	2024	8773033	8773033	HUMAN_OBSERVATION	CLO	EBIRD	OBS2710014932	NA		NA	CC_BY_4_0		obsr3179011	NA	NA	2026-09-02 06:29:31.303		CONTINENT_DERIVED_FROM_COORDINATES;TAXON_CONCEPT_ID_NOT_FOUND	EOD – eBird Observation Dataset	10.15468/aomfnb
165	2.71049071408823e-314	4fa7b334-ce0d-4e88-aaae-2e0c138d049e	URN:catalog:CLO:EBIRD:OBS2172595552	Animalia	Chordata	Aves	Piciformes	Picidae	Dendrocoptes	Dendrocoptes medius		SPECIES	Dendrocoptes medius (Linnaeus, 1758)	Dendrocoptes medius		CH	Lac Brenet	Vaud	PRESENT	1	e2e717bf-551a-4917-bdc9-4fa0f342c530	46.672646	6.322975	NA	NA	NA	NA	NA	NA	2024-05-19	19	5	2024	8773033	8773033	HUMAN_OBSERVATION	CLO	EBIRD	OBS2172595552	NA		NA	CC_BY_4_0		obsr933590	NA	NA	2026-09-02 06:26:40.963		CONTINENT_DERIVED_FROM_COORDINATES;TAXON_CONCEPT_ID_NOT_FOUND	EOD – eBird Observation Dataset	10.15468/aomfnb
166	2.71044504068367e-314	4fa7b334-ce0d-4e88-aaae-2e0c138d049e	URN:catalog:CLO:EBIRD:OBS1979308509	Animalia	Chordata	Aves	Piciformes	Picidae	Dendrocoptes	Dendrocoptes medius		SPECIES	Dendrocoptes medius (Linnaeus, 1758)	Dendrocoptes medius		CH	Reinach [611/262]	Basel-Landschaft	PRESENT	2	e2e717bf-551a-4917-bdc9-4fa0f342c530	47.513145	7.591298	NA	NA	NA	NA	NA	NA	2020-11-28	28	11	2020	8773033	8773033	HUMAN_OBSERVATION	CLO	EBIRD	OBS1979308509	NA		NA	CC_BY_4_0		obsr4298144	NA	NA	2026-09-02 06:27:56.815		CONTINENT_DERIVED_FROM_COORDINATES;TAXON_CONCEPT_ID_NOT_FOUND	EOD – eBird Observation Dataset	10.15468/aomfnb
167	2.7102312313051e-314	4fa7b334-ce0d-4e88-aaae-2e0c138d049e	URN:catalog:CLO:EBIRD:OBS2343648778	Animalia	Chordata	Aves	Piciformes	Picidae	Dendrocoptes	Dendrocoptes medius		SPECIES	Dendrocoptes medius (Linnaeus, 1758)	Dendrocoptes medius		CH	Marais des Fontaines	Genève	PRESENT	1	e2e717bf-551a-4917-bdc9-4fa0f342c530	46.245922	6.08739	NA	NA	NA	NA	NA	NA	2016-07-06	6	7	2016	8773033	8773033	HUMAN_OBSERVATION	CLO	EBIRD	OBS2343648778	NA		NA	CC_BY_4_0		obsr231906	NA	NA	2026-09-02 06:31:08.319		CONTINENT_DERIVED_FROM_COORDINATES;TAXON_CONCEPT_ID_NOT_FOUND	EOD – eBird Observation Dataset	10.15468/aomfnb
168	2.70904876126789e-314	4fa7b334-ce0d-4e88-aaae-2e0c138d049e	URN:catalog:CLO:EBIRD:OBS2578675519	Animalia	Chordata	Aves	Piciformes	Picidae	Dendrocoptes	Dendrocoptes medius		SPECIES	Dendrocoptes medius (Linnaeus, 1758)	Dendrocoptes medius		CH	5 Reussstrasse, Künten, Aargau, CH (47.376, 8.313)	Aargau	PRESENT	1	e2e717bf-551a-4917-bdc9-4fa0f342c530	47.376022	8.312971	NA	NA	NA	NA	NA	NA	2024-11-01	1	11	2024	8773033	8773033	HUMAN_OBSERVATION	CLO	EBIRD	OBS2578675519	NA		NA	CC_BY_4_0		obsr733835	NA	NA	2026-09-02 06:26:16.188		CONTINENT_DERIVED_FROM_COORDINATES;TAXON_CONCEPT_ID_NOT_FOUND	EOD – eBird Observation Dataset	10.15468/aomfnb
169	2.70767660411321e-314	4fa7b334-ce0d-4e88-aaae-2e0c138d049e	URN:catalog:CLO:EBIRD:OBS2307453644	Animalia	Chordata	Aves	Piciformes	Picidae	Dendrocoptes	Dendrocoptes medius		SPECIES	Dendrocoptes medius (Linnaeus, 1758)	Dendrocoptes medius		CH	Uetliberg	Zürich	PRESENT	1	e2e717bf-551a-4917-bdc9-4fa0f342c530	47.349438	8.491756	NA	NA	NA	NA	NA	NA	2024-07-10	10	7	2024	8773033	8773033	HUMAN_OBSERVATION	CLO	EBIRD	OBS2307453644	NA		NA	CC_BY_4_0		obsr195154	NA	NA	2026-09-02 06:27:29.62		COORDINATE_ROUNDED;CONTINENT_DERIVED_FROM_COORDINATES;TAXON_CONCEPT_ID_NOT_FOUND	EOD – eBird Observation Dataset	10.15468/aomfnb
170	2.70743876140536e-314	4fa7b334-ce0d-4e88-aaae-2e0c138d049e	URN:catalog:CLO:EBIRD:OBS2706650484	Animalia	Chordata	Aves	Piciformes	Picidae	Dendrocoptes	Dendrocoptes medius		SPECIES	Dendrocoptes medius (Linnaeus, 1758)	Dendrocoptes medius		CH	Breitipass	Zürich	PRESENT	1	e2e717bf-551a-4917-bdc9-4fa0f342c530	47.489902	8.729442	NA	NA	NA	NA	NA	NA	2024-12-15	15	12	2024	8773033	8773033	HUMAN_OBSERVATION	CLO	EBIRD	OBS2706650484	NA		NA	CC_BY_4_0		obsr2408553	NA	NA	2026-09-02 06:30:12.673		CONTINENT_DERIVED_FROM_COORDINATES;TAXON_CONCEPT_ID_NOT_FOUND	EOD – eBird Observation Dataset	10.15468/aomfnb
171	2.70645658656911e-314	4fa7b334-ce0d-4e88-aaae-2e0c138d049e	URN:catalog:CLO:EBIRD:OBS1913408674	Animalia	Chordata	Aves	Piciformes	Picidae	Dendrocoptes	Dendrocoptes medius		SPECIES	Dendrocoptes medius (Linnaeus, 1758)	Dendrocoptes medius		CH	Klettgau--Kerngebiet Widen--Widenweiher	Schaffhausen	PRESENT	1	e2e717bf-551a-4917-bdc9-4fa0f342c530	47.694973	8.51891	NA	NA	NA	NA	NA	NA	2024-01-02	2	1	2024	8773033	8773033	HUMAN_OBSERVATION	CLO	EBIRD	OBS1913408674	NA		NA	CC_BY_4_0		obsr395330	NA	NA	2026-09-02 06:30:39.6		CONTINENT_DERIVED_FROM_COORDINATES;TAXON_CONCEPT_ID_NOT_FOUND	EOD – eBird Observation Dataset	10.15468/aomfnb
172	2.70570529602014e-314	4fa7b334-ce0d-4e88-aaae-2e0c138d049e	URN:catalog:CLO:EBIRD:OBS2175099389	Animalia	Chordata	Aves	Piciformes	Picidae	Dendrocoptes	Dendrocoptes medius		SPECIES	Dendrocoptes medius (Linnaeus, 1758)	Dendrocoptes medius		CH	Unteres Gruth, Münchenstein	Basel-Landschaft	PRESENT	1	e2e717bf-551a-4917-bdc9-4fa0f342c530	47.51158	7.635695	NA	NA	NA	NA	NA	NA	2024-05-20	20	5	2024	8773033	8773033	HUMAN_OBSERVATION	CLO	EBIRD	OBS2175099389	NA		NA	CC_BY_4_0		obsr2904442	NA	NA	2026-09-02 06:29:41.514		CONTINENT_DERIVED_FROM_COORDINATES;TAXON_CONCEPT_ID_NOT_FOUND	EOD – eBird Observation Dataset	10.15468/aomfnb
173	2.70439128100472e-314	4fa7b334-ce0d-4e88-aaae-2e0c138d049e	URN:catalog:CLO:EBIRD:OBS1921326016	Animalia	Chordata	Aves	Piciformes	Picidae	Dendrocoptes	Dendrocoptes medius		SPECIES	Dendrocoptes medius (Linnaeus, 1758)	Dendrocoptes medius		CH	Ittingen Kartause, Warth-Weiningen, Thurgau, CH (47.584, 8.868)	Thurgau	PRESENT	1	e2e717bf-551a-4917-bdc9-4fa0f342c530	47.58416	8.867708	NA	NA	NA	NA	NA	NA	2024-01-11	11	1	2024	8773033	8773033	HUMAN_OBSERVATION	CLO	EBIRD	OBS1921326016	NA		NA	CC_BY_4_0		obsr1191554	NA	NA	2026-09-02 06:28:39.44		CONTINENT_DERIVED_FROM_COORDINATES;TAXON_CONCEPT_ID_NOT_FOUND	EOD – eBird Observation Dataset	10.15468/aomfnb
174	2.70327358643214e-314	4fa7b334-ce0d-4e88-aaae-2e0c138d049e	URN:catalog:CLO:EBIRD:OBS2100105874	Animalia	Chordata	Aves	Piciformes	Picidae	Dendrocoptes	Dendrocoptes medius		SPECIES	Dendrocoptes medius (Linnaeus, 1758)	Dendrocoptes medius		CH	Fanel - Côté vaudois	Vaud	PRESENT	1	e2e717bf-551a-4917-bdc9-4fa0f342c530	46.97367	7.044486	NA	NA	NA	NA	NA	NA	2022-05-14	14	5	2022	8773033	8773033	HUMAN_OBSERVATION	CLO	EBIRD	OBS2100105874	NA		NA	CC_BY_4_0		obsr3179011	NA	NA	2026-09-02 06:28:24.814		CONTINENT_DERIVED_FROM_COORDINATES;TAXON_CONCEPT_ID_NOT_FOUND	EOD – eBird Observation Dataset	10.15468/aomfnb
175	2.70209228436611e-314	4fa7b334-ce0d-4e88-aaae-2e0c138d049e	URN:catalog:CLO:EBIRD:OBS1917487491	Animalia	Chordata	Aves	Piciformes	Picidae	Dendrocoptes	Dendrocoptes medius		SPECIES	Dendrocoptes medius (Linnaeus, 1758)	Dendrocoptes medius		CH	Husemer See	Zürich	PRESENT	1	e2e717bf-551a-4917-bdc9-4fa0f342c530	47.621822	8.704916	NA	NA	NA	NA	NA	NA	2024-01-06	6	1	2024	8773033	8773033	HUMAN_OBSERVATION	CLO	EBIRD	OBS1917487491	NA		NA	CC_BY_4_0		obsr1908376	NA	NA	2026-09-02 06:29:31.68		CONTINENT_DERIVED_FROM_COORDINATES;TAXON_CONCEPT_ID_NOT_FOUND	EOD – eBird Observation Dataset	10.15468/aomfnb
176	2.70101334924345e-314	4fa7b334-ce0d-4e88-aaae-2e0c138d049e	URN:catalog:CLO:EBIRD:OBS2279370634	Animalia	Chordata	Aves	Piciformes	Picidae	Dendrocoptes	Dendrocoptes medius		SPECIES	Dendrocoptes medius (Linnaeus, 1758)	Dendrocoptes medius		CH	Hallau, Waldweiher Wiesen	Schaffhausen	PRESENT	1	e2e717bf-551a-4917-bdc9-4fa0f342c530	47.69103	8.4216	NA	NA	NA	NA	NA	NA	2024-06-28	28	6	2024	8773033	8773033	HUMAN_OBSERVATION	CLO	EBIRD	OBS2279370634	NA		NA	CC_BY_4_0		obsr457108	NA	NA	2026-09-02 06:24:53.257		CONTINENT_DERIVED_FROM_COORDINATES;TAXON_CONCEPT_ID_NOT_FOUND	EOD – eBird Observation Dataset	10.15468/aomfnb
177	2.70041331491569e-314	4fa7b334-ce0d-4e88-aaae-2e0c138d049e	URN:catalog:CLO:EBIRD:OBS2145696197	Animalia	Chordata	Aves	Piciformes	Picidae	Dendrocoptes	Dendrocoptes medius		SPECIES	Dendrocoptes medius (Linnaeus, 1758)	Dendrocoptes medius		CH	Dornach Asp	Solothurn	PRESENT	NA	e2e717bf-551a-4917-bdc9-4fa0f342c530	47.4729	7.6135	NA	NA	NA	NA	NA	NA	2024-05-11	11	5	2024	8773033	8773033	HUMAN_OBSERVATION	CLO	EBIRD	OBS2145696197	NA		NA	CC_BY_4_0		obsr3296456	NA	NA	2026-09-02 06:31:20.441		COORDINATE_ROUNDED;CONTINENT_DERIVED_FROM_COORDINATES;TAXON_CONCEPT_ID_NOT_FOUND	EOD – eBird Observation Dataset	10.15468/aomfnb
178	2.70040500127307e-314	4fa7b334-ce0d-4e88-aaae-2e0c138d049e	URN:catalog:CLO:EBIRD:OBS2521990229	Animalia	Chordata	Aves	Piciformes	Picidae	Dendrocoptes	Dendrocoptes medius		SPECIES	Dendrocoptes medius (Linnaeus, 1758)	Dendrocoptes medius		CH	Pfäffikersee--Robenhuserried	Zürich	PRESENT	1	e2e717bf-551a-4917-bdc9-4fa0f342c530	47.33882	8.787732	NA	NA	NA	NA	NA	NA	2019-12-13	13	12	2019	8773033	8773033	HUMAN_OBSERVATION	CLO	EBIRD	OBS2521990229	NA		NA	CC_BY_4_0		obsr6404968	NA	NA	2026-09-02 06:27:07.711		CONTINENT_DERIVED_FROM_COORDINATES;TAXON_CONCEPT_ID_NOT_FOUND	EOD – eBird Observation Dataset	10.15468/aomfnb
179	2.6981321224267e-314	4fa7b334-ce0d-4e88-aaae-2e0c138d049e	URN:catalog:CLO:EBIRD:OBS2149374008	Animalia	Chordata	Aves	Piciformes	Picidae	Dendrocoptes	Dendrocoptes medius		SPECIES	Dendrocoptes medius (Linnaeus, 1758)	Dendrocoptes medius		CH	3 Bergmatten, Hofstetten-Flüh, Solothurn, CH (47.463, 7.509)	Solothurn	PRESENT	1	e2e717bf-551a-4917-bdc9-4fa0f342c530	47.463406	7.508997	NA	NA	NA	NA	NA	NA	2024-05-12	12	5	2024	8773033	8773033	HUMAN_OBSERVATION	CLO	EBIRD	OBS2149374008	NA		NA	CC_BY_4_0		obsr497615	NA	NA	2026-09-02 06:31:55.346		COORDINATE_ROUNDED;CONTINENT_DERIVED_FROM_COORDINATES;TAXON_CONCEPT_ID_NOT_FOUND	EOD – eBird Observation Dataset	10.15468/aomfnb
180	2.69811965122166e-314	4fa7b334-ce0d-4e88-aaae-2e0c138d049e	URN:catalog:CLO:EBIRD:OBS3057133676	Animalia	Chordata	Aves	Piciformes	Picidae	Dendrocoptes	Dendrocoptes medius		SPECIES	Dendrocoptes medius (Linnaeus, 1758)	Dendrocoptes medius		CH	Niderholz--Hörnlispitz	Zürich	PRESENT	2	e2e717bf-551a-4917-bdc9-4fa0f342c530	47.60162	8.6274	NA	NA	NA	NA	NA	NA	2010-05-24	24	5	2010	8773033	8773033	HUMAN_OBSERVATION	CLO	EBIRD	OBS3057133676	NA		NA	CC_BY_4_0		obsr788756	NA	NA	2026-09-02 06:26:49.551		CONTINENT_DERIVED_FROM_COORDINATES;TAXON_CONCEPT_ID_NOT_FOUND	EOD – eBird Observation Dataset	10.15468/aomfnb
181	2.69684345149672e-314	4fa7b334-ce0d-4e88-aaae-2e0c138d049e	URN:catalog:CLO:EBIRD:OBS2093234721	Animalia	Chordata	Aves	Piciformes	Picidae	Dendrocoptes	Dendrocoptes medius		SPECIES	Dendrocoptes medius (Linnaeus, 1758)	Dendrocoptes medius		CH	Petit Chézard - Fontenelle	Neuchâtel	PRESENT	1	e2e717bf-551a-4917-bdc9-4fa0f342c530	47.063984	6.907482	NA	NA	NA	NA	NA	NA	2023-10-26	26	10	2023	8773033	8773033	HUMAN_OBSERVATION	CLO	EBIRD	OBS2093234721	NA		NA	CC_BY_4_0		obsr3179011	NA	NA	2026-09-02 06:28:57.651		CONTINENT_DERIVED_FROM_COORDINATES;TAXON_CONCEPT_ID_NOT_FOUND	EOD – eBird Observation Dataset	10.15468/aomfnb
182	2.69652072831092e-314	4fa7b334-ce0d-4e88-aaae-2e0c138d049e	URN:catalog:CLO:EBIRD:OBS2358968018	Animalia	Chordata	Aves	Piciformes	Picidae	Dendrocoptes	Dendrocoptes medius		SPECIES	Dendrocoptes medius (Linnaeus, 1758)	Dendrocoptes medius		CH	La Côte	Vaud	PRESENT	1	e2e717bf-551a-4917-bdc9-4fa0f342c530	46.38223	6.243153	NA	NA	NA	NA	NA	NA	2024-08-02	2	8	2024	8773033	8773033	HUMAN_OBSERVATION	CLO	EBIRD	OBS2358968018	NA		NA	CC_BY_4_0		obsr211904	NA	NA	2026-09-02 06:26:44.178		COORDINATE_ROUNDED;CONTINENT_DERIVED_FROM_COORDINATES;TAXON_CONCEPT_ID_NOT_FOUND	EOD – eBird Observation Dataset	10.15468/aomfnb
183	2.69436549489394e-314	4fa7b334-ce0d-4e88-aaae-2e0c138d049e	URN:catalog:CLO:EBIRD:OBS2331953127	Animalia	Chordata	Aves	Piciformes	Picidae	Dendrocoptes	Dendrocoptes medius		SPECIES	Dendrocoptes medius (Linnaeus, 1758)	Dendrocoptes medius		CH	Embouchure du canal de Sugiez	Freiburg	PRESENT	1	e2e717bf-551a-4917-bdc9-4fa0f342c530	46.955536	7.118465	NA	NA	NA	NA	NA	NA	2022-08-03	3	8	2022	8773033	8773033	HUMAN_OBSERVATION	CLO	EBIRD	OBS2331953127	NA		NA	CC_BY_4_0		obsr3184961	NA	NA	2026-09-02 06:29:32.963		COORDINATE_ROUNDED;CONTINENT_DERIVED_FROM_COORDINATES;TAXON_CONCEPT_ID_NOT_FOUND	EOD – eBird Observation Dataset	10.15468/aomfnb
184	2.69292721841607e-314	4fa7b334-ce0d-4e88-aaae-2e0c138d049e	URN:catalog:CLO:EBIRD:OBS1962715572	Animalia	Chordata	Aves	Piciformes	Picidae	Dendrocoptes	Dendrocoptes medius		SPECIES	Dendrocoptes medius (Linnaeus, 1758)	Dendrocoptes medius		CH	23 En Seraize, La Grande Béroche, Neuchâtel, CH (46.913, 6.791)	Neuchâtel	PRESENT	1	e2e717bf-551a-4917-bdc9-4fa0f342c530	46.91275	6.79125	NA	NA	NA	NA	NA	NA	2024-02-25	25	2	2024	8773033	8773033	HUMAN_OBSERVATION	CLO	EBIRD	OBS1962715572	NA		NA	CC_BY_4_0		obsr3019530	NA	NA	2026-09-02 06:27:01.794		CONTINENT_DERIVED_FROM_COORDINATES;TAXON_CONCEPT_ID_NOT_FOUND	EOD – eBird Observation Dataset	10.15468/aomfnb
185	2.69163127483978e-314	4fa7b334-ce0d-4e88-aaae-2e0c138d049e	URN:catalog:CLO:EBIRD:OBS2107373981	Animalia	Chordata	Aves	Piciformes	Picidae	Dendrocoptes	Dendrocoptes medius		SPECIES	Dendrocoptes medius (Linnaeus, 1758)	Dendrocoptes medius		CH	BirdLife Brache	Jura	PRESENT	1	e2e717bf-551a-4917-bdc9-4fa0f342c530	47.371365	6.922126	NA	NA	NA	NA	NA	NA	2024-04-30	30	4	2024	8773033	8773033	HUMAN_OBSERVATION	CLO	EBIRD	OBS2107373981	NA		NA	CC_BY_4_0		obsr2907636	NA	NA	2026-09-02 06:26:01.258		CONTINENT_DERIVED_FROM_COORDINATES;TAXON_CONCEPT_ID_NOT_FOUND	EOD – eBird Observation Dataset	10.15468/aomfnb
186	2.68990688692266e-314	4fa7b334-ce0d-4e88-aaae-2e0c138d049e	URN:catalog:CLO:EBIRD:OBS2100975997	Animalia	Chordata	Aves	Piciformes	Picidae	Dendrocoptes	Dendrocoptes medius		SPECIES	Dendrocoptes medius (Linnaeus, 1758)	Dendrocoptes medius		CH	Port de Boudry	Neuchâtel	PRESENT	1	e2e717bf-551a-4917-bdc9-4fa0f342c530	46.951557	6.870056	NA	NA	NA	NA	NA	NA	2021-12-24	24	12	2021	8773033	8773033	HUMAN_OBSERVATION	CLO	EBIRD	OBS2100975997	NA		NA	CC_BY_4_0		obsr3179011	NA	NA	2026-09-02 06:26:58.589		CONTINENT_DERIVED_FROM_COORDINATES;TAXON_CONCEPT_ID_NOT_FOUND	EOD – eBird Observation Dataset	10.15468/aomfnb
187	2.68882139604294e-314	4fa7b334-ce0d-4e88-aaae-2e0c138d049e	URN:catalog:CLO:EBIRD:OBS2316527501	Animalia	Chordata	Aves	Piciformes	Picidae	Dendrocoptes	Dendrocoptes medius		SPECIES	Dendrocoptes medius (Linnaeus, 1758)	Dendrocoptes medius		CH	10 Verenastrasse, Rüttenen, Solothurn, CH (47.23, 7.532)	Solothurn	PRESENT	NA	e2e717bf-551a-4917-bdc9-4fa0f342c530	47.229645	7.532327	NA	NA	NA	NA	NA	NA	2024-07-14	14	7	2024	8773033	8773033	HUMAN_OBSERVATION	CLO	EBIRD	OBS2316527501	NA		NA	CC_BY_4_0		obsr5578518	NA	NA	2026-09-02 06:29:33.063		COORDINATE_ROUNDED;CONTINENT_DERIVED_FROM_COORDINATES;TAXON_CONCEPT_ID_NOT_FOUND	EOD – eBird Observation Dataset	10.15468/aomfnb
188	2.68703493668248e-314	4fa7b334-ce0d-4e88-aaae-2e0c138d049e	URN:catalog:CLO:EBIRD:OBS1842328265	Animalia	Chordata	Aves	Piciformes	Picidae	Dendrocoptes	Dendrocoptes medius		SPECIES	Dendrocoptes medius (Linnaeus, 1758)	Dendrocoptes medius		CH	Plages et ports d'Hauterive et de Saint-Blaise	Neuchâtel	PRESENT	1	e2e717bf-551a-4917-bdc9-4fa0f342c530	47.010284	6.979591	NA	NA	NA	NA	NA	NA	2023-10-04	4	10	2023	8773033	8773033	HUMAN_OBSERVATION	CLO	EBIRD	OBS1842328265	NA		NA	CC_BY_4_0		obsr288518	NA	NA	2026-09-02 06:31:52.062		COORDINATE_ROUNDED;CONTINENT_DERIVED_FROM_COORDINATES;TAXON_CONCEPT_ID_NOT_FOUND	EOD – eBird Observation Dataset	10.15468/aomfnb
189	2.68689074658813e-314	4fa7b334-ce0d-4e88-aaae-2e0c138d049e	URN:catalog:CLO:EBIRD:OBS2422871726	Animalia	Chordata	Aves	Piciformes	Picidae	Dendrocoptes	Dendrocoptes medius		SPECIES	Dendrocoptes medius (Linnaeus, 1758)	Dendrocoptes medius		CH	Greifensee--Stocklen, Stritgfenn und Suelen	Zürich	PRESENT	1	e2e717bf-551a-4917-bdc9-4fa0f342c530	47.372166	8.657227	NA	NA	NA	NA	NA	NA	2024-08-29	29	8	2024	8773033	8773033	HUMAN_OBSERVATION	CLO	EBIRD	OBS2422871726	NA		NA	CC_BY_4_0		obsr2667350	NA	NA	2026-09-02 06:26:26.887		CONTINENT_DERIVED_FROM_COORDINATES;TAXON_CONCEPT_ID_NOT_FOUND	EOD – eBird Observation Dataset	10.15468/aomfnb
190	2.68527507534606e-314	4fa7b334-ce0d-4e88-aaae-2e0c138d049e	URN:catalog:CLO:EBIRD:OBS2008963129	Animalia	Chordata	Aves	Piciformes	Picidae	Dendrocoptes	Dendrocoptes medius		SPECIES	Dendrocoptes medius (Linnaeus, 1758)	Dendrocoptes medius		CH	"Obstgarten ""Vor dem Berg"", Riehen CH-BS 47.57861, 7.66849"	Basel-Stadt	PRESENT	1	e2e717bf-551a-4917-bdc9-4fa0f342c530	47.578613	7.668489	NA	NA	NA	NA	NA	NA	2024-03-29	29	3	2024	8773033	8773033	HUMAN_OBSERVATION	CLO	EBIRD	OBS2008963129	NA		NA	CC_BY_4_0		obsr2907636	NA	NA	2026-09-02 06:30:00.083		CONTINENT_DERIVED_FROM_COORDINATES;TAXON_CONCEPT_ID_NOT_FOUND	EOD – eBird Observation Dataset	10.15468/aomfnb
191	2.68465226706235e-314	4fa7b334-ce0d-4e88-aaae-2e0c138d049e	URN:catalog:CLO:EBIRD:OBS2444476903	Animalia	Chordata	Aves	Piciformes	Picidae	Dendrocoptes	Dendrocoptes medius		SPECIES	Dendrocoptes medius (Linnaeus, 1758)	Dendrocoptes medius		CH	Signal de Bougy (migration)	Vaud	PRESENT	1	e2e717bf-551a-4917-bdc9-4fa0f342c530	46.490242	6.362466	NA	NA	NA	NA	NA	NA	2024-09-07	7	9	2024	8773033	8773033	HUMAN_OBSERVATION	CLO	EBIRD	OBS2444476903	NA		NA	CC_BY_4_0		obsr919359	NA	NA	2026-09-02 06:30:27.131		CONTINENT_DERIVED_FROM_COORDINATES;TAXON_CONCEPT_ID_NOT_FOUND	EOD – eBird Observation Dataset	10.15468/aomfnb
192	2.68382171306775e-314	4fa7b334-ce0d-4e88-aaae-2e0c138d049e	URN:catalog:CLO:EBIRD:OBS2055652538	Animalia	Chordata	Aves	Piciformes	Picidae	Dendrocoptes	Dendrocoptes medius		SPECIES	Dendrocoptes medius (Linnaeus, 1758)	Dendrocoptes medius		CH	Gempen	Basel-Landschaft	PRESENT	1	e2e717bf-551a-4917-bdc9-4fa0f342c530	47.494656	7.650678	NA	NA	NA	NA	NA	NA	2024-04-14	14	4	2024	8773033	8773033	HUMAN_OBSERVATION	CLO	EBIRD	OBS2055652538	NA		NA	CC_BY_4_0		obsr4298144	NA	NA	2026-09-02 06:31:56.364		CONTINENT_DERIVED_FROM_COORDINATES;TAXON_CONCEPT_ID_NOT_FOUND	EOD – eBird Observation Dataset	10.15468/aomfnb
193	2.68197304886622e-314	4fa7b334-ce0d-4e88-aaae-2e0c138d049e	URN:catalog:CLO:EBIRD:OBS561047653	Animalia	Chordata	Aves	Piciformes	Picidae	Dendrocoptes	Dendrocoptes medius		SPECIES	Dendrocoptes medius (Linnaeus, 1758)	Dendrocoptes medius		CH	Thurauen Naturschutzgebiet	Zürich	PRESENT	1	e2e717bf-551a-4917-bdc9-4fa0f342c530	47.59522	8.606533	NA	NA	NA	NA	NA	NA	2017-12-17	17	12	2017	8773033	8773033	HUMAN_OBSERVATION	CLO	EBIRD	OBS561047653	NA		NA	CC_BY_4_0		obsr918530	NA	NA	2026-09-02 06:26:28.263		CONTINENT_DERIVED_FROM_COORDINATES;TAXON_CONCEPT_ID_NOT_FOUND	EOD – eBird Observation Dataset	10.15468/aomfnb
194	2.68141660842072e-314	4fa7b334-ce0d-4e88-aaae-2e0c138d049e	URN:catalog:CLO:EBIRD:OBS1949119177	Animalia	Chordata	Aves	Piciformes	Picidae	Dendrocoptes	Dendrocoptes medius		SPECIES	Dendrocoptes medius (Linnaeus, 1758)	Dendrocoptes medius		CH	Fanel--Chablais de Cudrefin	Vaud	PRESENT	1	e2e717bf-551a-4917-bdc9-4fa0f342c530	46.97772	7.03699	NA	NA	NA	NA	NA	NA	2024-02-09	9	2	2024	8773033	8773033	HUMAN_OBSERVATION	CLO	EBIRD	OBS1949119177	NA		NA	CC_BY_4_0		obsr2359143	NA	NA	2026-09-02 06:26:16.522		COORDINATE_ROUNDED;CONTINENT_DERIVED_FROM_COORDINATES;TAXON_CONCEPT_ID_NOT_FOUND	EOD – eBird Observation Dataset	10.15468/aomfnb
195	2.6809169840423e-314	4fa7b334-ce0d-4e88-aaae-2e0c138d049e	URN:catalog:CLO:EBIRD:OBS2635405534	Animalia	Chordata	Aves	Piciformes	Picidae	Dendrocoptes	Dendrocoptes medius		SPECIES	Dendrocoptes medius (Linnaeus, 1758)	Dendrocoptes medius		CH	Merishausen / Dorf	Schaffhausen	PRESENT	1	e2e717bf-551a-4917-bdc9-4fa0f342c530	47.76078	8.608514	NA	NA	NA	NA	NA	NA	2019-12-19	19	12	2019	8773033	8773033	HUMAN_OBSERVATION	CLO	EBIRD	OBS2635405534	NA		NA	CC_BY_4_0		obsr1581635	NA	NA	2026-09-02 06:28:56.862		CONTINENT_DERIVED_FROM_COORDINATES;TAXON_CONCEPT_ID_NOT_FOUND	EOD – eBird Observation Dataset	10.15468/aomfnb
196	2.68053128922554e-314	4fa7b334-ce0d-4e88-aaae-2e0c138d049e	URN:catalog:CLO:EBIRD:OBS1941935728	Animalia	Chordata	Aves	Piciformes	Picidae	Dendrocoptes	Dendrocoptes medius		SPECIES	Dendrocoptes medius (Linnaeus, 1758)	Dendrocoptes medius		CH	Erschwil-Büsserach	Solothurn	PRESENT	2	e2e717bf-551a-4917-bdc9-4fa0f342c530	47.375008	7.540766	NA	NA	NA	NA	NA	NA	2024-02-04	4	2	2024	8773033	8773033	HUMAN_OBSERVATION	CLO	EBIRD	OBS1941935728	NA		NA	CC_BY_4_0		obsr3651904	NA	NA	2026-09-02 06:30:39.654		CONTINENT_DERIVED_FROM_COORDINATES;TAXON_CONCEPT_ID_NOT_FOUND	EOD – eBird Observation Dataset	10.15468/aomfnb
197	2.67598158740675e-314	4fa7b334-ce0d-4e88-aaae-2e0c138d049e	URN:catalog:CLO:EBIRD:OBS2728478449	Animalia	Chordata	Aves	Piciformes	Picidae	Dendrocoptes	Dendrocoptes medius		SPECIES	Dendrocoptes medius (Linnaeus, 1758)	Dendrocoptes medius		CH	Home	Aargau	PRESENT	1	e2e717bf-551a-4917-bdc9-4fa0f342c530	47.46978	8.343136	NA	NA	NA	NA	NA	NA	2024-12-27	27	12	2024	8773033	8773033	HUMAN_OBSERVATION	CLO	EBIRD	OBS2728478449	NA		NA	CC_BY_4_0		obsr3973194	NA	NA	2026-09-02 06:32:54.027		CONTINENT_DERIVED_FROM_COORDINATES;TAXON_CONCEPT_ID_NOT_FOUND	EOD – eBird Observation Dataset	10.15468/aomfnb
198	2.67412396233659e-314	4fa7b334-ce0d-4e88-aaae-2e0c138d049e	URN:catalog:CLO:EBIRD:OBS3075709129	Animalia	Chordata	Aves	Piciformes	Picidae	Dendrocoptes	Dendrocoptes medius		SPECIES	Dendrocoptes medius (Linnaeus, 1758)	Dendrocoptes medius		CH	Mittens	Basel-Landschaft	PRESENT	1	e2e717bf-551a-4917-bdc9-4fa0f342c530	47.52038	7.639731	NA	NA	NA	NA	NA	NA	2002-03-23	23	3	2002	8773033	8773033	HUMAN_OBSERVATION	CLO	EBIRD	OBS3075709129	NA		NA	CC_BY_4_0		obsr850826	NA	NA	2026-09-02 06:32:55.575		COORDINATE_ROUNDED;CONTINENT_DERIVED_FROM_COORDINATES;TAXON_CONCEPT_ID_NOT_FOUND	EOD – eBird Observation Dataset	10.15468/aomfnb
199	2.67407479588791e-314	4fa7b334-ce0d-4e88-aaae-2e0c138d049e	URN:catalog:CLO:EBIRD:OBS2536312835	Animalia	Chordata	Aves	Piciformes	Picidae	Dendrocoptes	Dendrocoptes medius		SPECIES	Dendrocoptes medius (Linnaeus, 1758)	Dendrocoptes medius		CH	Im Römergarten, 4106 Therwil	Basel-Landschaft	PRESENT	1	e2e717bf-551a-4917-bdc9-4fa0f342c530	47.502663	7.551196	NA	NA	NA	NA	NA	NA	2024-08-31	31	8	2024	8773033	8773033	HUMAN_OBSERVATION	CLO	EBIRD	OBS2536312835	NA		NA	CC_BY_4_0		obsr1590927	NA	NA	2026-09-02 06:32:59.421		CONTINENT_DERIVED_FROM_COORDINATES;TAXON_CONCEPT_ID_NOT_FOUND	EOD – eBird Observation Dataset	10.15468/aomfnb
200	2.67300887247809e-314	4fa7b334-ce0d-4e88-aaae-2e0c138d049e	URN:catalog:CLO:EBIRD:OBS2390756899	Animalia	Chordata	Aves	Piciformes	Picidae	Dendrocoptes	Dendrocoptes medius		SPECIES	Dendrocoptes medius (Linnaeus, 1758)	Dendrocoptes medius		CH	3 Am Weiher, Binningen, Basel-Landschaft, CH (47.544, 7.555)ì	Basel-Landschaft	PRESENT	1	e2e717bf-551a-4917-bdc9-4fa0f342c530	47.54408	7.555484	NA	NA	NA	NA	NA	NA	2024-08-16	16	8	2024	8773033	8773033	HUMAN_OBSERVATION	CLO	EBIRD	OBS2390756899	NA		NA	CC_BY_4_0		obsr1569452	NA	NA	2026-09-02 06:28:48.241		COORDINATE_ROUNDED;CONTINENT_DERIVED_FROM_COORDINATES;TAXON_CONCEPT_ID_NOT_FOUND	EOD – eBird Observation Dataset	10.15468/aomfnb
201	2.67243121883003e-314	4fa7b334-ce0d-4e88-aaae-2e0c138d049e	URN:catalog:CLO:EBIRD:OBS2475111328	Animalia	Chordata	Aves	Piciformes	Picidae	Dendrocoptes	Dendrocoptes medius		SPECIES	Dendrocoptes medius (Linnaeus, 1758)	Dendrocoptes medius		CH	Mädlestenweiher, Henggart	Zürich	PRESENT	1	e2e717bf-551a-4917-bdc9-4fa0f342c530	47.55395	8.689681	NA	NA	NA	NA	NA	NA	2024-09-20	20	9	2024	8773033	8773033	HUMAN_OBSERVATION	CLO	EBIRD	OBS2475111328	NA		NA	CC_BY_4_0		obsr3274226	NA	NA	2026-09-02 06:27:30.201		CONTINENT_DERIVED_FROM_COORDINATES;TAXON_CONCEPT_ID_NOT_FOUND	EOD – eBird Observation Dataset	10.15468/aomfnb
202	2.67162360973809e-314	4fa7b334-ce0d-4e88-aaae-2e0c138d049e	URN:catalog:CLO:EBIRD:OBS2233481122	Animalia	Chordata	Aves	Piciformes	Picidae	Dendrocoptes	Dendrocoptes medius		SPECIES	Dendrocoptes medius (Linnaeus, 1758)	Dendrocoptes medius		CH	Sonnenberg General Area	Aargau	PRESENT	1	e2e717bf-551a-4917-bdc9-4fa0f342c530	47.537014	7.827921	NA	NA	NA	NA	NA	NA	2024-06-08	8	6	2024	8773033	8773033	HUMAN_OBSERVATION	CLO	EBIRD	OBS2233481122	NA		NA	CC_BY_4_0		obsr407714	NA	NA	2026-09-02 06:29:18.926		CONTINENT_DERIVED_FROM_COORDINATES;TAXON_CONCEPT_ID_NOT_FOUND	EOD – eBird Observation Dataset	10.15468/aomfnb
203	2.67109427669832e-314	4fa7b334-ce0d-4e88-aaae-2e0c138d049e	URN:catalog:CLO:EBIRD:OBS2271144231	Animalia	Chordata	Aves	Piciformes	Picidae	Dendrocoptes	Dendrocoptes medius		SPECIES	Dendrocoptes medius (Linnaeus, 1758)	Dendrocoptes medius		CH	75 Nägelseestrasse, Schaffhausen, Schaffhausen, CH (47.695, 8.665)	Schaffhausen	PRESENT	1	e2e717bf-551a-4917-bdc9-4fa0f342c530	47.694824	8.66474	NA	NA	NA	NA	NA	NA	2024-06-25	25	6	2024	8773033	8773033	HUMAN_OBSERVATION	CLO	EBIRD	OBS2271144231	NA		NA	CC_BY_4_0		obsr2004992	NA	NA	2026-09-02 06:25:26.873		CONTINENT_DERIVED_FROM_COORDINATES;TAXON_CONCEPT_ID_NOT_FOUND	EOD – eBird Observation Dataset	10.15468/aomfnb
204	2.67096225346456e-314	4fa7b334-ce0d-4e88-aaae-2e0c138d049e	URN:catalog:CLO:EBIRD:OBS1966444707	Animalia	Chordata	Aves	Piciformes	Picidae	Dendrocoptes	Dendrocoptes medius		SPECIES	Dendrocoptes medius (Linnaeus, 1758)	Dendrocoptes medius		CH	Warthof, Kaisten CH-Aargau 47.54498, 8.01444	Aargau	PRESENT	1	e2e717bf-551a-4917-bdc9-4fa0f342c530	47.54498	8.014442	NA	NA	NA	NA	NA	NA	2024-02-29	29	2	2024	8773033	8773033	HUMAN_OBSERVATION	CLO	EBIRD	OBS1966444707	NA		NA	CC_BY_4_0		obsr407714	NA	NA	2026-09-02 06:29:23.071		CONTINENT_DERIVED_FROM_COORDINATES;TAXON_CONCEPT_ID_NOT_FOUND	EOD – eBird Observation Dataset	10.15468/aomfnb
205	2.66894156696865e-314	4fa7b334-ce0d-4e88-aaae-2e0c138d049e	URN:catalog:CLO:EBIRD:OBS2936516893	Animalia	Chordata	Aves	Piciformes	Picidae	Dendrocoptes	Dendrocoptes medius		SPECIES	Dendrocoptes medius (Linnaeus, 1758)	Dendrocoptes medius		CH	Dietikon--Limmat	Zürich	PRESENT	2	e2e717bf-551a-4917-bdc9-4fa0f342c530	47.421032	8.402642	NA	NA	NA	NA	NA	NA	2023-03-16	16	3	2023	8773033	8773033	HUMAN_OBSERVATION	CLO	EBIRD	OBS2936516893	NA		NA	CC_BY_4_0		obsr1322946	NA	NA	2026-09-02 06:29:38.64		CONTINENT_DERIVED_FROM_COORDINATES;TAXON_CONCEPT_ID_NOT_FOUND	EOD – eBird Observation Dataset	10.15468/aomfnb
206	2.66733971721302e-314	4fa7b334-ce0d-4e88-aaae-2e0c138d049e	URN:catalog:CLO:EBIRD:OBS1986739547	Animalia	Chordata	Aves	Piciformes	Picidae	Dendrocoptes	Dendrocoptes medius		SPECIES	Dendrocoptes medius (Linnaeus, 1758)	Dendrocoptes medius		CH	Wald am Mittelberg, Riehen CH-BS 47.57953, 7.67072	Basel-Stadt	PRESENT	1	e2e717bf-551a-4917-bdc9-4fa0f342c530	47.579525	7.670723	NA	NA	NA	NA	NA	NA	2024-03-20	20	3	2024	8773033	8773033	HUMAN_OBSERVATION	CLO	EBIRD	OBS1986739547	NA		NA	CC_BY_4_0		obsr2907636	NA	NA	2026-09-02 06:30:21.705		CONTINENT_DERIVED_FROM_COORDINATES;TAXON_CONCEPT_ID_NOT_FOUND	EOD – eBird Observation Dataset	10.15468/aomfnb
207	2.66690274332288e-314	4fa7b334-ce0d-4e88-aaae-2e0c138d049e	URN:catalog:CLO:EBIRD:OBS2566500374	Animalia	Chordata	Aves	Piciformes	Picidae	Dendrocoptes	Dendrocoptes medius		SPECIES	Dendrocoptes medius (Linnaeus, 1758)	Dendrocoptes medius		CH	14 Hofackerstrasse, Lohn-Ammannsegg, Solothurn, CH (47.166, 7.524)	Solothurn	PRESENT	NA	e2e717bf-551a-4917-bdc9-4fa0f342c530	47.16609	7.524013	NA	NA	NA	NA	NA	NA	2024-10-27	27	10	2024	8773033	8773033	HUMAN_OBSERVATION	CLO	EBIRD	OBS2566500374	NA		NA	CC_BY_4_0		obsr5521915	NA	NA	2026-09-02 06:30:04.617		COORDINATE_ROUNDED;CONTINENT_DERIVED_FROM_COORDINATES;TAXON_CONCEPT_ID_NOT_FOUND	EOD – eBird Observation Dataset	10.15468/aomfnb
208	2.66558957711225e-314	4fa7b334-ce0d-4e88-aaae-2e0c138d049e	URN:catalog:CLO:EBIRD:OBS2497858709	Animalia	Chordata	Aves	Piciformes	Picidae	Dendrocoptes	Dendrocoptes medius		SPECIES	Dendrocoptes medius (Linnaeus, 1758)	Dendrocoptes medius		CH	13-11 Felliweg, Lüterkofen-Ichertswil, Solothurn, CH (47.156, 7.508)	Solothurn	PRESENT	NA	e2e717bf-551a-4917-bdc9-4fa0f342c530	47.155582	7.507639	NA	NA	NA	NA	NA	NA	2024-09-29	29	9	2024	8773033	8773033	HUMAN_OBSERVATION	CLO	EBIRD	OBS2497858709	NA		NA	CC_BY_4_0		obsr5521915	NA	NA	2026-09-02 06:28:37.047		COORDINATE_ROUNDED;CONTINENT_DERIVED_FROM_COORDINATES;TAXON_CONCEPT_ID_NOT_FOUND	EOD – eBird Observation Dataset	10.15468/aomfnb
209	2.66102092589967e-314	4fa7b334-ce0d-4e88-aaae-2e0c138d049e	URN:catalog:CLO:EBIRD:OBS2255212112	Animalia	Chordata	Aves	Piciformes	Picidae	Dendrocoptes	Dendrocoptes medius		SPECIES	Dendrocoptes medius (Linnaeus, 1758)	Dendrocoptes medius		CH	Obere Tannwaldstrasse, Feuerthalen CH-ZH (47.6855,8.6481)	Zürich	PRESENT	1	e2e717bf-551a-4917-bdc9-4fa0f342c530	47.685486	8.648087	NA	NA	NA	NA	NA	NA	2024-06-19	19	6	2024	8773033	8773033	HUMAN_OBSERVATION	CLO	EBIRD	OBS2255212112	NA		NA	CC_BY_4_0		obsr5822158	NA	NA	2026-09-02 06:31:37.236		CONTINENT_DERIVED_FROM_COORDINATES;TAXON_CONCEPT_ID_NOT_FOUND	EOD – eBird Observation Dataset	10.15468/aomfnb
210	2.65958217758911e-314	4fa7b334-ce0d-4e88-aaae-2e0c138d049e	URN:catalog:CLO:EBIRD:OBS2056286112	Animalia	Chordata	Aves	Piciformes	Picidae	Dendrocoptes	Dendrocoptes medius		SPECIES	Dendrocoptes medius (Linnaeus, 1758)	Dendrocoptes medius		CH	Nuglar	Solothurn	PRESENT	1	e2e717bf-551a-4917-bdc9-4fa0f342c530	47.4773	7.695365	NA	NA	NA	NA	NA	NA	2024-04-14	14	4	2024	8773033	8773033	HUMAN_OBSERVATION	CLO	EBIRD	OBS2056286112	NA		NA	CC_BY_4_0		obsr1569452	NA	NA	2026-09-02 06:25:41.676		CONTINENT_DERIVED_FROM_COORDINATES;TAXON_CONCEPT_ID_NOT_FOUND	EOD – eBird Observation Dataset	10.15468/aomfnb
211	2.6576909580313e-314	4fa7b334-ce0d-4e88-aaae-2e0c138d049e	URN:catalog:CLO:EBIRD:OBS3331138132	Animalia	Chordata	Aves	Piciformes	Picidae	Dendrocoptes	Dendrocoptes medius		SPECIES	Dendrocoptes medius (Linnaeus, 1758)	Dendrocoptes medius		CH	Magden [626/264] / Magden	Aargau	PRESENT	2	e2e717bf-551a-4917-bdc9-4fa0f342c530	47.530697	7.790538	NA	NA	NA	NA	NA	NA	2010-03-14	14	3	2010	8773033	8773033	HUMAN_OBSERVATION	CLO	EBIRD	OBS3331138132	NA		NA	CC_BY_4_0		obsr2843627	NA	NA	2026-09-02 06:30:19.801		COORDINATE_ROUNDED;CONTINENT_DERIVED_FROM_COORDINATES;TAXON_CONCEPT_ID_NOT_FOUND	EOD – eBird Observation Dataset	10.15468/aomfnb
212	2.65688098038865e-314	4fa7b334-ce0d-4e88-aaae-2e0c138d049e	URN:catalog:CLO:EBIRD:OBS2295531659	Animalia	Chordata	Aves	Piciformes	Picidae	Dendrocoptes	Dendrocoptes medius		SPECIES	Dendrocoptes medius (Linnaeus, 1758)	Dendrocoptes medius		CH	Lättenmöslistrasse, Oberengstringen CH-ZH 47.41830, 8.47109	Zürich	PRESENT	1	e2e717bf-551a-4917-bdc9-4fa0f342c530	47.418297	8.471094	NA	NA	NA	NA	NA	NA	2024-07-05	5	7	2024	8773033	8773033	HUMAN_OBSERVATION	CLO	EBIRD	OBS2295531659	NA		NA	CC_BY_4_0		obsr5279331	NA	NA	2026-09-02 06:25:53.385		CONTINENT_DERIVED_FROM_COORDINATES;TAXON_CONCEPT_ID_NOT_FOUND	EOD – eBird Observation Dataset	10.15468/aomfnb
213	2.65489871935428e-314	4fa7b334-ce0d-4e88-aaae-2e0c138d049e	URN:catalog:CLO:EBIRD:OBS1950241938	Animalia	Chordata	Aves	Piciformes	Picidae	Dendrocoptes	Dendrocoptes medius		SPECIES	Dendrocoptes medius (Linnaeus, 1758)	Dendrocoptes medius		CH	100 Heuelstrasse, Rümlang, Zürich, CH (47.449, 8.512)	Zürich	PRESENT	1	e2e717bf-551a-4917-bdc9-4fa0f342c530	47.448658	8.511824	NA	NA	NA	NA	NA	NA	2024-02-13	13	2	2024	8773033	8773033	HUMAN_OBSERVATION	CLO	EBIRD	OBS1950241938	NA		NA	CC_BY_4_0		obsr2667350	NA	NA	2026-09-02 06:27:16.889		CONTINENT_DERIVED_FROM_COORDINATES;TAXON_CONCEPT_ID_NOT_FOUND	EOD – eBird Observation Dataset	10.15468/aomfnb
214	2.65465933812602e-314	4fa7b334-ce0d-4e88-aaae-2e0c138d049e	URN:catalog:CLO:EBIRD:OBS2444704694	Animalia	Chordata	Aves	Piciformes	Picidae	Dendrocoptes	Dendrocoptes medius		SPECIES	Dendrocoptes medius (Linnaeus, 1758)	Dendrocoptes medius		CH	Klingnauer Stausee--Machme	Aargau	PRESENT	1	e2e717bf-551a-4917-bdc9-4fa0f342c530	47.590363	8.235808	NA	NA	NA	NA	NA	NA	2024-09-07	7	9	2024	8773033	8773033	HUMAN_OBSERVATION	CLO	EBIRD	OBS2444704694	NA		NA	CC_BY_4_0		obsr6235050	NA	NA	2026-09-02 06:30:18.351		CONTINENT_DERIVED_FROM_COORDINATES;TAXON_CONCEPT_ID_NOT_FOUND	EOD – eBird Observation Dataset	10.15468/aomfnb
215	2.65451767863591e-314	4fa7b334-ce0d-4e88-aaae-2e0c138d049e	URN:catalog:CLO:EBIRD:OBS2194393861	Animalia	Chordata	Aves	Piciformes	Picidae	Dendrocoptes	Dendrocoptes medius		SPECIES	Dendrocoptes medius (Linnaeus, 1758)	Dendrocoptes medius		CH	Forêt de Suchy	Vaud	PRESENT	4	e2e717bf-551a-4917-bdc9-4fa0f342c530	46.709732	6.614877	NA	NA	NA	NA	NA	NA	2024-05-26	26	5	2024	8773033	8773033	HUMAN_OBSERVATION	CLO	EBIRD	OBS2194393861	NA		NA	CC_BY_4_0		obsr919359	NA	NA	2026-09-02 06:27:29.241		CONTINENT_DERIVED_FROM_COORDINATES;TAXON_CONCEPT_ID_NOT_FOUND	EOD – eBird Observation Dataset	10.15468/aomfnb
216	2.6539119917031e-314	4fa7b334-ce0d-4e88-aaae-2e0c138d049e	URN:catalog:CLO:EBIRD:OBS2587203584	Animalia	Chordata	Aves	Piciformes	Picidae	Dendrocoptes	Dendrocoptes medius		SPECIES	Dendrocoptes medius (Linnaeus, 1758)	Dendrocoptes medius		CH	Dählhölzli	Bern	PRESENT	1	e2e717bf-551a-4917-bdc9-4fa0f342c530	46.936844	7.455071	NA	NA	NA	NA	NA	NA	2024-11-04	4	11	2024	8773033	8773033	HUMAN_OBSERVATION	CLO	EBIRD	OBS2587203584	NA		NA	CC_BY_4_0		obsr323823	NA	NA	2026-09-02 06:29:33.569		CONTINENT_DERIVED_FROM_COORDINATES;TAXON_CONCEPT_ID_NOT_FOUND	EOD – eBird Observation Dataset	10.15468/aomfnb
217	2.65381011586099e-314	4fa7b334-ce0d-4e88-aaae-2e0c138d049e	URN:catalog:CLO:EBIRD:OBS2209327950	Animalia	Chordata	Aves	Piciformes	Picidae	Dendrocoptes	Dendrocoptes medius		SPECIES	Dendrocoptes medius (Linnaeus, 1758)	Dendrocoptes medius		CH	Chemin des Carabiniers 18, Bienne CH-BE 47.15706, 7.26992	Bern	PRESENT	2	e2e717bf-551a-4917-bdc9-4fa0f342c530	47.15706	7.269919	NA	NA	NA	NA	NA	NA	2024-06-01	1	6	2024	8773033	8773033	HUMAN_OBSERVATION	CLO	EBIRD	OBS2209327950	NA		NA	CC_BY_4_0		obsr3047546	NA	NA	2026-09-02 06:26:39.381		CONTINENT_DERIVED_FROM_COORDINATES;TAXON_CONCEPT_ID_NOT_FOUND	EOD – eBird Observation Dataset	10.15468/aomfnb
218	2.65352572574646e-314	4fa7b334-ce0d-4e88-aaae-2e0c138d049e	URN:catalog:CLO:EBIRD:OBS1963873474	Animalia	Chordata	Aves	Piciformes	Picidae	Dendrocoptes	Dendrocoptes medius		SPECIES	Dendrocoptes medius (Linnaeus, 1758)	Dendrocoptes medius		CH	Chemin des Recas 2, Vionnaz CH-VS 46.31094, 6.89762	Wallis	PRESENT	1	e2e717bf-551a-4917-bdc9-4fa0f342c530	46.310944	6.897623	NA	NA	NA	NA	NA	NA	2024-02-23	23	2	2024	8773033	8773033	HUMAN_OBSERVATION	CLO	EBIRD	OBS1963873474	NA		NA	CC_BY_4_0		obsr2556702	NA	NA	2026-09-02 06:25:51.16		CONTINENT_DERIVED_FROM_COORDINATES;TAXON_CONCEPT_ID_NOT_FOUND	EOD – eBird Observation Dataset	10.15468/aomfnb
219	2.65270049975579e-314	4fa7b334-ce0d-4e88-aaae-2e0c138d049e	URN:catalog:CLO:EBIRD:OBS1936599921	Animalia	Chordata	Aves	Piciformes	Picidae	Dendrocoptes	Dendrocoptes medius		SPECIES	Dendrocoptes medius (Linnaeus, 1758)	Dendrocoptes medius		CH	Elfingen—Heingart	Aargau	PRESENT	1	e2e717bf-551a-4917-bdc9-4fa0f342c530	47.507874	8.105069	NA	NA	NA	NA	NA	NA	2024-01-26	26	1	2024	8773033	8773033	HUMAN_OBSERVATION	CLO	EBIRD	OBS1936599921	NA		NA	CC_BY_4_0		obsr339900	NA	NA	2026-09-02 06:26:09.709		CONTINENT_DERIVED_FROM_COORDINATES;TAXON_CONCEPT_ID_NOT_FOUND	EOD – eBird Observation Dataset	10.15468/aomfnb
220	2.65111004265988e-314	4fa7b334-ce0d-4e88-aaae-2e0c138d049e	URN:catalog:CLO:EBIRD:OBS1922594326	Animalia	Chordata	Aves	Piciformes	Picidae	Dendrocoptes	Dendrocoptes medius		SPECIES	Dendrocoptes medius (Linnaeus, 1758)	Dendrocoptes medius		CH	Sempach Steinibüelweiher	Luzern	PRESENT	1	e2e717bf-551a-4917-bdc9-4fa0f342c530	47.13798	8.20957	NA	NA	NA	NA	NA	NA	2024-01-11	11	1	2024	8773033	8773033	HUMAN_OBSERVATION	CLO	EBIRD	OBS1922594326	NA		NA	CC_BY_4_0		obsr200280	NA	NA	2026-09-02 06:27:58.09		CONTINENT_DERIVED_FROM_COORDINATES;TAXON_CONCEPT_ID_NOT_FOUND	EOD – eBird Observation Dataset	10.15468/aomfnb
221	2.65107787355161e-314	4fa7b334-ce0d-4e88-aaae-2e0c138d049e	URN:catalog:CLO:EBIRD:OBS2494642844	Animalia	Chordata	Aves	Piciformes	Picidae	Dendrocoptes	Dendrocoptes medius		SPECIES	Dendrocoptes medius (Linnaeus, 1758)	Dendrocoptes medius		CH	Mattenbach	Zürich	PRESENT	1	e2e717bf-551a-4917-bdc9-4fa0f342c530	47.491207	8.737606	NA	NA	NA	NA	NA	NA	2024-09-28	28	9	2024	8773033	8773033	HUMAN_OBSERVATION	CLO	EBIRD	OBS2494642844	NA		NA	CC_BY_4_0		obsr2408553	NA	NA	2026-09-02 06:30:41.796		CONTINENT_DERIVED_FROM_COORDINATES;TAXON_CONCEPT_ID_NOT_FOUND	EOD – eBird Observation Dataset	10.15468/aomfnb
222	2.65096574979988e-314	4fa7b334-ce0d-4e88-aaae-2e0c138d049e	URN:catalog:CLO:EBIRD:OBS2538098547	Animalia	Chordata	Aves	Piciformes	Picidae	Dendrocoptes	Dendrocoptes medius		SPECIES	Dendrocoptes medius (Linnaeus, 1758)	Dendrocoptes medius		CH	Olsbergerstrasse, Rheinfelden CH-AG 47.54202, 7.79010	Aargau	PRESENT	2	e2e717bf-551a-4917-bdc9-4fa0f342c530	47.54202	7.790104	NA	NA	NA	NA	NA	NA	2024-10-14	14	10	2024	8773033	8773033	HUMAN_OBSERVATION	CLO	EBIRD	OBS2538098547	NA		NA	CC_BY_4_0		obsr176548	NA	NA	2026-09-02 06:25:58.205		CONTINENT_DERIVED_FROM_COORDINATES;TAXON_CONCEPT_ID_NOT_FOUND	EOD – eBird Observation Dataset	10.15468/aomfnb
223	2.65088782181369e-314	4fa7b334-ce0d-4e88-aaae-2e0c138d049e	URN:catalog:CLO:EBIRD:OBS2206042988	Animalia	Chordata	Aves	Piciformes	Picidae	Dendrocoptes	Dendrocoptes medius		SPECIES	Dendrocoptes medius (Linnaeus, 1758)	Dendrocoptes medius		CH	Founex	Vaud	PRESENT	1	e2e717bf-551a-4917-bdc9-4fa0f342c530	46.331047	6.192083	NA	NA	NA	NA	NA	NA	2024-05-31	31	5	2024	8773033	8773033	HUMAN_OBSERVATION	CLO	EBIRD	OBS2206042988	NA		NA	CC_BY_4_0		obsr211904	NA	NA	2026-09-02 06:31:22.844		COORDINATE_ROUNDED;CONTINENT_DERIVED_FROM_COORDINATES;TAXON_CONCEPT_ID_NOT_FOUND	EOD – eBird Observation Dataset	10.15468/aomfnb
224	2.64960614487699e-314	4fa7b334-ce0d-4e88-aaae-2e0c138d049e	URN:catalog:CLO:EBIRD:OBS2035412432	Animalia	Chordata	Aves	Piciformes	Picidae	Dendrocoptes	Dendrocoptes medius		SPECIES	Dendrocoptes medius (Linnaeus, 1758)	Dendrocoptes medius		CH	Fanel--Inseln und Lagunen	Bern	PRESENT	1	e2e717bf-551a-4917-bdc9-4fa0f342c530	46.98122	7.041002	NA	NA	NA	NA	NA	NA	2020-05-15	15	5	2020	8773033	8773033	HUMAN_OBSERVATION	CLO	EBIRD	OBS2035412432	NA		NA	CC_BY_4_0		obsr3324135	NA	NA	2026-09-02 06:25:30.799		COORDINATE_ROUNDED;CONTINENT_DERIVED_FROM_COORDINATES;TAXON_CONCEPT_ID_NOT_FOUND	EOD – eBird Observation Dataset	10.15468/aomfnb
225	2.64916939628079e-314	4fa7b334-ce0d-4e88-aaae-2e0c138d049e	URN:catalog:CLO:EBIRD:OBS1955977857	Animalia	Chordata	Aves	Piciformes	Picidae	Dendrocoptes	Dendrocoptes medius		SPECIES	Dendrocoptes medius (Linnaeus, 1758)	Dendrocoptes medius		CH	Les Piauliauses	Vaud	PRESENT	1	e2e717bf-551a-4917-bdc9-4fa0f342c530	46.668446	6.479167	NA	NA	NA	NA	NA	NA	2024-02-18	18	2	2024	8773033	8773033	HUMAN_OBSERVATION	CLO	EBIRD	OBS1955977857	NA		NA	CC_BY_4_0		obsr830098	NA	NA	2026-09-02 06:28:52.8		CONTINENT_DERIVED_FROM_COORDINATES;TAXON_CONCEPT_ID_NOT_FOUND	EOD – eBird Observation Dataset	10.15468/aomfnb
226	2.64672553020758e-314	4fa7b334-ce0d-4e88-aaae-2e0c138d049e	URN:catalog:CLO:EBIRD:OBS1977323257	Animalia	Chordata	Aves	Piciformes	Picidae	Dendrocoptes	Dendrocoptes medius		SPECIES	Dendrocoptes medius (Linnaeus, 1758)	Dendrocoptes medius		CH	Dornach, Solothurn, CH	Solothurn	PRESENT	1	e2e717bf-551a-4917-bdc9-4fa0f342c530	47.47694	7.61523	NA	NA	NA	NA	NA	NA	2024-03-11	11	3	2024	8773033	8773033	HUMAN_OBSERVATION	CLO	EBIRD	OBS1977323257	NA		NA	CC_BY_4_0		obsr1136389	NA	NA	2026-09-02 06:27:51.843		CONTINENT_DERIVED_FROM_COORDINATES;TAXON_CONCEPT_ID_NOT_FOUND	EOD – eBird Observation Dataset	10.15468/aomfnb
227	2.64114564815812e-314	4fa7b334-ce0d-4e88-aaae-2e0c138d049e	URN:catalog:CLO:EBIRD:OBS2153826197	Animalia	Chordata	Aves	Piciformes	Picidae	Dendrocoptes	Dendrocoptes medius		SPECIES	Dendrocoptes medius (Linnaeus, 1758)	Dendrocoptes medius		CH	Neuhausen am Rheinfall--Galgenbuck	Schaffhausen	PRESENT	1	e2e717bf-551a-4917-bdc9-4fa0f342c530	47.688957	8.613876	NA	NA	NA	NA	NA	NA	2024-04-07	7	4	2024	8773033	8773033	HUMAN_OBSERVATION	CLO	EBIRD	OBS2153826197	NA		NA	CC_BY_4_0		obsr237944	NA	NA	2026-09-02 06:31:19.17		CONTINENT_DERIVED_FROM_COORDINATES;TAXON_CONCEPT_ID_NOT_FOUND	EOD – eBird Observation Dataset	10.15468/aomfnb
228	2.64101112890472e-314	4fa7b334-ce0d-4e88-aaae-2e0c138d049e	URN:catalog:CLO:EBIRD:OBS1975279437	Animalia	Chordata	Aves	Piciformes	Picidae	Dendrocoptes	Dendrocoptes medius		SPECIES	Dendrocoptes medius (Linnaeus, 1758)	Dendrocoptes medius		CH	Forêts et plaines de plantachoux	Vaud	PRESENT	2	e2e717bf-551a-4917-bdc9-4fa0f342c530	46.37406	6.215169	NA	NA	NA	NA	NA	NA	2024-03-09	9	3	2024	8773033	8773033	HUMAN_OBSERVATION	CLO	EBIRD	OBS1975279437	NA		NA	CC_BY_4_0		obsr1432050	NA	NA	2026-09-02 06:30:00.466		CONTINENT_DERIVED_FROM_COORDINATES;TAXON_CONCEPT_ID_NOT_FOUND	EOD – eBird Observation Dataset	10.15468/aomfnb
229	2.64037740177025e-314	4fa7b334-ce0d-4e88-aaae-2e0c138d049e	URN:catalog:CLO:EBIRD:OBS2063290710	Animalia	Chordata	Aves	Piciformes	Picidae	Dendrocoptes	Dendrocoptes medius		SPECIES	Dendrocoptes medius (Linnaeus, 1758)	Dendrocoptes medius		CH	Steinbruch Löör	Schaffhausen	PRESENT	1	e2e717bf-551a-4917-bdc9-4fa0f342c530	47.75735	8.680978	NA	NA	NA	NA	NA	NA	2024-04-16	16	4	2024	8773033	8773033	HUMAN_OBSERVATION	CLO	EBIRD	OBS2063290710	NA		NA	CC_BY_4_0		obsr2004992	NA	NA	2026-09-02 06:29:47.523		CONTINENT_DERIVED_FROM_COORDINATES;TAXON_CONCEPT_ID_NOT_FOUND	EOD – eBird Observation Dataset	10.15468/aomfnb
230	2.64016992186667e-314	4fa7b334-ce0d-4e88-aaae-2e0c138d049e	URN:catalog:CLO:EBIRD:OBS2549981133	Animalia	Chordata	Aves	Piciformes	Picidae	Dendrocoptes	Dendrocoptes medius		SPECIES	Dendrocoptes medius (Linnaeus, 1758)	Dendrocoptes medius		CH	Sevogelstrasse 83, Basel CH-Basle 47.54897, 7.60190	Basel-Stadt	PRESENT	1	e2e717bf-551a-4917-bdc9-4fa0f342c530	47.548973	7.601904	NA	NA	NA	NA	NA	NA	2024-10-19	19	10	2024	8773033	8773033	HUMAN_OBSERVATION	CLO	EBIRD	OBS2549981133	NA		NA	CC_BY_4_0		obsr114260	NA	NA	2026-09-02 06:28:49.965		CONTINENT_DERIVED_FROM_COORDINATES;TAXON_CONCEPT_ID_NOT_FOUND	EOD – eBird Observation Dataset	10.15468/aomfnb
231	2.63852799251771e-314	4fa7b334-ce0d-4e88-aaae-2e0c138d049e	URN:catalog:CLO:EBIRD:OBS2600373504	Animalia	Chordata	Aves	Piciformes	Picidae	Dendrocoptes	Dendrocoptes medius		SPECIES	Dendrocoptes medius (Linnaeus, 1758)	Dendrocoptes medius		CH	Hallau, Wunderklingerstrasse	Schaffhausen	PRESENT	1	e2e717bf-551a-4917-bdc9-4fa0f342c530	47.69169	8.428062	NA	NA	NA	NA	NA	NA	2024-11-09	9	11	2024	8773033	8773033	HUMAN_OBSERVATION	CLO	EBIRD	OBS2600373504	NA		NA	CC_BY_4_0		obsr457108	NA	NA	2026-09-02 06:26:19.598		COORDINATE_ROUNDED;CONTINENT_DERIVED_FROM_COORDINATES;TAXON_CONCEPT_ID_NOT_FOUND	EOD – eBird Observation Dataset	10.15468/aomfnb
232	2.63777605227242e-314	4fa7b334-ce0d-4e88-aaae-2e0c138d049e	URN:catalog:CLO:EBIRD:OBS2262638181	Animalia	Chordata	Aves	Piciformes	Picidae	Dendrocoptes	Dendrocoptes medius		SPECIES	Dendrocoptes medius (Linnaeus, 1758)	Dendrocoptes medius		CH	Champagne Genevoise--Les Allues	Genève	PRESENT	1	e2e717bf-551a-4917-bdc9-4fa0f342c530	46.158653	6.019919	NA	NA	NA	NA	NA	NA	2024-06-22	22	6	2024	8773033	8773033	HUMAN_OBSERVATION	CLO	EBIRD	OBS2262638181	NA		NA	CC_BY_4_0		obsr4737995	NA	NA	2026-09-02 06:29:14.851		COORDINATE_ROUNDED;CONTINENT_DERIVED_FROM_COORDINATES;TAXON_CONCEPT_ID_NOT_FOUND	EOD – eBird Observation Dataset	10.15468/aomfnb
233	2.6370377101959e-314	4fa7b334-ce0d-4e88-aaae-2e0c138d049e	URN:catalog:CLO:EBIRD:OBS2409880558	Animalia	Chordata	Aves	Piciformes	Picidae	Dendrocoptes	Dendrocoptes medius		SPECIES	Dendrocoptes medius (Linnaeus, 1758)	Dendrocoptes medius		CH	Rheinfelden--Gwild und Wasserkraftwerk	Aargau	PRESENT	1	e2e717bf-551a-4917-bdc9-4fa0f342c530	47.568863	7.809749	NA	NA	NA	NA	NA	NA	2024-08-24	24	8	2024	8773033	8773033	HUMAN_OBSERVATION	CLO	EBIRD	OBS2409880558	NA		NA	CC_BY_4_0		obsr407714	NA	NA	2026-09-02 06:25:58.18		COORDINATE_ROUNDED;CONTINENT_DERIVED_FROM_COORDINATES;TAXON_CONCEPT_ID_NOT_FOUND	EOD – eBird Observation Dataset	10.15468/aomfnb
234	2.63604616688686e-314	4fa7b334-ce0d-4e88-aaae-2e0c138d049e	URN:catalog:CLO:EBIRD:OBS1940887351	Animalia	Chordata	Aves	Piciformes	Picidae	Dendrocoptes	Dendrocoptes medius		SPECIES	Dendrocoptes medius (Linnaeus, 1758)	Dendrocoptes medius		CH	Pfeffingen Castle	Basel-Landschaft	PRESENT	2	e2e717bf-551a-4917-bdc9-4fa0f342c530	47.45348	7.591676	NA	NA	NA	NA	NA	NA	2024-02-03	3	2	2024	8773033	8773033	HUMAN_OBSERVATION	CLO	EBIRD	OBS1940887351	NA		NA	CC_BY_4_0		obsr198439	NA	NA	2026-09-02 06:29:52.207		COORDINATE_ROUNDED;CONTINENT_DERIVED_FROM_COORDINATES;TAXON_CONCEPT_ID_NOT_FOUND	EOD – eBird Observation Dataset	10.15468/aomfnb
235	2.63497133448532e-314	4fa7b334-ce0d-4e88-aaae-2e0c138d049e	URN:catalog:CLO:EBIRD:OBS534836021	Animalia	Chordata	Aves	Piciformes	Picidae	Dendrocoptes	Dendrocoptes medius		SPECIES	Dendrocoptes medius (Linnaeus, 1758)	Dendrocoptes medius		CH	Luchswiesenstrasse	Zürich	PRESENT	1	e2e717bf-551a-4917-bdc9-4fa0f342c530	47.40439	8.586431	NA	NA	NA	NA	NA	NA	2017-09-22	22	9	2017	8773033	8773033	HUMAN_OBSERVATION	CLO	EBIRD	OBS534836021	NA		NA	CC_BY_4_0		obsr494050	NA	NA	2026-09-02 06:26:02.207		CONTINENT_DERIVED_FROM_COORDINATES;TAXON_CONCEPT_ID_NOT_FOUND	EOD – eBird Observation Dataset	10.15468/aomfnb
236	2.63483851333555e-314	4fa7b334-ce0d-4e88-aaae-2e0c138d049e	URN:catalog:CLO:EBIRD:OBS2361556376	Animalia	Chordata	Aves	Piciformes	Picidae	Dendrocoptes	Dendrocoptes medius		SPECIES	Dendrocoptes medius (Linnaeus, 1758)	Dendrocoptes medius		CH	Skulpturenweg Reinach	Basel-Landschaft	PRESENT	1	e2e717bf-551a-4917-bdc9-4fa0f342c530	47.487225	7.579386	NA	NA	NA	NA	NA	NA	2001-02-28	28	2	2001	8773033	8773033	HUMAN_OBSERVATION	CLO	EBIRD	OBS2361556376	NA		NA	CC_BY_4_0		obsr200280	NA	NA	2026-09-02 06:30:57.88		CONTINENT_DERIVED_FROM_COORDINATES;TAXON_CONCEPT_ID_NOT_FOUND	EOD – eBird Observation Dataset	10.15468/aomfnb
237	2.63299852591488e-314	4fa7b334-ce0d-4e88-aaae-2e0c138d049e	URN:catalog:CLO:EBIRD:OBS1925706105	Animalia	Chordata	Aves	Piciformes	Picidae	Dendrocoptes	Dendrocoptes medius		SPECIES	Dendrocoptes medius (Linnaeus, 1758)	Dendrocoptes medius		CH	Unter- und Oberstammheim	Zürich	PRESENT	1	e2e717bf-551a-4917-bdc9-4fa0f342c530	47.637074	8.79454	NA	NA	NA	NA	NA	NA	2024-01-16	16	1	2024	8773033	8773033	HUMAN_OBSERVATION	CLO	EBIRD	OBS1925706105	NA		NA	CC_BY_4_0		obsr241514	NA	NA	2026-09-02 06:30:29.301		CONTINENT_DERIVED_FROM_COORDINATES;TAXON_CONCEPT_ID_NOT_FOUND	EOD – eBird Observation Dataset	10.15468/aomfnb
238	2.63168169126683e-314	4fa7b334-ce0d-4e88-aaae-2e0c138d049e	URN:catalog:CLO:EBIRD:OBS2071389338	Animalia	Chordata	Aves	Piciformes	Picidae	Dendrocoptes	Dendrocoptes medius		SPECIES	Dendrocoptes medius (Linnaeus, 1758)	Dendrocoptes medius		CH	Auenschutzpark Rupperswil	Aargau	PRESENT	1	e2e717bf-551a-4917-bdc9-4fa0f342c530	47.414	8.1413	NA	NA	NA	NA	NA	NA	2024-04-19	19	4	2024	8773033	8773033	HUMAN_OBSERVATION	CLO	EBIRD	OBS2071389338	NA		NA	CC_BY_4_0		obsr4236721	NA	NA	2026-09-02 06:29:10.284		CONTINENT_DERIVED_FROM_COORDINATES;TAXON_CONCEPT_ID_NOT_FOUND	EOD – eBird Observation Dataset	10.15468/aomfnb
239	2.63131518348943e-314	4fa7b334-ce0d-4e88-aaae-2e0c138d049e	URN:catalog:CLO:EBIRD:OBS1974162317	Animalia	Chordata	Aves	Piciformes	Picidae	Dendrocoptes	Dendrocoptes medius		SPECIES	Dendrocoptes medius (Linnaeus, 1758)	Dendrocoptes medius		CH	Allschwil, Basel-Landschaft, CH (47.532, 7.534)	Basel-Landschaft	PRESENT	2	e2e717bf-551a-4917-bdc9-4fa0f342c530	47.5323	7.534217	NA	NA	NA	NA	NA	NA	2024-03-08	8	3	2024	8773033	8773033	HUMAN_OBSERVATION	CLO	EBIRD	OBS1974162317	NA		NA	CC_BY_4_0		obsr730210	NA	NA	2026-09-02 06:28:38.602		CONTINENT_DERIVED_FROM_COORDINATES;TAXON_CONCEPT_ID_NOT_FOUND	EOD – eBird Observation Dataset	10.15468/aomfnb
240	2.62967165139152e-314	4fa7b334-ce0d-4e88-aaae-2e0c138d049e	URN:catalog:CLO:EBIRD:OBS1974143651	Animalia	Chordata	Aves	Piciformes	Picidae	Dendrocoptes	Dendrocoptes medius		SPECIES	Dendrocoptes medius (Linnaeus, 1758)	Dendrocoptes medius		CH	Bois de Jussy	Genève	PRESENT	2	e2e717bf-551a-4917-bdc9-4fa0f342c530	46.238007	6.294072	NA	NA	NA	NA	NA	NA	2024-03-08	8	3	2024	8773033	8773033	HUMAN_OBSERVATION	CLO	EBIRD	OBS1974143651	NA		NA	CC_BY_4_0		obsr1195749	NA	NA	2026-09-02 06:29:52.311		CONTINENT_DERIVED_FROM_COORDINATES;TAXON_CONCEPT_ID_NOT_FOUND	EOD – eBird Observation Dataset	10.15468/aomfnb
241	2.62657082919342e-314	4fa7b334-ce0d-4e88-aaae-2e0c138d049e	URN:catalog:CLO:EBIRD:OBS3075759790	Animalia	Chordata	Aves	Piciformes	Picidae	Dendrocoptes	Dendrocoptes medius		SPECIES	Dendrocoptes medius (Linnaeus, 1758)	Dendrocoptes medius		CH	Allschwil	Basel-Landschaft	PRESENT	1	e2e717bf-551a-4917-bdc9-4fa0f342c530	47.546	7.535387	NA	NA	NA	NA	NA	NA	2002-03-23	23	3	2002	8773033	8773033	HUMAN_OBSERVATION	CLO	EBIRD	OBS3075759790	NA		NA	CC_BY_4_0		obsr850826	NA	NA	2026-09-02 06:28:32.486		CONTINENT_DERIVED_FROM_COORDINATES;TAXON_CONCEPT_ID_NOT_FOUND	EOD – eBird Observation Dataset	10.15468/aomfnb
242	2.62599371555911e-314	4fa7b334-ce0d-4e88-aaae-2e0c138d049e	URN:catalog:CLO:EBIRD:OBS2329067320	Animalia	Chordata	Aves	Piciformes	Picidae	Dendrocoptes	Dendrocoptes medius		SPECIES	Dendrocoptes medius (Linnaeus, 1758)	Dendrocoptes medius		CH	La Broche, Les Bois, Jura, CH (47.172, 6.9)	Jura	PRESENT	1	e2e717bf-551a-4917-bdc9-4fa0f342c530	47.1722	6.899728	NA	NA	NA	NA	NA	NA	2024-07-20	20	7	2024	8773033	8773033	HUMAN_OBSERVATION	CLO	EBIRD	OBS2329067320	NA		NA	CC_BY_4_0		obsr497615	NA	NA	2026-09-02 06:29:24.816		CONTINENT_DERIVED_FROM_COORDINATES;TAXON_CONCEPT_ID_NOT_FOUND	EOD – eBird Observation Dataset	10.15468/aomfnb
243	2.62574791444184e-314	4fa7b334-ce0d-4e88-aaae-2e0c138d049e	URN:catalog:CLO:EBIRD:OBS2569856899	Animalia	Chordata	Aves	Piciformes	Picidae	Dendrocoptes	Dendrocoptes medius		SPECIES	Dendrocoptes medius (Linnaeus, 1758)	Dendrocoptes medius		CH	45 Wildensteinerstrasse, Bubendorf, Basel-Landschaft, CH (47.443, 7.736)	Basel-Landschaft	PRESENT	1	e2e717bf-551a-4917-bdc9-4fa0f342c530	47.442673	7.73622	NA	NA	NA	NA	NA	NA	2024-10-28	28	10	2024	8773033	8773033	HUMAN_OBSERVATION	CLO	EBIRD	OBS2569856899	NA		NA	CC_BY_4_0		obsr1569452	NA	NA	2026-09-02 06:28:41.58		COORDINATE_ROUNDED;CONTINENT_DERIVED_FROM_COORDINATES;TAXON_CONCEPT_ID_NOT_FOUND	EOD – eBird Observation Dataset	10.15468/aomfnb
244	2.62302273875339e-314	4fa7b334-ce0d-4e88-aaae-2e0c138d049e	URN:catalog:CLO:EBIRD:OBS2316214149	Animalia	Chordata	Aves	Piciformes	Picidae	Dendrocoptes	Dendrocoptes medius		SPECIES	Dendrocoptes medius (Linnaeus, 1758)	Dendrocoptes medius		CH	62 Chemin de l'Etang, Vendlincourt, Jura, CH (47.452, 7.163)	Jura	PRESENT	1	e2e717bf-551a-4917-bdc9-4fa0f342c530	47.45163	7.16255	NA	NA	NA	NA	NA	NA	2024-07-14	14	7	2024	8773033	8773033	HUMAN_OBSERVATION	CLO	EBIRD	OBS2316214149	NA		NA	CC_BY_4_0		obsr1569452	NA	NA	2026-09-02 06:28:44.839		COORDINATE_ROUNDED;CONTINENT_DERIVED_FROM_COORDINATES;TAXON_CONCEPT_ID_NOT_FOUND	EOD – eBird Observation Dataset	10.15468/aomfnb
245	2.62204089592925e-314	4fa7b334-ce0d-4e88-aaae-2e0c138d049e	URN:catalog:CLO:EBIRD:OBS2453865513	Animalia	Chordata	Aves	Piciformes	Picidae	Dendrocoptes	Dendrocoptes medius		SPECIES	Dendrocoptes medius (Linnaeus, 1758)	Dendrocoptes medius		CH	Rüdlingen, Alter Rhein	Schaffhausen	PRESENT	1	e2e717bf-551a-4917-bdc9-4fa0f342c530	47.586105	8.573746	NA	NA	NA	NA	NA	NA	2024-09-11	11	9	2024	8773033	8773033	HUMAN_OBSERVATION	CLO	EBIRD	OBS2453865513	NA		NA	CC_BY_4_0		obsr457108	NA	NA	2026-09-02 06:26:11.168		CONTINENT_DERIVED_FROM_COORDINATES;TAXON_CONCEPT_ID_NOT_FOUND	EOD – eBird Observation Dataset	10.15468/aomfnb
246	2.62046987092926e-314	4fa7b334-ce0d-4e88-aaae-2e0c138d049e	URN:catalog:CLO:EBIRD:OBS2168178877	Animalia	Chordata	Aves	Piciformes	Picidae	Dendrocoptes	Dendrocoptes medius		SPECIES	Dendrocoptes medius (Linnaeus, 1758)	Dendrocoptes medius		CH	Flughafen Zürich	Zürich	PRESENT	1	e2e717bf-551a-4917-bdc9-4fa0f342c530	47.458214	8.555493	NA	NA	NA	NA	NA	NA	2024-05-18	18	5	2024	8773033	8773033	HUMAN_OBSERVATION	CLO	EBIRD	OBS2168178877	NA		NA	CC_BY_4_0		obsr2667350	NA	NA	2026-09-02 06:26:09.448		CONTINENT_DERIVED_FROM_COORDINATES;TAXON_CONCEPT_ID_NOT_FOUND	EOD – eBird Observation Dataset	10.15468/aomfnb
247	2.62044498583081e-314	4fa7b334-ce0d-4e88-aaae-2e0c138d049e	URN:catalog:CLO:EBIRD:OBS2407533790	Animalia	Chordata	Aves	Piciformes	Picidae	Dendrocoptes	Dendrocoptes medius		SPECIES	Dendrocoptes medius (Linnaeus, 1758)	Dendrocoptes medius		CH	Albis	Zürich	PRESENT	NA	e2e717bf-551a-4917-bdc9-4fa0f342c530	47.266907	8.5307	NA	NA	NA	NA	NA	NA	2024-08-23	23	8	2024	8773033	8773033	HUMAN_OBSERVATION	CLO	EBIRD	OBS2407533790	NA		NA	CC_BY_4_0		obsr2848226	NA	NA	2026-09-02 06:30:51.826		CONTINENT_DERIVED_FROM_COORDINATES;TAXON_CONCEPT_ID_NOT_FOUND	EOD – eBird Observation Dataset	10.15468/aomfnb
248	2.61812598150981e-314	4fa7b334-ce0d-4e88-aaae-2e0c138d049e	URN:catalog:CLO:EBIRD:OBS2640139551	Animalia	Chordata	Aves	Piciformes	Picidae	Dendrocoptes	Dendrocoptes medius		SPECIES	Dendrocoptes medius (Linnaeus, 1758)	Dendrocoptes medius		CH	Brugger Berg	Aargau	PRESENT	2	e2e717bf-551a-4917-bdc9-4fa0f342c530	47.4885	8.2061	NA	NA	NA	NA	NA	NA	2024-11-23	23	11	2024	8773033	8773033	HUMAN_OBSERVATION	CLO	EBIRD	OBS2640139551	NA		NA	CC_BY_4_0		obsr4236721	NA	NA	2026-09-02 06:30:00.897		CONTINENT_DERIVED_FROM_COORDINATES;TAXON_CONCEPT_ID_NOT_FOUND	EOD – eBird Observation Dataset	10.15468/aomfnb
249	2.60910014622315e-314	6ff8b3b0-ef0f-4f79-a310-5a5615c6aa0b	e97b315b-2693-4038-a874-047ddf47c4a0	Animalia	Chordata	Aves	Piciformes	Picidae	Dendrocoptes	Dendrocoptes medius		SPECIES	Dendrocoptes medius (Linnaeus, 1758)	Dendrocoptes medius		CH	Mémorial Nelson Mandela	Geneva	PRESENT	NA	0c6d40e3-5d96-4a2d-9342-b02833aaa766	46.222457	6.142509	NA	NA	NA	NA	NA	NA	2024-06-27T16:23:54Z	27	6	2024	8773033	8773033	HUMAN_OBSERVATION				NA		NA	CC_BY_4_0		8a603bf2c21fba638006521c0d8b1693b1232d1c84747f747eb3b0fc5e497b0c	NA	NA	2026-07-18 19:15:11.924		COORDINATE_ROUNDED;CONTINENT_DERIVED_FROM_COORDINATES	Birda - Global Observation Dataset	10.15468/6kud7x
250	2.60902068218687e-314	6ff8b3b0-ef0f-4f79-a310-5a5615c6aa0b	bba46511-9df8-403a-a98a-5bd7e711d3cb	Animalia	Chordata	Aves	Piciformes	Picidae	Dendrocoptes	Dendrocoptes medius		SPECIES	Dendrocoptes medius (Linnaeus, 1758)	Dendrocoptes medius		CH	Auberge de Founex	Vaud	PRESENT	NA	0c6d40e3-5d96-4a2d-9342-b02833aaa766	46.334766	6.191727	NA	NA	NA	NA	NA	NA	2024-12-01T10:00:11.246Z	1	12	2024	8773033	8773033	HUMAN_OBSERVATION				NA		NA	CC_BY_4_0		7d0fe1e44167afdb6eb234a01eb6e84d8c55e348d723e72b75b5a38c1d42709c	NA	NA	2026-07-18 19:15:11.358		COORDINATE_ROUNDED;CONTINENT_DERIVED_FROM_COORDINATES	Birda - Global Observation Dataset	10.15468/6kud7x
251	2.60884218664441e-314	6ff8b3b0-ef0f-4f79-a310-5a5615c6aa0b	cfbb1f1a-333d-4bfb-a7c0-3104f12674e5	Animalia	Chordata	Aves	Piciformes	Picidae	Dendrocoptes	Dendrocoptes medius		SPECIES	Dendrocoptes medius (Linnaeus, 1758)	Dendrocoptes medius		CH	Plage ONU	Geneva	PRESENT	NA	0c6d40e3-5d96-4a2d-9342-b02833aaa766	46.227029	6.147792	NA	NA	NA	NA	NA	NA	2024-01-20T13:30:59Z	20	1	2024	8773033	8773033	HUMAN_OBSERVATION				NA		NA	CC_BY_4_0		8a603bf2c21fba638006521c0d8b1693b1232d1c84747f747eb3b0fc5e497b0c	NA	NA	2026-07-18 19:15:06.179		COORDINATE_ROUNDED;CONTINENT_DERIVED_FROM_COORDINATES	Birda - Global Observation Dataset	10.15468/6kud7x
252	2.60823651008698e-314	6ff8b3b0-ef0f-4f79-a310-5a5615c6aa0b	ac198391-80cc-47fa-9cc7-13fde8e3b97a	Animalia	Chordata	Aves	Piciformes	Picidae	Dendrocoptes	Dendrocoptes medius		SPECIES	Dendrocoptes medius (Linnaeus, 1758)	Dendrocoptes medius		CH	Observatoire de Planfonds	Geneva	PRESENT	NA	0c6d40e3-5d96-4a2d-9342-b02833aaa766	46.203377	6.078868	NA	NA	NA	NA	NA	NA	2024-06-30T13:15:37Z	30	6	2024	8773033	8773033	HUMAN_OBSERVATION				NA		NA	CC_BY_4_0		8a603bf2c21fba638006521c0d8b1693b1232d1c84747f747eb3b0fc5e497b0c	NA	NA	2026-07-18 19:15:04.283		COORDINATE_ROUNDED;CONTINENT_DERIVED_FROM_COORDINATES	Birda - Global Observation Dataset	10.15468/6kud7x
253	2.60803581271659e-314	6ff8b3b0-ef0f-4f79-a310-5a5615c6aa0b	6a3a44f6-aee8-4be0-a934-e92e7e278963	Animalia	Chordata	Aves	Piciformes	Picidae	Dendrocoptes	Dendrocoptes medius		SPECIES	Dendrocoptes medius (Linnaeus, 1758)	Dendrocoptes medius		CH	Plage ONU	Geneva	PRESENT	NA	0c6d40e3-5d96-4a2d-9342-b02833aaa766	46.226974	6.147718	NA	NA	NA	NA	NA	NA	2024-01-21T15:47:05Z	21	1	2024	8773033	8773033	HUMAN_OBSERVATION				NA		NA	CC_BY_4_0		8a603bf2c21fba638006521c0d8b1693b1232d1c84747f747eb3b0fc5e497b0c	NA	NA	2026-07-18 19:15:05.912		COORDINATE_ROUNDED;CONTINENT_DERIVED_FROM_COORDINATES	Birda - Global Observation Dataset	10.15468/6kud7x
254	2.6073899577527e-314	6ff8b3b0-ef0f-4f79-a310-5a5615c6aa0b	5d02f0b3-d940-4634-9e88-12748332d27c	Animalia	Chordata	Aves	Piciformes	Picidae	Dendrocoptes	Dendrocoptes medius		SPECIES	Dendrocoptes medius (Linnaeus, 1758)	Dendrocoptes medius		CH	Observatoire de Planfonds	Geneva	PRESENT	NA	0c6d40e3-5d96-4a2d-9342-b02833aaa766	46.194516	6.069813	NA	NA	NA	NA	NA	NA	2025-02-16T14:12:01.674Z	16	2	2025	8773033	8773033	HUMAN_OBSERVATION				NA		NA	CC_BY_4_0		8a603bf2c21fba638006521c0d8b1693b1232d1c84747f747eb3b0fc5e497b0c	NA	NA	2026-07-18 19:15:07.411		COORDINATE_ROUNDED;CONTINENT_DERIVED_FROM_COORDINATES	Birda - Global Observation Dataset	10.15468/6kud7x
255	2.60731103817676e-314	6ff8b3b0-ef0f-4f79-a310-5a5615c6aa0b	61da2477-d8a2-46dc-a172-445f68e5606a	Animalia	Chordata	Aves	Piciformes	Picidae	Dendrocoptes	Dendrocoptes medius		SPECIES	Dendrocoptes medius (Linnaeus, 1758)	Dendrocoptes medius		CH	Jardin Botanique de Genève	Geneva	PRESENT	NA	0c6d40e3-5d96-4a2d-9342-b02833aaa766	46.226427	6.146093	NA	NA	NA	NA	NA	NA	2024-01-13T14:24:18Z	13	1	2024	8773033	8773033	HUMAN_OBSERVATION				NA		NA	CC_BY_4_0		8a603bf2c21fba638006521c0d8b1693b1232d1c84747f747eb3b0fc5e497b0c	NA	NA	2026-07-18 19:15:08.633		COORDINATE_ROUNDED;CONTINENT_DERIVED_FROM_COORDINATES	Birda - Global Observation Dataset	10.15468/6kud7x
256	2.55313456770362e-314	50c9509d-22c7-4a22-a47d-8c48425ef4a7	https://www.inaturalist.org/observations/267377885	Animalia	Chordata	Aves	Piciformes	Picidae	Dendrocoptes	Dendrocoptes medius		SPECIES	Dendrocoptes medius (Linnaeus, 1758)	Dendrocoptes medius		CH		Thurgau	PRESENT	NA	28eb1a3f-1c15-4a95-931a-4af90ecb574d	47.579066	8.888285	NA	NA	NA	NA	NA	NA	2025-03-28T16:20	28	3	2025	8773033	8773033	HUMAN_OBSERVATION	iNaturalist	Observations	267377885	NA	Bodo Sonnenburg	2025-03-30 03:12:09	CC_BY_NC_4_0	Dominic Tinner	Dominic Tinner	NA	NA	2026-09-11 05:46:31.481	Sound	CONTINENT_DERIVED_FROM_COORDINATES;TAXON_ID_NOT_FOUND	iNaturalist Research-grade Observations	10.15468/ab3s5x
257	2.54529719102387e-314	b1047888-ae52-4179-9dd5-5448ea342a24	https://data.biodiversitydata.nl/xeno-canto/observation/XC985760	Animalia	Chordata	Aves	Piciformes	Picidae	Dendrocoptes	Dendrocoptes medius		SPECIES	Dendrocoptes medius (Linnaeus, 1758)	Dendrocoptes medius		CH	Reinach, Kulm District, Aargau		PRESENT	NA	1f00d75c-f6fc-4224-a595-975e82d7689c	47.2549	8.1966	NA	NA	NA	NA	NA	NA	2025-04-04	4	4	2025	8773033	8773033	HUMAN_OBSERVATION		Wildlife sounds - Birds	XC985760	NA		NA	CC_BY_NC_4_0	Silvan Kyburz	Silvan Kyburz	NA	NA	2026-09-09 21:22:48.18	StillImage;Sound	CONTINENT_DERIVED_FROM_COORDINATES	Xeno-canto - Bird sounds from around the world	10.15468/qv0ksn
258	2.51355446042173e-314	50c9509d-22c7-4a22-a47d-8c48425ef4a7	https://www.inaturalist.org/observations/263804250	Animalia	Chordata	Aves	Piciformes	Picidae	Dendrocoptes	Dendrocoptes medius		SPECIES	Dendrocoptes medius (Linnaeus, 1758)	Dendrocoptes medius		CH		Thurgau	PRESENT	NA	28eb1a3f-1c15-4a95-931a-4af90ecb574d	47.563844	9.341196	577	NA	NA	NA	NA	NA	2025-03-02T10:35	2	3	2025	8773033	8773033	HUMAN_OBSERVATION	iNaturalist	Observations	263804250	NA	Annette Geiser-Barkhausen	2025-03-03 21:59:44	CC_BY_NC_4_0	Annette Geiser-Barkhausen	Annette Geiser-Barkhausen	NA	NA	2026-09-11 05:56:24.912	StillImage	COORDINATE_ROUNDED;CONTINENT_DERIVED_FROM_COORDINATES;TAXON_ID_NOT_FOUND	iNaturalist Research-grade Observations	10.15468/ab3s5x
259	2.50839161720766e-314	50c9509d-22c7-4a22-a47d-8c48425ef4a7	https://www.inaturalist.org/observations/262821892	Animalia	Chordata	Aves	Piciformes	Picidae	Dendrocoptes	Dendrocoptes medius		SPECIES	Dendrocoptes medius (Linnaeus, 1758)	Dendrocoptes medius		CH		Neuchâtel	PRESENT	NA	28eb1a3f-1c15-4a95-931a-4af90ecb574d	47.045671	6.986894	337	NA	NA	NA	NA	NA	2025-02-09T10:28	9	2	2025	8773033	8773033	HUMAN_OBSERVATION	iNaturalist	Observations	262821892	NA	kilianj	2025-02-23 15:43:46	CC_BY_NC_4_0	kilianj	kilianj	NA	NA	2026-09-11 05:18:10.595	StillImage	COORDINATE_ROUNDED;CONTINENT_DERIVED_FROM_COORDINATES;TAXON_ID_NOT_FOUND	iNaturalist Research-grade Observations	10.15468/ab3s5x
260	2.50164317998584e-314	50c9509d-22c7-4a22-a47d-8c48425ef4a7	https://www.inaturalist.org/observations/259554527	Animalia	Chordata	Aves	Piciformes	Picidae	Dendrocoptes	Dendrocoptes medius		SPECIES	Dendrocoptes medius (Linnaeus, 1758)	Dendrocoptes medius		CH		Aargau	PRESENT	NA	28eb1a3f-1c15-4a95-931a-4af90ecb574d	47.349177	8.33979	825	NA	NA	NA	NA	NA	2025-01-21T14:44	21	1	2025	8773033	8773033	HUMAN_OBSERVATION	iNaturalist	Observations	259554527	NA	Adrian Indermaur	2025-01-28 13:21:56	CC0_1_0	Pete Bradshaw	Pete Bradshaw	NA	NA	2026-09-11 05:32:54.018	StillImage	COORDINATE_ROUNDED;CONTINENT_DERIVED_FROM_COORDINATES;TAXON_ID_NOT_FOUND	iNaturalist Research-grade Observations	10.15468/ab3s5x
261	2.50152154843482e-314	50c9509d-22c7-4a22-a47d-8c48425ef4a7	https://www.inaturalist.org/observations/258843514	Animalia	Chordata	Aves	Piciformes	Picidae	Dendrocoptes	Dendrocoptes medius		SPECIES	Dendrocoptes medius (Linnaeus, 1758)	Dendrocoptes medius		CH		Basel-Landschaft	PRESENT	NA	28eb1a3f-1c15-4a95-931a-4af90ecb574d	47.464645	7.718888	597	NA	NA	NA	NA	NA	2025-01-18T12:15	18	1	2025	8773033	8773033	HUMAN_OBSERVATION	iNaturalist	Observations	258843514	NA	Maryse	2025-01-18 15:44:00	CC_BY_NC_4_0	Maryse	Maryse	NA	NA	2026-09-11 05:18:39.912	StillImage	COORDINATE_ROUNDED;CONTINENT_DERIVED_FROM_COORDINATES;TAXON_ID_NOT_FOUND	iNaturalist Research-grade Observations	10.15468/ab3s5x
262	2.49569895169618e-314	8a863029-f435-446a-821e-275f4f641165	https://observation.org/observation/337268711	Animalia	Chordata	Aves	Piciformes	Picidae	Dendrocoptes	Dendrocoptes medius		SPECIES	Dendrocoptes medius (Linnaeus, 1758)	Dendrocoptes medius		CH	Basel-Landschaft (BL)	Basel-Landschaft (BL)	PRESENT	1	c8d737e0-2ff8-42e8-b8fc-6b805d26fc5f	47.46254	7.710007	NA	NA	NA	NA	NA	NA	2025-01-18	18	1	2025	8773033	8773033	HUMAN_OBSERVATION				NA		NA	CC_BY_NC_4_0	Stichting Observation International	User 957715	NA	NA	2026-09-01 17:39:04.062	StillImage		Observation.org, Nature data from around the World	10.15468/5nilie
263	2.48436295635765e-314	6ac3f774-d9fb-4796-b3e9-92bf6c81c084		Animalia	Chordata	Aves	Piciformes	Picidae	Dendrocoptes	Dendrocoptes medius		SPECIES	Leiopicus medius (Linnaeus, 1758)	Leiopicus medius		CH	Reinach BL		PRESENT	NA	bb646dff-a905-4403-a49b-6d378c2cf0d9	47.493546	7.590866	250	NA	NA	NA	NA	NA	2017-11-17T00:00	17	11	2017	10362259	8773033	HUMAN_OBSERVATION	NABU|naturgucker	NABU|naturgucker	1152022144	NA		NA	CC_BY_4_0		1812715895	NA	NA	2026-09-10 18:06:08.185		COORDINATE_ROUNDED;GEODETIC_DATUM_ASSUMED_WGS84;CONTINENT_DERIVED_FROM_COORDINATES	NABU|naturgucker	10.15468/uc1apo
264	2.48409999485831e-314	6ac3f774-d9fb-4796-b3e9-92bf6c81c084		Animalia	Chordata	Aves	Piciformes	Picidae	Dendrocoptes	Dendrocoptes medius		SPECIES	Leiopicus medius (Linnaeus, 1758)	Leiopicus medius		CH	Scheidbachstr. 14		PRESENT	NA	bb646dff-a905-4403-a49b-6d378c2cf0d9	47.607849	9.100944	25	NA	NA	NA	NA	NA	2021-04-07T00:00	7	4	2021	10362259	8773033	HUMAN_OBSERVATION	NABU|naturgucker	NABU|naturgucker	-847996043	NA		NA	CC_BY_4_0		448190398	NA	NA	2026-09-10 18:03:41.215		COORDINATE_ROUNDED;GEODETIC_DATUM_ASSUMED_WGS84;CONTINENT_DERIVED_FROM_COORDINATES	NABU|naturgucker	10.15468/uc1apo
265	2.48403462997336e-314	6ac3f774-d9fb-4796-b3e9-92bf6c81c084		Animalia	Chordata	Aves	Piciformes	Picidae	Dendrocoptes	Dendrocoptes medius		SPECIES	Leiopicus medius (Linnaeus, 1758)	Leiopicus medius		CH	St.Katharinental		PRESENT	NA	bb646dff-a905-4403-a49b-6d378c2cf0d9	47.691856	8.733573	250	NA	NA	NA	NA	NA	1995-04-09T00:00	9	4	1995	10362259	8773033	HUMAN_OBSERVATION	NABU|naturgucker	NABU|naturgucker	-699793823	NA		NA	CC_BY_4_0		1208183932	NA	NA	2026-09-10 18:04:58.422		COORDINATE_ROUNDED;GEODETIC_DATUM_ASSUMED_WGS84;CONTINENT_DERIVED_FROM_COORDINATES	NABU|naturgucker	10.15468/uc1apo
266	2.4834146082199e-314	6ac3f774-d9fb-4796-b3e9-92bf6c81c084		Animalia	Chordata	Aves	Piciformes	Picidae	Dendrocoptes	Dendrocoptes medius		SPECIES	Leiopicus medius (Linnaeus, 1758)	Leiopicus medius		CH	Aare-Stausee bei Klingnau		PRESENT	NA	bb646dff-a905-4403-a49b-6d378c2cf0d9	47.586716	8.233566	250	NA	NA	NA	NA	NA	2010-02-14T00:00	14	2	2010	10362259	8773033	HUMAN_OBSERVATION	NABU|naturgucker	NABU|naturgucker	474854351	NA		NA	CC_BY_4_0		812096107	NA	NA	2026-09-10 18:05:41.702		COORDINATE_ROUNDED;GEODETIC_DATUM_ASSUMED_WGS84;CONTINENT_DERIVED_FROM_COORDINATES	NABU|naturgucker	10.15468/uc1apo
267	2.48337016701506e-314	6ac3f774-d9fb-4796-b3e9-92bf6c81c084		Animalia	Chordata	Aves	Piciformes	Picidae	Dendrocoptes	Dendrocoptes medius		SPECIES	Leiopicus medius (Linnaeus, 1758)	Leiopicus medius		CH	Tresa, Ponte Tresa		PRESENT	NA	bb646dff-a905-4403-a49b-6d378c2cf0d9	45.986038	8.831326	250	NA	NA	NA	NA	NA	2015-04-02T00:00	2	4	2015	10362259	8773033	HUMAN_OBSERVATION	NABU|naturgucker	NABU|naturgucker	602953651	NA		NA	CC_BY_4_0		646737157	NA	NA	2026-09-10 18:06:10.832		COORDINATE_ROUNDED;GEODETIC_DATUM_ASSUMED_WGS84;CONTINENT_DERIVED_FROM_COORDINATES	NABU|naturgucker	10.15468/uc1apo
268	2.48276299294465e-314	6ac3f774-d9fb-4796-b3e9-92bf6c81c084		Animalia	Chordata	Aves	Piciformes	Picidae	Dendrocoptes	Dendrocoptes medius		SPECIES	Leiopicus medius (Linnaeus, 1758)	Leiopicus medius		CH	Birs bei Aesch BL		PRESENT	NA	bb646dff-a905-4403-a49b-6d378c2cf0d9	47.467556	7.601681	250	NA	NA	NA	NA	NA	2011-01-25T00:00	25	1	2011	10362259	8773033	HUMAN_OBSERVATION	NABU|naturgucker	NABU|naturgucker	461693966	NA		NA	CC_BY_4_0		1812715895	NA	NA	2026-09-10 18:06:05.09		COORDINATE_ROUNDED;GEODETIC_DATUM_ASSUMED_WGS84;CONTINENT_DERIVED_FROM_COORDINATES	NABU|naturgucker	10.15468/uc1apo
269	2.47450407352708e-314	50c9509d-22c7-4a22-a47d-8c48425ef4a7	https://www.inaturalist.org/observations/257167923	Animalia	Chordata	Aves	Piciformes	Picidae	Dendrocoptes	Dendrocoptes medius		SPECIES	Dendrocoptes medius (Linnaeus, 1758)	Dendrocoptes medius		CH		Basel-Landschaft	PRESENT	NA	28eb1a3f-1c15-4a95-931a-4af90ecb574d	47.518139	7.581599	8	NA	NA	NA	NA	NA	2024-12-24T07:44	24	12	2024	8773033	8773033	HUMAN_OBSERVATION	iNaturalist	Observations	257167923	NA	Greg Cudworth	2025-01-02 21:59:46	CC_BY_NC_4_0	Greg Cudworth	Greg Cudworth	NA	NA	2026-09-11 05:45:52.17	StillImage	COORDINATE_ROUNDED;CONTINENT_DERIVED_FROM_COORDINATES;TAXON_ID_NOT_FOUND	iNaturalist Research-grade Observations	10.15468/ab3s5x
270	2.47415527652089e-314	50c9509d-22c7-4a22-a47d-8c48425ef4a7	https://www.inaturalist.org/observations/257219016	Animalia	Chordata	Aves	Piciformes	Picidae	Dendrocoptes	Dendrocoptes medius		SPECIES	Dendrocoptes medius (Linnaeus, 1758)	Dendrocoptes medius		CH		Bern	PRESENT	NA	28eb1a3f-1c15-4a95-931a-4af90ecb574d	47.276349	7.28047	1476	NA	NA	NA	NA	NA	2025-01-03T09:47	3	1	2025	8773033	8773033	HUMAN_OBSERVATION	iNaturalist	Observations	257219016	NA	Aloïs Carnal	2025-01-03 09:17:06	CC_BY_NC_4_0	Aloïs Carnal	Aloïs Carnal	NA	NA	2026-09-11 06:11:05.679	StillImage	COORDINATE_ROUNDED;CONTINENT_DERIVED_FROM_COORDINATES;TAXON_ID_NOT_FOUND	iNaturalist Research-grade Observations	10.15468/ab3s5x
271	2.47411201316854e-314	50c9509d-22c7-4a22-a47d-8c48425ef4a7	https://www.inaturalist.org/observations/257492958	Animalia	Chordata	Aves	Piciformes	Picidae	Dendrocoptes	Dendrocoptes medius		SPECIES	Dendrocoptes medius (Linnaeus, 1758)	Dendrocoptes medius		CH		Jura	PRESENT	NA	28eb1a3f-1c15-4a95-931a-4af90ecb574d	47.469487	7.170138	250	NA	NA	NA	NA	NA	2019-06-08T15:03	8	6	2019	8773033	8773033	HUMAN_OBSERVATION	iNaturalist	Observations	257492958	NA	Tadeusz Kawecki	2025-01-05 18:09:19	CC_BY_NC_4_0	Tadeusz Kawecki	Tadeusz Kawecki	NA	NA	2026-09-11 05:17:56.564	StillImage	COORDINATE_ROUNDED;CONTINENT_DERIVED_FROM_COORDINATES;TAXON_ID_NOT_FOUND	iNaturalist Research-grade Observations	10.15468/ab3s5x
272	2.46743627523618e-314	50c9509d-22c7-4a22-a47d-8c48425ef4a7	https://www.inaturalist.org/observations/254192973	Animalia	Chordata	Aves	Piciformes	Picidae	Dendrocoptes	Dendrocoptes medius		SPECIES	Dendrocoptes medius (Linnaeus, 1758)	Dendrocoptes medius		CH		Basel-Landschaft	PRESENT	NA	28eb1a3f-1c15-4a95-931a-4af90ecb574d	47.496338	7.606343	17	NA	NA	NA	NA	NA	2024-12-05T12:17	5	12	2024	8773033	8773033	HUMAN_OBSERVATION	iNaturalist	Observations	254192973	NA	dnaef	2024-12-05 10:50:36	CC_BY_NC_4_0	dnaef	dnaef	NA	NA	2026-09-11 06:04:58.285	StillImage	COORDINATE_ROUNDED;CONTINENT_DERIVED_FROM_COORDINATES;TAXON_ID_NOT_FOUND	iNaturalist Research-grade Observations	10.15468/ab3s5x
273	2.4672628191633e-314	50c9509d-22c7-4a22-a47d-8c48425ef4a7	https://www.inaturalist.org/observations/254289061	Animalia	Chordata	Aves	Piciformes	Picidae	Dendrocoptes	Dendrocoptes medius		SPECIES	Dendrocoptes medius (Linnaeus, 1758)	Dendrocoptes medius		CH		Basel-Stadt	PRESENT	NA	28eb1a3f-1c15-4a95-931a-4af90ecb574d	47.586941	7.642	23	NA	NA	NA	NA	NA	2019-07-17T06:11	17	7	2019	8773033	8773033	HUMAN_OBSERVATION	iNaturalist	Observations	254289061	NA	leo_mrn	2024-12-06 10:11:15	CC_BY_NC_4_0	leo_mrn	leo_mrn	NA	NA	2026-09-11 05:18:16.907	StillImage	COORDINATE_ROUNDED;CONTINENT_DERIVED_FROM_COORDINATES;TAXON_ID_NOT_FOUND	iNaturalist Research-grade Observations	10.15468/ab3s5x
274	2.44720224852412e-314	50c9509d-22c7-4a22-a47d-8c48425ef4a7	https://www.inaturalist.org/observations/245388313	Animalia	Chordata	Aves	Piciformes	Picidae	Dendrocoptes	Dendrocoptes medius		SPECIES	Dendrocoptes medius (Linnaeus, 1758)	Dendrocoptes medius		CH		Basel-Landschaft	PRESENT	NA	28eb1a3f-1c15-4a95-931a-4af90ecb574d	47.558104	7.630015	8	NA	NA	NA	NA	NA	2024-10-03T10:51	3	10	2024	8773033	8773033	HUMAN_OBSERVATION	iNaturalist	Observations	245388313	NA	Adrian Indermaur	2024-10-03 12:29:32	CC_BY_NC_4_0	Adrian Indermaur	Adrian Indermaur	NA	NA	2026-09-11 05:18:10.914	StillImage	COORDINATE_ROUNDED;CONTINENT_DERIVED_FROM_COORDINATES;TAXON_ID_NOT_FOUND	iNaturalist Research-grade Observations	10.15468/ab3s5x
275	2.44709263067335e-314	50c9509d-22c7-4a22-a47d-8c48425ef4a7	https://www.inaturalist.org/observations/230560761	Animalia	Chordata	Aves	Piciformes	Picidae	Dendrocoptes	Dendrocoptes medius		SPECIES	Dendrocoptes medius (Linnaeus, 1758)	Dendrocoptes medius		CH		Zürich	PRESENT	NA	28eb1a3f-1c15-4a95-931a-4af90ecb574d	47.352691	8.503311	31	NA	NA	NA	NA	NA	2024-07-10T06:41	10	7	2024	8773033	8773033	HUMAN_OBSERVATION	iNaturalist	Observations	230560761	NA	Frode Jacobsen	2024-07-20 18:48:22	CC_BY_NC_4_0	Frode Jacobsen	Frode Jacobsen	NA	NA	2026-09-11 05:31:59.557	StillImage	COORDINATE_ROUNDED;CONTINENT_DERIVED_FROM_COORDINATES;TAXON_ID_NOT_FOUND	iNaturalist Research-grade Observations	10.15468/ab3s5x
276	2.43777123000131e-314	8a863029-f435-446a-821e-275f4f641165	https://observation.org/observation/314285396	Animalia	Chordata	Aves	Piciformes	Picidae	Dendrocoptes	Dendrocoptes medius		SPECIES	Dendrocoptes medius (Linnaeus, 1758)	Dendrocoptes medius		CH	Frauenfeld (TG) - Allmend	Thurgau (TG)	PRESENT	1	c8d737e0-2ff8-42e8-b8fc-6b805d26fc5f	47.579208	8.889445	NA	NA	NA	NA	NA	NA	2024-06-13	13	6	2024	8773033	8773033	HUMAN_OBSERVATION				NA		NA	CC_BY_NC_4_0	Stichting Observation International	User 985275	NA	NA	2026-09-01 17:25:54.485	StillImage		Observation.org, Nature data from around the World	10.15468/5nilie
277	2.41583342235617e-314	8a863029-f435-446a-821e-275f4f641165	https://observation.org/observation/234943582	Animalia	Chordata	Aves	Piciformes	Picidae	Dendrocoptes	Dendrocoptes medius		SPECIES	Dendrocoptes medius (Linnaeus, 1758)	Dendrocoptes medius		CH	Klingnauer Stausee (AG)	Aargau (AG)	PRESENT	1	c8d737e0-2ff8-42e8-b8fc-6b805d26fc5f	47.574638	8.247449	32	NA	NA	NA	NA	NA	2018-01-01	1	1	2018	8773033	8773033	HUMAN_OBSERVATION				NA		NA	CC_BY_NC_4_0	Stichting Observation International	User 256673	NA	NA	2026-09-01 17:36:19.99	StillImage		Observation.org, Nature data from around the World	10.15468/5nilie
278	2.39046131401208e-314	4fa7b334-ce0d-4e88-aaae-2e0c138d049e	URN:catalog:CLO:EBIRD:OBS1823850203	Animalia	Chordata	Aves	Piciformes	Picidae	Dendrocoptes	Dendrocoptes medius		SPECIES	Dendrocoptes medius (Linnaeus, 1758)	Dendrocoptes medius		CH	Metzerlen--Geissberg	Solothurn	PRESENT	1	e2e717bf-551a-4917-bdc9-4fa0f342c530	47.469	7.454	NA	NA	NA	NA	NA	NA	2023-09-10	10	9	2023	8773033	8773033	HUMAN_OBSERVATION	CLO	EBIRD	OBS1823850203	NA		NA	CC_BY_4_0		obsr4185666	NA	NA	2026-09-02 06:27:05.957		CONTINENT_DERIVED_FROM_COORDINATES;TAXON_CONCEPT_ID_NOT_FOUND	EOD – eBird Observation Dataset	10.15468/aomfnb
279	2.38964717040791e-314	4fa7b334-ce0d-4e88-aaae-2e0c138d049e	URN:catalog:CLO:EBIRD:OBS1740020754	Animalia	Chordata	Aves	Piciformes	Picidae	Dendrocoptes	Dendrocoptes medius		SPECIES	Dendrocoptes medius (Linnaeus, 1758)	Dendrocoptes medius		CH	21 Rue du Cornat, Courroux, Jura, CH (47.365, 7.371)	Jura	PRESENT	1	e2e717bf-551a-4917-bdc9-4fa0f342c530	47.365406	7.371308	NA	NA	NA	NA	NA	NA	2023-05-25	25	5	2023	8773033	8773033	HUMAN_OBSERVATION	CLO	EBIRD	OBS1740020754	NA		NA	CC_BY_4_0		obsr1586165	NA	NA	2026-09-02 06:31:35.164		CONTINENT_DERIVED_FROM_COORDINATES;TAXON_CONCEPT_ID_NOT_FOUND	EOD – eBird Observation Dataset	10.15468/aomfnb
280	2.3895819359563e-314	4fa7b334-ce0d-4e88-aaae-2e0c138d049e	URN:catalog:CLO:EBIRD:OBS1685616406	Animalia	Chordata	Aves	Piciformes	Picidae	Dendrocoptes	Dendrocoptes medius		SPECIES	Dendrocoptes medius (Linnaeus, 1758)	Dendrocoptes medius		CH	13A Spitzer-Waldstrasse, Romanshorn, Thurgau, CH (47.56, 9.344)	Thurgau	PRESENT	1	e2e717bf-551a-4917-bdc9-4fa0f342c530	47.559505	9.343624	NA	NA	NA	NA	NA	NA	2023-04-15	15	4	2023	8773033	8773033	HUMAN_OBSERVATION	CLO	EBIRD	OBS1685616406	NA		NA	CC_BY_4_0		obsr3370565	NA	NA	2026-09-02 06:29:46.919		CONTINENT_DERIVED_FROM_COORDINATES;TAXON_CONCEPT_ID_NOT_FOUND	EOD – eBird Observation Dataset	10.15468/aomfnb
281	2.38746783152807e-314	4fa7b334-ce0d-4e88-aaae-2e0c138d049e	URN:catalog:CLO:EBIRD:OBS1743294114	Animalia	Chordata	Aves	Piciformes	Picidae	Dendrocoptes	Dendrocoptes medius		SPECIES	Dendrocoptes medius (Linnaeus, 1758)	Dendrocoptes medius		CH	Mülimatt Obstgarten	Basel-Landschaft	PRESENT	1	e2e717bf-551a-4917-bdc9-4fa0f342c530	47.506817	7.512196	NA	NA	NA	NA	NA	NA	2023-05-28	28	5	2023	8773033	8773033	HUMAN_OBSERVATION	CLO	EBIRD	OBS1743294114	NA		NA	CC_BY_4_0		obsr3676924	NA	NA	2026-09-02 06:25:14.121		COORDINATE_ROUNDED;CONTINENT_DERIVED_FROM_COORDINATES;TAXON_CONCEPT_ID_NOT_FOUND	EOD – eBird Observation Dataset	10.15468/aomfnb
282	2.38681905861248e-314	4fa7b334-ce0d-4e88-aaae-2e0c138d049e	URN:catalog:CLO:EBIRD:OBS1890640807	Animalia	Chordata	Aves	Piciformes	Picidae	Dendrocoptes	Dendrocoptes medius		SPECIES	Dendrocoptes medius (Linnaeus, 1758)	Dendrocoptes medius		CH	Rheinfelden (47.5597,7.8076)	Aargau	PRESENT	1	e2e717bf-551a-4917-bdc9-4fa0f342c530	47.55969	7.807551	NA	NA	NA	NA	NA	NA	2023-12-05	5	12	2023	8773033	8773033	HUMAN_OBSERVATION	CLO	EBIRD	OBS1890640807	NA		NA	CC_BY_4_0		obsr176548	NA	NA	2026-09-02 06:31:55.628		CONTINENT_DERIVED_FROM_COORDINATES;TAXON_CONCEPT_ID_NOT_FOUND	EOD – eBird Observation Dataset	10.15468/aomfnb
283	2.38674510192595e-314	4fa7b334-ce0d-4e88-aaae-2e0c138d049e	URN:catalog:CLO:EBIRD:OBS1859391050	Animalia	Chordata	Aves	Piciformes	Picidae	Dendrocoptes	Dendrocoptes medius		SPECIES	Dendrocoptes medius (Linnaeus, 1758)	Dendrocoptes medius		CH	Girenmoos	Sankt Gallen	PRESENT	1	e2e717bf-551a-4917-bdc9-4fa0f342c530	47.403606	9.2001	NA	NA	NA	NA	NA	NA	2023-10-25	25	10	2023	8773033	8773033	HUMAN_OBSERVATION	CLO	EBIRD	OBS1859391050	NA		NA	CC_BY_4_0		obsr1050046	NA	NA	2026-09-02 06:27:51.211		CONTINENT_DERIVED_FROM_COORDINATES;TAXON_CONCEPT_ID_NOT_FOUND	EOD – eBird Observation Dataset	10.15468/aomfnb
284	2.38593104972393e-314	4fa7b334-ce0d-4e88-aaae-2e0c138d049e	URN:catalog:CLO:EBIRD:OBS1895047244	Animalia	Chordata	Aves	Piciformes	Picidae	Dendrocoptes	Dendrocoptes medius		SPECIES	Dendrocoptes medius (Linnaeus, 1758)	Dendrocoptes medius		CH	Bibermühle	Schaffhausen	PRESENT	1	e2e717bf-551a-4917-bdc9-4fa0f342c530	47.6794	8.80698	NA	NA	NA	NA	NA	NA	2023-12-10	10	12	2023	8773033	8773033	HUMAN_OBSERVATION	CLO	EBIRD	OBS1895047244	NA		NA	CC_BY_4_0		obsr2937037	NA	NA	2026-09-02 06:24:56.644		CONTINENT_DERIVED_FROM_COORDINATES;TAXON_CONCEPT_ID_NOT_FOUND	EOD – eBird Observation Dataset	10.15468/aomfnb
285	2.38535146576138e-314	4fa7b334-ce0d-4e88-aaae-2e0c138d049e	URN:catalog:CLO:EBIRD:OBS1705532572	Animalia	Chordata	Aves	Piciformes	Picidae	Dendrocoptes	Dendrocoptes medius		SPECIES	Dendrocoptes medius (Linnaeus, 1758)	Dendrocoptes medius		CH	ETH Hönggerberg	Zürich	PRESENT	2	e2e717bf-551a-4917-bdc9-4fa0f342c530	47.408188	8.507374	NA	NA	NA	NA	NA	NA	2023-03-28	28	3	2023	8773033	8773033	HUMAN_OBSERVATION	CLO	EBIRD	OBS1705532572	NA		NA	CC_BY_4_0		obsr1474065	NA	NA	2026-09-02 06:30:46.929		CONTINENT_DERIVED_FROM_COORDINATES;TAXON_CONCEPT_ID_NOT_FOUND	EOD – eBird Observation Dataset	10.15468/aomfnb
286	2.38367415340713e-314	4fa7b334-ce0d-4e88-aaae-2e0c138d049e	URN:catalog:CLO:EBIRD:OBS1703685783	Animalia	Chordata	Aves	Piciformes	Picidae	Dendrocoptes	Dendrocoptes medius		SPECIES	Dendrocoptes medius (Linnaeus, 1758)	Dendrocoptes medius		CH	Crassier	Vaud	PRESENT	1	e2e717bf-551a-4917-bdc9-4fa0f342c530	46.3766	6.162316	NA	NA	NA	NA	NA	NA	2023-04-30	30	4	2023	8773033	8773033	HUMAN_OBSERVATION	CLO	EBIRD	OBS1703685783	NA		NA	CC_BY_4_0		obsr957413	NA	NA	2026-09-02 06:26:32.682		COORDINATE_ROUNDED;CONTINENT_DERIVED_FROM_COORDINATES;TAXON_CONCEPT_ID_NOT_FOUND	EOD – eBird Observation Dataset	10.15468/aomfnb
287	2.38182685529711e-314	4fa7b334-ce0d-4e88-aaae-2e0c138d049e	URN:catalog:CLO:EBIRD:OBS1772226670	Animalia	Chordata	Aves	Piciformes	Picidae	Dendrocoptes	Dendrocoptes medius		SPECIES	Dendrocoptes medius (Linnaeus, 1758)	Dendrocoptes medius		CH	Hallau, Haselberg	Schaffhausen	PRESENT	1	e2e717bf-551a-4917-bdc9-4fa0f342c530	47.68838	8.419086	NA	NA	NA	NA	NA	NA	2023-06-30	30	6	2023	8773033	8773033	HUMAN_OBSERVATION	CLO	EBIRD	OBS1772226670	NA		NA	CC_BY_4_0		obsr457108	NA	NA	2026-09-02 06:30:11.359		COORDINATE_ROUNDED;CONTINENT_DERIVED_FROM_COORDINATES;TAXON_CONCEPT_ID_NOT_FOUND	EOD – eBird Observation Dataset	10.15468/aomfnb
288	2.38150172897601e-314	4fa7b334-ce0d-4e88-aaae-2e0c138d049e	URN:catalog:CLO:EBIRD:OBS1849891193	Animalia	Chordata	Aves	Piciformes	Picidae	Dendrocoptes	Dendrocoptes medius		SPECIES	Dendrocoptes medius (Linnaeus, 1758)	Dendrocoptes medius		CH	Sägelstrasse 5, Goldau CH-SZ 47.04142, 8.57312	Schwyz	PRESENT	1	e2e717bf-551a-4917-bdc9-4fa0f342c530	47.04142	8.573116	NA	NA	NA	NA	NA	NA	2023-10-14	14	10	2023	8773033	8773033	HUMAN_OBSERVATION	CLO	EBIRD	OBS1849891193	NA		NA	CC_BY_4_0		obsr4008372	NA	NA	2026-09-02 06:30:43.102		CONTINENT_DERIVED_FROM_COORDINATES;TAXON_CONCEPT_ID_NOT_FOUND	EOD – eBird Observation Dataset	10.15468/aomfnb
289	2.38135501815874e-314	4fa7b334-ce0d-4e88-aaae-2e0c138d049e	URN:catalog:CLO:EBIRD:OBS1888221456	Animalia	Chordata	Aves	Piciformes	Picidae	Dendrocoptes	Dendrocoptes medius		SPECIES	Dendrocoptes medius (Linnaeus, 1758)	Dendrocoptes medius		CH	Éco-crèche en forêt	Genève	PRESENT	1	e2e717bf-551a-4917-bdc9-4fa0f342c530	46.16028	6.134401	NA	NA	NA	NA	NA	NA	2021-01-07	7	1	2021	8773033	8773033	HUMAN_OBSERVATION	CLO	EBIRD	OBS1888221456	NA		NA	CC_BY_4_0		obsr1078038	NA	NA	2026-09-02 06:29:26.631		CONTINENT_DERIVED_FROM_COORDINATES;TAXON_CONCEPT_ID_NOT_FOUND	EOD – eBird Observation Dataset	10.15468/aomfnb
290	2.38130046441825e-314	4fa7b334-ce0d-4e88-aaae-2e0c138d049e	URN:catalog:CLO:EBIRD:OBS1671996260	Animalia	Chordata	Aves	Piciformes	Picidae	Dendrocoptes	Dendrocoptes medius		SPECIES	Dendrocoptes medius (Linnaeus, 1758)	Dendrocoptes medius		CH	Gmeindholz, Hettlingen	Zürich	PRESENT	1	e2e717bf-551a-4917-bdc9-4fa0f342c530	47.556316	8.702025	NA	NA	NA	NA	NA	NA	2023-04-02	2	4	2023	8773033	8773033	HUMAN_OBSERVATION	CLO	EBIRD	OBS1671996260	NA		NA	CC_BY_4_0		obsr3274226	NA	NA	2026-09-02 06:25:31.943		CONTINENT_DERIVED_FROM_COORDINATES;TAXON_CONCEPT_ID_NOT_FOUND	EOD – eBird Observation Dataset	10.15468/aomfnb
291	2.37961908046902e-314	4fa7b334-ce0d-4e88-aaae-2e0c138d049e	URN:catalog:CLO:EBIRD:OBS1741855582	Animalia	Chordata	Aves	Piciformes	Picidae	Dendrocoptes	Dendrocoptes medius		SPECIES	Dendrocoptes medius (Linnaeus, 1758)	Dendrocoptes medius		CH	Gravière de Colliare	Vaud	PRESENT	1	e2e717bf-551a-4917-bdc9-4fa0f342c530	46.592003	6.535756	NA	NA	NA	NA	NA	NA	2023-05-27	27	5	2023	8773033	8773033	HUMAN_OBSERVATION	CLO	EBIRD	OBS1741855582	NA		NA	CC_BY_4_0		obsr3522880	NA	NA	2026-09-02 06:26:13.584		CONTINENT_DERIVED_FROM_COORDINATES;TAXON_CONCEPT_ID_NOT_FOUND	EOD – eBird Observation Dataset	10.15468/aomfnb
292	2.37658990668275e-314	4fa7b334-ce0d-4e88-aaae-2e0c138d049e	URN:catalog:CLO:EBIRD:OBS1848116644	Animalia	Chordata	Aves	Piciformes	Picidae	Dendrocoptes	Dendrocoptes medius		SPECIES	Dendrocoptes medius (Linnaeus, 1758)	Dendrocoptes medius		CH	Klettgau--Kerngebiet Widen	Schaffhausen	PRESENT	1	e2e717bf-551a-4917-bdc9-4fa0f342c530	47.70133	8.517966	NA	NA	NA	NA	NA	NA	2023-05-27	27	5	2023	8773033	8773033	HUMAN_OBSERVATION	CLO	EBIRD	OBS1848116644	NA		NA	CC_BY_4_0		obsr1938466	NA	NA	2026-09-02 06:25:53.259		CONTINENT_DERIVED_FROM_COORDINATES;TAXON_CONCEPT_ID_NOT_FOUND	EOD – eBird Observation Dataset	10.15468/aomfnb
293	2.37505207795351e-314	4fa7b334-ce0d-4e88-aaae-2e0c138d049e	URN:catalog:CLO:EBIRD:OBS1864181321	Animalia	Chordata	Aves	Piciformes	Picidae	Dendrocoptes	Dendrocoptes medius		SPECIES	Dendrocoptes medius (Linnaeus, 1758)	Dendrocoptes medius		CH	Zullwil--Chatzenflüeli	Solothurn	PRESENT	1	e2e717bf-551a-4917-bdc9-4fa0f342c530	47.390503	7.598477	NA	NA	NA	NA	NA	NA	2023-10-29	29	10	2023	8773033	8773033	HUMAN_OBSERVATION	CLO	EBIRD	OBS1864181321	NA		NA	CC_BY_4_0		obsr4185666	NA	NA	2026-09-02 06:31:33.502		COORDINATE_ROUNDED;CONTINENT_DERIVED_FROM_COORDINATES;TAXON_CONCEPT_ID_NOT_FOUND	EOD – eBird Observation Dataset	10.15468/aomfnb
294	2.37483954128804e-314	4fa7b334-ce0d-4e88-aaae-2e0c138d049e	URN:catalog:CLO:EBIRD:OBS1866763015	Animalia	Chordata	Aves	Piciformes	Picidae	Dendrocoptes	Dendrocoptes medius		SPECIES	Dendrocoptes medius (Linnaeus, 1758)	Dendrocoptes medius		CH	Sempach Allmendwald	Luzern	PRESENT	2	e2e717bf-551a-4917-bdc9-4fa0f342c530	47.124744	8.208053	NA	NA	NA	NA	NA	NA	2023-11-01	1	11	2023	8773033	8773033	HUMAN_OBSERVATION	CLO	EBIRD	OBS1866763015	NA		NA	CC_BY_4_0		obsr200280	NA	NA	2026-09-02 06:25:23.585		CONTINENT_DERIVED_FROM_COORDINATES;TAXON_CONCEPT_ID_NOT_FOUND	EOD – eBird Observation Dataset	10.15468/aomfnb
295	2.37441606971794e-314	4fa7b334-ce0d-4e88-aaae-2e0c138d049e	URN:catalog:CLO:EBIRD:OBS1686241038	Animalia	Chordata	Aves	Piciformes	Picidae	Dendrocoptes	Dendrocoptes medius		SPECIES	Dendrocoptes medius (Linnaeus, 1758)	Dendrocoptes medius		CH	Paradieshof, Binningen	Basel-Landschaft	PRESENT	1	e2e717bf-551a-4917-bdc9-4fa0f342c530	47.533913	7.556447	NA	NA	NA	NA	NA	NA	2023-04-15	15	4	2023	8773033	8773033	HUMAN_OBSERVATION	CLO	EBIRD	OBS1686241038	NA		NA	CC_BY_4_0		obsr2005048	NA	NA	2026-09-02 06:30:30.476		CONTINENT_DERIVED_FROM_COORDINATES;TAXON_CONCEPT_ID_NOT_FOUND	EOD – eBird Observation Dataset	10.15468/aomfnb
296	2.37413185302045e-314	4fa7b334-ce0d-4e88-aaae-2e0c138d049e	URN:catalog:CLO:EBIRD:OBS1653794637	Animalia	Chordata	Aves	Piciformes	Picidae	Dendrocoptes	Dendrocoptes medius		SPECIES	Dendrocoptes medius (Linnaeus, 1758)	Dendrocoptes medius		CH	Herzogenmatten, Binningen, CH-Canton of Basel-Landschaft (47.5356,7.5506)	Basel-Landschaft	PRESENT	1	e2e717bf-551a-4917-bdc9-4fa0f342c530	47.535614	7.550557	NA	NA	NA	NA	NA	NA	2023-03-12	12	3	2023	8773033	8773033	HUMAN_OBSERVATION	CLO	EBIRD	OBS1653794637	NA		NA	CC_BY_4_0		obsr176548	NA	NA	2026-09-02 06:30:11.405		CONTINENT_DERIVED_FROM_COORDINATES;TAXON_CONCEPT_ID_NOT_FOUND	EOD – eBird Observation Dataset	10.15468/aomfnb
297	2.37370764282221e-314	4fa7b334-ce0d-4e88-aaae-2e0c138d049e	URN:catalog:CLO:EBIRD:OBS1889116838	Animalia	Chordata	Aves	Piciformes	Picidae	Dendrocoptes	Dendrocoptes medius		SPECIES	Dendrocoptes medius (Linnaeus, 1758)	Dendrocoptes medius		CH	Home	Basel-Landschaft	PRESENT	1	e2e717bf-551a-4917-bdc9-4fa0f342c530	47.504196	7.525801	NA	NA	NA	NA	NA	NA	2023-12-03	3	12	2023	8773033	8773033	HUMAN_OBSERVATION	CLO	EBIRD	OBS1889116838	NA		NA	CC_BY_4_0		obsr2893259	NA	NA	2026-09-02 06:25:48.837		CONTINENT_DERIVED_FROM_COORDINATES;TAXON_CONCEPT_ID_NOT_FOUND	EOD – eBird Observation Dataset	10.15468/aomfnb
298	2.37307856533953e-314	4fa7b334-ce0d-4e88-aaae-2e0c138d049e	URN:catalog:CLO:EBIRD:OBS1806830917	Animalia	Chordata	Aves	Piciformes	Picidae	Dendrocoptes	Dendrocoptes medius		SPECIES	Dendrocoptes medius (Linnaeus, 1758)	Dendrocoptes medius		CH	La Vue-des-Alpes	Neuchâtel	PRESENT	1	e2e717bf-551a-4917-bdc9-4fa0f342c530	47.08257	6.903071	NA	NA	NA	NA	NA	NA	2023-08-13	13	8	2023	8773033	8773033	HUMAN_OBSERVATION	CLO	EBIRD	OBS1806830917	NA		NA	CC_BY_4_0		obsr3217623	NA	NA	2026-09-02 06:26:29.104		CONTINENT_DERIVED_FROM_COORDINATES;TAXON_CONCEPT_ID_NOT_FOUND	EOD – eBird Observation Dataset	10.15468/aomfnb
299	2.37293838508196e-314	4fa7b334-ce0d-4e88-aaae-2e0c138d049e	URN:catalog:CLO:EBIRD:OBS1659361716	Animalia	Chordata	Aves	Piciformes	Picidae	Dendrocoptes	Dendrocoptes medius		SPECIES	Dendrocoptes medius (Linnaeus, 1758)	Dendrocoptes medius		CH	Lindenweg Backyard, Basel	Basel-Stadt	PRESENT	1	e2e717bf-551a-4917-bdc9-4fa0f342c530	47.55155	7.606237	NA	NA	NA	NA	NA	NA	2023-03-18	18	3	2023	8773033	8773033	HUMAN_OBSERVATION	CLO	EBIRD	OBS1659361716	NA		NA	CC_BY_4_0		obsr2005048	NA	NA	2026-09-02 06:28:51.291		CONTINENT_DERIVED_FROM_COORDINATES;TAXON_CONCEPT_ID_NOT_FOUND	EOD – eBird Observation Dataset	10.15468/aomfnb
300	2.37202678208849e-314	4fa7b334-ce0d-4e88-aaae-2e0c138d049e	URN:catalog:CLO:EBIRD:OBS1861493909	Animalia	Chordata	Aves	Piciformes	Picidae	Dendrocoptes	Dendrocoptes medius		SPECIES	Dendrocoptes medius (Linnaeus, 1758)	Dendrocoptes medius		CH	Birsfelder Stau--Biotop Am Stausee	Basel-Landschaft	PRESENT	1	e2e717bf-551a-4917-bdc9-4fa0f342c530	47.557865	7.629329	NA	NA	NA	NA	NA	NA	2023-10-28	28	10	2023	8773033	8773033	HUMAN_OBSERVATION	CLO	EBIRD	OBS1861493909	NA		NA	CC_BY_4_0		obsr2904442	NA	NA	2026-09-02 06:30:35.849		CONTINENT_DERIVED_FROM_COORDINATES;TAXON_CONCEPT_ID_NOT_FOUND	EOD – eBird Observation Dataset	10.15468/aomfnb
301	2.37078940357166e-314	4fa7b334-ce0d-4e88-aaae-2e0c138d049e	URN:catalog:CLO:EBIRD:OBS1858233090	Animalia	Chordata	Aves	Piciformes	Picidae	Dendrocoptes	Dendrocoptes medius		SPECIES	Dendrocoptes medius (Linnaeus, 1758)	Dendrocoptes medius		CH	Route de la Vallée, Cossonay, Vaud, CH (46.617, 6.491)	Vaud	PRESENT	1	e2e717bf-551a-4917-bdc9-4fa0f342c530	46.617443	6.491192	NA	NA	NA	NA	NA	NA	2023-10-22	22	10	2023	8773033	8773033	HUMAN_OBSERVATION	CLO	EBIRD	OBS1858233090	NA		NA	CC_BY_4_0		obsr3765272	NA	NA	2026-09-02 06:30:57.546		CONTINENT_DERIVED_FROM_COORDINATES;TAXON_CONCEPT_ID_NOT_FOUND	EOD – eBird Observation Dataset	10.15468/aomfnb
302	2.37062087432141e-314	4fa7b334-ce0d-4e88-aaae-2e0c138d049e	URN:catalog:CLO:EBIRD:OBS1672054121	Animalia	Chordata	Aves	Piciformes	Picidae	Dendrocoptes	Dendrocoptes medius		SPECIES	Dendrocoptes medius (Linnaeus, 1758)	Dendrocoptes medius		CH	CH-Rheinfelder Wäldchen (Eingang: Weiherhaldenweg)	Aargau	PRESENT	1	e2e717bf-551a-4917-bdc9-4fa0f342c530	47.544044	7.760309	NA	NA	NA	NA	NA	NA	2023-04-02	2	4	2023	8773033	8773033	HUMAN_OBSERVATION	CLO	EBIRD	OBS1672054121	NA		NA	CC_BY_4_0		obsr2419400	NA	NA	2026-09-02 06:27:49.282		CONTINENT_DERIVED_FROM_COORDINATES;TAXON_CONCEPT_ID_NOT_FOUND	EOD – eBird Observation Dataset	10.15468/aomfnb
303	2.36858715338563e-314	4fa7b334-ce0d-4e88-aaae-2e0c138d049e	URN:catalog:CLO:EBIRD:OBS1659464039	Animalia	Chordata	Aves	Piciformes	Picidae	Dendrocoptes	Dendrocoptes medius		SPECIES	Dendrocoptes medius (Linnaeus, 1758)	Dendrocoptes medius		CH	Schlatt, Schaaren	Thurgau	PRESENT	2	e2e717bf-551a-4917-bdc9-4fa0f342c530	47.692337	8.690572	NA	NA	NA	NA	NA	NA	2023-03-19	19	3	2023	8773033	8773033	HUMAN_OBSERVATION	CLO	EBIRD	OBS1659464039	NA		NA	CC_BY_4_0		obsr457108	NA	NA	2026-09-02 06:26:40.482		CONTINENT_DERIVED_FROM_COORDINATES;TAXON_CONCEPT_ID_NOT_FOUND	EOD – eBird Observation Dataset	10.15468/aomfnb
304	2.36795290748223e-314	4fa7b334-ce0d-4e88-aaae-2e0c138d049e	URN:catalog:CLO:EBIRD:OBS1673294940	Animalia	Chordata	Aves	Piciformes	Picidae	Dendrocoptes	Dendrocoptes medius		SPECIES	Dendrocoptes medius (Linnaeus, 1758)	Dendrocoptes medius		CH	Bois près de Jardin Botanique	Neuchâtel	PRESENT	2	e2e717bf-551a-4917-bdc9-4fa0f342c530	47.005264	6.935178	NA	NA	NA	NA	NA	NA	2023-04-02	2	4	2023	8773033	8773033	HUMAN_OBSERVATION	CLO	EBIRD	OBS1673294940	NA		NA	CC_BY_4_0		obsr2220762	NA	NA	2026-09-02 06:28:24.784		CONTINENT_DERIVED_FROM_COORDINATES;TAXON_CONCEPT_ID_NOT_FOUND	EOD – eBird Observation Dataset	10.15468/aomfnb
305	2.3671685545543e-314	4fa7b334-ce0d-4e88-aaae-2e0c138d049e	URN:catalog:CLO:EBIRD:OBS1674361751	Animalia	Chordata	Aves	Piciformes	Picidae	Dendrocoptes	Dendrocoptes medius		SPECIES	Dendrocoptes medius (Linnaeus, 1758)	Dendrocoptes medius		CH	Hirschenbach	Zürich	PRESENT	1	e2e717bf-551a-4917-bdc9-4fa0f342c530	47.322952	8.45419	NA	NA	NA	NA	NA	NA	2023-04-04	4	4	2023	8773033	8773033	HUMAN_OBSERVATION	CLO	EBIRD	OBS1674361751	NA		NA	CC_BY_4_0		obsr1501634	NA	NA	2026-09-02 06:25:09.314		CONTINENT_DERIVED_FROM_COORDINATES;TAXON_CONCEPT_ID_NOT_FOUND	EOD – eBird Observation Dataset	10.15468/aomfnb
306	2.36702628291686e-314	4fa7b334-ce0d-4e88-aaae-2e0c138d049e	URN:catalog:CLO:EBIRD:OBS1821518300	Animalia	Chordata	Aves	Piciformes	Picidae	Dendrocoptes	Dendrocoptes medius		SPECIES	Dendrocoptes medius (Linnaeus, 1758)	Dendrocoptes medius		CH	Embouchure du Grand Canal (Réserve des Grangettes), Noville (Lac Léman)	Vaud	PRESENT	1	e2e717bf-551a-4917-bdc9-4fa0f342c530	46.39662	6.888363	NA	NA	NA	NA	NA	NA	2023-09-08	8	9	2023	8773033	8773033	HUMAN_OBSERVATION	CLO	EBIRD	OBS1821518300	NA		NA	CC_BY_4_0		obsr285657	NA	NA	2026-09-02 06:29:22.557		CONTINENT_DERIVED_FROM_COORDINATES;TAXON_CONCEPT_ID_NOT_FOUND	EOD – eBird Observation Dataset	10.15468/aomfnb
307	2.36639400537099e-314	4fa7b334-ce0d-4e88-aaae-2e0c138d049e	URN:catalog:CLO:EBIRD:OBS1623524536	Animalia	Chordata	Aves	Piciformes	Picidae	Dendrocoptes	Dendrocoptes medius		SPECIES	Dendrocoptes medius (Linnaeus, 1758)	Dendrocoptes medius		CH	Lac des Vernes	Genève	PRESENT	1	e2e717bf-551a-4917-bdc9-4fa0f342c530	46.2355	6.074388	NA	NA	NA	NA	NA	NA	2023-02-05	5	2	2023	8773033	8773033	HUMAN_OBSERVATION	CLO	EBIRD	OBS1623524536	NA		NA	CC_BY_4_0		obsr2929126	NA	NA	2026-09-02 06:26:58.091		CONTINENT_DERIVED_FROM_COORDINATES;TAXON_CONCEPT_ID_NOT_FOUND	EOD – eBird Observation Dataset	10.15468/aomfnb
308	2.36510029151296e-314	4fa7b334-ce0d-4e88-aaae-2e0c138d049e	URN:catalog:CLO:EBIRD:OBS1668447780	Animalia	Chordata	Aves	Piciformes	Picidae	Dendrocoptes	Dendrocoptes medius		SPECIES	Dendrocoptes medius (Linnaeus, 1758)	Dendrocoptes medius		CH	13 Oberdorf, Stammheim, Zürich, CH (47.641, 8.793)	Zürich	PRESENT	1	e2e717bf-551a-4917-bdc9-4fa0f342c530	47.64093	8.792521	NA	NA	NA	NA	NA	NA	2023-03-29	29	3	2023	8773033	8773033	HUMAN_OBSERVATION	CLO	EBIRD	OBS1668447780	NA		NA	CC_BY_4_0		obsr1109461	NA	NA	2026-09-02 06:26:17.687		COORDINATE_ROUNDED;CONTINENT_DERIVED_FROM_COORDINATES;TAXON_CONCEPT_ID_NOT_FOUND	EOD – eBird Observation Dataset	10.15468/aomfnb
309	2.36482639485868e-314	4fa7b334-ce0d-4e88-aaae-2e0c138d049e	URN:catalog:CLO:EBIRD:OBS1702088389	Animalia	Chordata	Aves	Piciformes	Picidae	Dendrocoptes	Dendrocoptes medius		SPECIES	Dendrocoptes medius (Linnaeus, 1758)	Dendrocoptes medius		CH	Jehanne-de-Hochberg | CH-NE	Neuchâtel	PRESENT	1	e2e717bf-551a-4917-bdc9-4fa0f342c530	46.990986	6.922004	NA	NA	NA	NA	NA	NA	2023-04-25	25	4	2023	8773033	8773033	HUMAN_OBSERVATION	CLO	EBIRD	OBS1702088389	NA		NA	CC_BY_4_0		obsr3217623	NA	NA	2026-09-02 06:31:58.818		COORDINATE_ROUNDED;CONTINENT_DERIVED_FROM_COORDINATES;TAXON_CONCEPT_ID_NOT_FOUND	EOD – eBird Observation Dataset	10.15468/aomfnb
310	2.36463825021415e-314	4fa7b334-ce0d-4e88-aaae-2e0c138d049e	URN:catalog:CLO:EBIRD:OBS1651502894	Animalia	Chordata	Aves	Piciformes	Picidae	Dendrocoptes	Dendrocoptes medius		SPECIES	Dendrocoptes medius (Linnaeus, 1758)	Dendrocoptes medius		CH	2512, Tüscherz-Alfermée CH-Bern (47.1259,7.2024)	Bern	PRESENT	2	e2e717bf-551a-4917-bdc9-4fa0f342c530	47.125877	7.202436	NA	NA	NA	NA	NA	NA	2023-03-09	9	3	2023	8773033	8773033	HUMAN_OBSERVATION	CLO	EBIRD	OBS1651502894	NA		NA	CC_BY_4_0		obsr1163993	NA	NA	2026-09-02 06:26:35.51		CONTINENT_DERIVED_FROM_COORDINATES;TAXON_CONCEPT_ID_NOT_FOUND	EOD – eBird Observation Dataset	10.15468/aomfnb
311	2.36414972946705e-314	4fa7b334-ce0d-4e88-aaae-2e0c138d049e	URN:catalog:CLO:EBIRD:OBS1645838150	Animalia	Chordata	Aves	Piciformes	Picidae	Dendrocoptes	Dendrocoptes medius		SPECIES	Dendrocoptes medius (Linnaeus, 1758)	Dendrocoptes medius		CH	Hof Morbach, Erschwil, Solothurn, CH (47.37, 7.551)	Solothurn	PRESENT	1	e2e717bf-551a-4917-bdc9-4fa0f342c530	47.370384	7.551193	NA	NA	NA	NA	NA	NA	2023-03-02	2	3	2023	8773033	8773033	HUMAN_OBSERVATION	CLO	EBIRD	OBS1645838150	NA		NA	CC_BY_4_0		obsr2667350	NA	NA	2026-09-02 06:32:08.282		CONTINENT_DERIVED_FROM_COORDINATES;TAXON_CONCEPT_ID_NOT_FOUND	EOD – eBird Observation Dataset	10.15468/aomfnb
312	2.36340991359271e-314	4fa7b334-ce0d-4e88-aaae-2e0c138d049e	URN:catalog:CLO:EBIRD:OBS1841928868	Animalia	Chordata	Aves	Piciformes	Picidae	Dendrocoptes	Dendrocoptes medius		SPECIES	Dendrocoptes medius (Linnaeus, 1758)	Dendrocoptes medius		CH	Steinacher Bucht* general (use more precise loc.)	Sankt Gallen	PRESENT	1	e2e717bf-551a-4917-bdc9-4fa0f342c530	47.509895	9.444723	NA	NA	NA	NA	NA	NA	2018-10-03	3	10	2018	8773033	8773033	HUMAN_OBSERVATION	CLO	EBIRD	OBS1841928868	NA		NA	CC_BY_4_0		obsr1540565	NA	NA	2026-09-02 06:29:33.648		CONTINENT_DERIVED_FROM_COORDINATES;TAXON_CONCEPT_ID_NOT_FOUND	EOD – eBird Observation Dataset	10.15468/aomfnb
313	2.36240176819578e-314	4fa7b334-ce0d-4e88-aaae-2e0c138d049e	URN:catalog:CLO:EBIRD:OBS1807779769	Animalia	Chordata	Aves	Piciformes	Picidae	Dendrocoptes	Dendrocoptes medius		SPECIES	Dendrocoptes medius (Linnaeus, 1758)	Dendrocoptes medius		CH	Zürich--Werdinsel & Werdhölzli	Zürich	PRESENT	1	e2e717bf-551a-4917-bdc9-4fa0f342c530	47.403236	8.480085	NA	NA	NA	NA	NA	NA	2023-08-20	20	8	2023	8773033	8773033	HUMAN_OBSERVATION	CLO	EBIRD	OBS1807779769	NA		NA	CC_BY_4_0		obsr615394	NA	NA	2026-09-02 06:25:10.636		CONTINENT_DERIVED_FROM_COORDINATES;TAXON_CONCEPT_ID_NOT_FOUND	EOD – eBird Observation Dataset	10.15468/aomfnb
314	2.36239795845558e-314	4fa7b334-ce0d-4e88-aaae-2e0c138d049e	URN:catalog:CLO:EBIRD:OBS1802182833	Animalia	Chordata	Aves	Piciformes	Picidae	Dendrocoptes	Dendrocoptes medius		SPECIES	Dendrocoptes medius (Linnaeus, 1758)	Dendrocoptes medius		CH	Tierpark	Basel-Stadt	PRESENT	1	e2e717bf-551a-4917-bdc9-4fa0f342c530	47.57421	7.607775	NA	NA	NA	NA	NA	NA	2023-08-12	12	8	2023	8773033	8773033	HUMAN_OBSERVATION	CLO	EBIRD	OBS1802182833	NA		NA	CC_BY_4_0		obsr1323769	NA	NA	2026-09-02 06:31:50.976		COORDINATE_ROUNDED;CONTINENT_DERIVED_FROM_COORDINATES;TAXON_CONCEPT_ID_NOT_FOUND	EOD – eBird Observation Dataset	10.15468/aomfnb
315	2.3614723076936e-314	4fa7b334-ce0d-4e88-aaae-2e0c138d049e	URN:catalog:CLO:EBIRD:OBS1685596724	Animalia	Chordata	Aves	Piciformes	Picidae	Dendrocoptes	Dendrocoptes medius		SPECIES	Dendrocoptes medius (Linnaeus, 1758)	Dendrocoptes medius		CH	Melchersgrabenweg, Dornach CH-SO (47.4718,7.6149)	Solothurn	PRESENT	1	e2e717bf-551a-4917-bdc9-4fa0f342c530	47.471806	7.61493	NA	NA	NA	NA	NA	NA	2023-04-15	15	4	2023	8773033	8773033	HUMAN_OBSERVATION	CLO	EBIRD	OBS1685596724	NA		NA	CC_BY_4_0		obsr3744231	NA	NA	2026-09-02 06:26:16.284		CONTINENT_DERIVED_FROM_COORDINATES;TAXON_CONCEPT_ID_NOT_FOUND	EOD – eBird Observation Dataset	10.15468/aomfnb
316	2.35746784041739e-314	4fa7b334-ce0d-4e88-aaae-2e0c138d049e	URN:catalog:CLO:EBIRD:OBS1660395858	Animalia	Chordata	Aves	Piciformes	Picidae	Dendrocoptes	Dendrocoptes medius		SPECIES	Dendrocoptes medius (Linnaeus, 1758)	Dendrocoptes medius		CH	Altherr-Terrasse	Zürich	PRESENT	1	e2e717bf-551a-4917-bdc9-4fa0f342c530	47.39519	8.552355	NA	NA	NA	NA	NA	NA	2023-03-20	20	3	2023	8773033	8773033	HUMAN_OBSERVATION	CLO	EBIRD	OBS1660395858	NA		NA	CC_BY_4_0		obsr615394	NA	NA	2026-09-02 06:26:28.419		CONTINENT_DERIVED_FROM_COORDINATES;TAXON_CONCEPT_ID_NOT_FOUND	EOD – eBird Observation Dataset	10.15468/aomfnb
317	2.3562796520644e-314	4fa7b334-ce0d-4e88-aaae-2e0c138d049e	URN:catalog:CLO:EBIRD:OBS1763640882	Animalia	Chordata	Aves	Piciformes	Picidae	Dendrocoptes	Dendrocoptes medius		SPECIES	Dendrocoptes medius (Linnaeus, 1758)	Dendrocoptes medius		CH	Reppischtal/Waffenplatz	Zürich	PRESENT	1	e2e717bf-551a-4917-bdc9-4fa0f342c530	47.358273	8.42798	NA	NA	NA	NA	NA	NA	2023-06-19	19	6	2023	8773033	8773033	HUMAN_OBSERVATION	CLO	EBIRD	OBS1763640882	NA		NA	CC_BY_4_0		obsr733835	NA	NA	2026-09-02 06:29:34.009		CONTINENT_DERIVED_FROM_COORDINATES;TAXON_CONCEPT_ID_NOT_FOUND	EOD – eBird Observation Dataset	10.15468/aomfnb
318	2.35535459319306e-314	4fa7b334-ce0d-4e88-aaae-2e0c138d049e	URN:catalog:CLO:EBIRD:OBS1642473606	Animalia	Chordata	Aves	Piciformes	Picidae	Dendrocoptes	Dendrocoptes medius		SPECIES	Dendrocoptes medius (Linnaeus, 1758)	Dendrocoptes medius		CH	Leugene, Pieterlen BE CH-Bern 47.17122, 7.36593	Bern	PRESENT	1	e2e717bf-551a-4917-bdc9-4fa0f342c530	47.17122	7.365928	NA	NA	NA	NA	NA	NA	2023-02-26	26	2	2023	8773033	8773033	HUMAN_OBSERVATION	CLO	EBIRD	OBS1642473606	NA		NA	CC_BY_4_0		obsr1622687	NA	NA	2026-09-02 06:31:07.243		CONTINENT_DERIVED_FROM_COORDINATES;TAXON_CONCEPT_ID_NOT_FOUND	EOD – eBird Observation Dataset	10.15468/aomfnb
319	2.35520188244259e-314	4fa7b334-ce0d-4e88-aaae-2e0c138d049e	URN:catalog:CLO:EBIRD:OBS1773411061	Animalia	Chordata	Aves	Piciformes	Picidae	Dendrocoptes	Dendrocoptes medius		SPECIES	Dendrocoptes medius (Linnaeus, 1758)	Dendrocoptes medius		CH	Halmet, 4312, Magden CH-AG 47.51481, 7.79910	Aargau	PRESENT	2	e2e717bf-551a-4917-bdc9-4fa0f342c530	47.514812	7.7991	NA	NA	NA	NA	NA	NA	2023-07-02	2	7	2023	8773033	8773033	HUMAN_OBSERVATION	CLO	EBIRD	OBS1773411061	NA		NA	CC_BY_4_0		obsr407714	NA	NA	2026-09-02 06:31:46.602		CONTINENT_DERIVED_FROM_COORDINATES;TAXON_CONCEPT_ID_NOT_FOUND	EOD – eBird Observation Dataset	10.15468/aomfnb
320	2.35354076308988e-314	4fa7b334-ce0d-4e88-aaae-2e0c138d049e	URN:catalog:CLO:EBIRD:OBS1601333120	Animalia	Chordata	Aves	Piciformes	Picidae	Dendrocoptes	Dendrocoptes medius		SPECIES	Dendrocoptes medius (Linnaeus, 1758)	Dendrocoptes medius		CH	bout-du-monde	Genève	PRESENT	1	e2e717bf-551a-4917-bdc9-4fa0f342c530	46.1809	6.155605	NA	NA	NA	NA	NA	NA	2023-01-08	8	1	2023	8773033	8773033	HUMAN_OBSERVATION	CLO	EBIRD	OBS1601333120	NA		NA	CC_BY_4_0		obsr495297	NA	NA	2026-09-02 06:31:22.339		COORDINATE_ROUNDED;CONTINENT_DERIVED_FROM_COORDINATES;TAXON_CONCEPT_ID_NOT_FOUND	EOD – eBird Observation Dataset	10.15468/aomfnb
321	2.34926997911453e-314	4fa7b334-ce0d-4e88-aaae-2e0c138d049e	URN:catalog:CLO:EBIRD:OBS1896168849	Animalia	Chordata	Aves	Piciformes	Picidae	Dendrocoptes	Dendrocoptes medius		SPECIES	Dendrocoptes medius (Linnaeus, 1758)	Dendrocoptes medius		CH	Möhlin -- Rhein	Aargau	PRESENT	1	e2e717bf-551a-4917-bdc9-4fa0f342c530	47.57833	7.846896	NA	NA	NA	NA	NA	NA	2017-12-17	17	12	2017	8773033	8773033	HUMAN_OBSERVATION	CLO	EBIRD	OBS1896168849	NA		NA	CC_BY_4_0		obsr1391140	NA	NA	2026-09-02 06:31:30.923		COORDINATE_ROUNDED;CONTINENT_DERIVED_FROM_COORDINATES;TAXON_CONCEPT_ID_NOT_FOUND	EOD – eBird Observation Dataset	10.15468/aomfnb
322	2.34600903172282e-314	4fa7b334-ce0d-4e88-aaae-2e0c138d049e	URN:catalog:CLO:EBIRD:OBS1930391291	Animalia	Chordata	Aves	Piciformes	Picidae	Dendrocoptes	Dendrocoptes medius		SPECIES	Dendrocoptes medius (Linnaeus, 1758)	Dendrocoptes medius		CH	Rouges-Terres	Jura	PRESENT	1	e2e717bf-551a-4917-bdc9-4fa0f342c530	47.494	7.00355	NA	NA	NA	NA	NA	NA	2022-06-27	27	6	2022	8773033	8773033	HUMAN_OBSERVATION	CLO	EBIRD	OBS1930391291	NA		NA	CC_BY_4_0		obsr4664760	NA	NA	2026-09-02 06:26:06.358		CONTINENT_DERIVED_FROM_COORDINATES;TAXON_CONCEPT_ID_NOT_FOUND	EOD – eBird Observation Dataset	10.15468/aomfnb
323	2.34540839463497e-314	4fa7b334-ce0d-4e88-aaae-2e0c138d049e	URN:catalog:CLO:EBIRD:OBS1883260030	Animalia	Chordata	Aves	Piciformes	Picidae	Dendrocoptes	Dendrocoptes medius		SPECIES	Dendrocoptes medius (Linnaeus, 1758)	Dendrocoptes medius		CH	16 Passwangstrasse, Erschwil, Solothurn, CH (47.369, 7.542)	Solothurn	PRESENT	1	e2e717bf-551a-4917-bdc9-4fa0f342c530	47.369408	7.541834	NA	NA	NA	NA	NA	NA	2023-11-25	25	11	2023	8773033	8773033	HUMAN_OBSERVATION	CLO	EBIRD	OBS1883260030	NA		NA	CC_BY_4_0		obsr2667350	NA	NA	2026-09-02 06:27:38.555		CONTINENT_DERIVED_FROM_COORDINATES;TAXON_CONCEPT_ID_NOT_FOUND	EOD – eBird Observation Dataset	10.15468/aomfnb
324	2.34339521299622e-314	4fa7b334-ce0d-4e88-aaae-2e0c138d049e	URN:catalog:CLO:EBIRD:OBS1899863846	Animalia	Chordata	Aves	Piciformes	Picidae	Dendrocoptes	Dendrocoptes medius		SPECIES	Dendrocoptes medius (Linnaeus, 1758)	Dendrocoptes medius		CH	Steinach Delta und Weidpark	Sankt Gallen	PRESENT	1	e2e717bf-551a-4917-bdc9-4fa0f342c530	47.50347	9.446948	NA	NA	NA	NA	NA	NA	2023-12-17	17	12	2023	8773033	8773033	HUMAN_OBSERVATION	CLO	EBIRD	OBS1899863846	NA		NA	CC_BY_4_0		obsr808609	NA	NA	2026-09-02 06:27:14.997		CONTINENT_DERIVED_FROM_COORDINATES;TAXON_CONCEPT_ID_NOT_FOUND	EOD – eBird Observation Dataset	10.15468/aomfnb
325	2.34242600441877e-314	4fa7b334-ce0d-4e88-aaae-2e0c138d049e	URN:catalog:CLO:EBIRD:OBS1898269467	Animalia	Chordata	Aves	Piciformes	Picidae	Dendrocoptes	Dendrocoptes medius		SPECIES	Dendrocoptes medius (Linnaeus, 1758)	Dendrocoptes medius		CH	Céligny	Genève	PRESENT	1	e2e717bf-551a-4917-bdc9-4fa0f342c530	46.34916	6.19978	NA	NA	NA	NA	NA	NA	2023-12-16	16	12	2023	8773033	8773033	HUMAN_OBSERVATION	CLO	EBIRD	OBS1898269467	NA		NA	CC_BY_4_0		obsr211904	NA	NA	2026-09-02 06:28:39.019		COORDINATE_ROUNDED;CONTINENT_DERIVED_FROM_COORDINATES;TAXON_CONCEPT_ID_NOT_FOUND	EOD – eBird Observation Dataset	10.15468/aomfnb
326	2.34204887768845e-314	4fa7b334-ce0d-4e88-aaae-2e0c138d049e	URN:catalog:CLO:EBIRD:OBS1847507226	Animalia	Chordata	Aves	Piciformes	Picidae	Dendrocoptes	Dendrocoptes medius		SPECIES	Dendrocoptes medius (Linnaeus, 1758)	Dendrocoptes medius		CH	Forêt de Veytay	Vaud	PRESENT	1	e2e717bf-551a-4917-bdc9-4fa0f342c530	46.302425	6.15552	NA	NA	NA	NA	NA	NA	2023-10-11	11	10	2023	8773033	8773033	HUMAN_OBSERVATION	CLO	EBIRD	OBS1847507226	NA		NA	CC_BY_4_0		obsr507651	NA	NA	2026-09-02 06:29:32.781		COORDINATE_ROUNDED;CONTINENT_DERIVED_FROM_COORDINATES;TAXON_CONCEPT_ID_NOT_FOUND	EOD – eBird Observation Dataset	10.15468/aomfnb
327	2.33702293166573e-314	4fa7b334-ce0d-4e88-aaae-2e0c138d049e	URN:catalog:CLO:EBIRD:OBS1704373404	Animalia	Chordata	Aves	Piciformes	Picidae	Dendrocoptes	Dendrocoptes medius		SPECIES	Dendrocoptes medius (Linnaeus, 1758)	Dendrocoptes medius		CH	Bois de la Feuillée	Genève	PRESENT	1	e2e717bf-551a-4917-bdc9-4fa0f342c530	46.15862	6.05135	NA	NA	NA	NA	NA	NA	2023-04-21	21	4	2023	8773033	8773033	HUMAN_OBSERVATION	CLO	EBIRD	OBS1704373404	NA		NA	CC_BY_4_0		obsr1683210	NA	NA	2026-09-02 06:27:39.615		COORDINATE_ROUNDED;CONTINENT_DERIVED_FROM_COORDINATES;TAXON_CONCEPT_ID_NOT_FOUND	EOD – eBird Observation Dataset	10.15468/aomfnb
328	2.33499360000914e-314	4fa7b334-ce0d-4e88-aaae-2e0c138d049e	URN:catalog:CLO:EBIRD:OBS1672084568	Animalia	Chordata	Aves	Piciformes	Picidae	Dendrocoptes	Dendrocoptes medius		SPECIES	Dendrocoptes medius (Linnaeus, 1758)	Dendrocoptes medius		CH	Riedgraben NSR, Büsserach, Solothurn, CH (47.398, 7.557)	Solothurn	PRESENT	1	e2e717bf-551a-4917-bdc9-4fa0f342c530	47.398033	7.557082	NA	NA	NA	NA	NA	NA	2023-04-02	2	4	2023	8773033	8773033	HUMAN_OBSERVATION	CLO	EBIRD	OBS1672084568	NA		NA	CC_BY_4_0		obsr2667350	NA	NA	2026-09-02 06:29:43.028		CONTINENT_DERIVED_FROM_COORDINATES;TAXON_CONCEPT_ID_NOT_FOUND	EOD – eBird Observation Dataset	10.15468/aomfnb
329	2.33119831765706e-314	4fa7b334-ce0d-4e88-aaae-2e0c138d049e	URN:catalog:CLO:EBIRD:OBS1672074573	Animalia	Chordata	Aves	Piciformes	Picidae	Dendrocoptes	Dendrocoptes medius		SPECIES	Dendrocoptes medius (Linnaeus, 1758)	Dendrocoptes medius		CH	Riedgraben NSG, 4227, Büsserach CH-SO (47.3980,7.5	Solothurn	PRESENT	1	e2e717bf-551a-4917-bdc9-4fa0f342c530	47.39798	7.556989	NA	NA	NA	NA	NA	NA	2023-04-02	2	4	2023	8773033	8773033	HUMAN_OBSERVATION	CLO	EBIRD	OBS1672074573	NA		NA	CC_BY_4_0		obsr3651904	NA	NA	2026-09-02 06:30:16.116		CONTINENT_DERIVED_FROM_COORDINATES;TAXON_CONCEPT_ID_NOT_FOUND	EOD – eBird Observation Dataset	10.15468/aomfnb
330	2.33100727927004e-314	4fa7b334-ce0d-4e88-aaae-2e0c138d049e	URN:catalog:CLO:EBIRD:OBS1654899721	Animalia	Chordata	Aves	Piciformes	Picidae	Dendrocoptes	Dendrocoptes medius		SPECIES	Dendrocoptes medius (Linnaeus, 1758)	Dendrocoptes medius		CH	36 Oberer Heuelsteig, Zürich, Zürich, CH (47,367, 8,573)	Zürich	PRESENT	2	e2e717bf-551a-4917-bdc9-4fa0f342c530	47.366886	8.573162	NA	NA	NA	NA	NA	NA	2023-03-13	13	3	2023	8773033	8773033	HUMAN_OBSERVATION	CLO	EBIRD	OBS1654899721	NA		NA	CC_BY_4_0		obsr2298533	NA	NA	2026-09-02 06:30:22.821		CONTINENT_DERIVED_FROM_COORDINATES;TAXON_CONCEPT_ID_NOT_FOUND	EOD – eBird Observation Dataset	10.15468/aomfnb
331	2.32954952376002e-314	4fa7b334-ce0d-4e88-aaae-2e0c138d049e	URN:catalog:CLO:EBIRD:OBS1657657562	Animalia	Chordata	Aves	Piciformes	Picidae	Dendrocoptes	Dendrocoptes medius		SPECIES	Dendrocoptes medius (Linnaeus, 1758)	Dendrocoptes medius		CH	St. Alban Tor Park	Basel-Stadt	PRESENT	1	e2e717bf-551a-4917-bdc9-4fa0f342c530	47.553112	7.604084	NA	NA	NA	NA	NA	NA	2023-03-17	17	3	2023	8773033	8773033	HUMAN_OBSERVATION	CLO	EBIRD	OBS1657657562	NA		NA	CC_BY_4_0		obsr2005048	NA	NA	2026-09-02 06:28:23.501		CONTINENT_DERIVED_FROM_COORDINATES;TAXON_CONCEPT_ID_NOT_FOUND	EOD – eBird Observation Dataset	10.15468/aomfnb
332	2.32911393127743e-314	4fa7b334-ce0d-4e88-aaae-2e0c138d049e	URN:catalog:CLO:EBIRD:OBS1842240714	Animalia	Chordata	Aves	Piciformes	Picidae	Dendrocoptes	Dendrocoptes medius		SPECIES	Dendrocoptes medius (Linnaeus, 1758)	Dendrocoptes medius		CH	Stille Reuss	Aargau	PRESENT	1	e2e717bf-551a-4917-bdc9-4fa0f342c530	47.31484	8.367805	NA	NA	NA	NA	NA	NA	2023-10-04	4	10	2023	8773033	8773033	HUMAN_OBSERVATION	CLO	EBIRD	OBS1842240714	NA		NA	CC_BY_4_0		obsr1473331	NA	NA	2026-09-02 06:27:39.895		COORDINATE_ROUNDED;CONTINENT_DERIVED_FROM_COORDINATES;TAXON_CONCEPT_ID_NOT_FOUND	EOD – eBird Observation Dataset	10.15468/aomfnb
333	2.32891155210758e-314	4fa7b334-ce0d-4e88-aaae-2e0c138d049e	URN:catalog:CLO:EBIRD:OBS1816120017	Animalia	Chordata	Aves	Piciformes	Picidae	Dendrocoptes	Dendrocoptes medius		SPECIES	Dendrocoptes medius (Linnaeus, 1758)	Dendrocoptes medius		CH	Wölflinswilerstrasse, Wölflinswil CH-AG 47.45381, 7.97655	Aargau	PRESENT	1	e2e717bf-551a-4917-bdc9-4fa0f342c530	47.45381	7.976547	NA	NA	NA	NA	NA	NA	2023-09-01	1	9	2023	8773033	8773033	HUMAN_OBSERVATION	CLO	EBIRD	OBS1816120017	NA		NA	CC_BY_4_0		obsr407714	NA	NA	2026-09-02 06:26:00.136		CONTINENT_DERIVED_FROM_COORDINATES;TAXON_CONCEPT_ID_NOT_FOUND	EOD – eBird Observation Dataset	10.15468/aomfnb
334	2.32809665060671e-314	4fa7b334-ce0d-4e88-aaae-2e0c138d049e	URN:catalog:CLO:EBIRD:OBS1648628630	Animalia	Chordata	Aves	Piciformes	Picidae	Dendrocoptes	Dendrocoptes medius		SPECIES	Dendrocoptes medius (Linnaeus, 1758)	Dendrocoptes medius		CH	Leuenchopf	Zürich	PRESENT	1	e2e717bf-551a-4917-bdc9-4fa0f342c530	47.56011	8.451039	NA	NA	NA	NA	NA	NA	2023-03-05	5	3	2023	8773033	8773033	HUMAN_OBSERVATION	CLO	EBIRD	OBS1648628630	NA		NA	CC_BY_4_0		obsr1501634	NA	NA	2026-09-02 06:30:09.617		CONTINENT_DERIVED_FROM_COORDINATES;TAXON_CONCEPT_ID_NOT_FOUND	EOD – eBird Observation Dataset	10.15468/aomfnb
335	2.32776763500084e-314	4fa7b334-ce0d-4e88-aaae-2e0c138d049e	URN:catalog:CLO:EBIRD:OBS1641481454	Animalia	Chordata	Aves	Piciformes	Picidae	Dendrocoptes	Dendrocoptes medius		SPECIES	Dendrocoptes medius (Linnaeus, 1758)	Dendrocoptes medius		CH	Aarschaechli	Aargau	PRESENT	2	e2e717bf-551a-4917-bdc9-4fa0f342c530	47.409096	8.094649	NA	NA	NA	NA	NA	NA	2023-02-25	25	2	2023	8773033	8773033	HUMAN_OBSERVATION	CLO	EBIRD	OBS1641481454	NA		NA	CC_BY_4_0		obsr1540565	NA	NA	2026-09-02 06:26:14.619		CONTINENT_DERIVED_FROM_COORDINATES;TAXON_CONCEPT_ID_NOT_FOUND	EOD – eBird Observation Dataset	10.15468/aomfnb
336	2.32702387944704e-314	4fa7b334-ce0d-4e88-aaae-2e0c138d049e	URN:catalog:CLO:EBIRD:OBS1811358076	Animalia	Chordata	Aves	Piciformes	Picidae	Dendrocoptes	Dendrocoptes medius		SPECIES	Dendrocoptes medius (Linnaeus, 1758)	Dendrocoptes medius		CH	Wahlen	Basel-Landschaft	PRESENT	1	e2e717bf-551a-4917-bdc9-4fa0f342c530	47.39493	7.513066	NA	NA	NA	NA	NA	NA	2021-12-30	30	12	2021	8773033	8773033	HUMAN_OBSERVATION	CLO	EBIRD	OBS1811358076	NA		NA	CC_BY_4_0		obsr1136389	NA	NA	2026-09-02 06:30:52.721		CONTINENT_DERIVED_FROM_COORDINATES;TAXON_CONCEPT_ID_NOT_FOUND	EOD – eBird Observation Dataset	10.15468/aomfnb
337	2.32586175602125e-314	4fa7b334-ce0d-4e88-aaae-2e0c138d049e	URN:catalog:CLO:EBIRD:OBS1654633418	Animalia	Chordata	Aves	Piciformes	Picidae	Dendrocoptes	Dendrocoptes medius		SPECIES	Dendrocoptes medius (Linnaeus, 1758)	Dendrocoptes medius		CH	Egghalden, Oberweningen	Zürich	PRESENT	1	e2e717bf-551a-4917-bdc9-4fa0f342c530	47.509872	8.395801	NA	NA	NA	NA	NA	NA	2023-03-11	11	3	2023	8773033	8773033	HUMAN_OBSERVATION	CLO	EBIRD	OBS1654633418	NA		NA	CC_BY_4_0		obsr339900	NA	NA	2026-09-02 06:29:00.644		CONTINENT_DERIVED_FROM_COORDINATES;TAXON_CONCEPT_ID_NOT_FOUND	EOD – eBird Observation Dataset	10.15468/aomfnb
338	2.32320761116258e-314	4fa7b334-ce0d-4e88-aaae-2e0c138d049e	URN:catalog:CLO:EBIRD:OBS1816562974	Animalia	Chordata	Aves	Piciformes	Picidae	Dendrocoptes	Dendrocoptes medius		SPECIES	Dendrocoptes medius (Linnaeus, 1758)	Dendrocoptes medius		CH	Hallau, Uf Rummelen	Schaffhausen	PRESENT	1	e2e717bf-551a-4917-bdc9-4fa0f342c530	47.69725	8.432023	NA	NA	NA	NA	NA	NA	2023-09-01	1	9	2023	8773033	8773033	HUMAN_OBSERVATION	CLO	EBIRD	OBS1816562974	NA		NA	CC_BY_4_0		obsr457108	NA	NA	2026-09-02 06:25:34.237		CONTINENT_DERIVED_FROM_COORDINATES;TAXON_CONCEPT_ID_NOT_FOUND	EOD – eBird Observation Dataset	10.15468/aomfnb
339	2.3229222106838e-314	4fa7b334-ce0d-4e88-aaae-2e0c138d049e	URN:catalog:CLO:EBIRD:OBS1623607970	Animalia	Chordata	Aves	Piciformes	Picidae	Dendrocoptes	Dendrocoptes medius		SPECIES	Dendrocoptes medius (Linnaeus, 1758)	Dendrocoptes medius		CH	Lange Erlen--Akazienweg	Basel-Stadt	PRESENT	2	e2e717bf-551a-4917-bdc9-4fa0f342c530	47.576122	7.609551	NA	NA	NA	NA	NA	NA	2023-02-04	4	2	2023	8773033	8773033	HUMAN_OBSERVATION	CLO	EBIRD	OBS1623607970	NA		NA	CC_BY_4_0		obsr2904442	NA	NA	2026-09-02 06:24:51.303		COORDINATE_ROUNDED;CONTINENT_DERIVED_FROM_COORDINATES;TAXON_CONCEPT_ID_NOT_FOUND	EOD – eBird Observation Dataset	10.15468/aomfnb
340	2.32273191537151e-314	4fa7b334-ce0d-4e88-aaae-2e0c138d049e	URN:catalog:CLO:EBIRD:OBS1647402470	Animalia	Chordata	Aves	Piciformes	Picidae	Dendrocoptes	Dendrocoptes medius		SPECIES	Dendrocoptes medius (Linnaeus, 1758)	Dendrocoptes medius		CH	Blauenweide	Basel-Landschaft	PRESENT	1	e2e717bf-551a-4917-bdc9-4fa0f342c530	47.45688	7.51791	NA	NA	NA	NA	NA	NA	2023-03-04	4	3	2023	8773033	8773033	HUMAN_OBSERVATION	CLO	EBIRD	OBS1647402470	NA		NA	CC_BY_4_0		obsr1473378	NA	NA	2026-09-02 06:31:19.78		CONTINENT_DERIVED_FROM_COORDINATES;TAXON_CONCEPT_ID_NOT_FOUND	EOD – eBird Observation Dataset	10.15468/aomfnb
341	2.32265698290534e-314	4fa7b334-ce0d-4e88-aaae-2e0c138d049e	URN:catalog:CLO:EBIRD:OBS1622554637	Animalia	Chordata	Aves	Piciformes	Picidae	Dendrocoptes	Dendrocoptes medius		SPECIES	Dendrocoptes medius (Linnaeus, 1758)	Dendrocoptes medius		CH	Réserve naturelle Les Bondex	Genève	PRESENT	1	e2e717bf-551a-4917-bdc9-4fa0f342c530	46.35803	6.183168	NA	NA	NA	NA	NA	NA	2023-02-04	4	2	2023	8773033	8773033	HUMAN_OBSERVATION	CLO	EBIRD	OBS1622554637	NA		NA	CC_BY_4_0		obsr211904	NA	NA	2026-09-02 06:25:58.97		CONTINENT_DERIVED_FROM_COORDINATES;TAXON_CONCEPT_ID_NOT_FOUND	EOD – eBird Observation Dataset	10.15468/aomfnb
342	2.32127509957435e-314	4fa7b334-ce0d-4e88-aaae-2e0c138d049e	URN:catalog:CLO:EBIRD:OBS1617012403	Animalia	Chordata	Aves	Piciformes	Picidae	Dendrocoptes	Dendrocoptes medius		SPECIES	Dendrocoptes medius (Linnaeus, 1758)	Dendrocoptes medius		CH	Parc des Crêtets	Neuchâtel	PRESENT	1	e2e717bf-551a-4917-bdc9-4fa0f342c530	47.096764	6.825109	NA	NA	NA	NA	NA	NA	2023-01-28	28	1	2023	8773033	8773033	HUMAN_OBSERVATION	CLO	EBIRD	OBS1617012403	NA		NA	CC_BY_4_0		obsr2359143	NA	NA	2026-09-02 06:24:55.013		CONTINENT_DERIVED_FROM_COORDINATES;TAXON_CONCEPT_ID_NOT_FOUND	EOD – eBird Observation Dataset	10.15468/aomfnb
343	2.3202589755113e-314	4fa7b334-ce0d-4e88-aaae-2e0c138d049e	URN:catalog:CLO:EBIRD:OBS1631352043	Animalia	Chordata	Aves	Piciformes	Picidae	Dendrocoptes	Dendrocoptes medius		SPECIES	Dendrocoptes medius (Linnaeus, 1758)	Dendrocoptes medius		CH	Oensberg Wintersingerstrasse, Magden, Aargau, CH (47.516, 7.824)	Aargau	PRESENT	1	e2e717bf-551a-4917-bdc9-4fa0f342c530	47.51618	7.823593	NA	NA	NA	NA	NA	NA	2023-02-15	15	2	2023	8773033	8773033	HUMAN_OBSERVATION	CLO	EBIRD	OBS1631352043	NA		NA	CC_BY_4_0		obsr2889427	NA	NA	2026-09-02 06:29:19.558		CONTINENT_DERIVED_FROM_COORDINATES;TAXON_CONCEPT_ID_NOT_FOUND	EOD – eBird Observation Dataset	10.15468/aomfnb
344	2.32002394156666e-314	4fa7b334-ce0d-4e88-aaae-2e0c138d049e	URN:catalog:CLO:EBIRD:OBS1608637620	Animalia	Chordata	Aves	Piciformes	Picidae	Dendrocoptes	Dendrocoptes medius		SPECIES	Dendrocoptes medius (Linnaeus, 1758)	Dendrocoptes medius		CH	Erlenwäldli	Bern	PRESENT	1	e2e717bf-551a-4917-bdc9-4fa0f342c530	47.122066	7.227666	NA	NA	NA	NA	NA	NA	2023-01-17	17	1	2023	8773033	8773033	HUMAN_OBSERVATION	CLO	EBIRD	OBS1608637620	NA		NA	CC_BY_4_0		obsr549290	NA	NA	2026-09-02 06:31:50.663		CONTINENT_DERIVED_FROM_COORDINATES;TAXON_CONCEPT_ID_NOT_FOUND	EOD – eBird Observation Dataset	10.15468/aomfnb
345	2.31964903862581e-314	4fa7b334-ce0d-4e88-aaae-2e0c138d049e	URN:catalog:CLO:EBIRD:OBS1633089546	Animalia	Chordata	Aves	Piciformes	Picidae	Dendrocoptes	Dendrocoptes medius		SPECIES	Dendrocoptes medius (Linnaeus, 1758)	Dendrocoptes medius		CH	Islisberg	Aargau	PRESENT	1	e2e717bf-551a-4917-bdc9-4fa0f342c530	47.32978	8.451281	NA	NA	NA	NA	NA	NA	2023-02-17	17	2	2023	8773033	8773033	HUMAN_OBSERVATION	CLO	EBIRD	OBS1633089546	NA		NA	CC_BY_4_0		obsr1501634	NA	NA	2026-09-02 06:27:05.297		CONTINENT_DERIVED_FROM_COORDINATES;TAXON_CONCEPT_ID_NOT_FOUND	EOD – eBird Observation Dataset	10.15468/aomfnb
346	2.31758988911937e-314	4fa7b334-ce0d-4e88-aaae-2e0c138d049e	URN:catalog:CLO:EBIRD:OBS1855523780	Animalia	Chordata	Aves	Piciformes	Picidae	Dendrocoptes	Dendrocoptes medius		SPECIES	Dendrocoptes medius (Linnaeus, 1758)	Dendrocoptes medius		CH	Ulmethöchi	Basel-Landschaft	PRESENT	1	e2e717bf-551a-4917-bdc9-4fa0f342c530	47.380238	7.65783	NA	NA	NA	NA	NA	NA	2023-10-19	19	10	2023	8773033	8773033	HUMAN_OBSERVATION	CLO	EBIRD	OBS1855523780	NA		NA	CC_BY_4_0		obsr2732622	NA	NA	2026-09-02 06:32:56.544		CONTINENT_DERIVED_FROM_COORDINATES;TAXON_CONCEPT_ID_NOT_FOUND	EOD – eBird Observation Dataset	10.15468/aomfnb
347	2.31411687541268e-314	4fa7b334-ce0d-4e88-aaae-2e0c138d049e	URN:catalog:CLO:EBIRD:OBS1881556222	Animalia	Chordata	Aves	Piciformes	Picidae	Dendrocoptes	Dendrocoptes medius		SPECIES	Dendrocoptes medius (Linnaeus, 1758)	Dendrocoptes medius		CH	Randen	Schaffhausen	PRESENT	1	e2e717bf-551a-4917-bdc9-4fa0f342c530	47.744873	8.550752	NA	NA	NA	NA	NA	NA	2020-03-15	15	3	2020	8773033	8773033	HUMAN_OBSERVATION	CLO	EBIRD	OBS1881556222	NA		NA	CC_BY_4_0		obsr3459667	NA	NA	2026-09-02 06:30:51.097		CONTINENT_DERIVED_FROM_COORDINATES;TAXON_CONCEPT_ID_NOT_FOUND	EOD – eBird Observation Dataset	10.15468/aomfnb
348	2.31260657305683e-314	4fa7b334-ce0d-4e88-aaae-2e0c138d049e	URN:catalog:CLO:EBIRD:OBS1896249954	Animalia	Chordata	Aves	Piciformes	Picidae	Dendrocoptes	Dendrocoptes medius		SPECIES	Dendrocoptes medius (Linnaeus, 1758)	Dendrocoptes medius		CH	Chemin de Martavaux  Nyon	Vaud	PRESENT	1	e2e717bf-551a-4917-bdc9-4fa0f342c530	46.380466	6.228388	NA	NA	NA	NA	NA	NA	2023-12-08	8	12	2023	8773033	8773033	HUMAN_OBSERVATION	CLO	EBIRD	OBS1896249954	NA		NA	CC_BY_4_0		obsr1432050	NA	NA	2026-09-02 06:29:44.458		CONTINENT_DERIVED_FROM_COORDINATES;TAXON_CONCEPT_ID_NOT_FOUND	EOD – eBird Observation Dataset	10.15468/aomfnb
349	2.30708474421482e-314	4fa7b334-ce0d-4e88-aaae-2e0c138d049e	URN:catalog:CLO:EBIRD:OBS1848117303	Animalia	Chordata	Aves	Piciformes	Picidae	Dendrocoptes	Dendrocoptes medius		SPECIES	Dendrocoptes medius (Linnaeus, 1758)	Dendrocoptes medius		CH	Morgetshofsee	Schaffhausen	PRESENT	1	e2e717bf-551a-4917-bdc9-4fa0f342c530	47.72901	8.700646	NA	NA	NA	NA	NA	NA	2023-07-15	15	7	2023	8773033	8773033	HUMAN_OBSERVATION	CLO	EBIRD	OBS1848117303	NA		NA	CC_BY_4_0		obsr1938466	NA	NA	2026-09-02 06:31:31.727		CONTINENT_DERIVED_FROM_COORDINATES;TAXON_CONCEPT_ID_NOT_FOUND	EOD – eBird Observation Dataset	10.15468/aomfnb
350	2.30593628763293e-314	4fa7b334-ce0d-4e88-aaae-2e0c138d049e	URN:catalog:CLO:EBIRD:OBS1897985686	Animalia	Chordata	Aves	Piciformes	Picidae	Dendrocoptes	Dendrocoptes medius		SPECIES	Dendrocoptes medius (Linnaeus, 1758)	Dendrocoptes medius		CH	Übungsplatz Oristal, Nuglar CH-SO 47.46519, 7.69886	Solothurn	PRESENT	1	e2e717bf-551a-4917-bdc9-4fa0f342c530	47.465195	7.698859	NA	NA	NA	NA	NA	NA	2023-12-16	16	12	2023	8773033	8773033	HUMAN_OBSERVATION	CLO	EBIRD	OBS1897985686	NA		NA	CC_BY_4_0		obsr114260	NA	NA	2026-09-02 06:27:51.64		CONTINENT_DERIVED_FROM_COORDINATES;TAXON_CONCEPT_ID_NOT_FOUND	EOD – eBird Observation Dataset	10.15468/aomfnb
351	2.30399412447231e-314	4fa7b334-ce0d-4e88-aaae-2e0c138d049e	URN:catalog:CLO:EBIRD:OBS1737777552	Animalia	Chordata	Aves	Piciformes	Picidae	Dendrocoptes	Dendrocoptes medius		SPECIES	Dendrocoptes medius (Linnaeus, 1758)	Dendrocoptes medius		CH	Haumüli Weg	Zürich	PRESENT	1	e2e717bf-551a-4917-bdc9-4fa0f342c530	47.51557	8.584614	NA	NA	NA	NA	NA	NA	2023-05-23	23	5	2023	8773033	8773033	HUMAN_OBSERVATION	CLO	EBIRD	OBS1737777552	NA		NA	CC_BY_4_0		obsr1716447	NA	NA	2026-09-02 06:31:27.937		CONTINENT_DERIVED_FROM_COORDINATES;TAXON_CONCEPT_ID_NOT_FOUND	EOD – eBird Observation Dataset	10.15468/aomfnb
352	2.30357094835347e-314	4fa7b334-ce0d-4e88-aaae-2e0c138d049e	URN:catalog:CLO:EBIRD:OBS1600208783	Animalia	Chordata	Aves	Piciformes	Picidae	Dendrocoptes	Dendrocoptes medius		SPECIES	Dendrocoptes medius (Linnaeus, 1758)	Dendrocoptes medius		CH	Tannwaldweg 6, Flüh CH-SO (47.4836,7.4933)	Solothurn	PRESENT	2	e2e717bf-551a-4917-bdc9-4fa0f342c530	47.48356	7.493346	NA	NA	NA	NA	NA	NA	2023-01-07	7	1	2023	8773033	8773033	HUMAN_OBSERVATION	CLO	EBIRD	OBS1600208783	NA		NA	CC_BY_4_0		obsr1473378	NA	NA	2026-09-02 06:29:19.66		CONTINENT_DERIVED_FROM_COORDINATES;TAXON_CONCEPT_ID_NOT_FOUND	EOD – eBird Observation Dataset	10.15468/aomfnb
353	2.30212210726989e-314	4fa7b334-ce0d-4e88-aaae-2e0c138d049e	URN:catalog:CLO:EBIRD:OBS1605746957	Animalia	Chordata	Aves	Piciformes	Picidae	Dendrocoptes	Dendrocoptes medius		SPECIES	Dendrocoptes medius (Linnaeus, 1758)	Dendrocoptes medius		CH	Rodersdorf	Solothurn	PRESENT	1	e2e717bf-551a-4917-bdc9-4fa0f342c530	47.4817	7.453817	NA	NA	NA	NA	NA	NA	2023-01-14	14	1	2023	8773033	8773033	HUMAN_OBSERVATION	CLO	EBIRD	OBS1605746957	NA		NA	CC_BY_4_0		obsr2893259	NA	NA	2026-09-02 06:30:43.506		CONTINENT_DERIVED_FROM_COORDINATES;TAXON_CONCEPT_ID_NOT_FOUND	EOD – eBird Observation Dataset	10.15468/aomfnb
354	2.30163266706663e-314	4fa7b334-ce0d-4e88-aaae-2e0c138d049e	URN:catalog:CLO:EBIRD:OBS1812580965	Animalia	Chordata	Aves	Piciformes	Picidae	Dendrocoptes	Dendrocoptes medius		SPECIES	Dendrocoptes medius (Linnaeus, 1758)	Dendrocoptes medius		CH	Schoren	Bern	PRESENT	1	e2e717bf-551a-4917-bdc9-4fa0f342c530	47.20919	7.771122	NA	NA	NA	NA	NA	NA	2023-08-27	27	8	2023	8773033	8773033	HUMAN_OBSERVATION	CLO	EBIRD	OBS1812580965	NA		NA	CC_BY_4_0		obsr1508569	NA	NA	2026-09-02 06:28:14.787		CONTINENT_DERIVED_FROM_COORDINATES;TAXON_CONCEPT_ID_NOT_FOUND	EOD – eBird Observation Dataset	10.15468/aomfnb
355	2.30074471944221e-314	4fa7b334-ce0d-4e88-aaae-2e0c138d049e	URN:catalog:CLO:EBIRD:OBS1629877362	Animalia	Chordata	Aves	Piciformes	Picidae	Dendrocoptes	Dendrocoptes medius		SPECIES	Dendrocoptes medius (Linnaeus, 1758)	Dendrocoptes medius		CH	Örmis, Bisikonerstrasse, Illnau-Effretikon, Zürich, CH (47.41, 8.708)	Zürich	PRESENT	1	e2e717bf-551a-4917-bdc9-4fa0f342c530	47.40978	8.707735	NA	NA	NA	NA	NA	NA	2023-02-13	13	2	2023	8773033	8773033	HUMAN_OBSERVATION	CLO	EBIRD	OBS1629877362	NA		NA	CC_BY_4_0		obsr1109461	NA	NA	2026-09-02 06:27:03.127		CONTINENT_DERIVED_FROM_COORDINATES;TAXON_CONCEPT_ID_NOT_FOUND	EOD – eBird Observation Dataset	10.15468/aomfnb
356	2.30052824853201e-314	4fa7b334-ce0d-4e88-aaae-2e0c138d049e	URN:catalog:CLO:EBIRD:OBS1854760232	Animalia	Chordata	Aves	Piciformes	Picidae	Dendrocoptes	Dendrocoptes medius		SPECIES	Dendrocoptes medius (Linnaeus, 1758)	Dendrocoptes medius		CH	Seeblick	Luzern	PRESENT	1	e2e717bf-551a-4917-bdc9-4fa0f342c530	47.135387	8.195087	NA	NA	NA	NA	NA	NA	2023-10-16	16	10	2023	8773033	8773033	HUMAN_OBSERVATION	CLO	EBIRD	OBS1854760232	NA		NA	CC_BY_4_0		obsr200280	NA	NA	2026-09-02 06:25:44.583		CONTINENT_DERIVED_FROM_COORDINATES;TAXON_CONCEPT_ID_NOT_FOUND	EOD – eBird Observation Dataset	10.15468/aomfnb
357	2.29515086324002e-314	4fa7b334-ce0d-4e88-aaae-2e0c138d049e	URN:catalog:CLO:EBIRD:OBS1866922493	Animalia	Chordata	Aves	Piciformes	Picidae	Dendrocoptes	Dendrocoptes medius		SPECIES	Dendrocoptes medius (Linnaeus, 1758)	Dendrocoptes medius		CH	Les Gorges de l'Orbe	Vaud	PRESENT	NA	e2e717bf-551a-4917-bdc9-4fa0f342c530	46.726154	6.480432	NA	NA	NA	NA	NA	NA	2021-06-03	3	6	2021	8773033	8773033	HUMAN_OBSERVATION	CLO	EBIRD	OBS1866922493	NA		NA	CC_BY_4_0		obsr671387	NA	NA	2026-09-02 06:28:00.739		COORDINATE_ROUNDED;CONTINENT_DERIVED_FROM_COORDINATES;TAXON_CONCEPT_ID_NOT_FOUND	EOD – eBird Observation Dataset	10.15468/aomfnb
358	2.29330338874856e-314	4fa7b334-ce0d-4e88-aaae-2e0c138d049e	URN:catalog:CLO:EBIRD:OBS1853231386	Animalia	Chordata	Aves	Piciformes	Picidae	Dendrocoptes	Dendrocoptes medius		SPECIES	Dendrocoptes medius (Linnaeus, 1758)	Dendrocoptes medius		CH	Katzensee	Zürich	PRESENT	1	e2e717bf-551a-4917-bdc9-4fa0f342c530	47.429916	8.491932	NA	NA	NA	NA	NA	NA	2023-10-15	15	10	2023	8773033	8773033	HUMAN_OBSERVATION	CLO	EBIRD	OBS1853231386	NA		NA	CC_BY_4_0		obsr2402065	NA	NA	2026-09-02 06:28:39.46		CONTINENT_DERIVED_FROM_COORDINATES;TAXON_CONCEPT_ID_NOT_FOUND	EOD – eBird Observation Dataset	10.15468/aomfnb
359	2.29160915118748e-314	4fa7b334-ce0d-4e88-aaae-2e0c138d049e	URN:catalog:CLO:EBIRD:OBS1679794574	Animalia	Chordata	Aves	Piciformes	Picidae	Dendrocoptes	Dendrocoptes medius		SPECIES	Dendrocoptes medius (Linnaeus, 1758)	Dendrocoptes medius		CH	Coteaux de Chavannes	Bern	PRESENT	1	e2e717bf-551a-4917-bdc9-4fa0f342c530	47.079308	7.116702	NA	NA	NA	NA	NA	NA	2023-04-09	9	4	2023	8773033	8773033	HUMAN_OBSERVATION	CLO	EBIRD	OBS1679794574	NA		NA	CC_BY_4_0		obsr2359143	NA	NA	2026-09-02 06:31:04.469		COORDINATE_ROUNDED;CONTINENT_DERIVED_FROM_COORDINATES;TAXON_CONCEPT_ID_NOT_FOUND	EOD – eBird Observation Dataset	10.15468/aomfnb
360	2.29089545458757e-314	4fa7b334-ce0d-4e88-aaae-2e0c138d049e	URN:catalog:CLO:EBIRD:OBS1600000227	Animalia	Chordata	Aves	Piciformes	Picidae	Dendrocoptes	Dendrocoptes medius		SPECIES	Dendrocoptes medius (Linnaeus, 1758)	Dendrocoptes medius		CH	Bogis-Bossey pool	Vaud	PRESENT	1	e2e717bf-551a-4917-bdc9-4fa0f342c530	46.347916	6.185794	NA	NA	NA	NA	NA	NA	2023-01-07	7	1	2023	8773033	8773033	HUMAN_OBSERVATION	CLO	EBIRD	OBS1600000227	NA		NA	CC_BY_4_0		obsr211904	NA	NA	2026-09-02 06:31:12.479		CONTINENT_DERIVED_FROM_COORDINATES;TAXON_CONCEPT_ID_NOT_FOUND	EOD – eBird Observation Dataset	10.15468/aomfnb
361	2.29001852215673e-314	4fa7b334-ce0d-4e88-aaae-2e0c138d049e	URN:catalog:CLO:EBIRD:OBS1857274237	Animalia	Chordata	Aves	Piciformes	Picidae	Dendrocoptes	Dendrocoptes medius		SPECIES	Dendrocoptes medius (Linnaeus, 1758)	Dendrocoptes medius		CH	Regensberg	Zürich	PRESENT	1	e2e717bf-551a-4917-bdc9-4fa0f342c530	47.472446	8.42332	NA	NA	NA	NA	NA	NA	2023-10-22	22	10	2023	8773033	8773033	HUMAN_OBSERVATION	CLO	EBIRD	OBS1857274237	NA		NA	CC_BY_4_0		obsr1540565	NA	NA	2026-09-02 06:30:59.341		CONTINENT_DERIVED_FROM_COORDINATES;TAXON_CONCEPT_ID_NOT_FOUND	EOD – eBird Observation Dataset	10.15468/aomfnb
362	2.28853923279553e-314	4fa7b334-ce0d-4e88-aaae-2e0c138d049e	URN:catalog:CLO:EBIRD:OBS1833087678	Animalia	Chordata	Aves	Piciformes	Picidae	Dendrocoptes	Dendrocoptes medius		SPECIES	Dendrocoptes medius (Linnaeus, 1758)	Dendrocoptes medius		CH	Nidauberg 19, Tüscherz-Alfermée CH-BE 47.12521, 7.20199	Bern	PRESENT	1	e2e717bf-551a-4917-bdc9-4fa0f342c530	47.12521	7.201995	NA	NA	NA	NA	NA	NA	2023-07-18	18	7	2023	8773033	8773033	HUMAN_OBSERVATION	CLO	EBIRD	OBS1833087678	NA		NA	CC_BY_4_0		obsr2001824	NA	NA	2026-09-02 06:25:54.396		CONTINENT_DERIVED_FROM_COORDINATES;TAXON_CONCEPT_ID_NOT_FOUND	EOD – eBird Observation Dataset	10.15468/aomfnb
363	2.28811430620211e-314	4fa7b334-ce0d-4e88-aaae-2e0c138d049e	URN:catalog:CLO:EBIRD:OBS1669731474	Animalia	Chordata	Aves	Piciformes	Picidae	Dendrocoptes	Dendrocoptes medius		SPECIES	Dendrocoptes medius (Linnaeus, 1758)	Dendrocoptes medius		CH	Burghorn	Aargau	PRESENT	2	e2e717bf-551a-4917-bdc9-4fa0f342c530	47.480537	8.364145	NA	NA	NA	NA	NA	NA	2023-03-16	16	3	2023	8773033	8773033	HUMAN_OBSERVATION	CLO	EBIRD	OBS1669731474	NA		NA	CC_BY_4_0		obsr2998076	NA	NA	2026-09-02 06:30:45.747		CONTINENT_DERIVED_FROM_COORDINATES;TAXON_CONCEPT_ID_NOT_FOUND	EOD – eBird Observation Dataset	10.15468/aomfnb
364	2.28675652685178e-314	4fa7b334-ce0d-4e88-aaae-2e0c138d049e	URN:catalog:CLO:EBIRD:OBS1676909926	Animalia	Chordata	Aves	Piciformes	Picidae	Dendrocoptes	Dendrocoptes medius		SPECIES	Dendrocoptes medius (Linnaeus, 1758)	Dendrocoptes medius		CH	8234, Stetten SH CH-SH (47.7423,8.6547)	Schaffhausen	PRESENT	1	e2e717bf-551a-4917-bdc9-4fa0f342c530	47.742256	8.654727	NA	NA	NA	NA	NA	NA	2023-04-07	7	4	2023	8773033	8773033	HUMAN_OBSERVATION	CLO	EBIRD	OBS1676909926	NA		NA	CC_BY_4_0		obsr1427999	NA	NA	2026-09-02 06:26:24.282		CONTINENT_DERIVED_FROM_COORDINATES;TAXON_CONCEPT_ID_NOT_FOUND	EOD – eBird Observation Dataset	10.15468/aomfnb
365	2.28639459609853e-314	4fa7b334-ce0d-4e88-aaae-2e0c138d049e	URN:catalog:CLO:EBIRD:OBS1704373354	Animalia	Chordata	Aves	Piciformes	Picidae	Dendrocoptes	Dendrocoptes medius		SPECIES	Dendrocoptes medius (Linnaeus, 1758)	Dendrocoptes medius		CH	Moulin-de-Vert	Genève	PRESENT	1	e2e717bf-551a-4917-bdc9-4fa0f342c530	46.179558	6.022543	NA	NA	NA	NA	NA	NA	2023-04-19	19	4	2023	8773033	8773033	HUMAN_OBSERVATION	CLO	EBIRD	OBS1704373354	NA		NA	CC_BY_4_0		obsr1683210	NA	NA	2026-09-02 06:25:52.241		COORDINATE_ROUNDED;CONTINENT_DERIVED_FROM_COORDINATES;TAXON_CONCEPT_ID_NOT_FOUND	EOD – eBird Observation Dataset	10.15468/aomfnb
366	2.28638399641416e-314	4fa7b334-ce0d-4e88-aaae-2e0c138d049e	URN:catalog:CLO:EBIRD:OBS1598430558	Animalia	Chordata	Aves	Piciformes	Picidae	Dendrocoptes	Dendrocoptes medius		SPECIES	Dendrocoptes medius (Linnaeus, 1758)	Dendrocoptes medius		CH	Grosses Moos/Fanel* general area (use more precise loc.)	Bern	PRESENT	1	e2e717bf-551a-4917-bdc9-4fa0f342c530	46.980278	7.061569	NA	NA	NA	NA	NA	NA	2023-01-05	5	1	2023	8773033	8773033	HUMAN_OBSERVATION	CLO	EBIRD	OBS1598430558	NA		NA	CC_BY_4_0		obsr1315853	NA	NA	2026-09-02 06:27:23.847		COORDINATE_ROUNDED;CONTINENT_DERIVED_FROM_COORDINATES;TAXON_CONCEPT_ID_NOT_FOUND	EOD – eBird Observation Dataset	10.15468/aomfnb
367	2.28582152392119e-314	4fa7b334-ce0d-4e88-aaae-2e0c138d049e	URN:catalog:CLO:EBIRD:OBS1683500606	Animalia	Chordata	Aves	Piciformes	Picidae	Dendrocoptes	Dendrocoptes medius		SPECIES	Dendrocoptes medius (Linnaeus, 1758)	Dendrocoptes medius		CH	Regionaler Naturpark Schaffhausen, Hemmental CH-SH 47.73169, 8.57282	Schaffhausen	PRESENT	1	e2e717bf-551a-4917-bdc9-4fa0f342c530	47.73169	8.572824	NA	NA	NA	NA	NA	NA	2023-04-13	13	4	2023	8773033	8773033	HUMAN_OBSERVATION	CLO	EBIRD	OBS1683500606	NA		NA	CC_BY_4_0		obsr395330	NA	NA	2026-09-02 06:26:32.158		CONTINENT_DERIVED_FROM_COORDINATES;TAXON_CONCEPT_ID_NOT_FOUND	EOD – eBird Observation Dataset	10.15468/aomfnb
368	2.28477982603219e-314	4fa7b334-ce0d-4e88-aaae-2e0c138d049e	URN:catalog:CLO:EBIRD:OBS1889179834	Animalia	Chordata	Aves	Piciformes	Picidae	Dendrocoptes	Dendrocoptes medius		SPECIES	Dendrocoptes medius (Linnaeus, 1758)	Dendrocoptes medius		CH	Bethesda Spital, Basel CH-BS 47.54710, 7.61574	Basel-Stadt	PRESENT	1	e2e717bf-551a-4917-bdc9-4fa0f342c530	47.547096	7.61574	NA	NA	NA	NA	NA	NA	2023-12-03	3	12	2023	8773033	8773033	HUMAN_OBSERVATION	CLO	EBIRD	OBS1889179834	NA		NA	CC_BY_4_0		obsr114260	NA	NA	2026-09-02 06:27:05.054		CONTINENT_DERIVED_FROM_COORDINATES;TAXON_CONCEPT_ID_NOT_FOUND	EOD – eBird Observation Dataset	10.15468/aomfnb
369	2.28454182225895e-314	4fa7b334-ce0d-4e88-aaae-2e0c138d049e	URN:catalog:CLO:EBIRD:OBS1622626168	Animalia	Chordata	Aves	Piciformes	Picidae	Dendrocoptes	Dendrocoptes medius		SPECIES	Dendrocoptes medius (Linnaeus, 1758)	Dendrocoptes medius		CH	Eichenwaldreservat Rheinfelder Berg, Rheinfelden CH-AG 47.53777, 7.77118	Aargau	PRESENT	1	e2e717bf-551a-4917-bdc9-4fa0f342c530	47.53777	7.77118	NA	NA	NA	NA	NA	NA	2023-02-04	4	2	2023	8773033	8773033	HUMAN_OBSERVATION	CLO	EBIRD	OBS1622626168	NA		NA	CC_BY_4_0		obsr2419400	NA	NA	2026-09-02 06:30:41.537		CONTINENT_DERIVED_FROM_COORDINATES;TAXON_CONCEPT_ID_NOT_FOUND	EOD – eBird Observation Dataset	10.15468/aomfnb
370	2.28412993455198e-314	4fa7b334-ce0d-4e88-aaae-2e0c138d049e	URN:catalog:CLO:EBIRD:OBS1761626654	Animalia	Chordata	Aves	Piciformes	Picidae	Dendrocoptes	Dendrocoptes medius		SPECIES	Dendrocoptes medius (Linnaeus, 1758)	Dendrocoptes medius		CH	Chemin de Châteauvieux 16, Satigny CH-GE 46.20160, 6.03926	Genève	PRESENT	1	e2e717bf-551a-4917-bdc9-4fa0f342c530	46.201595	6.03926	NA	NA	NA	NA	NA	NA	2023-06-17	17	6	2023	8773033	8773033	HUMAN_OBSERVATION	CLO	EBIRD	OBS1761626654	NA		NA	CC_BY_4_0		obsr788847	NA	NA	2026-09-02 06:31:49.916		CONTINENT_DERIVED_FROM_COORDINATES;TAXON_CONCEPT_ID_NOT_FOUND	EOD – eBird Observation Dataset	10.15468/aomfnb
371	2.2820740602067e-314	4fa7b334-ce0d-4e88-aaae-2e0c138d049e	URN:catalog:CLO:EBIRD:OBS1843358319	Animalia	Chordata	Aves	Piciformes	Picidae	Dendrocoptes	Dendrocoptes medius		SPECIES	Dendrocoptes medius (Linnaeus, 1758)	Dendrocoptes medius		CH	Sempach--Festhalle	Luzern	PRESENT	1	e2e717bf-551a-4917-bdc9-4fa0f342c530	47.13465	8.189053	NA	NA	NA	NA	NA	NA	2023-10-04	4	10	2023	8773033	8773033	HUMAN_OBSERVATION	CLO	EBIRD	OBS1843358319	NA		NA	CC_BY_4_0		obsr200280	NA	NA	2026-09-02 06:31:55.826		CONTINENT_DERIVED_FROM_COORDINATES;TAXON_CONCEPT_ID_NOT_FOUND	EOD – eBird Observation Dataset	10.15468/aomfnb
372	2.27923199994996e-314	4fa7b334-ce0d-4e88-aaae-2e0c138d049e	URN:catalog:CLO:EBIRD:OBS1603600201	Animalia	Chordata	Aves	Piciformes	Picidae	Dendrocoptes	Dendrocoptes medius		SPECIES	Dendrocoptes medius (Linnaeus, 1758)	Dendrocoptes medius		CH	Marais du Château	Genève	PRESENT	1	e2e717bf-551a-4917-bdc9-4fa0f342c530	46.229637	6.223575	NA	NA	NA	NA	NA	NA	2023-01-11	11	1	2023	8773033	8773033	HUMAN_OBSERVATION	CLO	EBIRD	OBS1603600201	NA		NA	CC_BY_4_0		obsr3370388	NA	NA	2026-09-02 06:31:34.068		CONTINENT_DERIVED_FROM_COORDINATES;TAXON_CONCEPT_ID_NOT_FOUND	EOD – eBird Observation Dataset	10.15468/aomfnb
373	2.27825963034051e-314	4fa7b334-ce0d-4e88-aaae-2e0c138d049e	URN:catalog:CLO:EBIRD:OBS1657891881	Animalia	Chordata	Aves	Piciformes	Picidae	Dendrocoptes	Dendrocoptes medius		SPECIES	Dendrocoptes medius (Linnaeus, 1758)	Dendrocoptes medius		CH	Neuchâtel et alentours	Neuchâtel	PRESENT	1	e2e717bf-551a-4917-bdc9-4fa0f342c530	46.991756	6.930021	NA	NA	NA	NA	NA	NA	2023-03-16	16	3	2023	8773033	8773033	HUMAN_OBSERVATION	CLO	EBIRD	OBS1657891881	NA		NA	CC_BY_4_0		obsr2359143	NA	NA	2026-09-02 06:31:58.37		CONTINENT_DERIVED_FROM_COORDINATES;TAXON_CONCEPT_ID_NOT_FOUND	EOD – eBird Observation Dataset	10.15468/aomfnb
374	2.277843425982e-314	4fa7b334-ce0d-4e88-aaae-2e0c138d049e	URN:catalog:CLO:EBIRD:OBS1629442754	Animalia	Chordata	Aves	Piciformes	Picidae	Dendrocoptes	Dendrocoptes medius		SPECIES	Dendrocoptes medius (Linnaeus, 1758)	Dendrocoptes medius		CH	Route du Fuet, Tavannes CH-Bern 47.21974, 7.20110	Bern	PRESENT	1	e2e717bf-551a-4917-bdc9-4fa0f342c530	47.219738	7.201102	NA	NA	NA	NA	NA	NA	2023-02-11	11	2	2023	8773033	8773033	HUMAN_OBSERVATION	CLO	EBIRD	OBS1629442754	NA		NA	CC_BY_4_0		obsr1622687	NA	NA	2026-09-02 06:31:49.038		CONTINENT_DERIVED_FROM_COORDINATES;TAXON_CONCEPT_ID_NOT_FOUND	EOD – eBird Observation Dataset	10.15468/aomfnb
375	2.2773528859886e-314	4fa7b334-ce0d-4e88-aaae-2e0c138d049e	URN:catalog:CLO:EBIRD:OBS1793154731	Animalia	Chordata	Aves	Piciformes	Picidae	Dendrocoptes	Dendrocoptes medius		SPECIES	Dendrocoptes medius (Linnaeus, 1758)	Dendrocoptes medius		CH	Jardin Botanique de Genève	Genève	PRESENT	1	e2e717bf-551a-4917-bdc9-4fa0f342c530	46.22587	6.146443	NA	NA	NA	NA	NA	NA	2021-01-15	15	1	2021	8773033	8773033	HUMAN_OBSERVATION	CLO	EBIRD	OBS1793154731	NA		NA	CC_BY_4_0		obsr247137	NA	NA	2026-09-02 06:27:58.177		CONTINENT_DERIVED_FROM_COORDINATES;TAXON_CONCEPT_ID_NOT_FOUND	EOD – eBird Observation Dataset	10.15468/aomfnb
376	2.27691864378742e-314	4fa7b334-ce0d-4e88-aaae-2e0c138d049e	URN:catalog:CLO:EBIRD:OBS1594319786	Animalia	Chordata	Aves	Piciformes	Picidae	Dendrocoptes	Dendrocoptes medius		SPECIES	Dendrocoptes medius (Linnaeus, 1758)	Dendrocoptes medius		CH	Hüttwilersee	Thurgau	PRESENT	2	e2e717bf-551a-4917-bdc9-4fa0f342c530	47.610184	8.844166	NA	NA	NA	NA	NA	NA	2023-01-01	1	1	2023	8773033	8773033	HUMAN_OBSERVATION	CLO	EBIRD	OBS1594319786	NA		NA	CC_BY_4_0		obsr3520532	NA	NA	2026-09-02 06:30:05.143		CONTINENT_DERIVED_FROM_COORDINATES;TAXON_CONCEPT_ID_NOT_FOUND	EOD – eBird Observation Dataset	10.15468/aomfnb
377	2.27148827489557e-314	50c9509d-22c7-4a22-a47d-8c48425ef4a7	https://www.inaturalist.org/observations/202642255	Animalia	Chordata	Aves	Piciformes	Picidae	Dendrocoptes	Dendrocoptes medius		SPECIES	Dendrocoptes medius (Linnaeus, 1758)	Dendrocoptes medius		CH		Basel-Landschaft	PRESENT	NA	28eb1a3f-1c15-4a95-931a-4af90ecb574d	47.542492	7.543517	NA	NA	NA	NA	NA	NA	2024-03-16T07:13:05	16	3	2024	8773033	8773033	HUMAN_OBSERVATION	iNaturalist	Observations	202642255	NA	Valentin Moser	2024-03-16 12:12:17	CC_BY_4_0	Valentin Moser	Valentin Moser	NA	NA	2026-09-11 06:10:09.795	StillImage	COORDINATE_ROUNDED;CONTINENT_DERIVED_FROM_COORDINATES;TAXON_ID_NOT_FOUND	iNaturalist Research-grade Observations	10.15468/ab3s5x
378	2.24102107307724e-314	50c9509d-22c7-4a22-a47d-8c48425ef4a7	https://www.inaturalist.org/observations/200097273	Animalia	Chordata	Aves	Piciformes	Picidae	Dendrocoptes	Dendrocoptes medius		SPECIES	Dendrocoptes medius (Linnaeus, 1758)	Dendrocoptes medius		CH		Genève	PRESENT	NA	28eb1a3f-1c15-4a95-931a-4af90ecb574d	46.252168	6.280116	365	NA	NA	NA	NA	NA	2024-02-18T10:52:02	18	2	2024	8773033	8773033	HUMAN_OBSERVATION	iNaturalist	Observations	200097273	NA	Peter Wijnsouw	2024-02-23 22:07:39	CC_BY_NC_4_0	peaweevil1234	peaweevil1234	NA	NA	2026-09-11 05:47:23.621	StillImage	COORDINATE_ROUNDED;CONTINENT_DERIVED_FROM_COORDINATES;TAXON_ID_NOT_FOUND	iNaturalist Research-grade Observations	10.15468/ab3s5x
379	2.23714020867398e-314	50c9509d-22c7-4a22-a47d-8c48425ef4a7	https://www.inaturalist.org/observations/200191837	Animalia	Chordata	Aves	Piciformes	Picidae	Dendrocoptes	Dendrocoptes medius		SPECIES	Dendrocoptes medius (Linnaeus, 1758)	Dendrocoptes medius		CH		Vaud	PRESENT	NA	28eb1a3f-1c15-4a95-931a-4af90ecb574d	46.338371	6.146269	404	NA	NA	NA	NA	NA	2024-02-20T13:06	20	2	2024	8773033	8773033	HUMAN_OBSERVATION	iNaturalist	Observations	200191837	NA	Carlo	2024-02-23 16:17:34	CC_BY_NC_4_0	Carlo	Carlo	NA	NA	2026-09-11 05:59:30.815	StillImage	COORDINATE_ROUNDED;CONTINENT_DERIVED_FROM_COORDINATES;TAXON_ID_NOT_FOUND	iNaturalist Research-grade Observations	10.15468/ab3s5x
380	2.2013942336081e-314	63f077c9-96a0-49de-b3ea-2aa565ee1098	SOI-AVES-4272663153	Animalia	Chordata	Aves	Piciformes	Picidae	Dendrocoptes	Dendrocoptes medius		SPECIES	Leiopicus medius (Linnaeus, 1758)	Leiopicus medius (Linnaeus, 1758)	(Linnaeus, 1758)	CH		Be	PRESENT	NA	64ee55c9-570a-42af-b7da-3f13c6b4e5a9	47.19821	7.66957	3535	NA	NA	NA	NA	NA	2023	NA	NA	2023	10362259	8773033	HUMAN_OBSERVATION	SOI		SOI-AVES-4272663153	NA		NA	CC_BY_4_0	Schweizerische Vogelwarte		NA	NA	2026-07-18 15:05:04.383		TAXON_ID_NOT_FOUND	Swiss National Breeding Bird Databank	10.15468/jujcgr
381	2.20139364270559e-314	63f077c9-96a0-49de-b3ea-2aa565ee1098	SOI-AVES-4258908491	Animalia	Chordata	Aves	Piciformes	Picidae	Dendrocoptes	Dendrocoptes medius		SPECIES	Leiopicus medius (Linnaeus, 1758)	Leiopicus medius (Linnaeus, 1758)	(Linnaeus, 1758)	CH		Sg	PRESENT	NA	64ee55c9-570a-42af-b7da-3f13c6b4e5a9	47.4506	9.46092	3535	NA	NA	NA	NA	NA	2014	NA	NA	2014	10362259	8773033	HUMAN_OBSERVATION	SOI		SOI-AVES-4258908491	NA		NA	CC_BY_4_0	Schweizerische Vogelwarte		NA	NA	2026-07-18 15:05:07.262		TAXON_ID_NOT_FOUND	Swiss National Breeding Bird Databank	10.15468/jujcgr
382	2.20139364072933e-314	63f077c9-96a0-49de-b3ea-2aa565ee1098	SOI-AVES-4258278002	Animalia	Chordata	Aves	Piciformes	Picidae	Dendrocoptes	Dendrocoptes medius		SPECIES	Leiopicus medius (Linnaeus, 1758)	Leiopicus medius (Linnaeus, 1758)	(Linnaeus, 1758)	CH		Zh	PRESENT	NA	64ee55c9-570a-42af-b7da-3f13c6b4e5a9	47.41609	8.73064	3535	NA	NA	NA	NA	NA	2023	NA	NA	2023	10362259	8773033	HUMAN_OBSERVATION	SOI		SOI-AVES-4258278002	NA		NA	CC_BY_4_0	Schweizerische Vogelwarte		NA	NA	2026-07-18 15:05:05.855		TAXON_ID_NOT_FOUND	Swiss National Breeding Bird Databank	10.15468/jujcgr
383	2.20139333786709e-314	63f077c9-96a0-49de-b3ea-2aa565ee1098	SOI-AVES-4284169529	Animalia	Chordata	Aves	Piciformes	Picidae	Dendrocoptes	Dendrocoptes medius		SPECIES	Leiopicus medius (Linnaeus, 1758)	Leiopicus medius (Linnaeus, 1758)	(Linnaeus, 1758)	CH		Ge	PRESENT	NA	64ee55c9-570a-42af-b7da-3f13c6b4e5a9	46.24756	6.23922	3535	NA	NA	NA	NA	NA	2022	NA	NA	2022	10362259	8773033	HUMAN_OBSERVATION	SOI		SOI-AVES-4284169529	NA		NA	CC_BY_4_0	Schweizerische Vogelwarte		NA	NA	2026-07-18 15:05:04.376		TAXON_ID_NOT_FOUND	Swiss National Breeding Bird Databank	10.15468/jujcgr
384	2.20139301178376e-314	63f077c9-96a0-49de-b3ea-2aa565ee1098	SOI-AVES-4197165077	Animalia	Chordata	Aves	Piciformes	Picidae	Dendrocoptes	Dendrocoptes medius		SPECIES	Leiopicus medius (Linnaeus, 1758)	Leiopicus medius (Linnaeus, 1758)	(Linnaeus, 1758)	CH		Bs	PRESENT	NA	64ee55c9-570a-42af-b7da-3f13c6b4e5a9	47.5581	7.6047	3535	NA	NA	NA	NA	NA	2023	NA	NA	2023	10362259	8773033	HUMAN_OBSERVATION	SOI		SOI-AVES-4197165077	NA		NA	CC_BY_4_0	Schweizerische Vogelwarte		NA	NA	2026-07-18 15:05:07.13		TAXON_ID_NOT_FOUND	Swiss National Breeding Bird Databank	10.15468/jujcgr
385	2.20139278797202e-314	63f077c9-96a0-49de-b3ea-2aa565ee1098	SOI-AVES-4136366893	Animalia	Chordata	Aves	Piciformes	Picidae	Dendrocoptes	Dendrocoptes medius		SPECIES	Leiopicus medius (Linnaeus, 1758)	Leiopicus medius (Linnaeus, 1758)	(Linnaeus, 1758)	CH		Fr	PRESENT	NA	64ee55c9-570a-42af-b7da-3f13c6b4e5a9	46.83694	6.81599	3535	NA	NA	NA	NA	NA	2022	NA	NA	2022	10362259	8773033	HUMAN_OBSERVATION	SOI		SOI-AVES-4136366893	NA		NA	CC_BY_4_0	Schweizerische Vogelwarte		NA	NA	2026-07-18 15:05:06.787		TAXON_ID_NOT_FOUND	Swiss National Breeding Bird Databank	10.15468/jujcgr
386	2.20139275931621e-314	63f077c9-96a0-49de-b3ea-2aa565ee1098	SOI-AVES-4128700553	Animalia	Chordata	Aves	Piciformes	Picidae	Dendrocoptes	Dendrocoptes medius		SPECIES	Leiopicus medius (Linnaeus, 1758)	Leiopicus medius (Linnaeus, 1758)	(Linnaeus, 1758)	CH		Tg	PRESENT	NA	64ee55c9-570a-42af-b7da-3f13c6b4e5a9	47.63373	9.26827	3535	NA	NA	NA	NA	NA	2010	NA	NA	2010	10362259	8773033	HUMAN_OBSERVATION	SOI		SOI-AVES-4128700553	NA		NA	CC_BY_4_0	Schweizerische Vogelwarte		NA	NA	2026-07-18 15:05:07.122		TAXON_ID_NOT_FOUND	Swiss National Breeding Bird Databank	10.15468/jujcgr
387	2.20139256613655e-314	63f077c9-96a0-49de-b3ea-2aa565ee1098	SOI-AVES-4222067653	Animalia	Chordata	Aves	Piciformes	Picidae	Dendrocoptes	Dendrocoptes medius		SPECIES	Leiopicus medius (Linnaeus, 1758)	Leiopicus medius (Linnaeus, 1758)	(Linnaeus, 1758)	CH		Ne	PRESENT	NA	64ee55c9-570a-42af-b7da-3f13c6b4e5a9	46.92651	6.74929	3535	NA	NA	NA	NA	NA	2020	NA	NA	2020	10362259	8773033	HUMAN_OBSERVATION	SOI		SOI-AVES-4222067653	NA		NA	CC_BY_4_0	Schweizerische Vogelwarte		NA	NA	2026-07-18 15:05:07.116		TAXON_ID_NOT_FOUND	Swiss National Breeding Bird Databank	10.15468/jujcgr
388	2.20139246386496e-314	63f077c9-96a0-49de-b3ea-2aa565ee1098	SOI-AVES-4196029655	Animalia	Chordata	Aves	Piciformes	Picidae	Dendrocoptes	Dendrocoptes medius		SPECIES	Leiopicus medius (Linnaeus, 1758)	Leiopicus medius (Linnaeus, 1758)	(Linnaeus, 1758)	CH		Ag	PRESENT	NA	64ee55c9-570a-42af-b7da-3f13c6b4e5a9	47.42122	8.13437	3535	NA	NA	NA	NA	NA	2023	NA	NA	2023	10362259	8773033	HUMAN_OBSERVATION	SOI		SOI-AVES-4196029655	NA		NA	CC_BY_4_0	Schweizerische Vogelwarte		NA	NA	2026-07-18 15:05:04.324		TAXON_ID_NOT_FOUND	Swiss National Breeding Bird Databank	10.15468/jujcgr
389	2.20139246238276e-314	63f077c9-96a0-49de-b3ea-2aa565ee1098	SOI-AVES-4195793614	Animalia	Chordata	Aves	Piciformes	Picidae	Dendrocoptes	Dendrocoptes medius		SPECIES	Leiopicus medius (Linnaeus, 1758)	Leiopicus medius (Linnaeus, 1758)	(Linnaeus, 1758)	CH		Be	PRESENT	NA	64ee55c9-570a-42af-b7da-3f13c6b4e5a9	47.15267	7.01009	3535	NA	NA	NA	NA	NA	2023	NA	NA	2023	10362259	8773033	HUMAN_OBSERVATION	SOI		SOI-AVES-4195793614	NA		NA	CC_BY_4_0	Schweizerische Vogelwarte		NA	NA	2026-07-18 15:05:05.833		TAXON_ID_NOT_FOUND	Swiss National Breeding Bird Databank	10.15468/jujcgr
390	2.20139244113794e-314	63f077c9-96a0-49de-b3ea-2aa565ee1098	SOI-AVES-4189155400	Animalia	Chordata	Aves	Piciformes	Picidae	Dendrocoptes	Dendrocoptes medius		SPECIES	Leiopicus medius (Linnaeus, 1758)	Leiopicus medius (Linnaeus, 1758)	(Linnaeus, 1758)	CH		Be	PRESENT	NA	64ee55c9-570a-42af-b7da-3f13c6b4e5a9	47.01797	7.07694	3535	NA	NA	NA	NA	NA	2022	NA	NA	2022	10362259	8773033	HUMAN_OBSERVATION	SOI		SOI-AVES-4189155400	NA		NA	CC_BY_4_0	Schweizerische Vogelwarte		NA	NA	2026-07-18 15:05:07.23		TAXON_ID_NOT_FOUND	Swiss National Breeding Bird Databank	10.15468/jujcgr
391	2.20139211357242e-314	63f077c9-96a0-49de-b3ea-2aa565ee1098	SOI-AVES-4247781821	Animalia	Chordata	Aves	Piciformes	Picidae	Dendrocoptes	Dendrocoptes medius		SPECIES	Leiopicus medius (Linnaeus, 1758)	Leiopicus medius (Linnaeus, 1758)	(Linnaeus, 1758)	CH		Ge	PRESENT	NA	64ee55c9-570a-42af-b7da-3f13c6b4e5a9	46.20113	6.11068	3535	NA	NA	NA	NA	NA	2023	NA	NA	2023	10362259	8773033	HUMAN_OBSERVATION	SOI		SOI-AVES-4247781821	NA		NA	CC_BY_4_0	Schweizerische Vogelwarte		NA	NA	2026-07-18 15:05:06.771		TAXON_ID_NOT_FOUND	Swiss National Breeding Bird Databank	10.15468/jujcgr
392	2.20139195744767e-314	63f077c9-96a0-49de-b3ea-2aa565ee1098	SOI-AVES-4207870411	Animalia	Chordata	Aves	Piciformes	Picidae	Dendrocoptes	Dendrocoptes medius		SPECIES	Leiopicus medius (Linnaeus, 1758)	Leiopicus medius (Linnaeus, 1758)	(Linnaeus, 1758)	CH		Be	PRESENT	NA	64ee55c9-570a-42af-b7da-3f13c6b4e5a9	47.24304	7.73581	3535	NA	NA	NA	NA	NA	2023	NA	NA	2023	10362259	8773033	HUMAN_OBSERVATION	SOI		SOI-AVES-4207870411	NA		NA	CC_BY_4_0	Schweizerische Vogelwarte		NA	NA	2026-07-18 15:05:04.182		TAXON_ID_NOT_FOUND	Swiss National Breeding Bird Databank	10.15468/jujcgr
393	2.20139182553214e-314	63f077c9-96a0-49de-b3ea-2aa565ee1098	SOI-AVES-4172662127	Animalia	Chordata	Aves	Piciformes	Picidae	Dendrocoptes	Dendrocoptes medius		SPECIES	Leiopicus medius (Linnaeus, 1758)	Leiopicus medius (Linnaeus, 1758)	(Linnaeus, 1758)	CH		Zh	PRESENT	NA	64ee55c9-570a-42af-b7da-3f13c6b4e5a9	47.46371	8.46652	3535	NA	NA	NA	NA	NA	2022	NA	NA	2022	10362259	8773033	HUMAN_OBSERVATION	SOI		SOI-AVES-4172662127	NA		NA	CC_BY_4_0	Schweizerische Vogelwarte		NA	NA	2026-07-18 15:05:07.083		TAXON_ID_NOT_FOUND	Swiss National Breeding Bird Databank	10.15468/jujcgr
394	2.2013915241521e-314	63f077c9-96a0-49de-b3ea-2aa565ee1098	SOI-AVES-4192973922	Animalia	Chordata	Aves	Piciformes	Picidae	Dendrocoptes	Dendrocoptes medius		SPECIES	Leiopicus medius (Linnaeus, 1758)	Leiopicus medius (Linnaeus, 1758)	(Linnaeus, 1758)	CH		Sh	PRESENT	NA	64ee55c9-570a-42af-b7da-3f13c6b4e5a9	47.64357	8.47	3535	NA	NA	NA	NA	NA	2023	NA	NA	2023	10362259	8773033	HUMAN_OBSERVATION	SOI		SOI-AVES-4192973922	NA		NA	CC_BY_4_0	Schweizerische Vogelwarte		NA	NA	2026-07-18 15:05:04.396		TAXON_ID_NOT_FOUND	Swiss National Breeding Bird Databank	10.15468/jujcgr
395	2.20139131664453e-314	63f077c9-96a0-49de-b3ea-2aa565ee1098	SOI-AVES-4142904367	Animalia	Chordata	Aves	Piciformes	Picidae	Dendrocoptes	Dendrocoptes medius		SPECIES	Leiopicus medius (Linnaeus, 1758)	Leiopicus medius (Linnaeus, 1758)	(Linnaeus, 1758)	CH		Zh	PRESENT	NA	64ee55c9-570a-42af-b7da-3f13c6b4e5a9	47.64014	8.80265	3535	NA	NA	NA	NA	NA	2023	NA	NA	2023	10362259	8773033	HUMAN_OBSERVATION	SOI		SOI-AVES-4142904367	NA		NA	CC_BY_4_0	Schweizerische Vogelwarte		NA	NA	2026-07-18 15:05:07.067		TAXON_ID_NOT_FOUND	Swiss National Breeding Bird Databank	10.15468/jujcgr
396	2.20139094807156e-314	63f077c9-96a0-49de-b3ea-2aa565ee1098	SOI-AVES-4039164118	Animalia	Chordata	Aves	Piciformes	Picidae	Dendrocoptes	Dendrocoptes medius		SPECIES	Leiopicus medius (Linnaeus, 1758)	Leiopicus medius (Linnaeus, 1758)	(Linnaeus, 1758)	CH		Tg	PRESENT	NA	64ee55c9-570a-42af-b7da-3f13c6b4e5a9	47.59354	8.93442	3535	NA	NA	NA	NA	NA	2023	NA	NA	2023	10362259	8773033	HUMAN_OBSERVATION	SOI		SOI-AVES-4039164118	NA		NA	CC_BY_4_0	Schweizerische Vogelwarte		NA	NA	2026-07-18 15:05:05.79		TAXON_ID_NOT_FOUND	Swiss National Breeding Bird Databank	10.15468/jujcgr
397	2.20139093720211e-314	63f077c9-96a0-49de-b3ea-2aa565ee1098	SOI-AVES-4036152134	Animalia	Chordata	Aves	Piciformes	Picidae	Dendrocoptes	Dendrocoptes medius		SPECIES	Leiopicus medius (Linnaeus, 1758)	Leiopicus medius (Linnaeus, 1758)	(Linnaeus, 1758)	CH		Zh	PRESENT	NA	64ee55c9-570a-42af-b7da-3f13c6b4e5a9	47.37378	8.46478	3535	NA	NA	NA	NA	NA	2022	NA	NA	2022	10362259	8773033	HUMAN_OBSERVATION	SOI		SOI-AVES-4036152134	NA		NA	CC_BY_4_0	Schweizerische Vogelwarte		NA	NA	2026-07-18 15:05:04.377		TAXON_ID_NOT_FOUND	Swiss National Breeding Bird Databank	10.15468/jujcgr
398	2.20139016547157e-314	63f077c9-96a0-49de-b3ea-2aa565ee1098	SOI-AVES-4125603687	Animalia	Chordata	Aves	Piciformes	Picidae	Dendrocoptes	Dendrocoptes medius		SPECIES	Leiopicus medius (Linnaeus, 1758)	Leiopicus medius (Linnaeus, 1758)	(Linnaeus, 1758)	CH		Ne	PRESENT	NA	64ee55c9-570a-42af-b7da-3f13c6b4e5a9	47.10769	7.01045	3535	NA	NA	NA	NA	NA	2023	NA	NA	2023	10362259	8773033	HUMAN_OBSERVATION	SOI		SOI-AVES-4125603687	NA		NA	CC_BY_4_0	Schweizerische Vogelwarte		NA	NA	2026-07-18 15:05:05.775		TAXON_ID_NOT_FOUND	Swiss National Breeding Bird Databank	10.15468/jujcgr
399	2.20139016102498e-314	63f077c9-96a0-49de-b3ea-2aa565ee1098	SOI-AVES-4125130761	Animalia	Chordata	Aves	Piciformes	Picidae	Dendrocoptes	Dendrocoptes medius		SPECIES	Leiopicus medius (Linnaeus, 1758)	Leiopicus medius (Linnaeus, 1758)	(Linnaeus, 1758)	CH		Ne	PRESENT	NA	64ee55c9-570a-42af-b7da-3f13c6b4e5a9	47.06215	6.87918	3535	NA	NA	NA	NA	NA	2023	NA	NA	2023	10362259	8773033	HUMAN_OBSERVATION	SOI		SOI-AVES-4125130761	NA		NA	CC_BY_4_0	Schweizerische Vogelwarte		NA	NA	2026-07-18 15:05:06.729		TAXON_ID_NOT_FOUND	Swiss National Breeding Bird Databank	10.15468/jujcgr
400	2.20139005924746e-314	63f077c9-96a0-49de-b3ea-2aa565ee1098	SOI-AVES-4099547770	Animalia	Chordata	Aves	Piciformes	Picidae	Dendrocoptes	Dendrocoptes medius		SPECIES	Leiopicus medius (Linnaeus, 1758)	Leiopicus medius (Linnaeus, 1758)	(Linnaeus, 1758)	CH		Ag	PRESENT	NA	64ee55c9-570a-42af-b7da-3f13c6b4e5a9	47.28589	8.19871	3535	NA	NA	NA	NA	NA	2023	NA	NA	2023	10362259	8773033	HUMAN_OBSERVATION	SOI		SOI-AVES-4099547770	NA		NA	CC_BY_4_0	Schweizerische Vogelwarte		NA	NA	2026-07-18 15:05:05.773		TAXON_ID_NOT_FOUND	Swiss National Breeding Bird Databank	10.15468/jujcgr
401	2.20139000391211e-314	63f077c9-96a0-49de-b3ea-2aa565ee1098	SOI-AVES-4084112600	Animalia	Chordata	Aves	Piciformes	Picidae	Dendrocoptes	Dendrocoptes medius		SPECIES	Leiopicus medius (Linnaeus, 1758)	Leiopicus medius (Linnaeus, 1758)	(Linnaeus, 1758)	CH		So	PRESENT	NA	64ee55c9-570a-42af-b7da-3f13c6b4e5a9	47.19844	7.40564	3535	NA	NA	NA	NA	NA	2020	NA	NA	2020	10362259	8773033	HUMAN_OBSERVATION	SOI		SOI-AVES-4084112600	NA		NA	CC_BY_4_0	Schweizerische Vogelwarte		NA	NA	2026-07-18 15:05:06.72		TAXON_ID_NOT_FOUND	Swiss National Breeding Bird Databank	10.15468/jujcgr
402	2.20138964769078e-314	63f077c9-96a0-49de-b3ea-2aa565ee1098	SOI-AVES-4095567903	Animalia	Chordata	Aves	Piciformes	Picidae	Dendrocoptes	Dendrocoptes medius		SPECIES	Leiopicus medius (Linnaeus, 1758)	Leiopicus medius (Linnaeus, 1758)	(Linnaeus, 1758)	CH		Be	PRESENT	NA	64ee55c9-570a-42af-b7da-3f13c6b4e5a9	46.92859	7.47146	3535	NA	NA	NA	NA	NA	2021	NA	NA	2021	10362259	8773033	HUMAN_OBSERVATION	SOI		SOI-AVES-4095567903	NA		NA	CC_BY_4_0	Schweizerische Vogelwarte		NA	NA	2026-07-18 15:05:04.254		TAXON_ID_NOT_FOUND	Swiss National Breeding Bird Databank	10.15468/jujcgr
403	2.20138964225606e-314	63f077c9-96a0-49de-b3ea-2aa565ee1098	SOI-AVES-4094611328	Animalia	Chordata	Aves	Piciformes	Picidae	Dendrocoptes	Dendrocoptes medius		SPECIES	Leiopicus medius (Linnaeus, 1758)	Leiopicus medius (Linnaeus, 1758)	(Linnaeus, 1758)	CH		Be	PRESENT	NA	64ee55c9-570a-42af-b7da-3f13c6b4e5a9	47.15335	7.27381	3535	NA	NA	NA	NA	NA	2023	NA	NA	2023	10362259	8773033	HUMAN_OBSERVATION	SOI		SOI-AVES-4094611328	NA		NA	CC_BY_4_0	Schweizerische Vogelwarte		NA	NA	2026-07-18 15:05:07.022		TAXON_ID_NOT_FOUND	Swiss National Breeding Bird Databank	10.15468/jujcgr
404	2.20138955184204e-314	63f077c9-96a0-49de-b3ea-2aa565ee1098	SOI-AVES-4072142871	Animalia	Chordata	Aves	Piciformes	Picidae	Dendrocoptes	Dendrocoptes medius		SPECIES	Leiopicus medius (Linnaeus, 1758)	Leiopicus medius (Linnaeus, 1758)	(Linnaeus, 1758)	CH		Sh	PRESENT	NA	64ee55c9-570a-42af-b7da-3f13c6b4e5a9	47.73006	8.80497	3535	NA	NA	NA	NA	NA	2023	NA	NA	2023	10362259	8773033	HUMAN_OBSERVATION	SOI		SOI-AVES-4072142871	NA		NA	CC_BY_4_0	Schweizerische Vogelwarte		NA	NA	2026-07-18 15:05:06.71		TAXON_ID_NOT_FOUND	Swiss National Breeding Bird Databank	10.15468/jujcgr
405	2.20138949502449e-314	63f077c9-96a0-49de-b3ea-2aa565ee1098	SOI-AVES-4059848626	Animalia	Chordata	Aves	Piciformes	Picidae	Dendrocoptes	Dendrocoptes medius		SPECIES	Leiopicus medius (Linnaeus, 1758)	Leiopicus medius (Linnaeus, 1758)	(Linnaeus, 1758)	CH		Zh	PRESENT	NA	64ee55c9-570a-42af-b7da-3f13c6b4e5a9	47.28324	8.52914	3535	NA	NA	NA	NA	NA	2022	NA	NA	2022	10362259	8773033	HUMAN_OBSERVATION	SOI		SOI-AVES-4059848626	NA		NA	CC_BY_4_0	Schweizerische Vogelwarte		NA	NA	2026-07-18 15:05:07.017		TAXON_ID_NOT_FOUND	Swiss National Breeding Bird Databank	10.15468/jujcgr
406	2.20138941251553e-314	63f077c9-96a0-49de-b3ea-2aa565ee1098	SOI-AVES-4040538033	Animalia	Chordata	Aves	Piciformes	Picidae	Dendrocoptes	Dendrocoptes medius		SPECIES	Leiopicus medius (Linnaeus, 1758)	Leiopicus medius (Linnaeus, 1758)	(Linnaeus, 1758)	CH		So	PRESENT	NA	64ee55c9-570a-42af-b7da-3f13c6b4e5a9	47.33279	7.80246	3535	NA	NA	NA	NA	NA	2023	NA	NA	2023	10362259	8773033	HUMAN_OBSERVATION	SOI		SOI-AVES-4040538033	NA		NA	CC_BY_4_0	Schweizerische Vogelwarte		NA	NA	2026-07-18 15:05:06.707		TAXON_ID_NOT_FOUND	Swiss National Breeding Bird Databank	10.15468/jujcgr
407	2.20138929690417e-314	63f077c9-96a0-49de-b3ea-2aa565ee1098	SOI-AVES-4010508639	Animalia	Chordata	Aves	Piciformes	Picidae	Dendrocoptes	Dendrocoptes medius		SPECIES	Leiopicus medius (Linnaeus, 1758)	Leiopicus medius (Linnaeus, 1758)	(Linnaeus, 1758)	CH		Be	PRESENT	NA	64ee55c9-570a-42af-b7da-3f13c6b4e5a9	47.10811	7.1422	3535	NA	NA	NA	NA	NA	2023	NA	NA	2023	10362259	8773033	HUMAN_OBSERVATION	SOI		SOI-AVES-4010508639	NA		NA	CC_BY_4_0	Schweizerische Vogelwarte		NA	NA	2026-07-18 15:05:06.703		TAXON_ID_NOT_FOUND	Swiss National Breeding Bird Databank	10.15468/jujcgr
408	2.2013892806e-314	63f077c9-96a0-49de-b3ea-2aa565ee1098	SOI-AVES-4005018884	Animalia	Chordata	Aves	Piciformes	Picidae	Dendrocoptes	Dendrocoptes medius		SPECIES	Leiopicus medius (Linnaeus, 1758)	Leiopicus medius (Linnaeus, 1758)	(Linnaeus, 1758)	CH		Sh	PRESENT	NA	64ee55c9-570a-42af-b7da-3f13c6b4e5a9	47.68854	8.47088	3535	NA	NA	NA	NA	NA	2022	NA	NA	2022	10362259	8773033	HUMAN_OBSERVATION	SOI		SOI-AVES-4005018884	NA		NA	CC_BY_4_0	Schweizerische Vogelwarte		NA	NA	2026-07-18 15:05:06.703		TAXON_ID_NOT_FOUND	Swiss National Breeding Bird Databank	10.15468/jujcgr
409	2.20138911212362e-314	63f077c9-96a0-49de-b3ea-2aa565ee1098	SOI-AVES-3950348607	Animalia	Chordata	Aves	Piciformes	Picidae	Dendrocoptes	Dendrocoptes medius		SPECIES	Leiopicus medius (Linnaeus, 1758)	Leiopicus medius (Linnaeus, 1758)	(Linnaeus, 1758)	CH		Vd	PRESENT	NA	64ee55c9-570a-42af-b7da-3f13c6b4e5a9	46.38248	6.23624	3535	NA	NA	NA	NA	NA	2022	NA	NA	2022	10362259	8773033	HUMAN_OBSERVATION	SOI		SOI-AVES-3950348607	NA		NA	CC_BY_4_0	Schweizerische Vogelwarte		NA	NA	2026-07-18 15:05:07.117		TAXON_ID_NOT_FOUND	Swiss National Breeding Bird Databank	10.15468/jujcgr
410	2.20138880728511e-314	63f077c9-96a0-49de-b3ea-2aa565ee1098	SOI-AVES-3874965313	Animalia	Chordata	Aves	Piciformes	Picidae	Dendrocoptes	Dendrocoptes medius		SPECIES	Leiopicus medius (Linnaeus, 1758)	Leiopicus medius (Linnaeus, 1758)	(Linnaeus, 1758)	CH		Fr	PRESENT	NA	64ee55c9-570a-42af-b7da-3f13c6b4e5a9	46.92753	6.94624	3535	NA	NA	NA	NA	NA	2016	NA	NA	2016	10362259	8773033	HUMAN_OBSERVATION	SOI		SOI-AVES-3874965313	NA		NA	CC_BY_4_0	Schweizerische Vogelwarte		NA	NA	2026-07-18 15:05:07.095		TAXON_ID_NOT_FOUND	Swiss National Breeding Bird Databank	10.15468/jujcgr
411	2.20138869414408e-314	63f077c9-96a0-49de-b3ea-2aa565ee1098	SOI-AVES-3848696702	Animalia	Chordata	Aves	Piciformes	Picidae	Dendrocoptes	Dendrocoptes medius		SPECIES	Leiopicus medius (Linnaeus, 1758)	Leiopicus medius (Linnaeus, 1758)	(Linnaeus, 1758)	CH		Ag	PRESENT	NA	64ee55c9-570a-42af-b7da-3f13c6b4e5a9	47.23944	8.39616	3535	NA	NA	NA	NA	NA	2019	NA	NA	2019	10362259	8773033	HUMAN_OBSERVATION	SOI		SOI-AVES-3848696702	NA		NA	CC_BY_4_0	Schweizerische Vogelwarte		NA	NA	2026-07-18 15:05:04.227		TAXON_ID_NOT_FOUND	Swiss National Breeding Bird Databank	10.15468/jujcgr
412	2.20138820353689e-314	63f077c9-96a0-49de-b3ea-2aa565ee1098	SOI-AVES-3858869484	Animalia	Chordata	Aves	Piciformes	Picidae	Dendrocoptes	Dendrocoptes medius		SPECIES	Leiopicus medius (Linnaeus, 1758)	Leiopicus medius (Linnaeus, 1758)	(Linnaeus, 1758)	CH		Ne	PRESENT	NA	64ee55c9-570a-42af-b7da-3f13c6b4e5a9	46.92689	6.81494	3535	NA	NA	NA	NA	NA	2023	NA	NA	2023	10362259	8773033	HUMAN_OBSERVATION	SOI		SOI-AVES-3858869484	NA		NA	CC_BY_4_0	Schweizerische Vogelwarte		NA	NA	2026-07-18 15:05:07.077		TAXON_ID_NOT_FOUND	Swiss National Breeding Bird Databank	10.15468/jujcgr
413	2.20138818871493e-314	63f077c9-96a0-49de-b3ea-2aa565ee1098	SOI-AVES-3976453564	Animalia	Chordata	Aves	Piciformes	Picidae	Dendrocoptes	Dendrocoptes medius		SPECIES	Leiopicus medius (Linnaeus, 1758)	Leiopicus medius (Linnaeus, 1758)	(Linnaeus, 1758)	CH		Be	PRESENT	NA	64ee55c9-570a-42af-b7da-3f13c6b4e5a9	46.97345	7.27436	3535	NA	NA	NA	NA	NA	2023	NA	NA	2023	10362259	8773033	HUMAN_OBSERVATION	SOI		SOI-AVES-3976453564	NA		NA	CC_BY_4_0	Schweizerische Vogelwarte		NA	NA	2026-07-18 15:05:05.726		TAXON_ID_NOT_FOUND	Swiss National Breeding Bird Databank	10.15468/jujcgr
414	2.20138814721341e-314	63f077c9-96a0-49de-b3ea-2aa565ee1098	SOI-AVES-3965912612	Animalia	Chordata	Aves	Piciformes	Picidae	Dendrocoptes	Dendrocoptes medius		SPECIES	Leiopicus medius (Linnaeus, 1758)	Leiopicus medius (Linnaeus, 1758)	(Linnaeus, 1758)	CH		Ju	PRESENT	NA	64ee55c9-570a-42af-b7da-3f13c6b4e5a9	47.4677	7.07387	3535	NA	NA	NA	NA	NA	2019	NA	NA	2019	10362259	8773033	HUMAN_OBSERVATION	SOI		SOI-AVES-3965912612	NA		NA	CC_BY_4_0	Schweizerische Vogelwarte		NA	NA	2026-07-18 15:05:05.725		TAXON_ID_NOT_FOUND	Swiss National Breeding Bird Databank	10.15468/jujcgr
415	2.20138812843892e-314	63f077c9-96a0-49de-b3ea-2aa565ee1098	SOI-AVES-3960676131	Animalia	Chordata	Aves	Piciformes	Picidae	Dendrocoptes	Dendrocoptes medius		SPECIES	Leiopicus medius (Linnaeus, 1758)	Leiopicus medius (Linnaeus, 1758)	(Linnaeus, 1758)	CH		Ag	PRESENT	NA	64ee55c9-570a-42af-b7da-3f13c6b4e5a9	47.46618	8.13496	3535	NA	NA	NA	NA	NA	2023	NA	NA	2023	10362259	8773033	HUMAN_OBSERVATION	SOI		SOI-AVES-3960676131	NA		NA	CC_BY_4_0	Schweizerische Vogelwarte		NA	NA	2026-07-18 15:05:06.659		TAXON_ID_NOT_FOUND	Swiss National Breeding Bird Databank	10.15468/jujcgr
416	2.20138791105003e-314	63f077c9-96a0-49de-b3ea-2aa565ee1098	SOI-AVES-3907347861	Animalia	Chordata	Aves	Piciformes	Picidae	Dendrocoptes	Dendrocoptes medius		SPECIES	Leiopicus medius (Linnaeus, 1758)	Leiopicus medius (Linnaeus, 1758)	(Linnaeus, 1758)	CH		Ag	PRESENT	NA	64ee55c9-570a-42af-b7da-3f13c6b4e5a9	47.55422	8.40184	3535	NA	NA	NA	NA	NA	2019	NA	NA	2019	10362259	8773033	HUMAN_OBSERVATION	SOI		SOI-AVES-3907347861	NA		NA	CC_BY_4_0	Schweizerische Vogelwarte		NA	NA	2026-07-18 15:05:04.298		TAXON_ID_NOT_FOUND	Swiss National Breeding Bird Databank	10.15468/jujcgr
417	2.20138787399511e-314	63f077c9-96a0-49de-b3ea-2aa565ee1098	SOI-AVES-3898451332	Animalia	Chordata	Aves	Piciformes	Picidae	Dendrocoptes	Dendrocoptes medius		SPECIES	Leiopicus medius (Linnaeus, 1758)	Leiopicus medius (Linnaeus, 1758)	(Linnaeus, 1758)	CH		Ag	PRESENT	NA	64ee55c9-570a-42af-b7da-3f13c6b4e5a9	47.37435	8.39859	3535	NA	NA	NA	NA	NA	2023	NA	NA	2023	10362259	8773033	HUMAN_OBSERVATION	SOI		SOI-AVES-3898451332	NA		NA	CC_BY_4_0	Schweizerische Vogelwarte		NA	NA	2026-07-18 15:05:06.968		TAXON_ID_NOT_FOUND	Swiss National Breeding Bird Databank	10.15468/jujcgr
418	2.20138739820989e-314	63f077c9-96a0-49de-b3ea-2aa565ee1098	SOI-AVES-3917833550	Animalia	Chordata	Aves	Piciformes	Picidae	Dendrocoptes	Dendrocoptes medius		SPECIES	Leiopicus medius (Linnaeus, 1758)	Leiopicus medius (Linnaeus, 1758)	(Linnaeus, 1758)	CH		Ag	PRESENT	NA	64ee55c9-570a-42af-b7da-3f13c6b4e5a9	47.28759	7.86825	3535	NA	NA	NA	NA	NA	2023	NA	NA	2023	10362259	8773033	HUMAN_OBSERVATION	SOI		SOI-AVES-3917833550	NA		NA	CC_BY_4_0	Schweizerische Vogelwarte		NA	NA	2026-07-18 15:05:07.057		TAXON_ID_NOT_FOUND	Swiss National Breeding Bird Databank	10.15468/jujcgr
419	2.20138705681053e-314	63f077c9-96a0-49de-b3ea-2aa565ee1098	SOI-AVES-3808058797	Animalia	Chordata	Aves	Piciformes	Picidae	Dendrocoptes	Dendrocoptes medius		SPECIES	Leiopicus medius (Linnaeus, 1758)	Leiopicus medius (Linnaeus, 1758)	(Linnaeus, 1758)	CH		Ag	PRESENT	NA	64ee55c9-570a-42af-b7da-3f13c6b4e5a9	47.32938	8.39778	3535	NA	NA	NA	NA	NA	2023	NA	NA	2023	10362259	8773033	HUMAN_OBSERVATION	SOI		SOI-AVES-3808058797	NA		NA	CC_BY_4_0	Schweizerische Vogelwarte		NA	NA	2026-07-18 15:05:06.948		TAXON_ID_NOT_FOUND	Swiss National Breeding Bird Databank	10.15468/jujcgr
420	2.20138702716659e-314	63f077c9-96a0-49de-b3ea-2aa565ee1098	SOI-AVES-3800943288	Animalia	Chordata	Aves	Piciformes	Picidae	Dendrocoptes	Dendrocoptes medius		SPECIES	Leiopicus medius (Linnaeus, 1758)	Leiopicus medius (Linnaeus, 1758)	(Linnaeus, 1758)	CH		So	PRESENT	NA	64ee55c9-570a-42af-b7da-3f13c6b4e5a9	47.1984	7.5376	3535	NA	NA	NA	NA	NA	2023	NA	NA	2023	10362259	8773033	HUMAN_OBSERVATION	SOI		SOI-AVES-3800943288	NA		NA	CC_BY_4_0	Schweizerische Vogelwarte		NA	NA	2026-07-18 15:05:06.632		TAXON_ID_NOT_FOUND	Swiss National Breeding Bird Databank	10.15468/jujcgr
421	2.20138684337417e-314	63f077c9-96a0-49de-b3ea-2aa565ee1098	SOI-AVES-3750783916	Animalia	Chordata	Aves	Piciformes	Picidae	Dendrocoptes	Dendrocoptes medius		SPECIES	Leiopicus medius (Linnaeus, 1758)	Leiopicus medius (Linnaeus, 1758)	(Linnaeus, 1758)	CH		Ne	PRESENT	NA	64ee55c9-570a-42af-b7da-3f13c6b4e5a9	46.9722	6.88012	3535	NA	NA	NA	NA	NA	2021	NA	NA	2021	10362259	8773033	HUMAN_OBSERVATION	SOI		SOI-AVES-3750783916	NA		NA	CC_BY_4_0	Schweizerische Vogelwarte		NA	NA	2026-07-18 15:05:04.028		TAXON_ID_NOT_FOUND	Swiss National Breeding Bird Databank	10.15468/jujcgr
422	2.20138660325827e-314	63f077c9-96a0-49de-b3ea-2aa565ee1098	SOI-AVES-3832153859	Animalia	Chordata	Aves	Piciformes	Picidae	Dendrocoptes	Dendrocoptes medius		SPECIES	Leiopicus medius (Linnaeus, 1758)	Leiopicus medius (Linnaeus, 1758)	(Linnaeus, 1758)	CH		Ne	PRESENT	NA	64ee55c9-570a-42af-b7da-3f13c6b4e5a9	47.06272	7.01081	3535	NA	NA	NA	NA	NA	2023	NA	NA	2023	10362259	8773033	HUMAN_OBSERVATION	SOI		SOI-AVES-3832153859	NA		NA	CC_BY_4_0	Schweizerische Vogelwarte		NA	NA	2026-07-18 15:05:04.243		TAXON_ID_NOT_FOUND	Swiss National Breeding Bird Databank	10.15468/jujcgr
423	2.20138655138137e-314	63f077c9-96a0-49de-b3ea-2aa565ee1098	SOI-AVES-3819712778	Animalia	Chordata	Aves	Piciformes	Picidae	Dendrocoptes	Dendrocoptes medius		SPECIES	Leiopicus medius (Linnaeus, 1758)	Leiopicus medius (Linnaeus, 1758)	(Linnaeus, 1758)	CH		Be	PRESENT	NA	64ee55c9-570a-42af-b7da-3f13c6b4e5a9	47.01843	7.27422	3535	NA	NA	NA	NA	NA	2015	NA	NA	2015	10362259	8773033	HUMAN_OBSERVATION	SOI		SOI-AVES-3819712778	NA		NA	CC_BY_4_0	Schweizerische Vogelwarte		NA	NA	2026-07-18 15:05:06.618		TAXON_ID_NOT_FOUND	Swiss National Breeding Bird Databank	10.15468/jujcgr
424	2.20138652124337e-314	63f077c9-96a0-49de-b3ea-2aa565ee1098	SOI-AVES-3812900998	Animalia	Chordata	Aves	Piciformes	Picidae	Dendrocoptes	Dendrocoptes medius		SPECIES	Leiopicus medius (Linnaeus, 1758)	Leiopicus medius (Linnaeus, 1758)	(Linnaeus, 1758)	CH		Sh	PRESENT	NA	64ee55c9-570a-42af-b7da-3f13c6b4e5a9	47.77651	8.67273	3535	NA	NA	NA	NA	NA	2022	NA	NA	2022	10362259	8773033	HUMAN_OBSERVATION	SOI		SOI-AVES-3812900998	NA		NA	CC_BY_4_0	Schweizerische Vogelwarte		NA	NA	2026-07-18 15:05:04.023		TAXON_ID_NOT_FOUND	Swiss National Breeding Bird Databank	10.15468/jujcgr
425	2.20138637648214e-314	63f077c9-96a0-49de-b3ea-2aa565ee1098	SOI-AVES-3774827779	Animalia	Chordata	Aves	Piciformes	Picidae	Dendrocoptes	Dendrocoptes medius		SPECIES	Leiopicus medius (Linnaeus, 1758)	Leiopicus medius (Linnaeus, 1758)	(Linnaeus, 1758)	CH		Ne	PRESENT	NA	64ee55c9-570a-42af-b7da-3f13c6b4e5a9	46.97062	6.61731	3535	NA	NA	NA	NA	NA	2022	NA	NA	2022	10362259	8773033	HUMAN_OBSERVATION	SOI		SOI-AVES-3774827779	NA		NA	CC_BY_4_0	Schweizerische Vogelwarte		NA	NA	2026-07-18 15:05:04.019		TAXON_ID_NOT_FOUND	Swiss National Breeding Bird Databank	10.15468/jujcgr
426	2.20138630681888e-314	63f077c9-96a0-49de-b3ea-2aa565ee1098	SOI-AVES-3755289235	Animalia	Chordata	Aves	Piciformes	Picidae	Dendrocoptes	Dendrocoptes medius		SPECIES	Leiopicus medius (Linnaeus, 1758)	Leiopicus medius (Linnaeus, 1758)	(Linnaeus, 1758)	CH		Ju	PRESENT	NA	64ee55c9-570a-42af-b7da-3f13c6b4e5a9	47.37753	7.00828	3535	NA	NA	NA	NA	NA	2023	NA	NA	2023	10362259	8773033	HUMAN_OBSERVATION	SOI		SOI-AVES-3755289235	NA		NA	CC_BY_4_0	Schweizerische Vogelwarte		NA	NA	2026-07-18 15:05:06.933		TAXON_ID_NOT_FOUND	Swiss National Breeding Bird Databank	10.15468/jujcgr
427	2.20138600198038e-314	63f077c9-96a0-49de-b3ea-2aa565ee1098	SOI-AVES-3796657195	Animalia	Chordata	Aves	Piciformes	Picidae	Dendrocoptes	Dendrocoptes medius		SPECIES	Leiopicus medius (Linnaeus, 1758)	Leiopicus medius (Linnaeus, 1758)	(Linnaeus, 1758)	CH		Ag	PRESENT	NA	64ee55c9-570a-42af-b7da-3f13c6b4e5a9	47.28631	8.13262	3535	NA	NA	NA	NA	NA	1999	NA	NA	1999	10362259	8773033	HUMAN_OBSERVATION	SOI		SOI-AVES-3796657195	NA		NA	CC_BY_4_0	Schweizerische Vogelwarte		NA	NA	2026-07-18 15:05:05.666		TAXON_ID_NOT_FOUND	Swiss National Breeding Bird Databank	10.15468/jujcgr
428	2.20138590563758e-314	63f077c9-96a0-49de-b3ea-2aa565ee1098	SOI-AVES-3770585146	Animalia	Chordata	Aves	Piciformes	Picidae	Dendrocoptes	Dendrocoptes medius		SPECIES	Leiopicus medius (Linnaeus, 1758)	Leiopicus medius (Linnaeus, 1758)	(Linnaeus, 1758)	CH		Bl	PRESENT	NA	64ee55c9-570a-42af-b7da-3f13c6b4e5a9	47.42326	7.53802	3535	NA	NA	NA	NA	NA	2023	NA	NA	2023	10362259	8773033	HUMAN_OBSERVATION	SOI		SOI-AVES-3770585146	NA		NA	CC_BY_4_0	Schweizerische Vogelwarte		NA	NA	2026-07-18 15:05:04.011		TAXON_ID_NOT_FOUND	Swiss National Breeding Bird Databank	10.15468/jujcgr
429	2.20138586413606e-314	63f077c9-96a0-49de-b3ea-2aa565ee1098	SOI-AVES-3760901787	Animalia	Chordata	Aves	Piciformes	Picidae	Dendrocoptes	Dendrocoptes medius		SPECIES	Leiopicus medius (Linnaeus, 1758)	Leiopicus medius (Linnaeus, 1758)	(Linnaeus, 1758)	CH		Sg	PRESENT	NA	64ee55c9-570a-42af-b7da-3f13c6b4e5a9	47.45174	9.39464	3535	NA	NA	NA	NA	NA	2015	NA	NA	2015	10362259	8773033	HUMAN_OBSERVATION	SOI		SOI-AVES-3760901787	NA		NA	CC_BY_4_0	Schweizerische Vogelwarte		NA	NA	2026-07-18 15:05:04.01		TAXON_ID_NOT_FOUND	Swiss National Breeding Bird Databank	10.15468/jujcgr
430	2.20138581275323e-314	63f077c9-96a0-49de-b3ea-2aa565ee1098	SOI-AVES-3747496367	Animalia	Chordata	Aves	Piciformes	Picidae	Dendrocoptes	Dendrocoptes medius		SPECIES	Leiopicus medius (Linnaeus, 1758)	Leiopicus medius (Linnaeus, 1758)	(Linnaeus, 1758)	CH		So	PRESENT	NA	64ee55c9-570a-42af-b7da-3f13c6b4e5a9	47.24338	7.53769	3535	NA	NA	NA	NA	NA	2023	NA	NA	2023	10362259	8773033	HUMAN_OBSERVATION	SOI		SOI-AVES-3747496367	NA		NA	CC_BY_4_0	Schweizerische Vogelwarte		NA	NA	2026-07-18 15:05:06.998		TAXON_ID_NOT_FOUND	Swiss National Breeding Bird Databank	10.15468/jujcgr
431	2.20138570307066e-314	63f077c9-96a0-49de-b3ea-2aa565ee1098	SOI-AVES-3865693279	Animalia	Chordata	Aves	Piciformes	Picidae	Dendrocoptes	Dendrocoptes medius		SPECIES	Leiopicus medius (Linnaeus, 1758)	Leiopicus medius (Linnaeus, 1758)	(Linnaeus, 1758)	CH		Ag	PRESENT	NA	64ee55c9-570a-42af-b7da-3f13c6b4e5a9	47.332	8.00091	3535	NA	NA	NA	NA	NA	2023	NA	NA	2023	10362259	8773033	HUMAN_OBSERVATION	SOI		SOI-AVES-3865693279	NA		NA	CC_BY_4_0	Schweizerische Vogelwarte		NA	NA	2026-07-18 15:05:04.222		TAXON_ID_NOT_FOUND	Swiss National Breeding Bird Databank	10.15468/jujcgr
432	2.20138499606272e-314	63f077c9-96a0-49de-b3ea-2aa565ee1098	SOI-AVES-3656706606	Animalia	Chordata	Aves	Piciformes	Picidae	Dendrocoptes	Dendrocoptes medius		SPECIES	Leiopicus medius (Linnaeus, 1758)	Leiopicus medius (Linnaeus, 1758)	(Linnaeus, 1758)	CH		Ju	PRESENT	NA	64ee55c9-570a-42af-b7da-3f13c6b4e5a9	47.37829	7.33931	3535	NA	NA	NA	NA	NA	2023	NA	NA	2023	10362259	8773033	HUMAN_OBSERVATION	SOI		SOI-AVES-3656706606	NA		NA	CC_BY_4_0	Schweizerische Vogelwarte		NA	NA	2026-07-18 15:05:05.65		TAXON_ID_NOT_FOUND	Swiss National Breeding Bird Databank	10.15468/jujcgr
433	2.20138498321701e-314	63f077c9-96a0-49de-b3ea-2aa565ee1098	SOI-AVES-3652943780	Animalia	Chordata	Aves	Piciformes	Picidae	Dendrocoptes	Dendrocoptes medius		SPECIES	Leiopicus medius (Linnaeus, 1758)	Leiopicus medius (Linnaeus, 1758)	(Linnaeus, 1758)	CH		Be	PRESENT	NA	64ee55c9-570a-42af-b7da-3f13c6b4e5a9	47.10812	7.73506	3535	NA	NA	NA	NA	NA	2011	NA	NA	2011	10362259	8773033	HUMAN_OBSERVATION	SOI		SOI-AVES-3652943780	NA		NA	CC_BY_4_0	Schweizerische Vogelwarte		NA	NA	2026-07-18 15:05:04.205		TAXON_ID_NOT_FOUND	Swiss National Breeding Bird Databank	10.15468/jujcgr
434	2.20138439873736e-314	63f077c9-96a0-49de-b3ea-2aa565ee1098	SOI-AVES-3648021078	Animalia	Chordata	Aves	Piciformes	Picidae	Dendrocoptes	Dendrocoptes medius		SPECIES	Leiopicus medius (Linnaeus, 1758)	Leiopicus medius (Linnaeus, 1758)	(Linnaeus, 1758)	CH		Ge	PRESENT	NA	64ee55c9-570a-42af-b7da-3f13c6b4e5a9	46.19953	5.98115	3535	NA	NA	NA	NA	NA	2023	NA	NA	2023	10362259	8773033	HUMAN_OBSERVATION	SOI		SOI-AVES-3648021078	NA		NA	CC_BY_4_0	Schweizerische Vogelwarte		NA	NA	2026-07-18 15:05:06.561		TAXON_ID_NOT_FOUND	Swiss National Breeding Bird Databank	10.15468/jujcgr
435	2.20138419913484e-314	63f077c9-96a0-49de-b3ea-2aa565ee1098	SOI-AVES-3713449816	Animalia	Chordata	Aves	Piciformes	Picidae	Dendrocoptes	Dendrocoptes medius		SPECIES	Leiopicus medius (Linnaeus, 1758)	Leiopicus medius (Linnaeus, 1758)	(Linnaeus, 1758)	CH		So	PRESENT	NA	64ee55c9-570a-42af-b7da-3f13c6b4e5a9	47.10849	7.40569	3535	NA	NA	NA	NA	NA	2023	NA	NA	2023	10362259	8773033	HUMAN_OBSERVATION	SOI		SOI-AVES-3713449816	NA		NA	CC_BY_4_0	Schweizerische Vogelwarte		NA	NA	2026-07-18 15:05:06.556		TAXON_ID_NOT_FOUND	Swiss National Breeding Bird Databank	10.15468/jujcgr
436	2.20138406721931e-314	63f077c9-96a0-49de-b3ea-2aa565ee1098	SOI-AVES-3678361091	Animalia	Chordata	Aves	Piciformes	Picidae	Dendrocoptes	Dendrocoptes medius		SPECIES	Leiopicus medius (Linnaeus, 1758)	Leiopicus medius (Linnaeus, 1758)	(Linnaeus, 1758)	CH		Bl	PRESENT	NA	64ee55c9-570a-42af-b7da-3f13c6b4e5a9	47.46816	7.60442	3535	NA	NA	NA	NA	NA	2023	NA	NA	2023	10362259	8773033	HUMAN_OBSERVATION	SOI		SOI-AVES-3678361091	NA		NA	CC_BY_4_0	Schweizerische Vogelwarte		NA	NA	2026-07-18 15:05:04.104		TAXON_ID_NOT_FOUND	Swiss National Breeding Bird Databank	10.15468/jujcgr
437	2.20138405190327e-314	63f077c9-96a0-49de-b3ea-2aa565ee1098	SOI-AVES-3673917651	Animalia	Chordata	Aves	Piciformes	Picidae	Dendrocoptes	Dendrocoptes medius		SPECIES	Leiopicus medius (Linnaeus, 1758)	Leiopicus medius (Linnaeus, 1758)	(Linnaeus, 1758)	CH		Be	PRESENT	NA	64ee55c9-570a-42af-b7da-3f13c6b4e5a9	47.10845	7.53744	3535	NA	NA	NA	NA	NA	2023	NA	NA	2023	10362259	8773033	HUMAN_OBSERVATION	SOI		SOI-AVES-3673917651	NA		NA	CC_BY_4_0	Schweizerische Vogelwarte		NA	NA	2026-07-18 15:05:04.103		TAXON_ID_NOT_FOUND	Swiss National Breeding Bird Databank	10.15468/jujcgr
438	2.20138392838686e-314	63f077c9-96a0-49de-b3ea-2aa565ee1098	SOI-AVES-3640164093	Animalia	Chordata	Aves	Piciformes	Picidae	Dendrocoptes	Dendrocoptes medius		SPECIES	Leiopicus medius (Linnaeus, 1758)	Leiopicus medius (Linnaeus, 1758)	(Linnaeus, 1758)	CH		Be	PRESENT	NA	64ee55c9-570a-42af-b7da-3f13c6b4e5a9	47.06352	7.47154	3535	NA	NA	NA	NA	NA	2020	NA	NA	2020	10362259	8773033	HUMAN_OBSERVATION	SOI		SOI-AVES-3640164093	NA		NA	CC_BY_4_0	Schweizerische Vogelwarte		NA	NA	2026-07-18 15:05:06.548		TAXON_ID_NOT_FOUND	Swiss National Breeding Bird Databank	10.15468/jujcgr
439	2.2013838933082e-314	63f077c9-96a0-49de-b3ea-2aa565ee1098	SOI-AVES-3631231474	Animalia	Chordata	Aves	Piciformes	Picidae	Dendrocoptes	Dendrocoptes medius		SPECIES	Leiopicus medius (Linnaeus, 1758)	Leiopicus medius (Linnaeus, 1758)	(Linnaeus, 1758)	CH		Ag	PRESENT	NA	64ee55c9-570a-42af-b7da-3f13c6b4e5a9	47.46531	8.26759	3535	NA	NA	NA	NA	NA	2023	NA	NA	2023	10362259	8773033	HUMAN_OBSERVATION	SOI		SOI-AVES-3631231474	NA		NA	CC_BY_4_0	Schweizerische Vogelwarte		NA	NA	2026-07-18 15:05:06.537		TAXON_ID_NOT_FOUND	Swiss National Breeding Bird Databank	10.15468/jujcgr
440	2.20138379597727e-314	63f077c9-96a0-49de-b3ea-2aa565ee1098	SOI-AVES-3605363736	Animalia	Chordata	Aves	Piciformes	Picidae	Dendrocoptes	Dendrocoptes medius		SPECIES	Leiopicus medius (Linnaeus, 1758)	Leiopicus medius (Linnaeus, 1758)	(Linnaeus, 1758)	CH		So	PRESENT	NA	64ee55c9-570a-42af-b7da-3f13c6b4e5a9	47.28782	7.80215	3535	NA	NA	NA	NA	NA	2021	NA	NA	2021	10362259	8773033	HUMAN_OBSERVATION	SOI		SOI-AVES-3605363736	NA		NA	CC_BY_4_0	Schweizerische Vogelwarte		NA	NA	2026-07-18 15:05:03.944		TAXON_ID_NOT_FOUND	Swiss National Breeding Bird Databank	10.15468/jujcgr
441	2.20138235725811e-314	63f077c9-96a0-49de-b3ea-2aa565ee1098	SOI-AVES-1806768196	Animalia	Chordata	Aves	Piciformes	Picidae	Dendrocoptes	Dendrocoptes medius		SPECIES	Leiopicus medius (Linnaeus, 1758)	Leiopicus medius (Linnaeus, 1758)	(Linnaeus, 1758)	CH		Zh	PRESENT	NA	64ee55c9-570a-42af-b7da-3f13c6b4e5a9	47.41814	8.5319	3535	NA	NA	NA	NA	NA	2023	NA	NA	2023	10362259	8773033	HUMAN_OBSERVATION	SOI		SOI-AVES-1806768196	NA		NA	CC_BY_4_0	Schweizerische Vogelwarte		NA	NA	2026-07-18 15:05:04.144		TAXON_ID_NOT_FOUND	Swiss National Breeding Bird Databank	10.15468/jujcgr
442	2.20138178315383e-314	63f077c9-96a0-49de-b3ea-2aa565ee1098	SOI-AVES-1796209455	Animalia	Chordata	Aves	Piciformes	Picidae	Dendrocoptes	Dendrocoptes medius		SPECIES	Leiopicus medius (Linnaeus, 1758)	Leiopicus medius (Linnaeus, 1758)	(Linnaeus, 1758)	CH		Vd	PRESENT	NA	64ee55c9-570a-42af-b7da-3f13c6b4e5a9	46.7462	6.68617	3535	NA	NA	NA	NA	NA	2015	NA	NA	2015	10362259	8773033	HUMAN_OBSERVATION	SOI		SOI-AVES-1796209455	NA		NA	CC_BY_4_0	Schweizerische Vogelwarte		NA	NA	2026-07-18 15:05:03.906		TAXON_ID_NOT_FOUND	Swiss National Breeding Bird Databank	10.15468/jujcgr
443	2.20138158058691e-314	63f077c9-96a0-49de-b3ea-2aa565ee1098	SOI-AVES-3541770653	Animalia	Chordata	Aves	Piciformes	Picidae	Dendrocoptes	Dendrocoptes medius		SPECIES	Leiopicus medius (Linnaeus, 1758)	Leiopicus medius (Linnaeus, 1758)	(Linnaeus, 1758)	CH		Zh	PRESENT	NA	64ee55c9-570a-42af-b7da-3f13c6b4e5a9	47.55098	8.73393	3535	NA	NA	NA	NA	NA	2023	NA	NA	2023	10362259	8773033	HUMAN_OBSERVATION	SOI		SOI-AVES-3541770653	NA		NA	CC_BY_4_0	Schweizerische Vogelwarte		NA	NA	2026-07-18 15:05:03.877		TAXON_ID_NOT_FOUND	Swiss National Breeding Bird Databank	10.15468/jujcgr
444	2.20138144768325e-314	63f077c9-96a0-49de-b3ea-2aa565ee1098	SOI-AVES-3508811360	Animalia	Chordata	Aves	Piciformes	Picidae	Dendrocoptes	Dendrocoptes medius		SPECIES	Leiopicus medius (Linnaeus, 1758)	Leiopicus medius (Linnaeus, 1758)	(Linnaeus, 1758)	CH		Sh	PRESENT	NA	64ee55c9-570a-42af-b7da-3f13c6b4e5a9	47.77785	8.53934	3535	NA	NA	NA	NA	NA	2013	NA	NA	2013	10362259	8773033	HUMAN_OBSERVATION	SOI		SOI-AVES-3508811360	NA		NA	CC_BY_4_0	Schweizerische Vogelwarte		NA	NA	2026-07-18 15:05:03.87		TAXON_ID_NOT_FOUND	Swiss National Breeding Bird Databank	10.15468/jujcgr
445	2.20138130193389e-314	63f077c9-96a0-49de-b3ea-2aa565ee1098	SOI-AVES-3467223529	Animalia	Chordata	Aves	Piciformes	Picidae	Dendrocoptes	Dendrocoptes medius		SPECIES	Leiopicus medius (Linnaeus, 1758)	Leiopicus medius (Linnaeus, 1758)	(Linnaeus, 1758)	CH		Ow	PRESENT	NA	64ee55c9-570a-42af-b7da-3f13c6b4e5a9	46.88114	8.19299	3535	NA	NA	NA	NA	NA	2022	NA	NA	2022	10362259	8773033	HUMAN_OBSERVATION	SOI		SOI-AVES-3467223529	NA		NA	CC_BY_4_0	Schweizerische Vogelwarte		NA	NA	2026-07-18 15:05:06.824		TAXON_ID_NOT_FOUND	Swiss National Breeding Bird Databank	10.15468/jujcgr
446	2.20138085727481e-314	63f077c9-96a0-49de-b3ea-2aa565ee1098	SOI-AVES-1793257595	Animalia	Chordata	Aves	Piciformes	Picidae	Dendrocoptes	Dendrocoptes medius		SPECIES	Leiopicus medius (Linnaeus, 1758)	Leiopicus medius (Linnaeus, 1758)	(Linnaeus, 1758)	CH		Be	PRESENT	NA	64ee55c9-570a-42af-b7da-3f13c6b4e5a9	47.28838	7.40558	3535	NA	NA	NA	NA	NA	1996	NA	NA	1996	10362259	8773033	HUMAN_OBSERVATION	SOI		SOI-AVES-1793257595	NA		NA	CC_BY_4_0	Schweizerische Vogelwarte		NA	NA	2026-07-18 15:05:06.453		TAXON_ID_NOT_FOUND	Swiss National Breeding Bird Databank	10.15468/jujcgr
447	2.20138040767507e-314	63f077c9-96a0-49de-b3ea-2aa565ee1098	SOI-AVES-3506391855	Animalia	Chordata	Aves	Piciformes	Picidae	Dendrocoptes	Dendrocoptes medius		SPECIES	Leiopicus medius (Linnaeus, 1758)	Leiopicus medius (Linnaeus, 1758)	(Linnaeus, 1758)	CH		Vd	PRESENT	NA	64ee55c9-570a-42af-b7da-3f13c6b4e5a9	46.9278	7.01189	3535	NA	NA	NA	NA	NA	2022	NA	NA	2022	10362259	8773033	HUMAN_OBSERVATION	SOI		SOI-AVES-3506391855	NA		NA	CC_BY_4_0	Schweizerische Vogelwarte		NA	NA	2026-07-18 15:05:03.872		TAXON_ID_NOT_FOUND	Swiss National Breeding Bird Databank	10.15468/jujcgr
448	2.20138034690499e-314	63f077c9-96a0-49de-b3ea-2aa565ee1098	SOI-AVES-3492714937	Animalia	Chordata	Aves	Piciformes	Picidae	Dendrocoptes	Dendrocoptes medius		SPECIES	Leiopicus medius (Linnaeus, 1758)	Leiopicus medius (Linnaeus, 1758)	(Linnaeus, 1758)	CH		Zh	PRESENT	NA	64ee55c9-570a-42af-b7da-3f13c6b4e5a9	47.28384	8.46305	3535	NA	NA	NA	NA	NA	2018	NA	NA	2018	10362259	8773033	HUMAN_OBSERVATION	SOI		SOI-AVES-3492714937	NA		NA	CC_BY_4_0	Schweizerische Vogelwarte		NA	NA	2026-07-18 15:05:06.894		TAXON_ID_NOT_FOUND	Swiss National Breeding Bird Databank	10.15468/jujcgr
449	2.20138031133227e-314	63f077c9-96a0-49de-b3ea-2aa565ee1098	SOI-AVES-3482889825	Animalia	Chordata	Aves	Piciformes	Picidae	Dendrocoptes	Dendrocoptes medius		SPECIES	Leiopicus medius (Linnaeus, 1758)	Leiopicus medius (Linnaeus, 1758)	(Linnaeus, 1758)	CH		Be	PRESENT	NA	64ee55c9-570a-42af-b7da-3f13c6b4e5a9	47.15343	7.33974	3535	NA	NA	NA	NA	NA	2023	NA	NA	2023	10362259	8773033	HUMAN_OBSERVATION	SOI		SOI-AVES-3482889825	NA		NA	CC_BY_4_0	Schweizerische Vogelwarte		NA	NA	2026-07-18 15:05:05.569		TAXON_ID_NOT_FOUND	Swiss National Breeding Bird Databank	10.15468/jujcgr
450	2.2013802303055e-314	63f077c9-96a0-49de-b3ea-2aa565ee1098	SOI-AVES-3578018897	Animalia	Chordata	Aves	Piciformes	Picidae	Dendrocoptes	Dendrocoptes medius		SPECIES	Leiopicus medius (Linnaeus, 1758)	Leiopicus medius (Linnaeus, 1758)	(Linnaeus, 1758)	CH		So	PRESENT	NA	64ee55c9-570a-42af-b7da-3f13c6b4e5a9	47.33256	7.86861	3535	NA	NA	NA	NA	NA	2023	NA	NA	2023	10362259	8773033	HUMAN_OBSERVATION	SOI		SOI-AVES-3578018897	NA		NA	CC_BY_4_0	Schweizerische Vogelwarte		NA	NA	2026-07-18 15:05:03.866		TAXON_ID_NOT_FOUND	Swiss National Breeding Bird Databank	10.15468/jujcgr
451	2.20137974661523e-314	63f077c9-96a0-49de-b3ea-2aa565ee1098	SOI-AVES-3616467650	Animalia	Chordata	Aves	Piciformes	Picidae	Dendrocoptes	Dendrocoptes medius		SPECIES	Leiopicus medius (Linnaeus, 1758)	Leiopicus medius (Linnaeus, 1758)	(Linnaeus, 1758)	CH		Be	PRESENT	NA	64ee55c9-570a-42af-b7da-3f13c6b4e5a9	47.06314	7.14245	3535	NA	NA	NA	NA	NA	2023	NA	NA	2023	10362259	8773033	HUMAN_OBSERVATION	SOI		SOI-AVES-3616467650	NA		NA	CC_BY_4_0	Schweizerische Vogelwarte		NA	NA	2026-07-18 15:05:05.559		TAXON_ID_NOT_FOUND	Swiss National Breeding Bird Databank	10.15468/jujcgr
452	2.20137892152561e-314	63f077c9-96a0-49de-b3ea-2aa565ee1098	SOI-AVES-1690556509	Animalia	Chordata	Aves	Piciformes	Picidae	Dendrocoptes	Dendrocoptes medius		SPECIES	Leiopicus medius (Linnaeus, 1758)	Leiopicus medius (Linnaeus, 1758)	(Linnaeus, 1758)	CH		Ag	PRESENT	NA	64ee55c9-570a-42af-b7da-3f13c6b4e5a9	47.3304	8.26549	3535	NA	NA	NA	NA	NA	2022	NA	NA	2022	10362259	8773033	HUMAN_OBSERVATION	SOI		SOI-AVES-1690556509	NA		NA	CC_BY_4_0	Schweizerische Vogelwarte		NA	NA	2026-07-18 15:05:06.365		TAXON_ID_NOT_FOUND	Swiss National Breeding Bird Databank	10.15468/jujcgr
453	2.20137850502827e-314	63f077c9-96a0-49de-b3ea-2aa565ee1098	SOI-AVES-1706544850	Animalia	Chordata	Aves	Piciformes	Picidae	Dendrocoptes	Dendrocoptes medius		SPECIES	Leiopicus medius (Linnaeus, 1758)	Leiopicus medius (Linnaeus, 1758)	(Linnaeus, 1758)	CH		Vd	PRESENT	NA	64ee55c9-570a-42af-b7da-3f13c6b4e5a9	46.79023	6.55458	3535	NA	NA	NA	NA	NA	2021	NA	NA	2021	10362259	8773033	HUMAN_OBSERVATION	SOI		SOI-AVES-1706544850	NA		NA	CC_BY_4_0	Schweizerische Vogelwarte		NA	NA	2026-07-18 15:05:03.812		TAXON_ID_NOT_FOUND	Swiss National Breeding Bird Databank	10.15468/jujcgr
454	2.20137828171059e-314	63f077c9-96a0-49de-b3ea-2aa565ee1098	SOI-AVES-1759430347	Animalia	Chordata	Aves	Piciformes	Picidae	Dendrocoptes	Dendrocoptes medius		SPECIES	Leiopicus medius (Linnaeus, 1758)	Leiopicus medius (Linnaeus, 1758)	(Linnaeus, 1758)	CH		Ju	PRESENT	NA	64ee55c9-570a-42af-b7da-3f13c6b4e5a9	47.37776	7.07449	3535	NA	NA	NA	NA	NA	2020	NA	NA	2020	10362259	8773033	HUMAN_OBSERVATION	SOI		SOI-AVES-1759430347	NA		NA	CC_BY_4_0	Schweizerische Vogelwarte		NA	NA	2026-07-18 15:05:05.529		TAXON_ID_NOT_FOUND	Swiss National Breeding Bird Databank	10.15468/jujcgr
455	2.20137822933964e-314	63f077c9-96a0-49de-b3ea-2aa565ee1098	SOI-AVES-1749562016	Animalia	Chordata	Aves	Piciformes	Picidae	Dendrocoptes	Dendrocoptes medius		SPECIES	Leiopicus medius (Linnaeus, 1758)	Leiopicus medius (Linnaeus, 1758)	(Linnaeus, 1758)	CH		So	PRESENT	NA	64ee55c9-570a-42af-b7da-3f13c6b4e5a9	47.33298	7.73631	3535	NA	NA	NA	NA	NA	2018	NA	NA	2018	10362259	8773033	HUMAN_OBSERVATION	SOI		SOI-AVES-1749562016	NA		NA	CC_BY_4_0	Schweizerische Vogelwarte		NA	NA	2026-07-18 15:05:05.527		TAXON_ID_NOT_FOUND	Swiss National Breeding Bird Databank	10.15468/jujcgr
456	2.20137806036919e-314	63f077c9-96a0-49de-b3ea-2aa565ee1098	SOI-AVES-1703893950	Animalia	Chordata	Aves	Piciformes	Picidae	Dendrocoptes	Dendrocoptes medius		SPECIES	Leiopicus medius (Linnaeus, 1758)	Leiopicus medius (Linnaeus, 1758)	(Linnaeus, 1758)	CH		Ne	PRESENT	NA	64ee55c9-570a-42af-b7da-3f13c6b4e5a9	46.92565	6.618	3535	NA	NA	NA	NA	NA	2023	NA	NA	2023	10362259	8773033	HUMAN_OBSERVATION	SOI		SOI-AVES-1703893950	NA		NA	CC_BY_4_0	Schweizerische Vogelwarte		NA	NA	2026-07-18 15:05:03.908		TAXON_ID_NOT_FOUND	Swiss National Breeding Bird Databank	10.15468/jujcgr
457	2.20137798428308e-314	63f077c9-96a0-49de-b3ea-2aa565ee1098	SOI-AVES-1685066812	Animalia	Chordata	Aves	Piciformes	Picidae	Dendrocoptes	Dendrocoptes medius		SPECIES	Leiopicus medius (Linnaeus, 1758)	Leiopicus medius (Linnaeus, 1758)	(Linnaeus, 1758)	CH		Fr	PRESENT	NA	64ee55c9-570a-42af-b7da-3f13c6b4e5a9	46.92821	7.1432	3535	NA	NA	NA	NA	NA	2022	NA	NA	2022	10362259	8773033	HUMAN_OBSERVATION	SOI		SOI-AVES-1685066812	NA		NA	CC_BY_4_0	Schweizerische Vogelwarte		NA	NA	2026-07-18 15:05:03.771		TAXON_ID_NOT_FOUND	Swiss National Breeding Bird Databank	10.15468/jujcgr
458	2.20137798378901e-314	63f077c9-96a0-49de-b3ea-2aa565ee1098	SOI-AVES-1684997566	Animalia	Chordata	Aves	Piciformes	Picidae	Dendrocoptes	Dendrocoptes medius		SPECIES	Leiopicus medius (Linnaeus, 1758)	Leiopicus medius (Linnaeus, 1758)	(Linnaeus, 1758)	CH		Ne	PRESENT	NA	64ee55c9-570a-42af-b7da-3f13c6b4e5a9	47.01748	6.94541	3535	NA	NA	NA	NA	NA	2023	NA	NA	2023	10362259	8773033	HUMAN_OBSERVATION	SOI		SOI-AVES-1684997566	NA		NA	CC_BY_4_0	Schweizerische Vogelwarte		NA	NA	2026-07-18 15:05:06.328		TAXON_ID_NOT_FOUND	Swiss National Breeding Bird Databank	10.15468/jujcgr
459	2.20137784199217e-314	63f077c9-96a0-49de-b3ea-2aa565ee1098	SOI-AVES-1645614729	Animalia	Chordata	Aves	Piciformes	Picidae	Dendrocoptes	Dendrocoptes medius		SPECIES	Leiopicus medius (Linnaeus, 1758)	Leiopicus medius (Linnaeus, 1758)	(Linnaeus, 1758)	CH		Ag	PRESENT	NA	64ee55c9-570a-42af-b7da-3f13c6b4e5a9	47.33086	8.19935	3535	NA	NA	NA	NA	NA	2023	NA	NA	2023	10362259	8773033	HUMAN_OBSERVATION	SOI		SOI-AVES-1645614729	NA		NA	CC_BY_4_0	Schweizerische Vogelwarte		NA	NA	2026-07-18 15:05:05.52		TAXON_ID_NOT_FOUND	Swiss National Breeding Bird Databank	10.15468/jujcgr
460	2.20137780493725e-314	63f077c9-96a0-49de-b3ea-2aa565ee1098	SOI-AVES-3457411444	Animalia	Chordata	Aves	Piciformes	Picidae	Dendrocoptes	Dendrocoptes medius		SPECIES	Leiopicus medius (Linnaeus, 1758)	Leiopicus medius (Linnaeus, 1758)	(Linnaeus, 1758)	CH		Vd	PRESENT	NA	64ee55c9-570a-42af-b7da-3f13c6b4e5a9	46.42599	6.10517	3535	NA	NA	NA	NA	NA	2005	NA	NA	2005	10362259	8773033	HUMAN_OBSERVATION	SOI		SOI-AVES-3457411444	NA		NA	CC_BY_4_0	Schweizerische Vogelwarte		NA	NA	2026-07-18 15:05:06.833		TAXON_ID_NOT_FOUND	Swiss National Breeding Bird Databank	10.15468/jujcgr
461	2.20137769871313e-314	63f077c9-96a0-49de-b3ea-2aa565ee1098	SOI-AVES-3432166257	Animalia	Chordata	Aves	Piciformes	Picidae	Dendrocoptes	Dendrocoptes medius		SPECIES	Leiopicus medius (Linnaeus, 1758)	Leiopicus medius (Linnaeus, 1758)	(Linnaeus, 1758)	CH		Ag	PRESENT	NA	64ee55c9-570a-42af-b7da-3f13c6b4e5a9	47.51073	8.20192	3535	NA	NA	NA	NA	NA	2023	NA	NA	2023	10362259	8773033	HUMAN_OBSERVATION	SOI		SOI-AVES-3432166257	NA		NA	CC_BY_4_0	Schweizerische Vogelwarte		NA	NA	2026-07-18 15:05:06.739		TAXON_ID_NOT_FOUND	Swiss National Breeding Bird Databank	10.15468/jujcgr
462	2.2013776804327e-314	63f077c9-96a0-49de-b3ea-2aa565ee1098	SOI-AVES-3428308205	Animalia	Chordata	Aves	Piciformes	Picidae	Dendrocoptes	Dendrocoptes medius		SPECIES	Leiopicus medius (Linnaeus, 1758)	Leiopicus medius (Linnaeus, 1758)	(Linnaeus, 1758)	CH		Vd	PRESENT	NA	64ee55c9-570a-42af-b7da-3f13c6b4e5a9	46.6558	6.62211	3535	NA	NA	NA	NA	NA	2016	NA	NA	2016	10362259	8773033	HUMAN_OBSERVATION	SOI		SOI-AVES-3428308205	NA		NA	CC_BY_4_0	Schweizerische Vogelwarte		NA	NA	2026-07-18 15:05:05.518		TAXON_ID_NOT_FOUND	Swiss National Breeding Bird Databank	10.15468/jujcgr
463	2.20137763646086e-314	63f077c9-96a0-49de-b3ea-2aa565ee1098	SOI-AVES-3416033261	Animalia	Chordata	Aves	Piciformes	Picidae	Dendrocoptes	Dendrocoptes medius		SPECIES	Leiopicus medius (Linnaeus, 1758)	Leiopicus medius (Linnaeus, 1758)	(Linnaeus, 1758)	CH		Lu	PRESENT	NA	64ee55c9-570a-42af-b7da-3f13c6b4e5a9	47.15211	7.99902	3535	NA	NA	NA	NA	NA	2020	NA	NA	2020	10362259	8773033	HUMAN_OBSERVATION	SOI		SOI-AVES-3416033261	NA		NA	CC_BY_4_0	Schweizerische Vogelwarte		NA	NA	2026-07-18 15:05:04		TAXON_ID_NOT_FOUND	Swiss National Breeding Bird Databank	10.15468/jujcgr
464	2.20137742944736e-314	63f077c9-96a0-49de-b3ea-2aa565ee1098	SOI-AVES-3365544618	Animalia	Chordata	Aves	Piciformes	Picidae	Dendrocoptes	Dendrocoptes medius		SPECIES	Leiopicus medius (Linnaeus, 1758)	Leiopicus medius (Linnaeus, 1758)	(Linnaeus, 1758)	CH		Ju	PRESENT	NA	64ee55c9-570a-42af-b7da-3f13c6b4e5a9	47.46747	7.00755	3535	NA	NA	NA	NA	NA	2022	NA	NA	2022	10362259	8773033	HUMAN_OBSERVATION	SOI		SOI-AVES-3365544618	NA		NA	CC_BY_4_0	Schweizerische Vogelwarte		NA	NA	2026-07-18 15:05:06.824		TAXON_ID_NOT_FOUND	Swiss National Breeding Bird Databank	10.15468/jujcgr
465	2.20137712411479e-314	63f077c9-96a0-49de-b3ea-2aa565ee1098	SOI-AVES-1722971622	Animalia	Chordata	Aves	Piciformes	Picidae	Dendrocoptes	Dendrocoptes medius		SPECIES	Leiopicus medius (Linnaeus, 1758)	Leiopicus medius (Linnaeus, 1758)	(Linnaeus, 1758)	CH		Fr	PRESENT	NA	64ee55c9-570a-42af-b7da-3f13c6b4e5a9	46.97319	7.14295	3535	NA	NA	NA	NA	NA	2023	NA	NA	2023	10362259	8773033	HUMAN_OBSERVATION	SOI		SOI-AVES-1722971622	NA		NA	CC_BY_4_0	Schweizerische Vogelwarte		NA	NA	2026-07-18 15:05:06.818		TAXON_ID_NOT_FOUND	Swiss National Breeding Bird Databank	10.15468/jujcgr
466	2.20137683261606e-314	63f077c9-96a0-49de-b3ea-2aa565ee1098	SOI-AVES-1648843036	Animalia	Chordata	Aves	Piciformes	Picidae	Dendrocoptes	Dendrocoptes medius		SPECIES	Leiopicus medius (Linnaeus, 1758)	Leiopicus medius (Linnaeus, 1758)	(Linnaeus, 1758)	CH		Ju	PRESENT	NA	64ee55c9-570a-42af-b7da-3f13c6b4e5a9	47.28759	7.00901	3535	NA	NA	NA	NA	NA	2009	NA	NA	2009	10362259	8773033	HUMAN_OBSERVATION	SOI		SOI-AVES-1648843036	NA		NA	CC_BY_4_0	Schweizerische Vogelwarte		NA	NA	2026-07-18 15:05:05.488		TAXON_ID_NOT_FOUND	Swiss National Breeding Bird Databank	10.15468/jujcgr
467	2.20137652876568e-314	63f077c9-96a0-49de-b3ea-2aa565ee1098	SOI-AVES-3397266368	Animalia	Chordata	Aves	Piciformes	Picidae	Dendrocoptes	Dendrocoptes medius		SPECIES	Leiopicus medius (Linnaeus, 1758)	Leiopicus medius (Linnaeus, 1758)	(Linnaeus, 1758)	CH		Ag	PRESENT	NA	64ee55c9-570a-42af-b7da-3f13c6b4e5a9	47.55764	7.80399	3535	NA	NA	NA	NA	NA	2023	NA	NA	2023	10362259	8773033	HUMAN_OBSERVATION	SOI		SOI-AVES-3397266368	NA		NA	CC_BY_4_0	Schweizerische Vogelwarte		NA	NA	2026-07-18 15:05:06.801		TAXON_ID_NOT_FOUND	Swiss National Breeding Bird Databank	10.15468/jujcgr
468	2.20137638252225e-314	63f077c9-96a0-49de-b3ea-2aa565ee1098	SOI-AVES-3359227143	Animalia	Chordata	Aves	Piciformes	Picidae	Dendrocoptes	Dendrocoptes medius		SPECIES	Leiopicus medius (Linnaeus, 1758)	Leiopicus medius (Linnaeus, 1758)	(Linnaeus, 1758)	CH		Zh	PRESENT	NA	64ee55c9-570a-42af-b7da-3f13c6b4e5a9	47.46246	8.59913	3535	NA	NA	NA	NA	NA	2022	NA	NA	2022	10362259	8773033	HUMAN_OBSERVATION	SOI		SOI-AVES-3359227143	NA		NA	CC_BY_4_0	Schweizerische Vogelwarte		NA	NA	2026-07-18 15:05:03.807		TAXON_ID_NOT_FOUND	Swiss National Breeding Bird Databank	10.15468/jujcgr
469	2.20137631730559e-314	63f077c9-96a0-49de-b3ea-2aa565ee1098	SOI-AVES-3465379209	Animalia	Chordata	Aves	Piciformes	Picidae	Dendrocoptes	Dendrocoptes medius		SPECIES	Leiopicus medius (Linnaeus, 1758)	Leiopicus medius (Linnaeus, 1758)	(Linnaeus, 1758)	CH		Vd	PRESENT	NA	64ee55c9-570a-42af-b7da-3f13c6b4e5a9	46.5187	6.36353	3535	NA	NA	NA	NA	NA	2021	NA	NA	2021	10362259	8773033	HUMAN_OBSERVATION	SOI		SOI-AVES-3465379209	NA		NA	CC_BY_4_0	Schweizerische Vogelwarte		NA	NA	2026-07-18 15:05:03.756		TAXON_ID_NOT_FOUND	Swiss National Breeding Bird Databank	10.15468/jujcgr
470	2.20137603470004e-314	63f077c9-96a0-49de-b3ea-2aa565ee1098	SOI-AVES-3395420150	Animalia	Chordata	Aves	Piciformes	Picidae	Dendrocoptes	Dendrocoptes medius		SPECIES	Leiopicus medius (Linnaeus, 1758)	Leiopicus medius (Linnaeus, 1758)	(Linnaeus, 1758)	CH		Vd	PRESENT	NA	64ee55c9-570a-42af-b7da-3f13c6b4e5a9	46.61082	6.62279	3535	NA	NA	NA	NA	NA	2023	NA	NA	2023	10362259	8773033	HUMAN_OBSERVATION	SOI		SOI-AVES-3395420150	NA		NA	CC_BY_4_0	Schweizerische Vogelwarte		NA	NA	2026-07-18 15:05:06.237		TAXON_ID_NOT_FOUND	Swiss National Breeding Bird Databank	10.15468/jujcgr
471	2.20137595861393e-314	63f077c9-96a0-49de-b3ea-2aa565ee1098	SOI-AVES-3376869105	Animalia	Chordata	Aves	Piciformes	Picidae	Dendrocoptes	Dendrocoptes medius		SPECIES	Leiopicus medius (Linnaeus, 1758)	Leiopicus medius (Linnaeus, 1758)	(Linnaeus, 1758)	CH		Tg	PRESENT	NA	64ee55c9-570a-42af-b7da-3f13c6b4e5a9	47.58878	9.26672	3535	NA	NA	NA	NA	NA	2023	NA	NA	2023	10362259	8773033	HUMAN_OBSERVATION	SOI		SOI-AVES-3376869105	NA		NA	CC_BY_4_0	Schweizerische Vogelwarte		NA	NA	2026-07-18 15:05:03.73		TAXON_ID_NOT_FOUND	Swiss National Breeding Bird Databank	10.15468/jujcgr
472	2.20137595367327e-314	63f077c9-96a0-49de-b3ea-2aa565ee1098	SOI-AVES-3374441718	Animalia	Chordata	Aves	Piciformes	Picidae	Dendrocoptes	Dendrocoptes medius		SPECIES	Leiopicus medius (Linnaeus, 1758)	Leiopicus medius (Linnaeus, 1758)	(Linnaeus, 1758)	CH		Ag	PRESENT	NA	64ee55c9-570a-42af-b7da-3f13c6b4e5a9	47.46691	8.00233	3535	NA	NA	NA	NA	NA	2022	NA	NA	2022	10362259	8773033	HUMAN_OBSERVATION	SOI		SOI-AVES-3374441718	NA		NA	CC_BY_4_0	Schweizerische Vogelwarte		NA	NA	2026-07-18 15:05:06.786		TAXON_ID_NOT_FOUND	Swiss National Breeding Bird Databank	10.15468/jujcgr
473	2.20137559300535e-314	63f077c9-96a0-49de-b3ea-2aa565ee1098	SOI-AVES-3436312767	Animalia	Chordata	Aves	Piciformes	Picidae	Dendrocoptes	Dendrocoptes medius		SPECIES	Leiopicus medius (Linnaeus, 1758)	Leiopicus medius (Linnaeus, 1758)	(Linnaeus, 1758)	CH		Vd	PRESENT	NA	64ee55c9-570a-42af-b7da-3f13c6b4e5a9	46.83521	6.55384	3535	NA	NA	NA	NA	NA	2022	NA	NA	2022	10362259	8773033	HUMAN_OBSERVATION	SOI		SOI-AVES-3436312767	NA		NA	CC_BY_4_0	Schweizerische Vogelwarte		NA	NA	2026-07-18 15:05:06.777		TAXON_ID_NOT_FOUND	Swiss National Breeding Bird Databank	10.15468/jujcgr
474	2.20137557472492e-314	63f077c9-96a0-49de-b3ea-2aa565ee1098	SOI-AVES-3431114049	Animalia	Chordata	Aves	Piciformes	Picidae	Dendrocoptes	Dendrocoptes medius		SPECIES	Leiopicus medius (Linnaeus, 1758)	Leiopicus medius (Linnaeus, 1758)	(Linnaeus, 1758)	CH		Be	PRESENT	NA	64ee55c9-570a-42af-b7da-3f13c6b4e5a9	47.24319	7.66977	3535	NA	NA	NA	NA	NA	2016	NA	NA	2016	10362259	8773033	HUMAN_OBSERVATION	SOI		SOI-AVES-3431114049	NA		NA	CC_BY_4_0	Schweizerische Vogelwarte		NA	NA	2026-07-18 15:05:06.691		TAXON_ID_NOT_FOUND	Swiss National Breeding Bird Databank	10.15468/jujcgr
475	2.20137552235396e-314	63f077c9-96a0-49de-b3ea-2aa565ee1098	SOI-AVES-3416179078	Animalia	Chordata	Aves	Piciformes	Picidae	Dendrocoptes	Dendrocoptes medius		SPECIES	Leiopicus medius (Linnaeus, 1758)	Leiopicus medius (Linnaeus, 1758)	(Linnaeus, 1758)	CH		Vd	PRESENT	NA	64ee55c9-570a-42af-b7da-3f13c6b4e5a9	46.6986	6.35995	3535	NA	NA	NA	NA	NA	2011	NA	NA	2011	10362259	8773033	HUMAN_OBSERVATION	SOI		SOI-AVES-3416179078	NA		NA	CC_BY_4_0	Schweizerische Vogelwarte		NA	NA	2026-07-18 15:05:05.448		TAXON_ID_NOT_FOUND	Swiss National Breeding Bird Databank	10.15468/jujcgr
476	2.20137532571584e-314	63f077c9-96a0-49de-b3ea-2aa565ee1098	SOI-AVES-1650171775	Animalia	Chordata	Aves	Piciformes	Picidae	Dendrocoptes	Dendrocoptes medius		SPECIES	Leiopicus medius (Linnaeus, 1758)	Leiopicus medius (Linnaeus, 1758)	(Linnaeus, 1758)	CH		Vd	PRESENT	NA	64ee55c9-570a-42af-b7da-3f13c6b4e5a9	46.47309	6.29933	3535	NA	NA	NA	NA	NA	2021	NA	NA	2021	10362259	8773033	HUMAN_OBSERVATION	SOI		SOI-AVES-1650171775	NA		NA	CC_BY_4_0	Schweizerische Vogelwarte		NA	NA	2026-07-18 15:05:06.681		TAXON_ID_NOT_FOUND	Swiss National Breeding Bird Databank	10.15468/jujcgr
477	2.20137526247543e-314	63f077c9-96a0-49de-b3ea-2aa565ee1098	SOI-AVES-1637733114	Animalia	Chordata	Aves	Piciformes	Picidae	Dendrocoptes	Dendrocoptes medius		SPECIES	Leiopicus medius (Linnaeus, 1758)	Leiopicus medius (Linnaeus, 1758)	(Linnaeus, 1758)	CH		Vd	PRESENT	NA	64ee55c9-570a-42af-b7da-3f13c6b4e5a9	46.51807	6.29839	3535	NA	NA	NA	NA	NA	2021	NA	NA	2021	10362259	8773033	HUMAN_OBSERVATION	SOI		SOI-AVES-1637733114	NA		NA	CC_BY_4_0	Schweizerische Vogelwarte		NA	NA	2026-07-18 15:05:06.68		TAXON_ID_NOT_FOUND	Swiss National Breeding Bird Databank	10.15468/jujcgr
478	2.20137522196205e-314	63f077c9-96a0-49de-b3ea-2aa565ee1098	SOI-AVES-1627239639	Animalia	Chordata	Aves	Piciformes	Picidae	Dendrocoptes	Dendrocoptes medius		SPECIES	Leiopicus medius (Linnaeus, 1758)	Leiopicus medius (Linnaeus, 1758)	(Linnaeus, 1758)	CH		So	PRESENT	NA	64ee55c9-570a-42af-b7da-3f13c6b4e5a9	47.33313	7.67016	3535	NA	NA	NA	NA	NA	2023	NA	NA	2023	10362259	8773033	HUMAN_OBSERVATION	SOI		SOI-AVES-1627239639	NA		NA	CC_BY_4_0	Schweizerische Vogelwarte		NA	NA	2026-07-18 15:05:06.191		TAXON_ID_NOT_FOUND	Swiss National Breeding Bird Databank	10.15468/jujcgr
479	2.20137520219942e-314	63f077c9-96a0-49de-b3ea-2aa565ee1098	SOI-AVES-1621700551	Animalia	Chordata	Aves	Piciformes	Picidae	Dendrocoptes	Dendrocoptes medius		SPECIES	Leiopicus medius (Linnaeus, 1758)	Leiopicus medius (Linnaeus, 1758)	(Linnaeus, 1758)	CH		Zh	PRESENT	NA	64ee55c9-570a-42af-b7da-3f13c6b4e5a9	47.50807	8.53375	3535	NA	NA	NA	NA	NA	2023	NA	NA	2023	10362259	8773033	HUMAN_OBSERVATION	SOI		SOI-AVES-1621700551	NA		NA	CC_BY_4_0	Schweizerische Vogelwarte		NA	NA	2026-07-18 15:05:06.766		TAXON_ID_NOT_FOUND	Swiss National Breeding Bird Databank	10.15468/jujcgr
480	2.20137508214147e-314	63f077c9-96a0-49de-b3ea-2aa565ee1098	SOI-AVES-1593396110	Animalia	Chordata	Aves	Piciformes	Picidae	Dendrocoptes	Dendrocoptes medius		SPECIES	Leiopicus medius (Linnaeus, 1758)	Leiopicus medius (Linnaeus, 1758)	(Linnaeus, 1758)	CH		Zh	PRESENT	NA	64ee55c9-570a-42af-b7da-3f13c6b4e5a9	47.37317	8.53098	3535	NA	NA	NA	NA	NA	2023	NA	NA	2023	10362259	8773033	HUMAN_OBSERVATION	SOI		SOI-AVES-1593396110	NA		NA	CC_BY_4_0	Schweizerische Vogelwarte		NA	NA	2026-07-18 15:05:03.723		TAXON_ID_NOT_FOUND	Swiss National Breeding Bird Databank	10.15468/jujcgr
481	2.20137459202835e-314	63f077c9-96a0-49de-b3ea-2aa565ee1098	SOI-AVES-1594962222	Animalia	Chordata	Aves	Piciformes	Picidae	Dendrocoptes	Dendrocoptes medius		SPECIES	Leiopicus medius (Linnaeus, 1758)	Leiopicus medius (Linnaeus, 1758)	(Linnaeus, 1758)	CH		Bl	PRESENT	NA	64ee55c9-570a-42af-b7da-3f13c6b4e5a9	47.4233	7.47176	3535	NA	NA	NA	NA	NA	2023	NA	NA	2023	10362259	8773033	HUMAN_OBSERVATION	SOI		SOI-AVES-1594962222	NA		NA	CC_BY_4_0	Schweizerische Vogelwarte		NA	NA	2026-07-18 15:05:03.68		TAXON_ID_NOT_FOUND	Swiss National Breeding Bird Databank	10.15468/jujcgr
482	2.20137453125828e-314	63f077c9-96a0-49de-b3ea-2aa565ee1098	SOI-AVES-1577679239	Animalia	Chordata	Aves	Piciformes	Picidae	Dendrocoptes	Dendrocoptes medius		SPECIES	Leiopicus medius (Linnaeus, 1758)	Leiopicus medius (Linnaeus, 1758)	(Linnaeus, 1758)	CH		Ju	PRESENT	NA	64ee55c9-570a-42af-b7da-3f13c6b4e5a9	47.33313	7.2071	3535	NA	NA	NA	NA	NA	2016	NA	NA	2016	10362259	8773033	HUMAN_OBSERVATION	SOI		SOI-AVES-1577679239	NA		NA	CC_BY_4_0	Schweizerische Vogelwarte		NA	NA	2026-07-18 15:05:06.665		TAXON_ID_NOT_FOUND	Swiss National Breeding Bird Databank	10.15468/jujcgr
483	2.20137453027015e-314	63f077c9-96a0-49de-b3ea-2aa565ee1098	SOI-AVES-1577549978	Animalia	Chordata	Aves	Piciformes	Picidae	Dendrocoptes	Dendrocoptes medius		SPECIES	Leiopicus medius (Linnaeus, 1758)	Leiopicus medius (Linnaeus, 1758)	(Linnaeus, 1758)	CH		Ne	PRESENT	NA	64ee55c9-570a-42af-b7da-3f13c6b4e5a9	46.88018	6.5531	3535	NA	NA	NA	NA	NA	2004	NA	NA	2004	10362259	8773033	HUMAN_OBSERVATION	SOI		SOI-AVES-1577549978	NA		NA	CC_BY_4_0	Schweizerische Vogelwarte		NA	NA	2026-07-18 15:05:06.665		TAXON_ID_NOT_FOUND	Swiss National Breeding Bird Databank	10.15468/jujcgr
484	2.20137416268531e-314	63f077c9-96a0-49de-b3ea-2aa565ee1098	SOI-AVES-1592866655	Animalia	Chordata	Aves	Piciformes	Picidae	Dendrocoptes	Dendrocoptes medius		SPECIES	Leiopicus medius (Linnaeus, 1758)	Leiopicus medius (Linnaeus, 1758)	(Linnaeus, 1758)	CH		Zh	PRESENT	NA	64ee55c9-570a-42af-b7da-3f13c6b4e5a9	47.50742	8.60011	3535	NA	NA	NA	NA	NA	2023	NA	NA	2023	10362259	8773033	HUMAN_OBSERVATION	SOI		SOI-AVES-1592866655	NA		NA	CC_BY_4_0	Schweizerische Vogelwarte		NA	NA	2026-07-18 15:05:03.696		TAXON_ID_NOT_FOUND	Swiss National Breeding Bird Databank	10.15468/jujcgr
485	2.20137404756801e-314	63f077c9-96a0-49de-b3ea-2aa565ee1098	SOI-AVES-1561591489	Animalia	Chordata	Aves	Piciformes	Picidae	Dendrocoptes	Dendrocoptes medius		SPECIES	Leiopicus medius (Linnaeus, 1758)	Leiopicus medius (Linnaeus, 1758)	(Linnaeus, 1758)	CH		Be	PRESENT	NA	64ee55c9-570a-42af-b7da-3f13c6b4e5a9	47.10845	7.33982	3535	NA	NA	NA	NA	NA	2023	NA	NA	2023	10362259	8773033	HUMAN_OBSERVATION	SOI		SOI-AVES-1561591489	NA		NA	CC_BY_4_0	Schweizerische Vogelwarte		NA	NA	2026-07-18 15:05:03.616		TAXON_ID_NOT_FOUND	Swiss National Breeding Bird Databank	10.15468/jujcgr
486	2.20137382573253e-314	63f077c9-96a0-49de-b3ea-2aa565ee1098	SOI-AVES-3331388976	Animalia	Chordata	Aves	Piciformes	Picidae	Dendrocoptes	Dendrocoptes medius		SPECIES	Leiopicus medius (Linnaeus, 1758)	Leiopicus medius (Linnaeus, 1758)	(Linnaeus, 1758)	CH		Vd	PRESENT	NA	64ee55c9-570a-42af-b7da-3f13c6b4e5a9	46.47489	6.49462	3535	NA	NA	NA	NA	NA	2016	NA	NA	2016	10362259	8773033	HUMAN_OBSERVATION	SOI		SOI-AVES-3331388976	NA		NA	CC_BY_4_0	Schweizerische Vogelwarte		NA	NA	2026-07-18 15:05:06.733		TAXON_ID_NOT_FOUND	Swiss National Breeding Bird Databank	10.15468/jujcgr
487	2.2013737456939e-314	63f077c9-96a0-49de-b3ea-2aa565ee1098	SOI-AVES-3312557485	Animalia	Chordata	Aves	Piciformes	Picidae	Dendrocoptes	Dendrocoptes medius		SPECIES	Leiopicus medius (Linnaeus, 1758)	Leiopicus medius (Linnaeus, 1758)	(Linnaeus, 1758)	CH		Zh	PRESENT	NA	64ee55c9-570a-42af-b7da-3f13c6b4e5a9	47.64163	8.6696	3535	NA	NA	NA	NA	NA	2023	NA	NA	2023	10362259	8773033	HUMAN_OBSERVATION	SOI		SOI-AVES-3312557485	NA		NA	CC_BY_4_0	Schweizerische Vogelwarte		NA	NA	2026-07-18 15:05:03.625		TAXON_ID_NOT_FOUND	Swiss National Breeding Bird Databank	10.15468/jujcgr
488	2.20137365676208e-314	63f077c9-96a0-49de-b3ea-2aa565ee1098	SOI-AVES-3288973577	Animalia	Chordata	Aves	Piciformes	Picidae	Dendrocoptes	Dendrocoptes medius		SPECIES	Leiopicus medius (Linnaeus, 1758)	Leiopicus medius (Linnaeus, 1758)	(Linnaeus, 1758)	CH		Bl	PRESENT	NA	64ee55c9-570a-42af-b7da-3f13c6b4e5a9	47.4677	7.80338	3535	NA	NA	NA	NA	NA	2021	NA	NA	2021	10362259	8773033	HUMAN_OBSERVATION	SOI		SOI-AVES-3288973577	NA		NA	CC_BY_4_0	Schweizerische Vogelwarte		NA	NA	2026-07-18 15:05:06.73		TAXON_ID_NOT_FOUND	Swiss National Breeding Bird Databank	10.15468/jujcgr
489	2.20137359994453e-314	63f077c9-96a0-49de-b3ea-2aa565ee1098	SOI-AVES-3274768532	Animalia	Chordata	Aves	Piciformes	Picidae	Dendrocoptes	Dendrocoptes medius		SPECIES	Leiopicus medius (Linnaeus, 1758)	Leiopicus medius (Linnaeus, 1758)	(Linnaeus, 1758)	CH		So	PRESENT	NA	64ee55c9-570a-42af-b7da-3f13c6b4e5a9	47.33324	7.604	3535	NA	NA	NA	NA	NA	2023	NA	NA	2023	10362259	8773033	HUMAN_OBSERVATION	SOI		SOI-AVES-3274768532	NA		NA	CC_BY_4_0	Schweizerische Vogelwarte		NA	NA	2026-07-18 15:05:06.644		TAXON_ID_NOT_FOUND	Swiss National Breeding Bird Databank	10.15468/jujcgr
490	2.20137354164479e-314	63f077c9-96a0-49de-b3ea-2aa565ee1098	SOI-AVES-3259258467	Animalia	Chordata	Aves	Piciformes	Picidae	Dendrocoptes	Dendrocoptes medius		SPECIES	Leiopicus medius (Linnaeus, 1758)	Leiopicus medius (Linnaeus, 1758)	(Linnaeus, 1758)	CH		Tg	PRESENT	NA	64ee55c9-570a-42af-b7da-3f13c6b4e5a9	47.68586	8.73722	3535	NA	NA	NA	NA	NA	2023	NA	NA	2023	10362259	8773033	HUMAN_OBSERVATION	SOI		SOI-AVES-3259258467	NA		NA	CC_BY_4_0	Schweizerische Vogelwarte		NA	NA	2026-07-18 15:05:06.121		TAXON_ID_NOT_FOUND	Swiss National Breeding Bird Databank	10.15468/jujcgr
491	2.20137353966853e-314	63f077c9-96a0-49de-b3ea-2aa565ee1098	SOI-AVES-3258944402	Animalia	Chordata	Aves	Piciformes	Picidae	Dendrocoptes	Dendrocoptes medius		SPECIES	Leiopicus medius (Linnaeus, 1758)	Leiopicus medius (Linnaeus, 1758)	(Linnaeus, 1758)	CH		Be	PRESENT	NA	64ee55c9-570a-42af-b7da-3f13c6b4e5a9	47.15324	7.20788	3535	NA	NA	NA	NA	NA	2022	NA	NA	2022	10362259	8773033	HUMAN_OBSERVATION	SOI		SOI-AVES-3258944402	NA		NA	CC_BY_4_0	Schweizerische Vogelwarte		NA	NA	2026-07-18 15:05:06.642		TAXON_ID_NOT_FOUND	Swiss National Breeding Bird Databank	10.15468/jujcgr
492	2.20137337860313e-314	63f077c9-96a0-49de-b3ea-2aa565ee1098	SOI-AVES-3217364458	Animalia	Chordata	Aves	Piciformes	Picidae	Dendrocoptes	Dendrocoptes medius		SPECIES	Leiopicus medius (Linnaeus, 1758)	Leiopicus medius (Linnaeus, 1758)	(Linnaeus, 1758)	CH		Ag	PRESENT	NA	64ee55c9-570a-42af-b7da-3f13c6b4e5a9	47.37537	8.26619	3535	NA	NA	NA	NA	NA	2023	NA	NA	2023	10362259	8773033	HUMAN_OBSERVATION	SOI		SOI-AVES-3217364458	NA		NA	CC_BY_4_0	Schweizerische Vogelwarte		NA	NA	2026-07-18 15:05:06.639		TAXON_ID_NOT_FOUND	Swiss National Breeding Bird Databank	10.15468/jujcgr
493	2.2013731187246e-314	63f077c9-96a0-49de-b3ea-2aa565ee1098	SOI-AVES-1580013748	Animalia	Chordata	Aves	Piciformes	Picidae	Dendrocoptes	Dendrocoptes medius		SPECIES	Leiopicus medius (Linnaeus, 1758)	Leiopicus medius (Linnaeus, 1758)	(Linnaeus, 1758)	CH		Vd	PRESENT	NA	64ee55c9-570a-42af-b7da-3f13c6b4e5a9	46.52087	6.62414	3535	NA	NA	NA	NA	NA	2023	NA	NA	2023	10362259	8773033	HUMAN_OBSERVATION	SOI		SOI-AVES-1580013748	NA		NA	CC_BY_4_0	Schweizerische Vogelwarte		NA	NA	2026-07-18 15:05:06.633		TAXON_ID_NOT_FOUND	Swiss National Breeding Bird Databank	10.15468/jujcgr
494	2.20137249224936e-314	63f077c9-96a0-49de-b3ea-2aa565ee1098	SOI-AVES-3243175417	Animalia	Chordata	Aves	Piciformes	Picidae	Dendrocoptes	Dendrocoptes medius		SPECIES	Leiopicus medius (Linnaeus, 1758)	Leiopicus medius (Linnaeus, 1758)	(Linnaeus, 1758)	CH		Zh	PRESENT	NA	64ee55c9-570a-42af-b7da-3f13c6b4e5a9	47.41533	8.79689	3535	NA	NA	NA	NA	NA	2013	NA	NA	2013	10362259	8773033	HUMAN_OBSERVATION	SOI		SOI-AVES-3243175417	NA		NA	CC_BY_4_0	Schweizerische Vogelwarte		NA	NA	2026-07-18 15:05:03.591		TAXON_ID_NOT_FOUND	Swiss National Breeding Bird Databank	10.15468/jujcgr
495	2.20137184699962e-314	63f077c9-96a0-49de-b3ea-2aa565ee1098	SOI-AVES-3363721063	Animalia	Chordata	Aves	Piciformes	Picidae	Dendrocoptes	Dendrocoptes medius		SPECIES	Leiopicus medius (Linnaeus, 1758)	Leiopicus medius (Linnaeus, 1758)	(Linnaeus, 1758)	CH		Ag	PRESENT	NA	64ee55c9-570a-42af-b7da-3f13c6b4e5a9	47.51187	8.00281	3535	NA	NA	NA	NA	NA	2023	NA	NA	2023	10362259	8773033	HUMAN_OBSERVATION	SOI		SOI-AVES-3363721063	NA		NA	CC_BY_4_0	Schweizerische Vogelwarte		NA	NA	2026-07-18 15:05:03.54		TAXON_ID_NOT_FOUND	Swiss National Breeding Bird Databank	10.15468/jujcgr
496	2.20137176202033e-314	63f077c9-96a0-49de-b3ea-2aa565ee1098	SOI-AVES-3338207206	Animalia	Chordata	Aves	Piciformes	Picidae	Dendrocoptes	Dendrocoptes medius		SPECIES	Leiopicus medius (Linnaeus, 1758)	Leiopicus medius (Linnaeus, 1758)	(Linnaeus, 1758)	CH		Ne	PRESENT	NA	64ee55c9-570a-42af-b7da-3f13c6b4e5a9	46.97186	6.81442	3535	NA	NA	NA	NA	NA	2023	NA	NA	2023	10362259	8773033	HUMAN_OBSERVATION	SOI		SOI-AVES-3338207206	NA		NA	CC_BY_4_0	Schweizerische Vogelwarte		NA	NA	2026-07-18 15:05:06.003		TAXON_ID_NOT_FOUND	Swiss National Breeding Bird Databank	10.15468/jujcgr
497	2.20137169038081e-314	63f077c9-96a0-49de-b3ea-2aa565ee1098	SOI-AVES-3317581132	Animalia	Chordata	Aves	Piciformes	Picidae	Dendrocoptes	Dendrocoptes medius		SPECIES	Leiopicus medius (Linnaeus, 1758)	Leiopicus medius (Linnaeus, 1758)	(Linnaeus, 1758)	CH		Bl	PRESENT	NA	64ee55c9-570a-42af-b7da-3f13c6b4e5a9	47.42224	7.93559	3535	NA	NA	NA	NA	NA	2022	NA	NA	2022	10362259	8773033	HUMAN_OBSERVATION	SOI		SOI-AVES-3317581132	NA		NA	CC_BY_4_0	Schweizerische Vogelwarte		NA	NA	2026-07-18 15:05:03.57		TAXON_ID_NOT_FOUND	Swiss National Breeding Bird Databank	10.15468/jujcgr
498	2.20137148534357e-314	63f077c9-96a0-49de-b3ea-2aa565ee1098	SOI-AVES-3267647111	Animalia	Chordata	Aves	Piciformes	Picidae	Dendrocoptes	Dendrocoptes medius		SPECIES	Leiopicus medius (Linnaeus, 1758)	Leiopicus medius (Linnaeus, 1758)	(Linnaeus, 1758)	CH		Ju	PRESENT	NA	64ee55c9-570a-42af-b7da-3f13c6b4e5a9	47.33324	7.27325	3535	NA	NA	NA	NA	NA	2018	NA	NA	2018	10362259	8773033	HUMAN_OBSERVATION	SOI		SOI-AVES-3267647111	NA		NA	CC_BY_4_0	Schweizerische Vogelwarte		NA	NA	2026-07-18 15:05:03.532		TAXON_ID_NOT_FOUND	Swiss National Breeding Bird Databank	10.15468/jujcgr
499	2.20137147398006e-314	63f077c9-96a0-49de-b3ea-2aa565ee1098	SOI-AVES-3264832758	Animalia	Chordata	Aves	Piciformes	Picidae	Dendrocoptes	Dendrocoptes medius		SPECIES	Leiopicus medius (Linnaeus, 1758)	Leiopicus medius (Linnaeus, 1758)	(Linnaeus, 1758)	CH		Zh	PRESENT	NA	64ee55c9-570a-42af-b7da-3f13c6b4e5a9	47.5517	8.66751	3535	NA	NA	NA	NA	NA	2019	NA	NA	2019	10362259	8773033	HUMAN_OBSERVATION	SOI		SOI-AVES-3264832758	NA		NA	CC_BY_4_0	Schweizerische Vogelwarte		NA	NA	2026-07-18 15:05:06.651		TAXON_ID_NOT_FOUND	Swiss National Breeding Bird Databank	10.15468/jujcgr
500	2.20137135392211e-314	63f077c9-96a0-49de-b3ea-2aa565ee1098	SOI-AVES-1519676689	Animalia	Chordata	Aves	Piciformes	Picidae	Dendrocoptes	Dendrocoptes medius		SPECIES	Leiopicus medius (Linnaeus, 1758)	Leiopicus medius (Linnaeus, 1758)	(Linnaeus, 1758)	CH		Fr	PRESENT	NA	64ee55c9-570a-42af-b7da-3f13c6b4e5a9	46.88225	6.88106	3535	NA	NA	NA	NA	NA	2020	NA	NA	2020	10362259	8773033	HUMAN_OBSERVATION	SOI		SOI-AVES-1519676689	NA		NA	CC_BY_4_0	Schweizerische Vogelwarte		NA	NA	2026-07-18 15:05:03.754		TAXON_ID_NOT_FOUND	Swiss National Breeding Bird Databank	10.15468/jujcgr
501	2.20137112467565e-314	63f077c9-96a0-49de-b3ea-2aa565ee1098	SOI-AVES-1457763038	Animalia	Chordata	Aves	Piciformes	Picidae	Dendrocoptes	Dendrocoptes medius		SPECIES	Leiopicus medius (Linnaeus, 1758)	Leiopicus medius (Linnaeus, 1758)	(Linnaeus, 1758)	CH		Zh	PRESENT	NA	64ee55c9-570a-42af-b7da-3f13c6b4e5a9	47.55022	8.80034	3535	NA	NA	NA	NA	NA	2015	NA	NA	2015	10362259	8773033	HUMAN_OBSERVATION	SOI		SOI-AVES-1457763038	NA		NA	CC_BY_4_0	Schweizerische Vogelwarte		NA	NA	2026-07-18 15:05:03.61		TAXON_ID_NOT_FOUND	Swiss National Breeding Bird Databank	10.15468/jujcgr
502	2.20137088406568e-314	63f077c9-96a0-49de-b3ea-2aa565ee1098	SOI-AVES-1529122262	Animalia	Chordata	Aves	Piciformes	Picidae	Dendrocoptes	Dendrocoptes medius		SPECIES	Leiopicus medius (Linnaeus, 1758)	Leiopicus medius (Linnaeus, 1758)	(Linnaeus, 1758)	CH		Zh	PRESENT	NA	64ee55c9-570a-42af-b7da-3f13c6b4e5a9	47.37037	8.79574	3535	NA	NA	NA	NA	NA	1996	NA	NA	1996	10362259	8773033	HUMAN_OBSERVATION	SOI		SOI-AVES-1529122262	NA		NA	CC_BY_4_0	Schweizerische Vogelwarte		NA	NA	2026-07-18 15:05:03.516		TAXON_ID_NOT_FOUND	Swiss National Breeding Bird Databank	10.15468/jujcgr
503	2.20137062616341e-314	63f077c9-96a0-49de-b3ea-2aa565ee1098	SOI-AVES-1462820773	Animalia	Chordata	Aves	Piciformes	Picidae	Dendrocoptes	Dendrocoptes medius		SPECIES	Leiopicus medius (Linnaeus, 1758)	Leiopicus medius (Linnaeus, 1758)	(Linnaeus, 1758)	CH		Tg	PRESENT	NA	64ee55c9-570a-42af-b7da-3f13c6b4e5a9	47.63762	9.00221	3535	NA	NA	NA	NA	NA	2022	NA	NA	2022	10362259	8773033	HUMAN_OBSERVATION	SOI		SOI-AVES-1462820773	NA		NA	CC_BY_4_0	Schweizerische Vogelwarte		NA	NA	2026-07-18 15:05:03.51		TAXON_ID_NOT_FOUND	Swiss National Breeding Bird Databank	10.15468/jujcgr
504	2.20137045818109e-314	63f077c9-96a0-49de-b3ea-2aa565ee1098	SOI-AVES-1419119695	Animalia	Chordata	Aves	Piciformes	Picidae	Dendrocoptes	Dendrocoptes medius		SPECIES	Leiopicus medius (Linnaeus, 1758)	Leiopicus medius (Linnaeus, 1758)	(Linnaeus, 1758)	CH		Zh	PRESENT	NA	64ee55c9-570a-42af-b7da-3f13c6b4e5a9	47.50674	8.66647	3535	NA	NA	NA	NA	NA	2023	NA	NA	2023	10362259	8773033	HUMAN_OBSERVATION	SOI		SOI-AVES-1419119695	NA		NA	CC_BY_4_0	Schweizerische Vogelwarte		NA	NA	2026-07-18 15:05:03.592		TAXON_ID_NOT_FOUND	Swiss National Breeding Bird Databank	10.15468/jujcgr
505	2.20137039444662e-314	63f077c9-96a0-49de-b3ea-2aa565ee1098	SOI-AVES-1511113978	Animalia	Chordata	Aves	Piciformes	Picidae	Dendrocoptes	Dendrocoptes medius		SPECIES	Leiopicus medius (Linnaeus, 1758)	Leiopicus medius (Linnaeus, 1758)	(Linnaeus, 1758)	CH		Vd	PRESENT	NA	64ee55c9-570a-42af-b7da-3f13c6b4e5a9	46.29812	7.01685	3535	NA	NA	NA	NA	NA	2021	NA	NA	2021	10362259	8773033	HUMAN_OBSERVATION	SOI		SOI-AVES-1511113978	NA		NA	CC_BY_4_0	Schweizerische Vogelwarte		NA	NA	2026-07-18 15:05:06.618		TAXON_ID_NOT_FOUND	Swiss National Breeding Bird Databank	10.15468/jujcgr
506	2.20137038110685e-314	63f077c9-96a0-49de-b3ea-2aa565ee1098	SOI-AVES-1507041900	Animalia	Chordata	Aves	Piciformes	Picidae	Dendrocoptes	Dendrocoptes medius		SPECIES	Leiopicus medius (Linnaeus, 1758)	Leiopicus medius (Linnaeus, 1758)	(Linnaeus, 1758)	CH		Vd	PRESENT	NA	64ee55c9-570a-42af-b7da-3f13c6b4e5a9	46.60865	6.36174	3535	NA	NA	NA	NA	NA	2023	NA	NA	2023	10362259	8773033	HUMAN_OBSERVATION	SOI		SOI-AVES-1507041900	NA		NA	CC_BY_4_0	Schweizerische Vogelwarte		NA	NA	2026-07-18 15:05:06.617		TAXON_ID_NOT_FOUND	Swiss National Breeding Bird Databank	10.15468/jujcgr
507	2.20137000561696e-314	63f077c9-96a0-49de-b3ea-2aa565ee1098	SOI-AVES-1404513450	Animalia	Chordata	Aves	Piciformes	Picidae	Dendrocoptes	Dendrocoptes medius		SPECIES	Leiopicus medius (Linnaeus, 1758)	Leiopicus medius (Linnaeus, 1758)	(Linnaeus, 1758)	CH		Tg	PRESENT	NA	64ee55c9-570a-42af-b7da-3f13c6b4e5a9	47.59267	9.00089	3535	NA	NA	NA	NA	NA	2019	NA	NA	2019	10362259	8773033	HUMAN_OBSERVATION	SOI		SOI-AVES-1404513450	NA		NA	CC_BY_4_0	Schweizerische Vogelwarte		NA	NA	2026-07-18 15:05:03.526		TAXON_ID_NOT_FOUND	Swiss National Breeding Bird Databank	10.15468/jujcgr
508	2.20136990976823e-314	63f077c9-96a0-49de-b3ea-2aa565ee1098	SOI-AVES-1381849937	Animalia	Chordata	Aves	Piciformes	Picidae	Dendrocoptes	Dendrocoptes medius		SPECIES	Leiopicus medius (Linnaeus, 1758)	Leiopicus medius (Linnaeus, 1758)	(Linnaeus, 1758)	CH		Zh	PRESENT	NA	64ee55c9-570a-42af-b7da-3f13c6b4e5a9	47.37253	8.59717	3535	NA	NA	NA	NA	NA	2023	NA	NA	2023	10362259	8773033	HUMAN_OBSERVATION	SOI		SOI-AVES-1381849937	NA		NA	CC_BY_4_0	Schweizerische Vogelwarte		NA	NA	2026-07-18 15:05:05.934		TAXON_ID_NOT_FOUND	Swiss National Breeding Bird Databank	10.15468/jujcgr
509	2.20136984455156e-314	63f077c9-96a0-49de-b3ea-2aa565ee1098	SOI-AVES-3196561811	Animalia	Chordata	Aves	Piciformes	Picidae	Dendrocoptes	Dendrocoptes medius		SPECIES	Leiopicus medius (Linnaeus, 1758)	Leiopicus medius (Linnaeus, 1758)	(Linnaeus, 1758)	CH		Zh	PRESENT	NA	64ee55c9-570a-42af-b7da-3f13c6b4e5a9	47.41875	8.46565	3535	NA	NA	NA	NA	NA	2023	NA	NA	2023	10362259	8773033	HUMAN_OBSERVATION	SOI		SOI-AVES-3196561811	NA		NA	CC_BY_4_0	Schweizerische Vogelwarte		NA	NA	2026-07-18 15:05:06.603		TAXON_ID_NOT_FOUND	Swiss National Breeding Bird Databank	10.15468/jujcgr
510	2.20136983269399e-314	63f077c9-96a0-49de-b3ea-2aa565ee1098	SOI-AVES-3192863980	Animalia	Chordata	Aves	Piciformes	Picidae	Dendrocoptes	Dendrocoptes medius		SPECIES	Leiopicus medius (Linnaeus, 1758)	Leiopicus medius (Linnaeus, 1758)	(Linnaeus, 1758)	CH		Zh	PRESENT	NA	64ee55c9-570a-42af-b7da-3f13c6b4e5a9	47.46428	8.40021	3535	NA	NA	NA	NA	NA	2021	NA	NA	2021	10362259	8773033	HUMAN_OBSERVATION	SOI		SOI-AVES-3192863980	NA		NA	CC_BY_4_0	Schweizerische Vogelwarte		NA	NA	2026-07-18 15:05:05.931		TAXON_ID_NOT_FOUND	Swiss National Breeding Bird Databank	10.15468/jujcgr
511	2.20136970423692e-314	63f077c9-96a0-49de-b3ea-2aa565ee1098	SOI-AVES-3160724316	Animalia	Chordata	Aves	Piciformes	Picidae	Dendrocoptes	Dendrocoptes medius		SPECIES	Leiopicus medius (Linnaeus, 1758)	Leiopicus medius (Linnaeus, 1758)	(Linnaeus, 1758)	CH		Zh	PRESENT	NA	64ee55c9-570a-42af-b7da-3f13c6b4e5a9	47.28441	8.39697	3535	NA	NA	NA	NA	NA	2023	NA	NA	2023	10362259	8773033	HUMAN_OBSERVATION	SOI		SOI-AVES-3160724316	NA		NA	CC_BY_4_0	Schweizerische Vogelwarte		NA	NA	2026-07-18 15:05:03.518		TAXON_ID_NOT_FOUND	Swiss National Breeding Bird Databank	10.15468/jujcgr
512	2.20136915187153e-314	63f077c9-96a0-49de-b3ea-2aa565ee1098	SOI-AVES-1448439789	Animalia	Chordata	Aves	Piciformes	Picidae	Dendrocoptes	Dendrocoptes medius		SPECIES	Leiopicus medius (Linnaeus, 1758)	Leiopicus medius (Linnaeus, 1758)	(Linnaeus, 1758)	CH		Zh	PRESENT	NA	64ee55c9-570a-42af-b7da-3f13c6b4e5a9	47.55364	8.46826	3535	NA	NA	NA	NA	NA	2023	NA	NA	2023	10362259	8773033	HUMAN_OBSERVATION	SOI		SOI-AVES-1448439789	NA		NA	CC_BY_4_0	Schweizerische Vogelwarte		NA	NA	2026-07-18 15:05:03.494		TAXON_ID_NOT_FOUND	Swiss National Breeding Bird Databank	10.15468/jujcgr
513	2.20136889495739e-314	63f077c9-96a0-49de-b3ea-2aa565ee1098	SOI-AVES-3204122359	Animalia	Chordata	Aves	Piciformes	Picidae	Dendrocoptes	Dendrocoptes medius		SPECIES	Leiopicus medius (Linnaeus, 1758)	Leiopicus medius (Linnaeus, 1758)	(Linnaeus, 1758)	CH		Bl	PRESENT	NA	64ee55c9-570a-42af-b7da-3f13c6b4e5a9	47.46823	7.5381	3535	NA	NA	NA	NA	NA	2023	NA	NA	2023	10362259	8773033	HUMAN_OBSERVATION	SOI		SOI-AVES-3204122359	NA		NA	CC_BY_4_0	Schweizerische Vogelwarte		NA	NA	2026-07-18 15:05:06.579		TAXON_ID_NOT_FOUND	Swiss National Breeding Bird Databank	10.15468/jujcgr
514	2.20136876650032e-314	63f077c9-96a0-49de-b3ea-2aa565ee1098	SOI-AVES-3173506390	Animalia	Chordata	Aves	Piciformes	Picidae	Dendrocoptes	Dendrocoptes medius		SPECIES	Leiopicus medius (Linnaeus, 1758)	Leiopicus medius (Linnaeus, 1758)	(Linnaeus, 1758)	CH		Ge	PRESENT	NA	64ee55c9-570a-42af-b7da-3f13c6b4e5a9	46.20188	6.17545	3535	NA	NA	NA	NA	NA	2023	NA	NA	2023	10362259	8773033	HUMAN_OBSERVATION	SOI		SOI-AVES-3173506390	NA		NA	CC_BY_4_0	Schweizerische Vogelwarte		NA	NA	2026-07-18 15:05:03.62		TAXON_ID_NOT_FOUND	Swiss National Breeding Bird Databank	10.15468/jujcgr
515	2.20136856492154e-314	63f077c9-96a0-49de-b3ea-2aa565ee1098	SOI-AVES-3123379061	Animalia	Chordata	Aves	Piciformes	Picidae	Dendrocoptes	Dendrocoptes medius		SPECIES	Leiopicus medius (Linnaeus, 1758)	Leiopicus medius (Linnaeus, 1758)	(Linnaeus, 1758)	CH		Fr	PRESENT	NA	64ee55c9-570a-42af-b7da-3f13c6b4e5a9	46.61296	7.01438	3535	NA	NA	NA	NA	NA	2022	NA	NA	2022	10362259	8773033	HUMAN_OBSERVATION	SOI		SOI-AVES-3123379061	NA		NA	CC_BY_4_0	Schweizerische Vogelwarte		NA	NA	2026-07-18 15:05:05.279		TAXON_ID_NOT_FOUND	Swiss National Breeding Bird Databank	10.15468/jujcgr
516	2.20136848587103e-314	63f077c9-96a0-49de-b3ea-2aa565ee1098	SOI-AVES-3104330539	Animalia	Chordata	Aves	Piciformes	Picidae	Dendrocoptes	Dendrocoptes medius		SPECIES	Leiopicus medius (Linnaeus, 1758)	Leiopicus medius (Linnaeus, 1758)	(Linnaeus, 1758)	CH		Be	PRESENT	NA	64ee55c9-570a-42af-b7da-3f13c6b4e5a9	47.01843	7.60304	3535	NA	NA	NA	NA	NA	2012	NA	NA	2012	10362259	8773033	HUMAN_OBSERVATION	SOI		SOI-AVES-3104330539	NA		NA	CC_BY_4_0	Schweizerische Vogelwarte		NA	NA	2026-07-18 15:05:06.569		TAXON_ID_NOT_FOUND	Swiss National Breeding Bird Databank	10.15468/jujcgr
517	2.201368342592e-314	63f077c9-96a0-49de-b3ea-2aa565ee1098	SOI-AVES-3194590144	Animalia	Chordata	Aves	Piciformes	Picidae	Dendrocoptes	Dendrocoptes medius		SPECIES	Leiopicus medius (Linnaeus, 1758)	Leiopicus medius (Linnaeus, 1758)	(Linnaeus, 1758)	CH		Vd	PRESENT	NA	64ee55c9-570a-42af-b7da-3f13c6b4e5a9	46.78971	6.4891	3535	NA	NA	NA	NA	NA	2023	NA	NA	2023	10362259	8773033	HUMAN_OBSERVATION	SOI		SOI-AVES-3194590144	NA		NA	CC_BY_4_0	Schweizerische Vogelwarte		NA	NA	2026-07-18 15:05:03.607		TAXON_ID_NOT_FOUND	Swiss National Breeding Bird Databank	10.15468/jujcgr
518	2.20136828824478e-314	63f077c9-96a0-49de-b3ea-2aa565ee1098	SOI-AVES-3181131989	Animalia	Chordata	Aves	Piciformes	Picidae	Dendrocoptes	Dendrocoptes medius		SPECIES	Leiopicus medius (Linnaeus, 1758)	Leiopicus medius (Linnaeus, 1758)	(Linnaeus, 1758)	CH		So	PRESENT	NA	64ee55c9-570a-42af-b7da-3f13c6b4e5a9	47.37833	7.47173	3535	NA	NA	NA	NA	NA	2023	NA	NA	2023	10362259	8773033	HUMAN_OBSERVATION	SOI		SOI-AVES-3181131989	NA		NA	CC_BY_4_0	Schweizerische Vogelwarte		NA	NA	2026-07-18 15:05:05.275		TAXON_ID_NOT_FOUND	Swiss National Breeding Bird Databank	10.15468/jujcgr
519	2.20136811927433e-314	63f077c9-96a0-49de-b3ea-2aa565ee1098	SOI-AVES-3137037921	Animalia	Chordata	Aves	Piciformes	Picidae	Dendrocoptes	Dendrocoptes medius		SPECIES	Leiopicus medius (Linnaeus, 1758)	Leiopicus medius (Linnaeus, 1758)	(Linnaeus, 1758)	CH		Vd	PRESENT	NA	64ee55c9-570a-42af-b7da-3f13c6b4e5a9	46.42745	6.23524	3535	NA	NA	NA	NA	NA	2023	NA	NA	2023	10362259	8773033	HUMAN_OBSERVATION	SOI		SOI-AVES-3137037921	NA		NA	CC_BY_4_0	Schweizerische Vogelwarte		NA	NA	2026-07-18 15:05:06.47		TAXON_ID_NOT_FOUND	Swiss National Breeding Bird Databank	10.15468/jujcgr
520	2.2013679369641e-314	63f077c9-96a0-49de-b3ea-2aa565ee1098	SOI-AVES-3092411370	Animalia	Chordata	Aves	Piciformes	Picidae	Dendrocoptes	Dendrocoptes medius		SPECIES	Leiopicus medius (Linnaeus, 1758)	Leiopicus medius (Linnaeus, 1758)	(Linnaeus, 1758)	CH		Vd	PRESENT	NA	64ee55c9-570a-42af-b7da-3f13c6b4e5a9	46.6992	6.42531	3535	NA	NA	NA	NA	NA	2022	NA	NA	2022	10362259	8773033	HUMAN_OBSERVATION	SOI		SOI-AVES-3092411370	NA		NA	CC_BY_4_0	Schweizerische Vogelwarte		NA	NA	2026-07-18 15:05:03.433		TAXON_ID_NOT_FOUND	Swiss National Breeding Bird Databank	10.15468/jujcgr
521	2.20136752935994e-314	63f077c9-96a0-49de-b3ea-2aa565ee1098	SOI-AVES-3141560121	Animalia	Chordata	Aves	Piciformes	Picidae	Dendrocoptes	Dendrocoptes medius		SPECIES	Leiopicus medius (Linnaeus, 1758)	Leiopicus medius (Linnaeus, 1758)	(Linnaeus, 1758)	CH		Ag	PRESENT	NA	64ee55c9-570a-42af-b7da-3f13c6b4e5a9	47.60067	8.20321	3535	NA	NA	NA	NA	NA	2023	NA	NA	2023	10362259	8773033	HUMAN_OBSERVATION	SOI		SOI-AVES-3141560121	NA		NA	CC_BY_4_0	Schweizerische Vogelwarte		NA	NA	2026-07-18 15:05:03.423		TAXON_ID_NOT_FOUND	Swiss National Breeding Bird Databank	10.15468/jujcgr
522	2.20136750169227e-314	63f077c9-96a0-49de-b3ea-2aa565ee1098	SOI-AVES-3134582899	Animalia	Chordata	Aves	Piciformes	Picidae	Dendrocoptes	Dendrocoptes medius		SPECIES	Leiopicus medius (Linnaeus, 1758)	Leiopicus medius (Linnaeus, 1758)	(Linnaeus, 1758)	CH		Vd	PRESENT	NA	64ee55c9-570a-42af-b7da-3f13c6b4e5a9	46.51986	6.49384	3535	NA	NA	NA	NA	NA	2021	NA	NA	2021	10362259	8773033	HUMAN_OBSERVATION	SOI		SOI-AVES-3134582899	NA		NA	CC_BY_4_0	Schweizerische Vogelwarte		NA	NA	2026-07-18 15:05:03.508		TAXON_ID_NOT_FOUND	Swiss National Breeding Bird Databank	10.15468/jujcgr
523	2.20136734902598e-314	63f077c9-96a0-49de-b3ea-2aa565ee1098	SOI-AVES-1386186340	Animalia	Chordata	Aves	Piciformes	Picidae	Dendrocoptes	Dendrocoptes medius		SPECIES	Leiopicus medius (Linnaeus, 1758)	Leiopicus medius (Linnaeus, 1758)	(Linnaeus, 1758)	CH		Ju	PRESENT	NA	64ee55c9-570a-42af-b7da-3f13c6b4e5a9	47.33332	7.3394	3535	NA	NA	NA	NA	NA	2022	NA	NA	2022	10362259	8773033	HUMAN_OBSERVATION	SOI		SOI-AVES-1386186340	NA		NA	CC_BY_4_0	Schweizerische Vogelwarte		NA	NA	2026-07-18 15:05:03.58		TAXON_ID_NOT_FOUND	Swiss National Breeding Bird Databank	10.15468/jujcgr
524	2.20136731444139e-314	63f077c9-96a0-49de-b3ea-2aa565ee1098	SOI-AVES-1376981207	Animalia	Chordata	Aves	Piciformes	Picidae	Dendrocoptes	Dendrocoptes medius		SPECIES	Leiopicus medius (Linnaeus, 1758)	Leiopicus medius (Linnaeus, 1758)	(Linnaeus, 1758)	CH		Zh	PRESENT	NA	64ee55c9-570a-42af-b7da-3f13c6b4e5a9	47.32688	8.66233	3535	NA	NA	NA	NA	NA	2016	NA	NA	2016	10362259	8773033	HUMAN_OBSERVATION	SOI		SOI-AVES-1376981207	NA		NA	CC_BY_4_0	Schweizerische Vogelwarte		NA	NA	2026-07-18 15:05:03.501		TAXON_ID_NOT_FOUND	Swiss National Breeding Bird Databank	10.15468/jujcgr
525	2.2013672625645e-314	63f077c9-96a0-49de-b3ea-2aa565ee1098	SOI-AVES-1363947353	Animalia	Chordata	Aves	Piciformes	Picidae	Dendrocoptes	Dendrocoptes medius		SPECIES	Leiopicus medius (Linnaeus, 1758)	Leiopicus medius (Linnaeus, 1758)	(Linnaeus, 1758)	CH		So	PRESENT	NA	64ee55c9-570a-42af-b7da-3f13c6b4e5a9	47.28827	7.60387	3535	NA	NA	NA	NA	NA	2023	NA	NA	2023	10362259	8773033	HUMAN_OBSERVATION	SOI		SOI-AVES-1363947353	NA		NA	CC_BY_4_0	Schweizerische Vogelwarte		NA	NA	2026-07-18 15:05:03.416		TAXON_ID_NOT_FOUND	Swiss National Breeding Bird Databank	10.15468/jujcgr
526	2.20136721612232e-314	63f077c9-96a0-49de-b3ea-2aa565ee1098	SOI-AVES-1352087936	Animalia	Chordata	Aves	Piciformes	Picidae	Dendrocoptes	Dendrocoptes medius		SPECIES	Leiopicus medius (Linnaeus, 1758)	Leiopicus medius (Linnaeus, 1758)	(Linnaeus, 1758)	CH		Bl	PRESENT	NA	64ee55c9-570a-42af-b7da-3f13c6b4e5a9	47.3781	7.67035	3535	NA	NA	NA	NA	NA	2023	NA	NA	2023	10362259	8773033	HUMAN_OBSERVATION	SOI		SOI-AVES-1352087936	NA		NA	CC_BY_4_0	Schweizerische Vogelwarte		NA	NA	2026-07-18 15:05:06.43		TAXON_ID_NOT_FOUND	Swiss National Breeding Bird Databank	10.15468/jujcgr
527	2.20136717956147e-314	63f077c9-96a0-49de-b3ea-2aa565ee1098	SOI-AVES-1345328156	Animalia	Chordata	Aves	Piciformes	Picidae	Dendrocoptes	Dendrocoptes medius		SPECIES	Leiopicus medius (Linnaeus, 1758)	Leiopicus medius (Linnaeus, 1758)	(Linnaeus, 1758)	CH		Vd	PRESENT	NA	64ee55c9-570a-42af-b7da-3f13c6b4e5a9	46.38177	6.17125	3535	NA	NA	NA	NA	NA	2023	NA	NA	2023	10362259	8773033	HUMAN_OBSERVATION	SOI		SOI-AVES-1345328156	NA		NA	CC_BY_4_0	Schweizerische Vogelwarte		NA	NA	2026-07-18 15:05:03.498		TAXON_ID_NOT_FOUND	Swiss National Breeding Bird Databank	10.15468/jujcgr
528	2.20136715732851e-314	63f077c9-96a0-49de-b3ea-2aa565ee1098	SOI-AVES-1340102687	Animalia	Chordata	Aves	Piciformes	Picidae	Dendrocoptes	Dendrocoptes medius		SPECIES	Leiopicus medius (Linnaeus, 1758)	Leiopicus medius (Linnaeus, 1758)	(Linnaeus, 1758)	CH		Vd	PRESENT	NA	64ee55c9-570a-42af-b7da-3f13c6b4e5a9	46.33679	6.1723	3535	NA	NA	NA	NA	NA	2022	NA	NA	2022	10362259	8773033	HUMAN_OBSERVATION	SOI		SOI-AVES-1340102687	NA		NA	CC_BY_4_0	Schweizerische Vogelwarte		NA	NA	2026-07-18 15:05:03.425		TAXON_ID_NOT_FOUND	Swiss National Breeding Bird Databank	10.15468/jujcgr
529	2.20136707333735e-314	63f077c9-96a0-49de-b3ea-2aa565ee1098	SOI-AVES-1318769250	Animalia	Chordata	Aves	Piciformes	Picidae	Dendrocoptes	Dendrocoptes medius		SPECIES	Leiopicus medius (Linnaeus, 1758)	Leiopicus medius (Linnaeus, 1758)	(Linnaeus, 1758)	CH		Vd	PRESENT	NA	64ee55c9-570a-42af-b7da-3f13c6b4e5a9	46.56428	6.42784	3535	NA	NA	NA	NA	NA	2019	NA	NA	2019	10362259	8773033	HUMAN_OBSERVATION	SOI		SOI-AVES-1318769250	NA		NA	CC_BY_4_0	Schweizerische Vogelwarte		NA	NA	2026-07-18 15:05:05.252		TAXON_ID_NOT_FOUND	Swiss National Breeding Bird Databank	10.15468/jujcgr
530	2.20136692709392e-314	63f077c9-96a0-49de-b3ea-2aa565ee1098	SOI-AVES-1393015105	Animalia	Chordata	Aves	Piciformes	Picidae	Dendrocoptes	Dendrocoptes medius		SPECIES	Leiopicus medius (Linnaeus, 1758)	Leiopicus medius (Linnaeus, 1758)	(Linnaeus, 1758)	CH		Bl	PRESENT	NA	64ee55c9-570a-42af-b7da-3f13c6b4e5a9	47.37795	7.73656	3535	NA	NA	NA	NA	NA	2022	NA	NA	2022	10362259	8773033	HUMAN_OBSERVATION	SOI		SOI-AVES-1393015105	NA		NA	CC_BY_4_0	Schweizerische Vogelwarte		NA	NA	2026-07-18 15:05:06.492		TAXON_ID_NOT_FOUND	Swiss National Breeding Bird Databank	10.15468/jujcgr
531	2.201366890039e-314	63f077c9-96a0-49de-b3ea-2aa565ee1098	SOI-AVES-1383530850	Animalia	Chordata	Aves	Piciformes	Picidae	Dendrocoptes	Dendrocoptes medius		SPECIES	Leiopicus medius (Linnaeus, 1758)	Leiopicus medius (Linnaeus, 1758)	(Linnaeus, 1758)	CH		Ag	PRESENT	NA	64ee55c9-570a-42af-b7da-3f13c6b4e5a9	47.41985	8.33314	3535	NA	NA	NA	NA	NA	2023	NA	NA	2023	10362259	8773033	HUMAN_OBSERVATION	SOI		SOI-AVES-1383530850	NA		NA	CC_BY_4_0	Schweizerische Vogelwarte		NA	NA	2026-07-18 15:05:03.566		TAXON_ID_NOT_FOUND	Swiss National Breeding Bird Databank	10.15468/jujcgr
532	2.20136670822284e-314	63f077c9-96a0-49de-b3ea-2aa565ee1098	SOI-AVES-1339465533	Animalia	Chordata	Aves	Piciformes	Picidae	Dendrocoptes	Dendrocoptes medius		SPECIES	Leiopicus medius (Linnaeus, 1758)	Leiopicus medius (Linnaeus, 1758)	(Linnaeus, 1758)	CH		Vd	PRESENT	NA	64ee55c9-570a-42af-b7da-3f13c6b4e5a9	46.79117	6.68554	3535	NA	NA	NA	NA	NA	2021	NA	NA	2021	10362259	8773033	HUMAN_OBSERVATION	SOI		SOI-AVES-1339465533	NA		NA	CC_BY_4_0	Schweizerische Vogelwarte		NA	NA	2026-07-18 15:05:03.562		TAXON_ID_NOT_FOUND	Swiss National Breeding Bird Databank	10.15468/jujcgr
533	2.20136668944835e-314	63f077c9-96a0-49de-b3ea-2aa565ee1098	SOI-AVES-1334766468	Animalia	Chordata	Aves	Piciformes	Picidae	Dendrocoptes	Dendrocoptes medius		SPECIES	Leiopicus medius (Linnaeus, 1758)	Leiopicus medius (Linnaeus, 1758)	(Linnaeus, 1758)	CH		Vd	PRESENT	NA	64ee55c9-570a-42af-b7da-3f13c6b4e5a9	46.60925	6.427	3535	NA	NA	NA	NA	NA	2023	NA	NA	2023	10362259	8773033	HUMAN_OBSERVATION	SOI		SOI-AVES-1334766468	NA		NA	CC_BY_4_0	Schweizerische Vogelwarte		NA	NA	2026-07-18 15:05:06.484		TAXON_ID_NOT_FOUND	Swiss National Breeding Bird Databank	10.15468/jujcgr
534	2.20136664300618e-314	63f077c9-96a0-49de-b3ea-2aa565ee1098	SOI-AVES-1321421150	Animalia	Chordata	Aves	Piciformes	Picidae	Dendrocoptes	Dendrocoptes medius		SPECIES	Leiopicus medius (Linnaeus, 1758)	Leiopicus medius (Linnaeus, 1758)	(Linnaeus, 1758)	CH		So	PRESENT	NA	64ee55c9-570a-42af-b7da-3f13c6b4e5a9	47.28835	7.53777	3535	NA	NA	NA	NA	NA	2023	NA	NA	2023	10362259	8773033	HUMAN_OBSERVATION	SOI		SOI-AVES-1321421150	NA		NA	CC_BY_4_0	Schweizerische Vogelwarte		NA	NA	2026-07-18 15:05:06.482		TAXON_ID_NOT_FOUND	Swiss National Breeding Bird Databank	10.15468/jujcgr
535	2.20136625022399e-314	63f077c9-96a0-49de-b3ea-2aa565ee1098	SOI-AVES-1329808703	Animalia	Chordata	Aves	Piciformes	Picidae	Dendrocoptes	Dendrocoptes medius		SPECIES	Leiopicus medius (Linnaeus, 1758)	Leiopicus medius (Linnaeus, 1758)	(Linnaeus, 1758)	CH		Zh	PRESENT	NA	64ee55c9-570a-42af-b7da-3f13c6b4e5a9	47.59735	8.60208	3535	NA	NA	NA	NA	NA	2023	NA	NA	2023	10362259	8773033	HUMAN_OBSERVATION	SOI		SOI-AVES-1329808703	NA		NA	CC_BY_4_0	Schweizerische Vogelwarte		NA	NA	2026-07-18 15:05:03.401		TAXON_ID_NOT_FOUND	Swiss National Breeding Bird Databank	10.15468/jujcgr
536	2.20136584706642e-314	63f077c9-96a0-49de-b3ea-2aa565ee1098	SOI-AVES-3056021628	Animalia	Chordata	Aves	Piciformes	Picidae	Dendrocoptes	Dendrocoptes medius		SPECIES	Leiopicus medius (Linnaeus, 1758)	Leiopicus medius (Linnaeus, 1758)	(Linnaeus, 1758)	CH		Ag	PRESENT	NA	64ee55c9-570a-42af-b7da-3f13c6b4e5a9	47.37663	8.06758	3535	NA	NA	NA	NA	NA	2023	NA	NA	2023	10362259	8773033	HUMAN_OBSERVATION	SOI		SOI-AVES-3056021628	NA		NA	CC_BY_4_0	Schweizerische Vogelwarte		NA	NA	2026-07-18 15:05:06.326		TAXON_ID_NOT_FOUND	Swiss National Breeding Bird Databank	10.15468/jujcgr
537	2.20136547651719e-314	63f077c9-96a0-49de-b3ea-2aa565ee1098	SOI-AVES-2958408434	Animalia	Chordata	Aves	Piciformes	Picidae	Dendrocoptes	Dendrocoptes medius		SPECIES	Leiopicus medius (Linnaeus, 1758)	Leiopicus medius (Linnaeus, 1758)	(Linnaeus, 1758)	CH		Be	PRESENT	NA	64ee55c9-570a-42af-b7da-3f13c6b4e5a9	47.06329	7.66899	3535	NA	NA	NA	NA	NA	2019	NA	NA	2019	10362259	8773033	HUMAN_OBSERVATION	SOI		SOI-AVES-2958408434	NA		NA	CC_BY_4_0	Schweizerische Vogelwarte		NA	NA	2026-07-18 15:05:03.368		TAXON_ID_NOT_FOUND	Swiss National Breeding Bird Databank	10.15468/jujcgr
538	2.20136532977969e-314	63f077c9-96a0-49de-b3ea-2aa565ee1098	SOI-AVES-1356117180	Animalia	Chordata	Aves	Piciformes	Picidae	Dendrocoptes	Dendrocoptes medius		SPECIES	Leiopicus medius (Linnaeus, 1758)	Leiopicus medius (Linnaeus, 1758)	(Linnaeus, 1758)	CH		Vd	PRESENT	NA	64ee55c9-570a-42af-b7da-3f13c6b4e5a9	46.74473	6.48989	3535	NA	NA	NA	NA	NA	2023	NA	NA	2023	10362259	8773033	HUMAN_OBSERVATION	SOI		SOI-AVES-1356117180	NA		NA	CC_BY_4_0	Schweizerische Vogelwarte		NA	NA	2026-07-18 15:05:03.376		TAXON_ID_NOT_FOUND	Swiss National Breeding Bird Databank	10.15468/jujcgr
539	2.20136475765167e-314	63f077c9-96a0-49de-b3ea-2aa565ee1098	SOI-AVES-3035441171	Animalia	Chordata	Aves	Piciformes	Picidae	Dendrocoptes	Dendrocoptes medius		SPECIES	Leiopicus medius (Linnaeus, 1758)	Leiopicus medius (Linnaeus, 1758)	(Linnaeus, 1758)	CH		Ju	PRESENT	NA	64ee55c9-570a-42af-b7da-3f13c6b4e5a9	47.42273	7.07418	3535	NA	NA	NA	NA	NA	2023	NA	NA	2023	10362259	8773033	HUMAN_OBSERVATION	SOI		SOI-AVES-3035441171	NA		NA	CC_BY_4_0	Schweizerische Vogelwarte		NA	NA	2026-07-18 15:05:06.414		TAXON_ID_NOT_FOUND	Swiss National Breeding Bird Databank	10.15468/jujcgr
540	2.20136438314991e-314	63f077c9-96a0-49de-b3ea-2aa565ee1098	SOI-AVES-3067044224	Animalia	Chordata	Aves	Piciformes	Picidae	Dendrocoptes	Dendrocoptes medius		SPECIES	Leiopicus medius (Linnaeus, 1758)	Leiopicus medius (Linnaeus, 1758)	(Linnaeus, 1758)	CH		Be	PRESENT	NA	64ee55c9-570a-42af-b7da-3f13c6b4e5a9	46.88358	7.53703	3535	NA	NA	NA	NA	NA	2016	NA	NA	2016	10362259	8773033	HUMAN_OBSERVATION	SOI		SOI-AVES-3067044224	NA		NA	CC_BY_4_0	Schweizerische Vogelwarte		NA	NA	2026-07-18 15:05:05.185		TAXON_ID_NOT_FOUND	Swiss National Breeding Bird Databank	10.15468/jujcgr
541	2.2013643703042e-314	63f077c9-96a0-49de-b3ea-2aa565ee1098	SOI-AVES-3063994257	Animalia	Chordata	Aves	Piciformes	Picidae	Dendrocoptes	Dendrocoptes medius		SPECIES	Leiopicus medius (Linnaeus, 1758)	Leiopicus medius (Linnaeus, 1758)	(Linnaeus, 1758)	CH		Ne	PRESENT	NA	64ee55c9-570a-42af-b7da-3f13c6b4e5a9	46.97149	6.74871	3535	NA	NA	NA	NA	NA	2023	NA	NA	2023	10362259	8773033	HUMAN_OBSERVATION	SOI		SOI-AVES-3063994257	NA		NA	CC_BY_4_0	Schweizerische Vogelwarte		NA	NA	2026-07-18 15:05:03.43		TAXON_ID_NOT_FOUND	Swiss National Breeding Bird Databank	10.15468/jujcgr
542	2.20136414155181e-314	63f077c9-96a0-49de-b3ea-2aa565ee1098	SOI-AVES-2999234446	Animalia	Chordata	Aves	Piciformes	Picidae	Dendrocoptes	Dendrocoptes medius		SPECIES	Leiopicus medius (Linnaeus, 1758)	Leiopicus medius (Linnaeus, 1758)	(Linnaeus, 1758)	CH		Zh	PRESENT	NA	64ee55c9-570a-42af-b7da-3f13c6b4e5a9	47.50868	8.46739	3535	NA	NA	NA	NA	NA	2023	NA	NA	2023	10362259	8773033	HUMAN_OBSERVATION	SOI		SOI-AVES-2999234446	NA		NA	CC_BY_4_0	Schweizerische Vogelwarte		NA	NA	2026-07-18 15:05:05.181		TAXON_ID_NOT_FOUND	Swiss National Breeding Bird Databank	10.15468/jujcgr
543	2.20136406744196e-314	63f077c9-96a0-49de-b3ea-2aa565ee1098	SOI-AVES-2980700431	Animalia	Chordata	Aves	Piciformes	Picidae	Dendrocoptes	Dendrocoptes medius		SPECIES	Leiopicus medius (Linnaeus, 1758)	Leiopicus medius (Linnaeus, 1758)	(Linnaeus, 1758)	CH		Tg	PRESENT	NA	64ee55c9-570a-42af-b7da-3f13c6b4e5a9	47.59438	8.86796	3535	NA	NA	NA	NA	NA	2023	NA	NA	2023	10362259	8773033	HUMAN_OBSERVATION	SOI		SOI-AVES-2980700431	NA		NA	CC_BY_4_0	Schweizerische Vogelwarte		NA	NA	2026-07-18 15:05:03.446		TAXON_ID_NOT_FOUND	Swiss National Breeding Bird Databank	10.15468/jujcgr
544	2.20136402248199e-314	63f077c9-96a0-49de-b3ea-2aa565ee1098	SOI-AVES-2967786865	Animalia	Chordata	Aves	Piciformes	Picidae	Dendrocoptes	Dendrocoptes medius		SPECIES	Leiopicus medius (Linnaeus, 1758)	Leiopicus medius (Linnaeus, 1758)	(Linnaeus, 1758)	CH		Ju	PRESENT	NA	64ee55c9-570a-42af-b7da-3f13c6b4e5a9	47.42307	7.2067	3535	NA	NA	NA	NA	NA	2018	NA	NA	2018	10362259	8773033	HUMAN_OBSERVATION	SOI		SOI-AVES-2967786865	NA		NA	CC_BY_4_0	Schweizerische Vogelwarte		NA	NA	2026-07-18 15:05:06.231		TAXON_ID_NOT_FOUND	Swiss National Breeding Bird Databank	10.15468/jujcgr
545	2.20136378483641e-314	63f077c9-96a0-49de-b3ea-2aa565ee1098	SOI-AVES-3069500261	Animalia	Chordata	Aves	Piciformes	Picidae	Dendrocoptes	Dendrocoptes medius		SPECIES	Leiopicus medius (Linnaeus, 1758)	Leiopicus medius (Linnaeus, 1758)	(Linnaeus, 1758)	CH		Vd	PRESENT	NA	64ee55c9-570a-42af-b7da-3f13c6b4e5a9	46.43279	6.95074	3535	NA	NA	NA	NA	NA	2022	NA	NA	2022	10362259	8773033	HUMAN_OBSERVATION	SOI		SOI-AVES-3069500261	NA		NA	CC_BY_4_0	Schweizerische Vogelwarte		NA	NA	2026-07-18 15:05:05.716		TAXON_ID_NOT_FOUND	Swiss National Breeding Bird Databank	10.15468/jujcgr
546	2.20136376112126e-314	63f077c9-96a0-49de-b3ea-2aa565ee1098	SOI-AVES-3064076727	Animalia	Chordata	Aves	Piciformes	Picidae	Dendrocoptes	Dendrocoptes medius		SPECIES	Leiopicus medius (Linnaeus, 1758)	Leiopicus medius (Linnaeus, 1758)	(Linnaeus, 1758)	CH		Tg	PRESENT	NA	64ee55c9-570a-42af-b7da-3f13c6b4e5a9	47.63671	9.06873	3535	NA	NA	NA	NA	NA	2023	NA	NA	2023	10362259	8773033	HUMAN_OBSERVATION	SOI		SOI-AVES-3064076727	NA		NA	CC_BY_4_0	Schweizerische Vogelwarte		NA	NA	2026-07-18 15:05:05.172		TAXON_ID_NOT_FOUND	Swiss National Breeding Bird Databank	10.15468/jujcgr
547	2.20136357584665e-314	63f077c9-96a0-49de-b3ea-2aa565ee1098	SOI-AVES-3015163676	Animalia	Chordata	Aves	Piciformes	Picidae	Dendrocoptes	Dendrocoptes medius		SPECIES	Leiopicus medius (Linnaeus, 1758)	Leiopicus medius (Linnaeus, 1758)	(Linnaeus, 1758)	CH		So	PRESENT	NA	64ee55c9-570a-42af-b7da-3f13c6b4e5a9	47.28816	7.66996	3535	NA	NA	NA	NA	NA	2022	NA	NA	2022	10362259	8773033	HUMAN_OBSERVATION	SOI		SOI-AVES-3015163676	NA		NA	CC_BY_4_0	Schweizerische Vogelwarte		NA	NA	2026-07-18 15:05:06.218		TAXON_ID_NOT_FOUND	Swiss National Breeding Bird Databank	10.15468/jujcgr
548	2.20136333128415e-314	63f077c9-96a0-49de-b3ea-2aa565ee1098	SOI-AVES-1247152600	Animalia	Chordata	Aves	Piciformes	Picidae	Dendrocoptes	Dendrocoptes medius		SPECIES	Leiopicus medius (Linnaeus, 1758)	Leiopicus medius (Linnaeus, 1758)	(Linnaeus, 1758)	CH		Bl	PRESENT	NA	64ee55c9-570a-42af-b7da-3f13c6b4e5a9	47.46789	7.73706	3535	NA	NA	NA	NA	NA	2023	NA	NA	2023	10362259	8773033	HUMAN_OBSERVATION	SOI		SOI-AVES-1247152600	NA		NA	CC_BY_4_0	Schweizerische Vogelwarte		NA	NA	2026-07-18 15:05:03.282		TAXON_ID_NOT_FOUND	Swiss National Breeding Bird Databank	10.15468/jujcgr
549	2.20136332980195e-314	63f077c9-96a0-49de-b3ea-2aa565ee1098	SOI-AVES-1246566109	Animalia	Chordata	Aves	Piciformes	Picidae	Dendrocoptes	Dendrocoptes medius		SPECIES	Leiopicus medius (Linnaeus, 1758)	Leiopicus medius (Linnaeus, 1758)	(Linnaeus, 1758)	CH		Zh	PRESENT	NA	64ee55c9-570a-42af-b7da-3f13c6b4e5a9	47.41932	8.3994	3535	NA	NA	NA	NA	NA	2023	NA	NA	2023	10362259	8773033	HUMAN_OBSERVATION	SOI		SOI-AVES-1246566109	NA		NA	CC_BY_4_0	Schweizerische Vogelwarte		NA	NA	2026-07-18 15:05:05.162		TAXON_ID_NOT_FOUND	Swiss National Breeding Bird Databank	10.15468/jujcgr
550	2.20136331349779e-314	63f077c9-96a0-49de-b3ea-2aa565ee1098	SOI-AVES-1242392173	Animalia	Chordata	Aves	Piciformes	Picidae	Dendrocoptes	Dendrocoptes medius		SPECIES	Leiopicus medius (Linnaeus, 1758)	Leiopicus medius (Linnaeus, 1758)	(Linnaeus, 1758)	CH		Be	PRESENT	NA	64ee55c9-570a-42af-b7da-3f13c6b4e5a9	46.97357	7.40578	3535	NA	NA	NA	NA	NA	2022	NA	NA	2022	10362259	8773033	HUMAN_OBSERVATION	SOI		SOI-AVES-1242392173	NA		NA	CC_BY_4_0	Schweizerische Vogelwarte		NA	NA	2026-07-18 15:05:03.323		TAXON_ID_NOT_FOUND	Swiss National Breeding Bird Databank	10.15468/jujcgr
551	2.20136328484198e-314	63f077c9-96a0-49de-b3ea-2aa565ee1098	SOI-AVES-1234608730	Animalia	Chordata	Aves	Piciformes	Picidae	Dendrocoptes	Dendrocoptes medius		SPECIES	Leiopicus medius (Linnaeus, 1758)	Leiopicus medius (Linnaeus, 1758)	(Linnaeus, 1758)	CH		Vd	PRESENT	NA	64ee55c9-570a-42af-b7da-3f13c6b4e5a9	46.52039	6.55899	3535	NA	NA	NA	NA	NA	2016	NA	NA	2016	10362259	8773033	HUMAN_OBSERVATION	SOI		SOI-AVES-1234608730	NA		NA	CC_BY_4_0	Schweizerische Vogelwarte		NA	NA	2026-07-18 15:05:03.322		TAXON_ID_NOT_FOUND	Swiss National Breeding Bird Databank	10.15468/jujcgr
552	2.20136328335978e-314	63f077c9-96a0-49de-b3ea-2aa565ee1098	SOI-AVES-1234162780	Animalia	Chordata	Aves	Piciformes	Picidae	Dendrocoptes	Dendrocoptes medius		SPECIES	Leiopicus medius (Linnaeus, 1758)	Leiopicus medius (Linnaeus, 1758)	(Linnaeus, 1758)	CH		Ag	PRESENT	NA	64ee55c9-570a-42af-b7da-3f13c6b4e5a9	47.46656	8.06865	3535	NA	NA	NA	NA	NA	2023	NA	NA	2023	10362259	8773033	HUMAN_OBSERVATION	SOI		SOI-AVES-1234162780	NA		NA	CC_BY_4_0	Schweizerische Vogelwarte		NA	NA	2026-07-18 15:05:06.333		TAXON_ID_NOT_FOUND	Swiss National Breeding Bird Databank	10.15468/jujcgr
553	2.20136305954805e-314	63f077c9-96a0-49de-b3ea-2aa565ee1098	SOI-AVES-1179973869	Animalia	Chordata	Aves	Piciformes	Picidae	Dendrocoptes	Dendrocoptes medius		SPECIES	Leiopicus medius (Linnaeus, 1758)	Leiopicus medius (Linnaeus, 1758)	(Linnaeus, 1758)	CH		Ne	PRESENT	NA	64ee55c9-570a-42af-b7da-3f13c6b4e5a9	47.06295	7.07663	3535	NA	NA	NA	NA	NA	2023	NA	NA	2023	10362259	8773033	HUMAN_OBSERVATION	SOI		SOI-AVES-1179973869	NA		NA	CC_BY_4_0	Schweizerische Vogelwarte		NA	NA	2026-07-18 15:05:06.325		TAXON_ID_NOT_FOUND	Swiss National Breeding Bird Databank	10.15468/jujcgr
554	2.20136292862065e-314	63f077c9-96a0-49de-b3ea-2aa565ee1098	SOI-AVES-1255565225	Animalia	Chordata	Aves	Piciformes	Picidae	Dendrocoptes	Dendrocoptes medius		SPECIES	Leiopicus medius (Linnaeus, 1758)	Leiopicus medius (Linnaeus, 1758)	(Linnaeus, 1758)	CH		Bl	PRESENT	NA	64ee55c9-570a-42af-b7da-3f13c6b4e5a9	47.37776	7.80276	3535	NA	NA	NA	NA	NA	2023	NA	NA	2023	10362259	8773033	HUMAN_OBSERVATION	SOI		SOI-AVES-1255565225	NA		NA	CC_BY_4_0	Schweizerische Vogelwarte		NA	NA	2026-07-18 15:05:05.149		TAXON_ID_NOT_FOUND	Swiss National Breeding Bird Databank	10.15468/jujcgr
555	2.20136287773189e-314	63f077c9-96a0-49de-b3ea-2aa565ee1098	SOI-AVES-1239580231	Animalia	Chordata	Aves	Piciformes	Picidae	Dendrocoptes	Dendrocoptes medius		SPECIES	Leiopicus medius (Linnaeus, 1758)	Leiopicus medius (Linnaeus, 1758)	(Linnaeus, 1758)	CH		Ag	PRESENT	NA	64ee55c9-570a-42af-b7da-3f13c6b4e5a9	47.3323	7.93476	3535	NA	NA	NA	NA	NA	2023	NA	NA	2023	10362259	8773033	HUMAN_OBSERVATION	SOI		SOI-AVES-1239580231	NA		NA	CC_BY_4_0	Schweizerische Vogelwarte		NA	NA	2026-07-18 15:05:03.31		TAXON_ID_NOT_FOUND	Swiss National Breeding Bird Databank	10.15468/jujcgr
556	2.20136278534161e-314	63f077c9-96a0-49de-b3ea-2aa565ee1098	SOI-AVES-1213565359	Animalia	Chordata	Aves	Piciformes	Picidae	Dendrocoptes	Dendrocoptes medius		SPECIES	Leiopicus medius (Linnaeus, 1758)	Leiopicus medius (Linnaeus, 1758)	(Linnaeus, 1758)	CH		Be	PRESENT	NA	64ee55c9-570a-42af-b7da-3f13c6b4e5a9	47.06329	7.20827	3535	NA	NA	NA	NA	NA	2023	NA	NA	2023	10362259	8773033	HUMAN_OBSERVATION	SOI		SOI-AVES-1213565359	NA		NA	CC_BY_4_0	Schweizerische Vogelwarte		NA	NA	2026-07-18 15:05:05.141		TAXON_ID_NOT_FOUND	Swiss National Breeding Bird Databank	10.15468/jujcgr
557	2.2013625842569e-314	63f077c9-96a0-49de-b3ea-2aa565ee1098	SOI-AVES-1160220473	Animalia	Chordata	Aves	Piciformes	Picidae	Dendrocoptes	Dendrocoptes medius		SPECIES	Leiopicus medius (Linnaeus, 1758)	Leiopicus medius (Linnaeus, 1758)	(Linnaeus, 1758)	CH		Be	PRESENT	NA	64ee55c9-570a-42af-b7da-3f13c6b4e5a9	47.28835	7.33948	3535	NA	NA	NA	NA	NA	2016	NA	NA	2016	10362259	8773033	HUMAN_OBSERVATION	SOI		SOI-AVES-1160220473	NA		NA	CC_BY_4_0	Schweizerische Vogelwarte		NA	NA	2026-07-18 15:05:05.667		TAXON_ID_NOT_FOUND	Swiss National Breeding Bird Databank	10.15468/jujcgr
558	2.20136253929692e-314	63f077c9-96a0-49de-b3ea-2aa565ee1098	SOI-AVES-1148947170	Animalia	Chordata	Aves	Piciformes	Picidae	Dendrocoptes	Dendrocoptes medius		SPECIES	Leiopicus medius (Linnaeus, 1758)	Leiopicus medius (Linnaeus, 1758)	(Linnaeus, 1758)	CH		Sh	PRESENT	NA	64ee55c9-570a-42af-b7da-3f13c6b4e5a9	47.73289	8.5384	3535	NA	NA	NA	NA	NA	2023	NA	NA	2023	10362259	8773033	HUMAN_OBSERVATION	SOI		SOI-AVES-1148947170	NA		NA	CC_BY_4_0	Schweizerische Vogelwarte		NA	NA	2026-07-18 15:05:06.16		TAXON_ID_NOT_FOUND	Swiss National Breeding Bird Databank	10.15468/jujcgr
559	2.20136251360551e-314	63f077c9-96a0-49de-b3ea-2aa565ee1098	SOI-AVES-1142220778	Animalia	Chordata	Aves	Piciformes	Picidae	Dendrocoptes	Dendrocoptes medius		SPECIES	Leiopicus medius (Linnaeus, 1758)	Leiopicus medius (Linnaeus, 1758)	(Linnaeus, 1758)	CH		Zh	PRESENT	NA	64ee55c9-570a-42af-b7da-3f13c6b4e5a9	47.55304	8.53468	3535	NA	NA	NA	NA	NA	2023	NA	NA	2023	10362259	8773033	HUMAN_OBSERVATION	SOI		SOI-AVES-1142220778	NA		NA	CC_BY_4_0	Schweizerische Vogelwarte		NA	NA	2026-07-18 15:05:06.284		TAXON_ID_NOT_FOUND	Swiss National Breeding Bird Databank	10.15468/jujcgr
560	2.20136235105791e-314	63f077c9-96a0-49de-b3ea-2aa565ee1098	SOI-AVES-1217083946	Animalia	Chordata	Aves	Piciformes	Picidae	Dendrocoptes	Dendrocoptes medius		SPECIES	Leiopicus medius (Linnaeus, 1758)	Leiopicus medius (Linnaeus, 1758)	(Linnaeus, 1758)	CH		Ge	PRESENT	NA	64ee55c9-570a-42af-b7da-3f13c6b4e5a9	46.15456	5.98235	3535	NA	NA	NA	NA	NA	2023	NA	NA	2023	10362259	8773033	HUMAN_OBSERVATION	SOI		SOI-AVES-1217083946	NA		NA	CC_BY_4_0	Schweizerische Vogelwarte		NA	NA	2026-07-18 15:05:03.226		TAXON_ID_NOT_FOUND	Swiss National Breeding Bird Databank	10.15468/jujcgr
561	2.20136223297622e-314	63f077c9-96a0-49de-b3ea-2aa565ee1098	SOI-AVES-1189627962	Animalia	Chordata	Aves	Piciformes	Picidae	Dendrocoptes	Dendrocoptes medius		SPECIES	Leiopicus medius (Linnaeus, 1758)	Leiopicus medius (Linnaeus, 1758)	(Linnaeus, 1758)	CH		Vd	PRESENT	NA	64ee55c9-570a-42af-b7da-3f13c6b4e5a9	46.56536	6.55826	3535	NA	NA	NA	NA	NA	2022	NA	NA	2022	10362259	8773033	HUMAN_OBSERVATION	SOI		SOI-AVES-1189627962	NA		NA	CC_BY_4_0	Schweizerische Vogelwarte		NA	NA	2026-07-18 15:05:05.659		TAXON_ID_NOT_FOUND	Swiss National Breeding Bird Databank	10.15468/jujcgr
562	2.20136216528923e-314	63f077c9-96a0-49de-b3ea-2aa565ee1098	SOI-AVES-1174502317	Animalia	Chordata	Aves	Piciformes	Picidae	Dendrocoptes	Dendrocoptes medius		SPECIES	Leiopicus medius (Linnaeus, 1758)	Leiopicus medius (Linnaeus, 1758)	(Linnaeus, 1758)	CH		Zh	PRESENT	NA	64ee55c9-570a-42af-b7da-3f13c6b4e5a9	47.598	8.53561	3535	NA	NA	NA	NA	NA	2022	NA	NA	2022	10362259	8773033	HUMAN_OBSERVATION	SOI		SOI-AVES-1174502317	NA		NA	CC_BY_4_0	Schweizerische Vogelwarte		NA	NA	2026-07-18 15:05:03.367		TAXON_ID_NOT_FOUND	Swiss National Breeding Bird Databank	10.15468/jujcgr
563	2.20136203436183e-314	63f077c9-96a0-49de-b3ea-2aa565ee1098	SOI-AVES-1144540598	Animalia	Chordata	Aves	Piciformes	Picidae	Dendrocoptes	Dendrocoptes medius		SPECIES	Leiopicus medius (Linnaeus, 1758)	Leiopicus medius (Linnaeus, 1758)	(Linnaeus, 1758)	CH		So	PRESENT	NA	64ee55c9-570a-42af-b7da-3f13c6b4e5a9	47.46804	7.67074	3535	NA	NA	NA	NA	NA	2023	NA	NA	2023	10362259	8773033	HUMAN_OBSERVATION	SOI		SOI-AVES-1144540598	NA		NA	CC_BY_4_0	Schweizerische Vogelwarte		NA	NA	2026-07-18 15:05:06.269		TAXON_ID_NOT_FOUND	Swiss National Breeding Bird Databank	10.15468/jujcgr
564	2.20136145976349e-314	63f077c9-96a0-49de-b3ea-2aa565ee1098	SOI-AVES-2942565725	Animalia	Chordata	Aves	Piciformes	Picidae	Dendrocoptes	Dendrocoptes medius		SPECIES	Leiopicus medius (Linnaeus, 1758)	Leiopicus medius (Linnaeus, 1758)	(Linnaeus, 1758)	CH		Tg	PRESENT	NA	64ee55c9-570a-42af-b7da-3f13c6b4e5a9	47.6385	8.93569	3535	NA	NA	NA	NA	NA	2020	NA	NA	2020	10362259	8773033	HUMAN_OBSERVATION	SOI		SOI-AVES-2942565725	NA		NA	CC_BY_4_0	Schweizerische Vogelwarte		NA	NA	2026-07-18 15:05:03.345		TAXON_ID_NOT_FOUND	Swiss National Breeding Bird Databank	10.15468/jujcgr
565	2.2013611934621e-314	63f077c9-96a0-49de-b3ea-2aa565ee1098	SOI-AVES-2872586470	Animalia	Chordata	Aves	Piciformes	Picidae	Dendrocoptes	Dendrocoptes medius		SPECIES	Leiopicus medius (Linnaeus, 1758)	Leiopicus medius (Linnaeus, 1758)	(Linnaeus, 1758)	CH		Vd	PRESENT	NA	64ee55c9-570a-42af-b7da-3f13c6b4e5a9	46.47713	6.82013	3535	NA	NA	NA	NA	NA	2021	NA	NA	2021	10362259	8773033	HUMAN_OBSERVATION	SOI		SOI-AVES-2872586470	NA		NA	CC_BY_4_0	Schweizerische Vogelwarte		NA	NA	2026-07-18 15:05:06.232		TAXON_ID_NOT_FOUND	Swiss National Breeding Bird Databank	10.15468/jujcgr
566	2.20136084366362e-314	63f077c9-96a0-49de-b3ea-2aa565ee1098	SOI-AVES-2919962014	Animalia	Chordata	Aves	Piciformes	Picidae	Dendrocoptes	Dendrocoptes medius		SPECIES	Leiopicus medius (Linnaeus, 1758)	Leiopicus medius (Linnaeus, 1758)	(Linnaeus, 1758)	CH		Ju	PRESENT	NA	64ee55c9-570a-42af-b7da-3f13c6b4e5a9	47.28781	7.0751	3535	NA	NA	NA	NA	NA	2014	NA	NA	2014	10362259	8773033	HUMAN_OBSERVATION	SOI		SOI-AVES-2919962014	NA		NA	CC_BY_4_0	Schweizerische Vogelwarte		NA	NA	2026-07-18 15:05:03.188		TAXON_ID_NOT_FOUND	Swiss National Breeding Bird Databank	10.15468/jujcgr
567	2.20136034021073e-314	63f077c9-96a0-49de-b3ea-2aa565ee1098	SOI-AVES-2916012715	Animalia	Chordata	Aves	Piciformes	Picidae	Dendrocoptes	Dendrocoptes medius		SPECIES	Leiopicus medius (Linnaeus, 1758)	Leiopicus medius (Linnaeus, 1758)	(Linnaeus, 1758)	CH		Ne	PRESENT	NA	64ee55c9-570a-42af-b7da-3f13c6b4e5a9	46.97251	6.94583	3535	NA	NA	NA	NA	NA	2016	NA	NA	2016	10362259	8773033	HUMAN_OBSERVATION	SOI		SOI-AVES-2916012715	NA		NA	CC_BY_4_0	Schweizerische Vogelwarte		NA	NA	2026-07-18 15:05:03.232		TAXON_ID_NOT_FOUND	Swiss National Breeding Bird Databank	10.15468/jujcgr
568	2.2013603377404e-314	63f077c9-96a0-49de-b3ea-2aa565ee1098	SOI-AVES-2915588675	Animalia	Chordata	Aves	Piciformes	Picidae	Dendrocoptes	Dendrocoptes medius		SPECIES	Leiopicus medius (Linnaeus, 1758)	Leiopicus medius (Linnaeus, 1758)	(Linnaeus, 1758)	CH		Ag	PRESENT	NA	64ee55c9-570a-42af-b7da-3f13c6b4e5a9	47.60021	8.26969	3535	NA	NA	NA	NA	NA	2023	NA	NA	2023	10362259	8773033	HUMAN_OBSERVATION	SOI		SOI-AVES-2915588675	NA		NA	CC_BY_4_0	Schweizerische Vogelwarte		NA	NA	2026-07-18 15:05:03.342		TAXON_ID_NOT_FOUND	Swiss National Breeding Bird Databank	10.15468/jujcgr
569	2.20135983132312e-314	63f077c9-96a0-49de-b3ea-2aa565ee1098	SOI-AVES-2939829828	Animalia	Chordata	Aves	Piciformes	Picidae	Dendrocoptes	Dendrocoptes medius		SPECIES	Leiopicus medius (Linnaeus, 1758)	Leiopicus medius (Linnaeus, 1758)	(Linnaeus, 1758)	CH		So	PRESENT	NA	64ee55c9-570a-42af-b7da-3f13c6b4e5a9	47.4233	7.40549	3535	NA	NA	NA	NA	NA	2023	NA	NA	2023	10362259	8773033	HUMAN_OBSERVATION	SOI		SOI-AVES-2939829828	NA		NA	CC_BY_4_0	Schweizerische Vogelwarte		NA	NA	2026-07-18 15:05:03.327		TAXON_ID_NOT_FOUND	Swiss National Breeding Bird Databank	10.15468/jujcgr
570	2.20135956057514e-314	63f077c9-96a0-49de-b3ea-2aa565ee1098	SOI-AVES-2872111008	Animalia	Chordata	Aves	Piciformes	Picidae	Dendrocoptes	Dendrocoptes medius		SPECIES	Leiopicus medius (Linnaeus, 1758)	Leiopicus medius (Linnaeus, 1758)	(Linnaeus, 1758)	CH		Be	PRESENT	NA	64ee55c9-570a-42af-b7da-3f13c6b4e5a9	47.15347	7.40566	3535	NA	NA	NA	NA	NA	2023	NA	NA	2023	10362259	8773033	HUMAN_OBSERVATION	SOI		SOI-AVES-2872111008	NA		NA	CC_BY_4_0	Schweizerische Vogelwarte		NA	NA	2026-07-18 15:05:06.16		TAXON_ID_NOT_FOUND	Swiss National Breeding Bird Databank	10.15468/jujcgr
571	2.2013595007932e-314	63f077c9-96a0-49de-b3ea-2aa565ee1098	SOI-AVES-1156128699	Animalia	Chordata	Aves	Piciformes	Picidae	Dendrocoptes	Dendrocoptes medius		SPECIES	Leiopicus medius (Linnaeus, 1758)	Leiopicus medius (Linnaeus, 1758)	(Linnaeus, 1758)	CH		Tg	PRESENT	NA	64ee55c9-570a-42af-b7da-3f13c6b4e5a9	47.58981	9.20026	3535	NA	NA	NA	NA	NA	2022	NA	NA	2022	10362259	8773033	HUMAN_OBSERVATION	SOI		SOI-AVES-1156128699	NA		NA	CC_BY_4_0	Schweizerische Vogelwarte		NA	NA	2026-07-18 15:05:03.317		TAXON_ID_NOT_FOUND	Swiss National Breeding Bird Databank	10.15468/jujcgr
572	2.20135929970848e-314	63f077c9-96a0-49de-b3ea-2aa565ee1098	SOI-AVES-1105704989	Animalia	Chordata	Aves	Piciformes	Picidae	Dendrocoptes	Dendrocoptes medius		SPECIES	Leiopicus medius (Linnaeus, 1758)	Leiopicus medius (Linnaeus, 1758)	(Linnaeus, 1758)	CH		Ag	PRESENT	NA	64ee55c9-570a-42af-b7da-3f13c6b4e5a9	47.37488	8.33239	3535	NA	NA	NA	NA	NA	2023	NA	NA	2023	10362259	8773033	HUMAN_OBSERVATION	SOI		SOI-AVES-1105704989	NA		NA	CC_BY_4_0	Schweizerische Vogelwarte		NA	NA	2026-07-18 15:05:03.205		TAXON_ID_NOT_FOUND	Swiss National Breeding Bird Databank	10.15468/jujcgr
573	2.20135917075735e-314	63f077c9-96a0-49de-b3ea-2aa565ee1098	SOI-AVES-1073770166	Animalia	Chordata	Aves	Piciformes	Picidae	Dendrocoptes	Dendrocoptes medius		SPECIES	Leiopicus medius (Linnaeus, 1758)	Leiopicus medius (Linnaeus, 1758)	(Linnaeus, 1758)	CH		Ju	PRESENT	NA	64ee55c9-570a-42af-b7da-3f13c6b4e5a9	47.33336	7.40555	3535	NA	NA	NA	NA	NA	2009	NA	NA	2009	10362259	8773033	HUMAN_OBSERVATION	SOI		SOI-AVES-1073770166	NA		NA	CC_BY_4_0	Schweizerische Vogelwarte		NA	NA	2026-07-18 15:05:03.303		TAXON_ID_NOT_FOUND	Swiss National Breeding Bird Databank	10.15468/jujcgr
574	2.20135914901846e-314	63f077c9-96a0-49de-b3ea-2aa565ee1098	SOI-AVES-1068689413	Animalia	Chordata	Aves	Piciformes	Picidae	Dendrocoptes	Dendrocoptes medius		SPECIES	Leiopicus medius (Linnaeus, 1758)	Leiopicus medius (Linnaeus, 1758)	(Linnaeus, 1758)	CH		Zh	PRESENT	NA	64ee55c9-570a-42af-b7da-3f13c6b4e5a9	47.6409	8.73612	3535	NA	NA	NA	NA	NA	2022	NA	NA	2022	10362259	8773033	HUMAN_OBSERVATION	SOI		SOI-AVES-1068689413	NA		NA	CC_BY_4_0	Schweizerische Vogelwarte		NA	NA	2026-07-18 15:05:03.273		TAXON_ID_NOT_FOUND	Swiss National Breeding Bird Databank	10.15468/jujcgr
575	2.2013591297499e-314	63f077c9-96a0-49de-b3ea-2aa565ee1098	SOI-AVES-1064275373	Animalia	Chordata	Aves	Piciformes	Picidae	Dendrocoptes	Dendrocoptes medius		SPECIES	Leiopicus medius (Linnaeus, 1758)	Leiopicus medius (Linnaeus, 1758)	(Linnaeus, 1758)	CH		Sh	PRESENT	NA	64ee55c9-570a-42af-b7da-3f13c6b4e5a9	47.68728	8.60405	3535	NA	NA	NA	NA	NA	2023	NA	NA	2023	10362259	8773033	HUMAN_OBSERVATION	SOI		SOI-AVES-1064275373	NA		NA	CC_BY_4_0	Schweizerische Vogelwarte		NA	NA	2026-07-18 15:05:03.302		TAXON_ID_NOT_FOUND	Swiss National Breeding Bird Databank	10.15468/jujcgr
576	2.2013590161148e-314	63f077c9-96a0-49de-b3ea-2aa565ee1098	SOI-AVES-1132896330	Animalia	Chordata	Aves	Piciformes	Picidae	Dendrocoptes	Dendrocoptes medius		SPECIES	Leiopicus medius (Linnaeus, 1758)	Leiopicus medius (Linnaeus, 1758)	(Linnaeus, 1758)	CH		Be	PRESENT	NA	64ee55c9-570a-42af-b7da-3f13c6b4e5a9	47.19806	7.73556	3535	NA	NA	NA	NA	NA	2022	NA	NA	2022	10362259	8773033	HUMAN_OBSERVATION	SOI		SOI-AVES-1132896330	NA		NA	CC_BY_4_0	Schweizerische Vogelwarte		NA	NA	2026-07-18 15:05:03.27		TAXON_ID_NOT_FOUND	Swiss National Breeding Bird Databank	10.15468/jujcgr
577	2.2013583372686e-314	63f077c9-96a0-49de-b3ea-2aa565ee1098	SOI-AVES-1085405015	Animalia	Chordata	Aves	Piciformes	Picidae	Dendrocoptes	Dendrocoptes medius		SPECIES	Leiopicus medius (Linnaeus, 1758)	Leiopicus medius (Linnaeus, 1758)	(Linnaeus, 1758)	CH		Vd	PRESENT	NA	64ee55c9-570a-42af-b7da-3f13c6b4e5a9	46.70077	6.62142	3535	NA	NA	NA	NA	NA	2022	NA	NA	2022	10362259	8773033	HUMAN_OBSERVATION	SOI		SOI-AVES-1085405015	NA		NA	CC_BY_4_0	Schweizerische Vogelwarte		NA	NA	2026-07-18 15:05:06.087		TAXON_ID_NOT_FOUND	Swiss National Breeding Bird Databank	10.15468/jujcgr
578	2.20135812037378e-314	63f077c9-96a0-49de-b3ea-2aa565ee1098	SOI-AVES-1031046675	Animalia	Chordata	Aves	Piciformes	Picidae	Dendrocoptes	Dendrocoptes medius		SPECIES	Leiopicus medius (Linnaeus, 1758)	Leiopicus medius (Linnaeus, 1758)	(Linnaeus, 1758)	CH		Ju	PRESENT	NA	64ee55c9-570a-42af-b7da-3f13c6b4e5a9	47.33336	7.4717	3535	NA	NA	NA	NA	NA	2016	NA	NA	2016	10362259	8773033	HUMAN_OBSERVATION	SOI		SOI-AVES-1031046675	NA		NA	CC_BY_4_0	Schweizerische Vogelwarte		NA	NA	2026-07-18 15:05:03.215		TAXON_ID_NOT_FOUND	Swiss National Breeding Bird Databank	10.15468/jujcgr
579	2.2013580640503e-314	63f077c9-96a0-49de-b3ea-2aa565ee1098	SOI-AVES-1017427436	Animalia	Chordata	Aves	Piciformes	Picidae	Dendrocoptes	Dendrocoptes medius		SPECIES	Leiopicus medius (Linnaeus, 1758)	Leiopicus medius (Linnaeus, 1758)	(Linnaeus, 1758)	CH		Be	PRESENT	NA	64ee55c9-570a-42af-b7da-3f13c6b4e5a9	47.24341	7.40561	3535	NA	NA	NA	NA	NA	2020	NA	NA	2020	10362259	8773033	HUMAN_OBSERVATION	SOI		SOI-AVES-1017427436	NA		NA	CC_BY_4_0	Schweizerische Vogelwarte		NA	NA	2026-07-18 15:05:03.264		TAXON_ID_NOT_FOUND	Swiss National Breeding Bird Databank	10.15468/jujcgr
580	2.20135802156066e-314	63f077c9-96a0-49de-b3ea-2aa565ee1098	SOI-AVES-1140204847	Animalia	Chordata	Aves	Piciformes	Picidae	Dendrocoptes	Dendrocoptes medius		SPECIES	Leiopicus medius (Linnaeus, 1758)	Leiopicus medius (Linnaeus, 1758)	(Linnaeus, 1758)	CH		Be	PRESENT	NA	64ee55c9-570a-42af-b7da-3f13c6b4e5a9	47.10838	7.27395	3535	NA	NA	NA	NA	NA	2022	NA	NA	2022	10362259	8773033	HUMAN_OBSERVATION	SOI		SOI-AVES-1140204847	NA		NA	CC_BY_4_0	Schweizerische Vogelwarte		NA	NA	2026-07-18 15:05:05.959		TAXON_ID_NOT_FOUND	Swiss National Breeding Bird Databank	10.15468/jujcgr
581	2.20135797956508e-314	63f077c9-96a0-49de-b3ea-2aa565ee1098	SOI-AVES-1128558681	Animalia	Chordata	Aves	Piciformes	Picidae	Dendrocoptes	Dendrocoptes medius		SPECIES	Leiopicus medius (Linnaeus, 1758)	Leiopicus medius (Linnaeus, 1758)	(Linnaeus, 1758)	CH		Vd	PRESENT	NA	64ee55c9-570a-42af-b7da-3f13c6b4e5a9	46.65479	6.49147	3535	NA	NA	NA	NA	NA	2023	NA	NA	2023	10362259	8773033	HUMAN_OBSERVATION	SOI		SOI-AVES-1128558681	NA		NA	CC_BY_4_0	Schweizerische Vogelwarte		NA	NA	2026-07-18 15:05:05.018		TAXON_ID_NOT_FOUND	Swiss National Breeding Bird Databank	10.15468/jujcgr
582	2.20135797610662e-314	63f077c9-96a0-49de-b3ea-2aa565ee1098	SOI-AVES-1127768078	Animalia	Chordata	Aves	Piciformes	Picidae	Dendrocoptes	Dendrocoptes medius		SPECIES	Leiopicus medius (Linnaeus, 1758)	Leiopicus medius (Linnaeus, 1758)	(Linnaeus, 1758)	CH		So	PRESENT	NA	64ee55c9-570a-42af-b7da-3f13c6b4e5a9	47.42307	7.67055	3535	NA	NA	NA	NA	NA	2023	NA	NA	2023	10362259	8773033	HUMAN_OBSERVATION	SOI		SOI-AVES-1127768078	NA		NA	CC_BY_4_0	Schweizerische Vogelwarte		NA	NA	2026-07-18 15:05:06.073		TAXON_ID_NOT_FOUND	Swiss National Breeding Bird Databank	10.15468/jujcgr
583	2.20135757986597e-314	63f077c9-96a0-49de-b3ea-2aa565ee1098	SOI-AVES-1022499585	Animalia	Chordata	Aves	Piciformes	Picidae	Dendrocoptes	Dendrocoptes medius		SPECIES	Leiopicus medius (Linnaeus, 1758)	Leiopicus medius (Linnaeus, 1758)	(Linnaeus, 1758)	CH		Vd	PRESENT	NA	64ee55c9-570a-42af-b7da-3f13c6b4e5a9	46.97277	7.01153	3535	NA	NA	NA	NA	NA	2022	NA	NA	2022	10362259	8773033	HUMAN_OBSERVATION	SOI		SOI-AVES-1022499585	NA		NA	CC_BY_4_0	Schweizerische Vogelwarte		NA	NA	2026-07-18 15:05:05.94		TAXON_ID_NOT_FOUND	Swiss National Breeding Bird Databank	10.15468/jujcgr
584	2.20135709024691e-314	63f077c9-96a0-49de-b3ea-2aa565ee1098	SOI-AVES-2710264513	Animalia	Chordata	Aves	Piciformes	Picidae	Dendrocoptes	Dendrocoptes medius		SPECIES	Leiopicus medius (Linnaeus, 1758)	Leiopicus medius (Linnaeus, 1758)	(Linnaeus, 1758)	CH		So	PRESENT	NA	64ee55c9-570a-42af-b7da-3f13c6b4e5a9	47.19833	7.60359	3535	NA	NA	NA	NA	NA	2023	NA	NA	2023	10362259	8773033	HUMAN_OBSERVATION	SOI		SOI-AVES-2710264513	NA		NA	CC_BY_4_0	Schweizerische Vogelwarte		NA	NA	2026-07-18 15:05:03.076		TAXON_ID_NOT_FOUND	Swiss National Breeding Bird Databank	10.15468/jujcgr
585	2.2013568229574e-314	63f077c9-96a0-49de-b3ea-2aa565ee1098	SOI-AVES-2774202773	Animalia	Chordata	Aves	Piciformes	Picidae	Dendrocoptes	Dendrocoptes medius		SPECIES	Leiopicus medius (Linnaeus, 1758)	Leiopicus medius (Linnaeus, 1758)	(Linnaeus, 1758)	CH		Ju	PRESENT	NA	64ee55c9-570a-42af-b7da-3f13c6b4e5a9	47.46789	7.14019	3535	NA	NA	NA	NA	NA	2023	NA	NA	2023	10362259	8773033	HUMAN_OBSERVATION	SOI		SOI-AVES-2774202773	NA		NA	CC_BY_4_0	Schweizerische Vogelwarte		NA	NA	2026-07-18 15:05:03.07		TAXON_ID_NOT_FOUND	Swiss National Breeding Bird Databank	10.15468/jujcgr
586	2.20135671278076e-314	63f077c9-96a0-49de-b3ea-2aa565ee1098	SOI-AVES-2744224686	Animalia	Chordata	Aves	Piciformes	Picidae	Dendrocoptes	Dendrocoptes medius		SPECIES	Leiopicus medius (Linnaeus, 1758)	Leiopicus medius (Linnaeus, 1758)	(Linnaeus, 1758)	CH		Ju	PRESENT	NA	64ee55c9-570a-42af-b7da-3f13c6b4e5a9	47.42292	7.14044	3535	NA	NA	NA	NA	NA	2023	NA	NA	2023	10362259	8773033	HUMAN_OBSERVATION	SOI		SOI-AVES-2744224686	NA		NA	CC_BY_4_0	Schweizerische Vogelwarte		NA	NA	2026-07-18 15:05:05.901		TAXON_ID_NOT_FOUND	Swiss National Breeding Bird Databank	10.15468/jujcgr
587	2.20135663867091e-314	63f077c9-96a0-49de-b3ea-2aa565ee1098	SOI-AVES-2723799332	Animalia	Chordata	Aves	Piciformes	Picidae	Dendrocoptes	Dendrocoptes medius		SPECIES	Leiopicus medius (Linnaeus, 1758)	Leiopicus medius (Linnaeus, 1758)	(Linnaeus, 1758)	CH		Zh	PRESENT	NA	64ee55c9-570a-42af-b7da-3f13c6b4e5a9	47.55239	8.60109	3535	NA	NA	NA	NA	NA	2022	NA	NA	2022	10362259	8773033	HUMAN_OBSERVATION	SOI		SOI-AVES-2723799332	NA		NA	CC_BY_4_0	Schweizerische Vogelwarte		NA	NA	2026-07-18 15:05:05.449		TAXON_ID_NOT_FOUND	Swiss National Breeding Bird Databank	10.15468/jujcgr
588	2.20135627306234e-314	63f077c9-96a0-49de-b3ea-2aa565ee1098	SOI-AVES-2787883557	Animalia	Chordata	Aves	Piciformes	Picidae	Dendrocoptes	Dendrocoptes medius		SPECIES	Leiopicus medius (Linnaeus, 1758)	Leiopicus medius (Linnaeus, 1758)	(Linnaeus, 1758)	CH		Ag	PRESENT	NA	64ee55c9-570a-42af-b7da-3f13c6b4e5a9	47.42159	8.06811	3535	NA	NA	NA	NA	NA	2023	NA	NA	2023	10362259	8773033	HUMAN_OBSERVATION	SOI		SOI-AVES-2787883557	NA		NA	CC_BY_4_0	Schweizerische Vogelwarte		NA	NA	2026-07-18 15:05:03.112		TAXON_ID_NOT_FOUND	Swiss National Breeding Bird Databank	10.15468/jujcgr
589	2.20135600280843e-314	63f077c9-96a0-49de-b3ea-2aa565ee1098	SOI-AVES-2819116512	Animalia	Chordata	Aves	Piciformes	Picidae	Dendrocoptes	Dendrocoptes medius		SPECIES	Leiopicus medius (Linnaeus, 1758)	Leiopicus medius (Linnaeus, 1758)	(Linnaeus, 1758)	CH		Vd	PRESENT	NA	64ee55c9-570a-42af-b7da-3f13c6b4e5a9	46.38751	6.88615	3535	NA	NA	NA	NA	NA	2021	NA	NA	2021	10362259	8773033	HUMAN_OBSERVATION	SOI		SOI-AVES-2819116512	NA		NA	CC_BY_4_0	Schweizerische Vogelwarte		NA	NA	2026-07-18 15:05:05.39		TAXON_ID_NOT_FOUND	Swiss National Breeding Bird Databank	10.15468/jujcgr
590	2.20135584421335e-314	63f077c9-96a0-49de-b3ea-2aa565ee1098	SOI-AVES-2777784572	Animalia	Chordata	Aves	Piciformes	Picidae	Dendrocoptes	Dendrocoptes medius		SPECIES	Leiopicus medius (Linnaeus, 1758)	Leiopicus medius (Linnaeus, 1758)	(Linnaeus, 1758)	CH		Tg	PRESENT	NA	64ee55c9-570a-42af-b7da-3f13c6b4e5a9	47.63476	9.20176	3535	NA	NA	NA	NA	NA	2023	NA	NA	2023	10362259	8773033	HUMAN_OBSERVATION	SOI		SOI-AVES-2777784572	NA		NA	CC_BY_4_0	Schweizerische Vogelwarte		NA	NA	2026-07-18 15:05:03.043		TAXON_ID_NOT_FOUND	Swiss National Breeding Bird Databank	10.15468/jujcgr
591	2.20135580962876e-314	63f077c9-96a0-49de-b3ea-2aa565ee1098	SOI-AVES-2770075057	Animalia	Chordata	Aves	Piciformes	Picidae	Dendrocoptes	Dendrocoptes medius		SPECIES	Leiopicus medius (Linnaeus, 1758)	Leiopicus medius (Linnaeus, 1758)	(Linnaeus, 1758)	CH		Be	PRESENT	NA	64ee55c9-570a-42af-b7da-3f13c6b4e5a9	47.33332	7.53785	3535	NA	NA	NA	NA	NA	2019	NA	NA	2019	10362259	8773033	HUMAN_OBSERVATION	SOI		SOI-AVES-2770075057	NA		NA	CC_BY_4_0	Schweizerische Vogelwarte		NA	NA	2026-07-18 15:05:03.153		TAXON_ID_NOT_FOUND	Swiss National Breeding Bird Databank	10.15468/jujcgr
592	2.20135576911538e-314	63f077c9-96a0-49de-b3ea-2aa565ee1098	SOI-AVES-2758783095	Animalia	Chordata	Aves	Piciformes	Picidae	Dendrocoptes	Dendrocoptes medius		SPECIES	Leiopicus medius (Linnaeus, 1758)	Leiopicus medius (Linnaeus, 1758)	(Linnaeus, 1758)	CH		Ag	PRESENT	NA	64ee55c9-570a-42af-b7da-3f13c6b4e5a9	47.4208	8.20063	3535	NA	NA	NA	NA	NA	2023	NA	NA	2023	10362259	8773033	HUMAN_OBSERVATION	SOI		SOI-AVES-2758783095	NA		NA	CC_BY_4_0	Schweizerische Vogelwarte		NA	NA	2026-07-18 15:05:03.042		TAXON_ID_NOT_FOUND	Swiss National Breeding Bird Databank	10.15468/jujcgr
593	2.20135546081841e-314	63f077c9-96a0-49de-b3ea-2aa565ee1098	SOI-AVES-1008701922	Animalia	Chordata	Aves	Piciformes	Picidae	Dendrocoptes	Dendrocoptes medius		SPECIES	Leiopicus medius (Linnaeus, 1758)	Leiopicus medius (Linnaeus, 1758)	(Linnaeus, 1758)	CH		Be	PRESENT	NA	64ee55c9-570a-42af-b7da-3f13c6b4e5a9	47.06348	7.53736	3535	NA	NA	NA	NA	NA	2006	NA	NA	2006	10362259	8773033	HUMAN_OBSERVATION	SOI		SOI-AVES-1008701922	NA		NA	CC_BY_4_0	Schweizerische Vogelwarte		NA	NA	2026-07-18 15:05:05.374		TAXON_ID_NOT_FOUND	Swiss National Breeding Bird Databank	10.15468/jujcgr
594	2.20135545538369e-314	63f077c9-96a0-49de-b3ea-2aa565ee1098	SOI-AVES-1007290340	Animalia	Chordata	Aves	Piciformes	Picidae	Dendrocoptes	Dendrocoptes medius		SPECIES	Leiopicus medius (Linnaeus, 1758)	Leiopicus medius (Linnaeus, 1758)	(Linnaeus, 1758)	CH		Ju	PRESENT	NA	64ee55c9-570a-42af-b7da-3f13c6b4e5a9	47.37795	7.14069	3535	NA	NA	NA	NA	NA	2023	NA	NA	2023	10362259	8773033	HUMAN_OBSERVATION	SOI		SOI-AVES-1007290340	NA		NA	CC_BY_4_0	Schweizerische Vogelwarte		NA	NA	2026-07-18 15:05:03.145		TAXON_ID_NOT_FOUND	Swiss National Breeding Bird Databank	10.15468/jujcgr
595	2.20135525578117e-314	63f077c9-96a0-49de-b3ea-2aa565ee1098	SOI-AVES-953188054	Animalia	Chordata	Aves	Piciformes	Picidae	Dendrocoptes	Dendrocoptes medius		SPECIES	Leiopicus medius (Linnaeus, 1758)	Leiopicus medius (Linnaeus, 1758)	(Linnaeus, 1758)	CH		Fr	PRESENT	NA	64ee55c9-570a-42af-b7da-3f13c6b4e5a9	46.92836	7.20885	3535	NA	NA	NA	NA	NA	2015	NA	NA	2015	10362259	8773033	HUMAN_OBSERVATION	SOI		SOI-AVES-953188054	NA		NA	CC_BY_4_0	Schweizerische Vogelwarte		NA	NA	2026-07-18 15:05:05.857		TAXON_ID_NOT_FOUND	Swiss National Breeding Bird Databank	10.15468/jujcgr
596	2.20135518661198e-314	63f077c9-96a0-49de-b3ea-2aa565ee1098	SOI-AVES-932780015	Animalia	Chordata	Aves	Piciformes	Picidae	Dendrocoptes	Dendrocoptes medius		SPECIES	Leiopicus medius (Linnaeus, 1758)	Leiopicus medius (Linnaeus, 1758)	(Linnaeus, 1758)	CH		Tg	PRESENT	NA	64ee55c9-570a-42af-b7da-3f13c6b4e5a9	47.63934	8.86917	3535	NA	NA	NA	NA	NA	2021	NA	NA	2021	10362259	8773033	HUMAN_OBSERVATION	SOI		SOI-AVES-932780015	NA		NA	CC_BY_4_0	Schweizerische Vogelwarte		NA	NA	2026-07-18 15:05:05.366		TAXON_ID_NOT_FOUND	Swiss National Breeding Bird Databank	10.15468/jujcgr
597	2.20135517376627e-314	63f077c9-96a0-49de-b3ea-2aa565ee1098	SOI-AVES-928788940	Animalia	Chordata	Aves	Piciformes	Picidae	Dendrocoptes	Dendrocoptes medius		SPECIES	Leiopicus medius (Linnaeus, 1758)	Leiopicus medius (Linnaeus, 1758)	(Linnaeus, 1758)	CH		Vd	PRESENT	NA	64ee55c9-570a-42af-b7da-3f13c6b4e5a9	46.88112	6.68428	3535	NA	NA	NA	NA	NA	2017	NA	NA	2017	10362259	8773033	HUMAN_OBSERVATION	SOI		SOI-AVES-928788940	NA		NA	CC_BY_4_0	Schweizerische Vogelwarte		NA	NA	2026-07-18 15:05:04.936		TAXON_ID_NOT_FOUND	Swiss National Breeding Bird Databank	10.15468/jujcgr
598	2.20135508088193e-314	63f077c9-96a0-49de-b3ea-2aa565ee1098	SOI-AVES-1015363656	Animalia	Chordata	Aves	Piciformes	Picidae	Dendrocoptes	Dendrocoptes medius		SPECIES	Leiopicus medius (Linnaeus, 1758)	Leiopicus medius (Linnaeus, 1758)	(Linnaeus, 1758)	CH		Ne	PRESENT	NA	64ee55c9-570a-42af-b7da-3f13c6b4e5a9	47.10679	6.81284	3535	NA	NA	NA	NA	NA	2022	NA	NA	2022	10362259	8773033	HUMAN_OBSERVATION	SOI		SOI-AVES-1015363656	NA		NA	CC_BY_4_0	Schweizerische Vogelwarte		NA	NA	2026-07-18 15:05:05.852		TAXON_ID_NOT_FOUND	Swiss National Breeding Bird Databank	10.15468/jujcgr
599	2.20135497614001e-314	63f077c9-96a0-49de-b3ea-2aa565ee1098	SOI-AVES-990698015	Animalia	Chordata	Aves	Piciformes	Picidae	Dendrocoptes	Dendrocoptes medius		SPECIES	Leiopicus medius (Linnaeus, 1758)	Leiopicus medius (Linnaeus, 1758)	(Linnaeus, 1758)	CH		Vd	PRESENT	NA	64ee55c9-570a-42af-b7da-3f13c6b4e5a9	46.61034	6.55752	3535	NA	NA	NA	NA	NA	2021	NA	NA	2021	10362259	8773033	HUMAN_OBSERVATION	SOI		SOI-AVES-990698015	NA		NA	CC_BY_4_0	Schweizerische Vogelwarte		NA	NA	2026-07-18 15:05:03.068		TAXON_ID_NOT_FOUND	Swiss National Breeding Bird Databank	10.15468/jujcgr
600	2.20135457989937e-314	63f077c9-96a0-49de-b3ea-2aa565ee1098	SOI-AVES-1010465521	Animalia	Chordata	Aves	Piciformes	Picidae	Dendrocoptes	Dendrocoptes medius		SPECIES	Leiopicus medius (Linnaeus, 1758)	Leiopicus medius (Linnaeus, 1758)	(Linnaeus, 1758)	CH		Vd	PRESENT	NA	64ee55c9-570a-42af-b7da-3f13c6b4e5a9	46.83656	6.75045	3535	NA	NA	NA	NA	NA	2023	NA	NA	2023	10362259	8773033	HUMAN_OBSERVATION	SOI		SOI-AVES-1010465521	NA		NA	CC_BY_4_0	Schweizerische Vogelwarte		NA	NA	2026-07-18 15:05:03.013		TAXON_ID_NOT_FOUND	Swiss National Breeding Bird Databank	10.15468/jujcgr
601	2.20135416636642e-314	63f077c9-96a0-49de-b3ea-2aa565ee1098	SOI-AVES-912280268	Animalia	Chordata	Aves	Piciformes	Picidae	Dendrocoptes	Dendrocoptes medius		SPECIES	Leiopicus medius (Linnaeus, 1758)	Leiopicus medius (Linnaeus, 1758)	(Linnaeus, 1758)	CH		So	PRESENT	NA	64ee55c9-570a-42af-b7da-3f13c6b4e5a9	47.37697	8.00138	3535	NA	NA	NA	NA	NA	2023	NA	NA	2023	10362259	8773033	HUMAN_OBSERVATION	SOI		SOI-AVES-912280268	NA		NA	CC_BY_4_0	Schweizerische Vogelwarte		NA	NA	2026-07-18 15:05:03.103		TAXON_ID_NOT_FOUND	Swiss National Breeding Bird Databank	10.15468/jujcgr
602	2.2013541609317e-314	63f077c9-96a0-49de-b3ea-2aa565ee1098	SOI-AVES-911228593	Animalia	Chordata	Aves	Piciformes	Picidae	Dendrocoptes	Dendrocoptes medius		SPECIES	Leiopicus medius (Linnaeus, 1758)	Leiopicus medius (Linnaeus, 1758)	(Linnaeus, 1758)	CH		Bl	PRESENT	NA	64ee55c9-570a-42af-b7da-3f13c6b4e5a9	47.42292	7.73681	3535	NA	NA	NA	NA	NA	2023	NA	NA	2023	10362259	8773033	HUMAN_OBSERVATION	SOI		SOI-AVES-911228593	NA		NA	CC_BY_4_0	Schweizerische Vogelwarte		NA	NA	2026-07-18 15:05:05.8		TAXON_ID_NOT_FOUND	Swiss National Breeding Bird Databank	10.15468/jujcgr
603	2.20135392822678e-314	63f077c9-96a0-49de-b3ea-2aa565ee1098	SOI-AVES-975322350	Animalia	Chordata	Aves	Piciformes	Picidae	Dendrocoptes	Dendrocoptes medius		SPECIES	Leiopicus medius (Linnaeus, 1758)	Leiopicus medius (Linnaeus, 1758)	(Linnaeus, 1758)	CH		Vd	PRESENT	NA	64ee55c9-570a-42af-b7da-3f13c6b4e5a9	46.47433	6.42952	3535	NA	NA	NA	NA	NA	2023	NA	NA	2023	10362259	8773033	HUMAN_OBSERVATION	SOI		SOI-AVES-975322350	NA		NA	CC_BY_4_0	Schweizerische Vogelwarte		NA	NA	2026-07-18 15:05:02.991		TAXON_ID_NOT_FOUND	Swiss National Breeding Bird Databank	10.15468/jujcgr
604	2.20135386498638e-314	63f077c9-96a0-49de-b3ea-2aa565ee1098	SOI-AVES-958949943	Animalia	Chordata	Aves	Piciformes	Picidae	Dendrocoptes	Dendrocoptes medius		SPECIES	Leiopicus medius (Linnaeus, 1758)	Leiopicus medius (Linnaeus, 1758)	(Linnaeus, 1758)	CH		Be	PRESENT	NA	64ee55c9-570a-42af-b7da-3f13c6b4e5a9	46.65817	7.79792	3535	NA	NA	NA	NA	NA	2020	NA	NA	2020	10362259	8773033	HUMAN_OBSERVATION	SOI		SOI-AVES-958949943	NA		NA	CC_BY_4_0	Schweizerische Vogelwarte		NA	NA	2026-07-18 15:05:02.99		TAXON_ID_NOT_FOUND	Swiss National Breeding Bird Databank	10.15468/jujcgr
605	2.2013538516466e-314	63f077c9-96a0-49de-b3ea-2aa565ee1098	SOI-AVES-955791532	Animalia	Chordata	Aves	Piciformes	Picidae	Dendrocoptes	Dendrocoptes medius		SPECIES	Leiopicus medius (Linnaeus, 1758)	Leiopicus medius (Linnaeus, 1758)	(Linnaeus, 1758)	CH		Vd	PRESENT	NA	64ee55c9-570a-42af-b7da-3f13c6b4e5a9	46.56368	6.36264	3535	NA	NA	NA	NA	NA	2023	NA	NA	2023	10362259	8773033	HUMAN_OBSERVATION	SOI		SOI-AVES-955791532	NA		NA	CC_BY_4_0	Schweizerische Vogelwarte		NA	NA	2026-07-18 15:05:05.32		TAXON_ID_NOT_FOUND	Swiss National Breeding Bird Databank	10.15468/jujcgr
606	2.20135378593587e-314	63f077c9-96a0-49de-b3ea-2aa565ee1098	SOI-AVES-935197439	Animalia	Chordata	Aves	Piciformes	Picidae	Dendrocoptes	Dendrocoptes medius		SPECIES	Leiopicus medius (Linnaeus, 1758)	Leiopicus medius (Linnaeus, 1758)	(Linnaeus, 1758)	CH		Vd	PRESENT	NA	64ee55c9-570a-42af-b7da-3f13c6b4e5a9	46.56484	6.49305	3535	NA	NA	NA	NA	NA	2021	NA	NA	2021	10362259	8773033	HUMAN_OBSERVATION	SOI		SOI-AVES-935197439	NA		NA	CC_BY_4_0	Schweizerische Vogelwarte		NA	NA	2026-07-18 15:05:05.789		TAXON_ID_NOT_FOUND	Swiss National Breeding Bird Databank	10.15468/jujcgr
607	2.20135374888095e-314	63f077c9-96a0-49de-b3ea-2aa565ee1098	SOI-AVES-927314523	Animalia	Chordata	Aves	Piciformes	Picidae	Dendrocoptes	Dendrocoptes medius		SPECIES	Leiopicus medius (Linnaeus, 1758)	Leiopicus medius (Linnaeus, 1758)	(Linnaeus, 1758)	CH		Vd	PRESENT	NA	64ee55c9-570a-42af-b7da-3f13c6b4e5a9	46.47373	6.36443	3535	NA	NA	NA	NA	NA	2022	NA	NA	2022	10362259	8773033	HUMAN_OBSERVATION	SOI		SOI-AVES-927314523	NA		NA	CC_BY_4_0	Schweizerische Vogelwarte		NA	NA	2026-07-18 15:05:03.113		TAXON_ID_NOT_FOUND	Swiss National Breeding Bird Databank	10.15468/jujcgr
608	2.20135363425772e-314	63f077c9-96a0-49de-b3ea-2aa565ee1098	SOI-AVES-898501119	Animalia	Chordata	Aves	Piciformes	Picidae	Dendrocoptes	Dendrocoptes medius		SPECIES	Leiopicus medius (Linnaeus, 1758)	Leiopicus medius (Linnaeus, 1758)	(Linnaeus, 1758)	CH		Ag	PRESENT	NA	64ee55c9-570a-42af-b7da-3f13c6b4e5a9	47.51267	7.80369	3535	NA	NA	NA	NA	NA	2023	NA	NA	2023	10362259	8773033	HUMAN_OBSERVATION	SOI		SOI-AVES-898501119	NA		NA	CC_BY_4_0	Schweizerische Vogelwarte		NA	NA	2026-07-18 15:05:05.86		TAXON_ID_NOT_FOUND	Swiss National Breeding Bird Databank	10.15468/jujcgr
609	2.20135353791492e-314	63f077c9-96a0-49de-b3ea-2aa565ee1098	SOI-AVES-2687514987	Animalia	Chordata	Aves	Piciformes	Picidae	Dendrocoptes	Dendrocoptes medius		SPECIES	Leiopicus medius (Linnaeus, 1758)	Leiopicus medius (Linnaeus, 1758)	(Linnaeus, 1758)	CH		Ag	PRESENT	NA	64ee55c9-570a-42af-b7da-3f13c6b4e5a9	47.51028	8.26829	3535	NA	NA	NA	NA	NA	2023	NA	NA	2023	10362259	8773033	HUMAN_OBSERVATION	SOI		SOI-AVES-2687514987	NA		NA	CC_BY_4_0	Schweizerische Vogelwarte		NA	NA	2026-07-18 15:05:05.857		TAXON_ID_NOT_FOUND	Swiss National Breeding Bird Databank	10.15468/jujcgr
610	2.20135348801429e-314	63f077c9-96a0-49de-b3ea-2aa565ee1098	SOI-AVES-2675433658	Animalia	Chordata	Aves	Piciformes	Picidae	Dendrocoptes	Dendrocoptes medius		SPECIES	Leiopicus medius (Linnaeus, 1758)	Leiopicus medius (Linnaeus, 1758)	(Linnaeus, 1758)	CH		Vd	PRESENT	NA	64ee55c9-570a-42af-b7da-3f13c6b4e5a9	46.42812	6.30028	3535	NA	NA	NA	NA	NA	2013	NA	NA	2013	10362259	8773033	HUMAN_OBSERVATION	SOI		SOI-AVES-2675433658	NA		NA	CC_BY_4_0	Schweizerische Vogelwarte		NA	NA	2026-07-18 15:05:03.033		TAXON_ID_NOT_FOUND	Swiss National Breeding Bird Databank	10.15468/jujcgr
611	2.20135332299636e-314	63f077c9-96a0-49de-b3ea-2aa565ee1098	SOI-AVES-2628137075	Animalia	Chordata	Aves	Piciformes	Picidae	Dendrocoptes	Dendrocoptes medius		SPECIES	Leiopicus medius (Linnaeus, 1758)	Leiopicus medius (Linnaeus, 1758)	(Linnaeus, 1758)	CH		Be	PRESENT	NA	64ee55c9-570a-42af-b7da-3f13c6b4e5a9	47.01816	7.1427	3535	NA	NA	NA	NA	NA	2023	NA	NA	2023	10362259	8773033	HUMAN_OBSERVATION	SOI		SOI-AVES-2628137075	NA		NA	CC_BY_4_0	Schweizerische Vogelwarte		NA	NA	2026-07-18 15:05:05.774		TAXON_ID_NOT_FOUND	Swiss National Breeding Bird Databank	10.15468/jujcgr
612	2.20135331509131e-314	63f077c9-96a0-49de-b3ea-2aa565ee1098	SOI-AVES-2625690409	Animalia	Chordata	Aves	Piciformes	Picidae	Dendrocoptes	Dendrocoptes medius		SPECIES	Leiopicus medius (Linnaeus, 1758)	Leiopicus medius (Linnaeus, 1758)	(Linnaeus, 1758)	CH		Ge	PRESENT	NA	64ee55c9-570a-42af-b7da-3f13c6b4e5a9	46.29182	6.17335	3535	NA	NA	NA	NA	NA	2023	NA	NA	2023	10362259	8773033	HUMAN_OBSERVATION	SOI		SOI-AVES-2625690409	NA		NA	CC_BY_4_0	Schweizerische Vogelwarte		NA	NA	2026-07-18 15:05:03.102		TAXON_ID_NOT_FOUND	Swiss National Breeding Bird Databank	10.15468/jujcgr
613	2.20135327754232e-314	63f077c9-96a0-49de-b3ea-2aa565ee1098	SOI-AVES-2616944007	Animalia	Chordata	Aves	Piciformes	Picidae	Dendrocoptes	Dendrocoptes medius		SPECIES	Leiopicus medius (Linnaeus, 1758)	Leiopicus medius (Linnaeus, 1758)	(Linnaeus, 1758)	CH		Ag	PRESENT	NA	64ee55c9-570a-42af-b7da-3f13c6b4e5a9	47.51153	8.06918	3535	NA	NA	NA	NA	NA	2023	NA	NA	2023	10362259	8773033	HUMAN_OBSERVATION	SOI		SOI-AVES-2616944007	NA		NA	CC_BY_4_0	Schweizerische Vogelwarte		NA	NA	2026-07-18 15:05:04.878		TAXON_ID_NOT_FOUND	Swiss National Breeding Bird Databank	10.15468/jujcgr
614	2.20135326963727e-314	63f077c9-96a0-49de-b3ea-2aa565ee1098	SOI-AVES-2614234094	Animalia	Chordata	Aves	Piciformes	Picidae	Dendrocoptes	Dendrocoptes medius		SPECIES	Leiopicus medius (Linnaeus, 1758)	Leiopicus medius (Linnaeus, 1758)	(Linnaeus, 1758)	CH		Ju	PRESENT	NA	64ee55c9-570a-42af-b7da-3f13c6b4e5a9	47.42326	7.33923	3535	NA	NA	NA	NA	NA	2017	NA	NA	2017	10362259	8773033	HUMAN_OBSERVATION	SOI		SOI-AVES-2614234094	NA		NA	CC_BY_4_0	Schweizerische Vogelwarte		NA	NA	2026-07-18 15:05:05.848		TAXON_ID_NOT_FOUND	Swiss National Breeding Bird Databank	10.15468/jujcgr
615	2.20135300284183e-314	63f077c9-96a0-49de-b3ea-2aa565ee1098	SOI-AVES-2682764950	Animalia	Chordata	Aves	Piciformes	Picidae	Dendrocoptes	Dendrocoptes medius		SPECIES	Leiopicus medius (Linnaeus, 1758)	Leiopicus medius (Linnaeus, 1758)	(Linnaeus, 1758)	CH		Be	PRESENT	NA	64ee55c9-570a-42af-b7da-3f13c6b4e5a9	46.79355	7.60236	3535	NA	NA	NA	NA	NA	2022	NA	NA	2022	10362259	8773033	HUMAN_OBSERVATION	SOI		SOI-AVES-2682764950	NA		NA	CC_BY_4_0	Schweizerische Vogelwarte		NA	NA	2026-07-18 15:05:05.834		TAXON_ID_NOT_FOUND	Swiss National Breeding Bird Databank	10.15468/jujcgr
616	2.20135296529284e-314	63f077c9-96a0-49de-b3ea-2aa565ee1098	SOI-AVES-2671497786	Animalia	Chordata	Aves	Piciformes	Picidae	Dendrocoptes	Dendrocoptes medius		SPECIES	Leiopicus medius (Linnaeus, 1758)	Leiopicus medius (Linnaeus, 1758)	(Linnaeus, 1758)	CH		Ju	PRESENT	NA	64ee55c9-570a-42af-b7da-3f13c6b4e5a9	47.19738	6.94375	3535	NA	NA	NA	NA	NA	2023	NA	NA	2023	10362259	8773033	HUMAN_OBSERVATION	SOI		SOI-AVES-2671497786	NA		NA	CC_BY_4_0	Schweizerische Vogelwarte		NA	NA	2026-07-18 15:05:04.868		TAXON_ID_NOT_FOUND	Swiss National Breeding Bird Databank	10.15468/jujcgr
617	2.20135265600774e-314	63f077c9-96a0-49de-b3ea-2aa565ee1098	SOI-AVES-2591108719	Animalia	Chordata	Aves	Piciformes	Picidae	Dendrocoptes	Dendrocoptes medius		SPECIES	Leiopicus medius (Linnaeus, 1758)	Leiopicus medius (Linnaeus, 1758)	(Linnaeus, 1758)	CH		Be	PRESENT	NA	64ee55c9-570a-42af-b7da-3f13c6b4e5a9	47.15343	7.53752	3535	NA	NA	NA	NA	NA	2023	NA	NA	2023	10362259	8773033	HUMAN_OBSERVATION	SOI		SOI-AVES-2591108719	NA		NA	CC_BY_4_0	Schweizerische Vogelwarte		NA	NA	2026-07-18 15:05:03.057		TAXON_ID_NOT_FOUND	Swiss National Breeding Bird Databank	10.15468/jujcgr
618	2.20135263031633e-314	63f077c9-96a0-49de-b3ea-2aa565ee1098	SOI-AVES-2583746466	Animalia	Chordata	Aves	Piciformes	Picidae	Dendrocoptes	Dendrocoptes medius		SPECIES	Leiopicus medius (Linnaeus, 1758)	Leiopicus medius (Linnaeus, 1758)	(Linnaeus, 1758)	CH		Zh	PRESENT	NA	64ee55c9-570a-42af-b7da-3f13c6b4e5a9	47.50602	8.73283	3535	NA	NA	NA	NA	NA	2023	NA	NA	2023	10362259	8773033	HUMAN_OBSERVATION	SOI		SOI-AVES-2583746466	NA		NA	CC_BY_4_0	Schweizerische Vogelwarte		NA	NA	2026-07-18 15:05:05.269		TAXON_ID_NOT_FOUND	Swiss National Breeding Bird Databank	10.15468/jujcgr
619	2.20135241095118e-314	63f077c9-96a0-49de-b3ea-2aa565ee1098	SOI-AVES-2658501944	Animalia	Chordata	Aves	Piciformes	Picidae	Dendrocoptes	Dendrocoptes medius		SPECIES	Leiopicus medius (Linnaeus, 1758)	Leiopicus medius (Linnaeus, 1758)	(Linnaeus, 1758)	CH		Vs	PRESENT	NA	64ee55c9-570a-42af-b7da-3f13c6b4e5a9	46.38718	6.82116	3535	NA	NA	NA	NA	NA	2023	NA	NA	2023	10362259	8773033	HUMAN_OBSERVATION	SOI		SOI-AVES-2658501944	NA		NA	CC_BY_4_0	Schweizerische Vogelwarte		NA	NA	2026-07-18 15:05:03.007		TAXON_ID_NOT_FOUND	Swiss National Breeding Bird Databank	10.15468/jujcgr
620	2.20135214909639e-314	63f077c9-96a0-49de-b3ea-2aa565ee1098	SOI-AVES-2589315537	Animalia	Chordata	Aves	Piciformes	Picidae	Dendrocoptes	Dendrocoptes medius		SPECIES	Leiopicus medius (Linnaeus, 1758)	Leiopicus medius (Linnaeus, 1758)	(Linnaeus, 1758)	CH		Ju	PRESENT	NA	64ee55c9-570a-42af-b7da-3f13c6b4e5a9	47.4225	7.00792	3535	NA	NA	NA	NA	NA	2023	NA	NA	2023	10362259	8773033	HUMAN_OBSERVATION	SOI		SOI-AVES-2589315537	NA		NA	CC_BY_4_0	Schweizerische Vogelwarte		NA	NA	2026-07-18 15:05:05.784		TAXON_ID_NOT_FOUND	Swiss National Breeding Bird Databank	10.15468/jujcgr
621	2.20135089713404e-314	63f077c9-96a0-49de-b3ea-2aa565ee1098	SOI-AVES-834945118	Animalia	Chordata	Aves	Piciformes	Picidae	Dendrocoptes	Dendrocoptes medius		SPECIES	Leiopicus medius (Linnaeus, 1758)	Leiopicus medius (Linnaeus, 1758)	(Linnaeus, 1758)	CH		Fr	PRESENT	NA	64ee55c9-570a-42af-b7da-3f13c6b4e5a9	46.88256	6.94665	3535	NA	NA	NA	NA	NA	2016	NA	NA	2016	10362259	8773033	HUMAN_OBSERVATION	SOI		SOI-AVES-834945118	NA		NA	CC_BY_4_0	Schweizerische Vogelwarte		NA	NA	2026-07-18 15:05:05.195		TAXON_ID_NOT_FOUND	Swiss National Breeding Bird Databank	10.15468/jujcgr
622	2.20135077065324e-314	63f077c9-96a0-49de-b3ea-2aa565ee1098	SOI-AVES-801742281	Animalia	Chordata	Aves	Piciformes	Picidae	Dendrocoptes	Dendrocoptes medius		SPECIES	Leiopicus medius (Linnaeus, 1758)	Leiopicus medius (Linnaeus, 1758)	(Linnaeus, 1758)	CH		Ne	PRESENT	NA	64ee55c9-570a-42af-b7da-3f13c6b4e5a9	46.92723	6.88059	3535	NA	NA	NA	NA	NA	2023	NA	NA	2023	10362259	8773033	HUMAN_OBSERVATION	SOI		SOI-AVES-801742281	NA		NA	CC_BY_4_0	Schweizerische Vogelwarte		NA	NA	2026-07-18 15:05:02.887		TAXON_ID_NOT_FOUND	Swiss National Breeding Bird Databank	10.15468/jujcgr
623	2.20135041789037e-314	63f077c9-96a0-49de-b3ea-2aa565ee1098	SOI-AVES-836902220	Animalia	Chordata	Aves	Piciformes	Picidae	Dendrocoptes	Dendrocoptes medius		SPECIES	Leiopicus medius (Linnaeus, 1758)	Leiopicus medius (Linnaeus, 1758)	(Linnaeus, 1758)	CH		Zh	PRESENT	NA	64ee55c9-570a-42af-b7da-3f13c6b4e5a9	47.59594	8.73502	3535	NA	NA	NA	NA	NA	2020	NA	NA	2020	10362259	8773033	HUMAN_OBSERVATION	SOI		SOI-AVES-836902220	NA		NA	CC_BY_4_0	Schweizerische Vogelwarte		NA	NA	2026-07-18 15:05:05.637		TAXON_ID_NOT_FOUND	Swiss National Breeding Bird Databank	10.15468/jujcgr
624	2.20135035020337e-314	63f077c9-96a0-49de-b3ea-2aa565ee1098	SOI-AVES-820075697	Animalia	Chordata	Aves	Piciformes	Picidae	Dendrocoptes	Dendrocoptes medius		SPECIES	Leiopicus medius (Linnaeus, 1758)	Leiopicus medius (Linnaeus, 1758)	(Linnaeus, 1758)	CH		Be	PRESENT	NA	64ee55c9-570a-42af-b7da-3f13c6b4e5a9	47.15324	7.66938	3535	NA	NA	NA	NA	NA	2023	NA	NA	2023	10362259	8773033	HUMAN_OBSERVATION	SOI		SOI-AVES-820075697	NA		NA	CC_BY_4_0	Schweizerische Vogelwarte		NA	NA	2026-07-18 15:05:05.18		TAXON_ID_NOT_FOUND	Swiss National Breeding Bird Databank	10.15468/jujcgr
625	2.20135023162762e-314	63f077c9-96a0-49de-b3ea-2aa565ee1098	SOI-AVES-792469003	Animalia	Chordata	Aves	Piciformes	Picidae	Dendrocoptes	Dendrocoptes medius		SPECIES	Leiopicus medius (Linnaeus, 1758)	Leiopicus medius (Linnaeus, 1758)	(Linnaeus, 1758)	CH		Zh	PRESENT	NA	64ee55c9-570a-42af-b7da-3f13c6b4e5a9	47.59667	8.66855	3535	NA	NA	NA	NA	NA	2023	NA	NA	2023	10362259	8773033	HUMAN_OBSERVATION	SOI		SOI-AVES-792469003	NA		NA	CC_BY_4_0	Schweizerische Vogelwarte		NA	NA	2026-07-18 15:05:04.78		TAXON_ID_NOT_FOUND	Swiss National Breeding Bird Databank	10.15468/jujcgr
626	2.20134984724455e-314	63f077c9-96a0-49de-b3ea-2aa565ee1098	SOI-AVES-808133700	Animalia	Chordata	Aves	Piciformes	Picidae	Dendrocoptes	Dendrocoptes medius		SPECIES	Leiopicus medius (Linnaeus, 1758)	Leiopicus medius (Linnaeus, 1758)	(Linnaeus, 1758)	CH		Vd	PRESENT	NA	64ee55c9-570a-42af-b7da-3f13c6b4e5a9	46.42674	6.1702	3535	NA	NA	NA	NA	NA	2023	NA	NA	2023	10362259	8773033	HUMAN_OBSERVATION	SOI		SOI-AVES-808133700	NA		NA	CC_BY_4_0	Schweizerische Vogelwarte		NA	NA	2026-07-18 15:05:05.162		TAXON_ID_NOT_FOUND	Swiss National Breeding Bird Databank	10.15468/jujcgr
627	2.20134975880679e-314	63f077c9-96a0-49de-b3ea-2aa565ee1098	SOI-AVES-784057324	Animalia	Chordata	Aves	Piciformes	Picidae	Dendrocoptes	Dendrocoptes medius		SPECIES	Leiopicus medius (Linnaeus, 1758)	Leiopicus medius (Linnaeus, 1758)	(Linnaeus, 1758)	CH		Sh	PRESENT	NA	64ee55c9-570a-42af-b7da-3f13c6b4e5a9	47.7772	8.60604	3535	NA	NA	NA	NA	NA	2023	NA	NA	2023	10362259	8773033	HUMAN_OBSERVATION	SOI		SOI-AVES-784057324	NA		NA	CC_BY_4_0	Schweizerische Vogelwarte		NA	NA	2026-07-18 15:05:02.896		TAXON_ID_NOT_FOUND	Swiss National Breeding Bird Databank	10.15468/jujcgr
628	2.20134972965692e-314	63f077c9-96a0-49de-b3ea-2aa565ee1098	SOI-AVES-774940414	Animalia	Chordata	Aves	Piciformes	Picidae	Dendrocoptes	Dendrocoptes medius		SPECIES	Leiopicus medius (Linnaeus, 1758)	Leiopicus medius (Linnaeus, 1758)	(Linnaeus, 1758)	CH		Ge	PRESENT	NA	64ee55c9-570a-42af-b7da-3f13c6b4e5a9	46.24823	6.30405	3535	NA	NA	NA	NA	NA	2022	NA	NA	2022	10362259	8773033	HUMAN_OBSERVATION	SOI		SOI-AVES-774940414	NA		NA	CC_BY_4_0	Schweizerische Vogelwarte		NA	NA	2026-07-18 15:05:05.158		TAXON_ID_NOT_FOUND	Swiss National Breeding Bird Databank	10.15468/jujcgr
629	2.20134963479632e-314	63f077c9-96a0-49de-b3ea-2aa565ee1098	SOI-AVES-2569036925	Animalia	Chordata	Aves	Piciformes	Picidae	Dendrocoptes	Dendrocoptes medius		SPECIES	Leiopicus medius (Linnaeus, 1758)	Leiopicus medius (Linnaeus, 1758)	(Linnaeus, 1758)	CH		Lu	PRESENT	NA	64ee55c9-570a-42af-b7da-3f13c6b4e5a9	47.06009	8.32714	3535	NA	NA	NA	NA	NA	2022	NA	NA	2022	10362259	8773033	HUMAN_OBSERVATION	SOI		SOI-AVES-2569036925	NA		NA	CC_BY_4_0	Schweizerische Vogelwarte		NA	NA	2026-07-18 15:05:05.649		TAXON_ID_NOT_FOUND	Swiss National Breeding Bird Databank	10.15468/jujcgr
630	2.20134927610466e-314	63f077c9-96a0-49de-b3ea-2aa565ee1098	SOI-AVES-2475614033	Animalia	Chordata	Aves	Piciformes	Picidae	Dendrocoptes	Dendrocoptes medius		SPECIES	Leiopicus medius (Linnaeus, 1758)	Leiopicus medius (Linnaeus, 1758)	(Linnaeus, 1758)	CH		Tg	PRESENT	NA	64ee55c9-570a-42af-b7da-3f13c6b4e5a9	47.63576	9.13524	3535	NA	NA	NA	NA	NA	2023	NA	NA	2023	10362259	8773033	HUMAN_OBSERVATION	SOI		SOI-AVES-2475614033	NA		NA	CC_BY_4_0	Schweizerische Vogelwarte		NA	NA	2026-07-18 15:05:02.893		TAXON_ID_NOT_FOUND	Swiss National Breeding Bird Databank	10.15468/jujcgr
631	2.20134925090731e-314	63f077c9-96a0-49de-b3ea-2aa565ee1098	SOI-AVES-2469245980	Animalia	Chordata	Aves	Piciformes	Picidae	Dendrocoptes	Dendrocoptes medius		SPECIES	Leiopicus medius (Linnaeus, 1758)	Leiopicus medius (Linnaeus, 1758)	(Linnaeus, 1758)	CH		Bl	PRESENT	NA	64ee55c9-570a-42af-b7da-3f13c6b4e5a9	47.46721	7.93601	3535	NA	NA	NA	NA	NA	2022	NA	NA	2022	10362259	8773033	HUMAN_OBSERVATION	SOI		SOI-AVES-2469245980	NA		NA	CC_BY_4_0	Schweizerische Vogelwarte		NA	NA	2026-07-18 15:05:02.892		TAXON_ID_NOT_FOUND	Swiss National Breeding Bird Databank	10.15468/jujcgr
632	2.20134911948585e-314	63f077c9-96a0-49de-b3ea-2aa565ee1098	SOI-AVES-2571159445	Animalia	Chordata	Aves	Piciformes	Picidae	Dendrocoptes	Dendrocoptes medius		SPECIES	Leiopicus medius (Linnaeus, 1758)	Leiopicus medius (Linnaeus, 1758)	(Linnaeus, 1758)	CH		Ag	PRESENT	NA	64ee55c9-570a-42af-b7da-3f13c6b4e5a9	47.55475	8.33541	3535	NA	NA	NA	NA	NA	2023	NA	NA	2023	10362259	8773033	HUMAN_OBSERVATION	SOI		SOI-AVES-2571159445	NA		NA	CC_BY_4_0	Schweizerische Vogelwarte		NA	NA	2026-07-18 15:05:02.888		TAXON_ID_NOT_FOUND	Swiss National Breeding Bird Databank	10.15468/jujcgr
633	2.20134901721426e-314	63f077c9-96a0-49de-b3ea-2aa565ee1098	SOI-AVES-2543614686	Animalia	Chordata	Aves	Piciformes	Picidae	Dendrocoptes	Dendrocoptes medius		SPECIES	Leiopicus medius (Linnaeus, 1758)	Leiopicus medius (Linnaeus, 1758)	(Linnaeus, 1758)	CH		Zh	PRESENT	NA	64ee55c9-570a-42af-b7da-3f13c6b4e5a9	47.46178	8.66543	3535	NA	NA	NA	NA	NA	2018	NA	NA	2018	10362259	8773033	HUMAN_OBSERVATION	SOI		SOI-AVES-2543614686	NA		NA	CC_BY_4_0	Schweizerische Vogelwarte		NA	NA	2026-07-18 15:05:04.751		TAXON_ID_NOT_FOUND	Swiss National Breeding Bird Databank	10.15468/jujcgr
634	2.20134877413396e-314	63f077c9-96a0-49de-b3ea-2aa565ee1098	SOI-AVES-2482473492	Animalia	Chordata	Aves	Piciformes	Picidae	Dendrocoptes	Dendrocoptes medius		SPECIES	Leiopicus medius (Linnaeus, 1758)	Leiopicus medius (Linnaeus, 1758)	(Linnaeus, 1758)	CH		Vd	PRESENT	NA	64ee55c9-570a-42af-b7da-3f13c6b4e5a9	46.79159	6.75102	3535	NA	NA	NA	NA	NA	2021	NA	NA	2021	10362259	8773033	HUMAN_OBSERVATION	SOI		SOI-AVES-2482473492	NA		NA	CC_BY_4_0	Schweizerische Vogelwarte		NA	NA	2026-07-18 15:05:04.735		TAXON_ID_NOT_FOUND	Swiss National Breeding Bird Databank	10.15468/jujcgr
635	2.20134812344951e-314	63f077c9-96a0-49de-b3ea-2aa565ee1098	SOI-AVES-2599974861	Animalia	Chordata	Aves	Piciformes	Picidae	Dendrocoptes	Dendrocoptes medius		SPECIES	Leiopicus medius (Linnaeus, 1758)	Leiopicus medius (Linnaeus, 1758)	(Linnaeus, 1758)	CH		Ag	PRESENT	NA	64ee55c9-570a-42af-b7da-3f13c6b4e5a9	47.55524	8.26899	3535	NA	NA	NA	NA	NA	2023	NA	NA	2023	10362259	8773033	HUMAN_OBSERVATION	SOI		SOI-AVES-2599974861	NA		NA	CC_BY_4_0	Schweizerische Vogelwarte		NA	NA	2026-07-18 15:05:02.93		TAXON_ID_NOT_FOUND	Swiss National Breeding Bird Databank	10.15468/jujcgr
636	2.20134755181555e-314	63f077c9-96a0-49de-b3ea-2aa565ee1098	SOI-AVES-751029155	Animalia	Chordata	Aves	Piciformes	Picidae	Dendrocoptes	Dendrocoptes medius		SPECIES	Leiopicus medius (Linnaeus, 1758)	Leiopicus medius (Linnaeus, 1758)	(Linnaeus, 1758)	CH		Ju	PRESENT	NA	64ee55c9-570a-42af-b7da-3f13c6b4e5a9	47.3781	7.2069	3535	NA	NA	NA	NA	NA	2022	NA	NA	2022	10362259	8773033	HUMAN_OBSERVATION	SOI		SOI-AVES-751029155	NA		NA	CC_BY_4_0	Schweizerische Vogelwarte		NA	NA	2026-07-18 15:05:05.085		TAXON_ID_NOT_FOUND	Swiss National Breeding Bird Databank	10.15468/jujcgr
637	2.20134703650509e-314	63f077c9-96a0-49de-b3ea-2aa565ee1098	SOI-AVES-735189625	Animalia	Chordata	Aves	Piciformes	Picidae	Dendrocoptes	Dendrocoptes medius		SPECIES	Leiopicus medius (Linnaeus, 1758)	Leiopicus medius (Linnaeus, 1758)	(Linnaeus, 1758)	CH		Ju	PRESENT	NA	64ee55c9-570a-42af-b7da-3f13c6b4e5a9	47.33278	7.07479	3535	NA	NA	NA	NA	NA	2021	NA	NA	2021	10362259	8773033	HUMAN_OBSERVATION	SOI		SOI-AVES-735189625	NA		NA	CC_BY_4_0	Schweizerische Vogelwarte		NA	NA	2026-07-18 15:05:02.821		TAXON_ID_NOT_FOUND	Swiss National Breeding Bird Databank	10.15468/jujcgr
638	2.20134694658514e-314	63f077c9-96a0-49de-b3ea-2aa565ee1098	SOI-AVES-715129207	Animalia	Chordata	Aves	Piciformes	Picidae	Dendrocoptes	Dendrocoptes medius		SPECIES	Leiopicus medius (Linnaeus, 1758)	Leiopicus medius (Linnaeus, 1758)	(Linnaeus, 1758)	CH		Vd	PRESENT	NA	64ee55c9-570a-42af-b7da-3f13c6b4e5a9	46.5193	6.42868	3535	NA	NA	NA	NA	NA	2023	NA	NA	2023	10362259	8773033	HUMAN_OBSERVATION	SOI		SOI-AVES-715129207	NA		NA	CC_BY_4_0	Schweizerische Vogelwarte		NA	NA	2026-07-18 15:05:05.532		TAXON_ID_NOT_FOUND	Swiss National Breeding Bird Databank	10.15468/jujcgr
639	2.20134610025069e-314	63f077c9-96a0-49de-b3ea-2aa565ee1098	SOI-AVES-730914291	Animalia	Chordata	Aves	Piciformes	Picidae	Dendrocoptes	Dendrocoptes medius		SPECIES	Leiopicus medius (Linnaeus, 1758)	Leiopicus medius (Linnaeus, 1758)	(Linnaeus, 1758)	CH		Tg	PRESENT	NA	64ee55c9-570a-42af-b7da-3f13c6b4e5a9	47.54276	9.33156	3535	NA	NA	NA	NA	NA	2023	NA	NA	2023	10362259	8773033	HUMAN_OBSERVATION	SOI		SOI-AVES-730914291	NA		NA	CC_BY_4_0	Schweizerische Vogelwarte		NA	NA	2026-07-18 15:05:02.73		TAXON_ID_NOT_FOUND	Swiss National Breeding Bird Databank	10.15468/jujcgr
640	2.20134601082481e-314	63f077c9-96a0-49de-b3ea-2aa565ee1098	SOI-AVES-707965220	Animalia	Chordata	Aves	Piciformes	Picidae	Dendrocoptes	Dendrocoptes medius		SPECIES	Leiopicus medius (Linnaeus, 1758)	Leiopicus medius (Linnaeus, 1758)	(Linnaeus, 1758)	CH		Ge	PRESENT	NA	64ee55c9-570a-42af-b7da-3f13c6b4e5a9	46.24685	6.1744	3535	NA	NA	NA	NA	NA	2018	NA	NA	2018	10362259	8773033	HUMAN_OBSERVATION	SOI		SOI-AVES-707965220	NA		NA	CC_BY_4_0	Schweizerische Vogelwarte		NA	NA	2026-07-18 15:05:02.756		TAXON_ID_NOT_FOUND	Swiss National Breeding Bird Databank	10.15468/jujcgr
641	2.20134592386925e-314	63f077c9-96a0-49de-b3ea-2aa565ee1098	SOI-AVES-687003514	Animalia	Chordata	Aves	Piciformes	Picidae	Dendrocoptes	Dendrocoptes medius		SPECIES	Leiopicus medius (Linnaeus, 1758)	Leiopicus medius (Linnaeus, 1758)	(Linnaeus, 1758)	CH		Ag	PRESENT	NA	64ee55c9-570a-42af-b7da-3f13c6b4e5a9	47.55741	7.87042	3535	NA	NA	NA	NA	NA	2023	NA	NA	2023	10362259	8773033	HUMAN_OBSERVATION	SOI		SOI-AVES-687003514	NA		NA	CC_BY_4_0	Schweizerische Vogelwarte		NA	NA	2026-07-18 15:05:05.484		TAXON_ID_NOT_FOUND	Swiss National Breeding Bird Databank	10.15468/jujcgr
642	2.20134581171635e-314	63f077c9-96a0-49de-b3ea-2aa565ee1098	SOI-AVES-655672016	Animalia	Chordata	Aves	Piciformes	Picidae	Dendrocoptes	Dendrocoptes medius		SPECIES	Leiopicus medius (Linnaeus, 1758)	Leiopicus medius (Linnaeus, 1758)	(Linnaeus, 1758)	CH		Bl	PRESENT	NA	64ee55c9-570a-42af-b7da-3f13c6b4e5a9	47.42273	7.80307	3535	NA	NA	NA	NA	NA	2023	NA	NA	2023	10362259	8773033	HUMAN_OBSERVATION	SOI		SOI-AVES-655672016	NA		NA	CC_BY_4_0	Schweizerische Vogelwarte		NA	NA	2026-07-18 15:05:05.481		TAXON_ID_NOT_FOUND	Swiss National Breeding Bird Databank	10.15468/jujcgr
643	2.20134561557229e-314	63f077c9-96a0-49de-b3ea-2aa565ee1098	SOI-AVES-2427494906	Animalia	Chordata	Aves	Piciformes	Picidae	Dendrocoptes	Dendrocoptes medius		SPECIES	Leiopicus medius (Linnaeus, 1758)	Leiopicus medius (Linnaeus, 1758)	(Linnaeus, 1758)	CH		Tg	PRESENT	NA	64ee55c9-570a-42af-b7da-3f13c6b4e5a9	47.54858	8.93316	3535	NA	NA	NA	NA	NA	2016	NA	NA	2016	10362259	8773033	HUMAN_OBSERVATION	SOI		SOI-AVES-2427494906	NA		NA	CC_BY_4_0	Schweizerische Vogelwarte		NA	NA	2026-07-18 15:05:02.804		TAXON_ID_NOT_FOUND	Swiss National Breeding Bird Databank	10.15468/jujcgr
644	2.20134548118643e-314	63f077c9-96a0-49de-b3ea-2aa565ee1098	SOI-AVES-2392936683	Animalia	Chordata	Aves	Piciformes	Picidae	Dendrocoptes	Dendrocoptes medius		SPECIES	Leiopicus medius (Linnaeus, 1758)	Leiopicus medius (Linnaeus, 1758)	(Linnaeus, 1758)	CH		Bl	PRESENT	NA	64ee55c9-570a-42af-b7da-3f13c6b4e5a9	47.42251	7.86933	3535	NA	NA	NA	NA	NA	2023	NA	NA	2023	10362259	8773033	HUMAN_OBSERVATION	SOI		SOI-AVES-2392936683	NA		NA	CC_BY_4_0	Schweizerische Vogelwarte		NA	NA	2026-07-18 15:05:04.995		TAXON_ID_NOT_FOUND	Swiss National Breeding Bird Databank	10.15468/jujcgr
645	2.2013454787161e-314	63f077c9-96a0-49de-b3ea-2aa565ee1098	SOI-AVES-2392497696	Animalia	Chordata	Aves	Piciformes	Picidae	Dendrocoptes	Dendrocoptes medius		SPECIES	Leiopicus medius (Linnaeus, 1758)	Leiopicus medius (Linnaeus, 1758)	(Linnaeus, 1758)	CH		So	PRESENT	NA	64ee55c9-570a-42af-b7da-3f13c6b4e5a9	47.46827	7.47178	3535	NA	NA	NA	NA	NA	2023	NA	NA	2023	10362259	8773033	HUMAN_OBSERVATION	SOI		SOI-AVES-2392497696	NA		NA	CC_BY_4_0	Schweizerische Vogelwarte		NA	NA	2026-07-18 15:05:02.8		TAXON_ID_NOT_FOUND	Swiss National Breeding Bird Databank	10.15468/jujcgr
646	2.20134539423088e-314	63f077c9-96a0-49de-b3ea-2aa565ee1098	SOI-AVES-2371534574	Animalia	Chordata	Aves	Piciformes	Picidae	Dendrocoptes	Dendrocoptes medius		SPECIES	Leiopicus medius (Linnaeus, 1758)	Leiopicus medius (Linnaeus, 1758)	(Linnaeus, 1758)	CH		Ag	PRESENT	NA	64ee55c9-570a-42af-b7da-3f13c6b4e5a9	47.5557	8.20256	3535	NA	NA	NA	NA	NA	2023	NA	NA	2023	10362259	8773033	HUMAN_OBSERVATION	SOI		SOI-AVES-2371534574	NA		NA	CC_BY_4_0	Schweizerische Vogelwarte		NA	NA	2026-07-18 15:05:02.797		TAXON_ID_NOT_FOUND	Swiss National Breeding Bird Databank	10.15468/jujcgr
647	2.20134520105121e-314	63f077c9-96a0-49de-b3ea-2aa565ee1098	SOI-AVES-2452782146	Animalia	Chordata	Aves	Piciformes	Picidae	Dendrocoptes	Dendrocoptes medius		SPECIES	Leiopicus medius (Linnaeus, 1758)	Leiopicus medius (Linnaeus, 1758)	(Linnaeus, 1758)	CH		Vd	PRESENT	NA	64ee55c9-570a-42af-b7da-3f13c6b4e5a9	46.60981	6.49226	3535	NA	NA	NA	NA	NA	2023	NA	NA	2023	10362259	8773033	HUMAN_OBSERVATION	SOI		SOI-AVES-2452782146	NA		NA	CC_BY_4_0	Schweizerische Vogelwarte		NA	NA	2026-07-18 15:05:02.739		TAXON_ID_NOT_FOUND	Swiss National Breeding Bird Databank	10.15468/jujcgr
648	2.20134512842356e-314	63f077c9-96a0-49de-b3ea-2aa565ee1098	SOI-AVES-2433865688	Animalia	Chordata	Aves	Piciformes	Picidae	Dendrocoptes	Dendrocoptes medius		SPECIES	Leiopicus medius (Linnaeus, 1758)	Leiopicus medius (Linnaeus, 1758)	(Linnaeus, 1758)	CH		Zh	PRESENT	NA	64ee55c9-570a-42af-b7da-3f13c6b4e5a9	47.50925	8.40102	3535	NA	NA	NA	NA	NA	2023	NA	NA	2023	10362259	8773033	HUMAN_OBSERVATION	SOI		SOI-AVES-2433865688	NA		NA	CC_BY_4_0	Schweizerische Vogelwarte		NA	NA	2026-07-18 15:05:02.701		TAXON_ID_NOT_FOUND	Swiss National Breeding Bird Databank	10.15468/jujcgr
649	2.2013443986886e-314	63f077c9-96a0-49de-b3ea-2aa565ee1098	SOI-AVES-2403132197	Animalia	Chordata	Aves	Piciformes	Picidae	Dendrocoptes	Dendrocoptes medius		SPECIES	Leiopicus medius (Linnaeus, 1758)	Leiopicus medius (Linnaeus, 1758)	(Linnaeus, 1758)	CH		Zh	PRESENT	NA	64ee55c9-570a-42af-b7da-3f13c6b4e5a9	47.41749	8.59815	3535	NA	NA	NA	NA	NA	2020	NA	NA	2020	10362259	8773033	HUMAN_OBSERVATION	SOI		SOI-AVES-2403132197	NA		NA	CC_BY_4_0	Schweizerische Vogelwarte		NA	NA	2026-07-18 15:05:02.72		TAXON_ID_NOT_FOUND	Swiss National Breeding Bird Databank	10.15468/jujcgr
650	2.20134405827737e-314	63f077c9-96a0-49de-b3ea-2aa565ee1098	SOI-AVES-2418280906	Animalia	Chordata	Aves	Piciformes	Picidae	Dendrocoptes	Dendrocoptes medius		SPECIES	Leiopicus medius (Linnaeus, 1758)	Leiopicus medius (Linnaeus, 1758)	(Linnaeus, 1758)	CH		Tg	PRESENT	NA	64ee55c9-570a-42af-b7da-3f13c6b4e5a9	47.54382	9.26517	3535	NA	NA	NA	NA	NA	2016	NA	NA	2016	10362259	8773033	HUMAN_OBSERVATION	SOI		SOI-AVES-2418280906	NA		NA	CC_BY_4_0	Schweizerische Vogelwarte		NA	NA	2026-07-18 15:05:04.622		TAXON_ID_NOT_FOUND	Swiss National Breeding Bird Databank	10.15468/jujcgr
651	2.20134405481891e-314	63f077c9-96a0-49de-b3ea-2aa565ee1098	SOI-AVES-2417971386	Animalia	Chordata	Aves	Piciformes	Picidae	Dendrocoptes	Dendrocoptes medius		SPECIES	Leiopicus medius (Linnaeus, 1758)	Leiopicus medius (Linnaeus, 1758)	(Linnaeus, 1758)	CH		So	PRESENT	NA	64ee55c9-570a-42af-b7da-3f13c6b4e5a9	47.37822	7.60414	3535	NA	NA	NA	NA	NA	2022	NA	NA	2022	10362259	8773033	HUMAN_OBSERVATION	SOI		SOI-AVES-2417971386	NA		NA	CC_BY_4_0	Schweizerische Vogelwarte		NA	NA	2026-07-18 15:05:05.415		TAXON_ID_NOT_FOUND	Swiss National Breeding Bird Databank	10.15468/jujcgr
652	2.20134398812005e-314	63f077c9-96a0-49de-b3ea-2aa565ee1098	SOI-AVES-2404385576	Animalia	Chordata	Aves	Piciformes	Picidae	Dendrocoptes	Dendrocoptes medius		SPECIES	Leiopicus medius (Linnaeus, 1758)	Leiopicus medius (Linnaeus, 1758)	(Linnaeus, 1758)	CH		Ag	PRESENT	NA	64ee55c9-570a-42af-b7da-3f13c6b4e5a9	47.37583	8.19999	3535	NA	NA	NA	NA	NA	2022	NA	NA	2022	10362259	8773033	HUMAN_OBSERVATION	SOI		SOI-AVES-2404385576	NA		NA	CC_BY_4_0	Schweizerische Vogelwarte		NA	NA	2026-07-18 15:05:05.414		TAXON_ID_NOT_FOUND	Swiss National Breeding Bird Databank	10.15468/jujcgr
653	2.20134374256943e-314	63f077c9-96a0-49de-b3ea-2aa565ee1098	SOI-AVES-2346291328	Animalia	Chordata	Aves	Piciformes	Picidae	Dendrocoptes	Dendrocoptes medius		SPECIES	Leiopicus medius (Linnaeus, 1758)	Leiopicus medius (Linnaeus, 1758)	(Linnaeus, 1758)	CH		Zh	PRESENT	NA	64ee55c9-570a-42af-b7da-3f13c6b4e5a9	47.37112	8.72955	3535	NA	NA	NA	NA	NA	2020	NA	NA	2020	10362259	8773033	HUMAN_OBSERVATION	SOI		SOI-AVES-2346291328	NA		NA	CC_BY_4_0	Schweizerische Vogelwarte		NA	NA	2026-07-18 15:05:05.395		TAXON_ID_NOT_FOUND	Swiss National Breeding Bird Databank	10.15468/jujcgr
654	2.20134366055453e-314	63f077c9-96a0-49de-b3ea-2aa565ee1098	SOI-AVES-640542255	Animalia	Chordata	Aves	Piciformes	Picidae	Dendrocoptes	Dendrocoptes medius		SPECIES	Leiopicus medius (Linnaeus, 1758)	Leiopicus medius (Linnaeus, 1758)	(Linnaeus, 1758)	CH		Fr	PRESENT	NA	64ee55c9-570a-42af-b7da-3f13c6b4e5a9	46.88339	7.20904	3535	NA	NA	NA	NA	NA	2017	NA	NA	2017	10362259	8773033	HUMAN_OBSERVATION	SOI		SOI-AVES-640542255	NA		NA	CC_BY_4_0	Schweizerische Vogelwarte		NA	NA	2026-07-18 15:05:04.615		TAXON_ID_NOT_FOUND	Swiss National Breeding Bird Databank	10.15468/jujcgr
655	2.20134343031994e-314	63f077c9-96a0-49de-b3ea-2aa565ee1098	SOI-AVES-579146654	Animalia	Chordata	Aves	Piciformes	Picidae	Dendrocoptes	Dendrocoptes medius		SPECIES	Leiopicus medius (Linnaeus, 1758)	Leiopicus medius (Linnaeus, 1758)	(Linnaeus, 1758)	CH		Tg	PRESENT	NA	64ee55c9-570a-42af-b7da-3f13c6b4e5a9	47.59518	8.80149	3535	NA	NA	NA	NA	NA	2023	NA	NA	2023	10362259	8773033	HUMAN_OBSERVATION	SOI		SOI-AVES-579146654	NA		NA	CC_BY_4_0	Schweizerische Vogelwarte		NA	NA	2026-07-18 15:05:02.652		TAXON_ID_NOT_FOUND	Swiss National Breeding Bird Databank	10.15468/jujcgr
656	2.20134327567739e-314	63f077c9-96a0-49de-b3ea-2aa565ee1098	SOI-AVES-539935764	Animalia	Chordata	Aves	Piciformes	Picidae	Dendrocoptes	Dendrocoptes medius		SPECIES	Leiopicus medius (Linnaeus, 1758)	Leiopicus medius (Linnaeus, 1758)	(Linnaeus, 1758)	CH		Be	PRESENT	NA	64ee55c9-570a-42af-b7da-3f13c6b4e5a9	47.19821	7.20768	3535	NA	NA	NA	NA	NA	2011	NA	NA	2011	10362259	8773033	HUMAN_OBSERVATION	SOI		SOI-AVES-539935764	NA		NA	CC_BY_4_0	Schweizerische Vogelwarte		NA	NA	2026-07-18 15:05:05.379		TAXON_ID_NOT_FOUND	Swiss National Breeding Bird Databank	10.15468/jujcgr
657	2.20134319712095e-314	63f077c9-96a0-49de-b3ea-2aa565ee1098	SOI-AVES-644554457	Animalia	Chordata	Aves	Piciformes	Picidae	Dendrocoptes	Dendrocoptes medius		SPECIES	Leiopicus medius (Linnaeus, 1758)	Leiopicus medius (Linnaeus, 1758)	(Linnaeus, 1758)	CH		Lu	PRESENT	NA	64ee55c9-570a-42af-b7da-3f13c6b4e5a9	47.01512	8.3264	3535	NA	NA	NA	NA	NA	2022	NA	NA	2022	10362259	8773033	HUMAN_OBSERVATION	SOI		SOI-AVES-644554457	NA		NA	CC_BY_4_0	Schweizerische Vogelwarte		NA	NA	2026-07-18 15:05:05.321		TAXON_ID_NOT_FOUND	Swiss National Breeding Bird Databank	10.15468/jujcgr
658	2.20134298664899e-314	63f077c9-96a0-49de-b3ea-2aa565ee1098	SOI-AVES-587310493	Animalia	Chordata	Aves	Piciformes	Picidae	Dendrocoptes	Dendrocoptes medius		SPECIES	Leiopicus medius (Linnaeus, 1758)	Leiopicus medius (Linnaeus, 1758)	(Linnaeus, 1758)	CH		Ge	PRESENT	NA	64ee55c9-570a-42af-b7da-3f13c6b4e5a9	46.15538	6.04706	3535	NA	NA	NA	NA	NA	2023	NA	NA	2023	10362259	8773033	HUMAN_OBSERVATION	SOI		SOI-AVES-587310493	NA		NA	CC_BY_4_0	Schweizerische Vogelwarte		NA	NA	2026-07-18 15:05:04.87		TAXON_ID_NOT_FOUND	Swiss National Breeding Bird Databank	10.15468/jujcgr
659	2.2013429505822e-314	63f077c9-96a0-49de-b3ea-2aa565ee1098	SOI-AVES-579612613	Animalia	Chordata	Aves	Piciformes	Picidae	Dendrocoptes	Dendrocoptes medius		SPECIES	Leiopicus medius (Linnaeus, 1758)	Leiopicus medius (Linnaeus, 1758)	(Linnaeus, 1758)	CH		Sh	PRESENT	NA	64ee55c9-570a-42af-b7da-3f13c6b4e5a9	47.68793	8.53747	3535	NA	NA	NA	NA	NA	2023	NA	NA	2023	10362259	8773033	HUMAN_OBSERVATION	SOI		SOI-AVES-579612613	NA		NA	CC_BY_4_0	Schweizerische Vogelwarte		NA	NA	2026-07-18 15:05:05.37		TAXON_ID_NOT_FOUND	Swiss National Breeding Bird Databank	10.15468/jujcgr
660	2.20134281372601e-314	63f077c9-96a0-49de-b3ea-2aa565ee1098	SOI-AVES-542680627	Animalia	Chordata	Aves	Piciformes	Picidae	Dendrocoptes	Dendrocoptes medius		SPECIES	Leiopicus medius (Linnaeus, 1758)	Leiopicus medius (Linnaeus, 1758)	(Linnaeus, 1758)	CH		Bl	PRESENT	NA	64ee55c9-570a-42af-b7da-3f13c6b4e5a9	47.51286	7.73731	3535	NA	NA	NA	NA	NA	2022	NA	NA	2022	10362259	8773033	HUMAN_OBSERVATION	SOI		SOI-AVES-542680627	NA		NA	CC_BY_4_0	Schweizerische Vogelwarte		NA	NA	2026-07-18 15:05:04.585		TAXON_ID_NOT_FOUND	Swiss National Breeding Bird Databank	10.15468/jujcgr
661	2.20134256323473e-314	63f077c9-96a0-49de-b3ea-2aa565ee1098	SOI-AVES-595742634	Animalia	Chordata	Aves	Piciformes	Picidae	Dendrocoptes	Dendrocoptes medius		SPECIES	Leiopicus medius (Linnaeus, 1758)	Leiopicus medius (Linnaeus, 1758)	(Linnaeus, 1758)	CH		Ag	PRESENT	NA	64ee55c9-570a-42af-b7da-3f13c6b4e5a9	47.51115	8.13555	3535	NA	NA	NA	NA	NA	2023	NA	NA	2023	10362259	8773033	HUMAN_OBSERVATION	SOI		SOI-AVES-595742634	NA		NA	CC_BY_4_0	Schweizerische Vogelwarte		NA	NA	2026-07-18 15:05:02.637		TAXON_ID_NOT_FOUND	Swiss National Breeding Bird Databank	10.15468/jujcgr
662	2.20134252173321e-314	63f077c9-96a0-49de-b3ea-2aa565ee1098	SOI-AVES-584492656	Animalia	Chordata	Aves	Piciformes	Picidae	Dendrocoptes	Dendrocoptes medius		SPECIES	Leiopicus medius (Linnaeus, 1758)	Leiopicus medius (Linnaeus, 1758)	(Linnaeus, 1758)	CH		Zh	PRESENT	NA	64ee55c9-570a-42af-b7da-3f13c6b4e5a9	47.32881	8.46392	3535	NA	NA	NA	NA	NA	2023	NA	NA	2023	10362259	8773033	HUMAN_OBSERVATION	SOI		SOI-AVES-584492656	NA		NA	CC_BY_4_0	Schweizerische Vogelwarte		NA	NA	2026-07-18 15:05:02.656		TAXON_ID_NOT_FOUND	Swiss National Breeding Bird Databank	10.15468/jujcgr
663	2.20134231323751e-314	63f077c9-96a0-49de-b3ea-2aa565ee1098	SOI-AVES-530337987	Animalia	Chordata	Aves	Piciformes	Picidae	Dendrocoptes	Dendrocoptes medius		SPECIES	Leiopicus medius (Linnaeus, 1758)	Leiopicus medius (Linnaeus, 1758)	(Linnaeus, 1758)	CH		So	PRESENT	NA	64ee55c9-570a-42af-b7da-3f13c6b4e5a9	47.19844	7.47162	3535	NA	NA	NA	NA	NA	2022	NA	NA	2022	10362259	8773033	HUMAN_OBSERVATION	SOI		SOI-AVES-530337987	NA		NA	CC_BY_4_0	Schweizerische Vogelwarte		NA	NA	2026-07-18 15:05:02.622		TAXON_ID_NOT_FOUND	Swiss National Breeding Bird Databank	10.15468/jujcgr
664	2.2013421581009e-314	63f077c9-96a0-49de-b3ea-2aa565ee1098	SOI-AVES-606778406	Animalia	Chordata	Aves	Piciformes	Picidae	Dendrocoptes	Dendrocoptes medius		SPECIES	Leiopicus medius (Linnaeus, 1758)	Leiopicus medius (Linnaeus, 1758)	(Linnaeus, 1758)	CH		Tg	PRESENT	NA	64ee55c9-570a-42af-b7da-3f13c6b4e5a9	47.59175	9.06735	3535	NA	NA	NA	NA	NA	2015	NA	NA	2015	10362259	8773033	HUMAN_OBSERVATION	SOI		SOI-AVES-606778406	NA		NA	CC_BY_4_0	Schweizerische Vogelwarte		NA	NA	2026-07-18 15:05:05.34		TAXON_ID_NOT_FOUND	Swiss National Breeding Bird Databank	10.15468/jujcgr
665	2.20134214327893e-314	63f077c9-96a0-49de-b3ea-2aa565ee1098	SOI-AVES-603154760	Animalia	Chordata	Aves	Piciformes	Picidae	Dendrocoptes	Dendrocoptes medius		SPECIES	Leiopicus medius (Linnaeus, 1758)	Leiopicus medius (Linnaeus, 1758)	(Linnaeus, 1758)	CH		Vd	PRESENT	NA	64ee55c9-570a-42af-b7da-3f13c6b4e5a9	46.65422	6.42616	3535	NA	NA	NA	NA	NA	2023	NA	NA	2023	10362259	8773033	HUMAN_OBSERVATION	SOI		SOI-AVES-603154760	NA		NA	CC_BY_4_0	Schweizerische Vogelwarte		NA	NA	2026-07-18 15:05:05.274		TAXON_ID_NOT_FOUND	Swiss National Breeding Bird Databank	10.15468/jujcgr
666	2.20134213438575e-314	63f077c9-96a0-49de-b3ea-2aa565ee1098	SOI-AVES-600201263	Animalia	Chordata	Aves	Piciformes	Picidae	Dendrocoptes	Dendrocoptes medius		SPECIES	Leiopicus medius (Linnaeus, 1758)	Leiopicus medius (Linnaeus, 1758)	(Linnaeus, 1758)	CH		Vd	PRESENT	NA	64ee55c9-570a-42af-b7da-3f13c6b4e5a9	46.70122	6.6868	3535	NA	NA	NA	NA	NA	2014	NA	NA	2014	10362259	8773033	HUMAN_OBSERVATION	SOI		SOI-AVES-600201263	NA		NA	CC_BY_4_0	Schweizerische Vogelwarte		NA	NA	2026-07-18 15:05:04.829		TAXON_ID_NOT_FOUND	Swiss National Breeding Bird Databank	10.15468/jujcgr
667	2.20134201630406e-314	63f077c9-96a0-49de-b3ea-2aa565ee1098	SOI-AVES-573087590	Animalia	Chordata	Aves	Piciformes	Picidae	Dendrocoptes	Dendrocoptes medius		SPECIES	Leiopicus medius (Linnaeus, 1758)	Leiopicus medius (Linnaeus, 1758)	(Linnaeus, 1758)	CH		Bl	PRESENT	NA	64ee55c9-570a-42af-b7da-3f13c6b4e5a9	47.51301	7.67094	3535	NA	NA	NA	NA	NA	2023	NA	NA	2023	10362259	8773033	HUMAN_OBSERVATION	SOI		SOI-AVES-573087590	NA		NA	CC_BY_4_0	Schweizerische Vogelwarte		NA	NA	2026-07-18 15:05:04.55		TAXON_ID_NOT_FOUND	Swiss National Breeding Bird Databank	10.15468/jujcgr
668	2.20134199258891e-314	63f077c9-96a0-49de-b3ea-2aa565ee1098	SOI-AVES-566477412	Animalia	Chordata	Aves	Piciformes	Picidae	Dendrocoptes	Dendrocoptes medius		SPECIES	Leiopicus medius (Linnaeus, 1758)	Leiopicus medius (Linnaeus, 1758)	(Linnaeus, 1758)	CH		Be	PRESENT	NA	64ee55c9-570a-42af-b7da-3f13c6b4e5a9	47.0634	7.60318	3535	NA	NA	NA	NA	NA	2023	NA	NA	2023	10362259	8773033	HUMAN_OBSERVATION	SOI		SOI-AVES-566477412	NA		NA	CC_BY_4_0	Schweizerische Vogelwarte		NA	NA	2026-07-18 15:05:04.823		TAXON_ID_NOT_FOUND	Swiss National Breeding Bird Databank	10.15468/jujcgr
669	2.20134182658285e-314	63f077c9-96a0-49de-b3ea-2aa565ee1098	SOI-AVES-523975175	Animalia	Chordata	Aves	Piciformes	Picidae	Dendrocoptes	Dendrocoptes medius		SPECIES	Leiopicus medius (Linnaeus, 1758)	Leiopicus medius (Linnaeus, 1758)	(Linnaeus, 1758)	CH		Be	PRESENT	NA	64ee55c9-570a-42af-b7da-3f13c6b4e5a9	47.15347	7.47159	3535	NA	NA	NA	NA	NA	2023	NA	NA	2023	10362259	8773033	HUMAN_OBSERVATION	SOI		SOI-AVES-523975175	NA		NA	CC_BY_4_0	Schweizerische Vogelwarte		NA	NA	2026-07-18 15:05:05.33		TAXON_ID_NOT_FOUND	Swiss National Breeding Bird Databank	10.15468/jujcgr
670	2.20134179990331e-314	63f077c9-96a0-49de-b3ea-2aa565ee1098	SOI-AVES-517088568	Animalia	Chordata	Aves	Piciformes	Picidae	Dendrocoptes	Dendrocoptes medius		SPECIES	Leiopicus medius (Linnaeus, 1758)	Leiopicus medius (Linnaeus, 1758)	(Linnaeus, 1758)	CH		Tg	PRESENT	NA	64ee55c9-570a-42af-b7da-3f13c6b4e5a9	47.50088	9.13094	3535	NA	NA	NA	NA	NA	2011	NA	NA	2011	10362259	8773033	HUMAN_OBSERVATION	SOI		SOI-AVES-517088568	NA		NA	CC_BY_4_0	Schweizerische Vogelwarte		NA	NA	2026-07-18 15:05:02.581		TAXON_ID_NOT_FOUND	Swiss National Breeding Bird Databank	10.15468/jujcgr
671	2.2013412534667e-314	63f077c9-96a0-49de-b3ea-2aa565ee1098	SOI-AVES-2320183228	Animalia	Chordata	Aves	Piciformes	Picidae	Dendrocoptes	Dendrocoptes medius		SPECIES	Leiopicus medius (Linnaeus, 1758)	Leiopicus medius (Linnaeus, 1758)	(Linnaeus, 1758)	CH		Vd	PRESENT	NA	64ee55c9-570a-42af-b7da-3f13c6b4e5a9	46.79072	6.62006	3535	NA	NA	NA	NA	NA	2021	NA	NA	2021	10362259	8773033	HUMAN_OBSERVATION	SOI		SOI-AVES-2320183228	NA		NA	CC_BY_4_0	Schweizerische Vogelwarte		NA	NA	2026-07-18 15:05:04.784		TAXON_ID_NOT_FOUND	Swiss National Breeding Bird Databank	10.15468/jujcgr
672	2.20134102965496e-314	63f077c9-96a0-49de-b3ea-2aa565ee1098	SOI-AVES-2263444875	Animalia	Chordata	Aves	Piciformes	Picidae	Dendrocoptes	Dendrocoptes medius		SPECIES	Leiopicus medius (Linnaeus, 1758)	Leiopicus medius (Linnaeus, 1758)	(Linnaeus, 1758)	CH		Ne	PRESENT	NA	64ee55c9-570a-42af-b7da-3f13c6b4e5a9	47.01718	6.87965	3535	NA	NA	NA	NA	NA	2023	NA	NA	2023	10362259	8773033	HUMAN_OBSERVATION	SOI		SOI-AVES-2263444875	NA		NA	CC_BY_4_0	Schweizerische Vogelwarte		NA	NA	2026-07-18 15:05:02.584		TAXON_ID_NOT_FOUND	Swiss National Breeding Bird Databank	10.15468/jujcgr
673	2.20134090070383e-314	63f077c9-96a0-49de-b3ea-2aa565ee1098	SOI-AVES-2230222183	Animalia	Chordata	Aves	Piciformes	Picidae	Dendrocoptes	Dendrocoptes medius		SPECIES	Leiopicus medius (Linnaeus, 1758)	Leiopicus medius (Linnaeus, 1758)	(Linnaeus, 1758)	CH		Be	PRESENT	NA	64ee55c9-570a-42af-b7da-3f13c6b4e5a9	47.01832	7.6688	3535	NA	NA	NA	NA	NA	2023	NA	NA	2023	10362259	8773033	HUMAN_OBSERVATION	SOI		SOI-AVES-2230222183	NA		NA	CC_BY_4_0	Schweizerische Vogelwarte		NA	NA	2026-07-18 15:05:05.26		TAXON_ID_NOT_FOUND	Swiss National Breeding Bird Databank	10.15468/jujcgr
674	2.20134084042782e-314	63f077c9-96a0-49de-b3ea-2aa565ee1098	SOI-AVES-2215517299	Animalia	Chordata	Aves	Piciformes	Picidae	Dendrocoptes	Dendrocoptes medius		SPECIES	Leiopicus medius (Linnaeus, 1758)	Leiopicus medius (Linnaeus, 1758)	(Linnaeus, 1758)	CH		So	PRESENT	NA	64ee55c9-570a-42af-b7da-3f13c6b4e5a9	47.37727	7.93517	3535	NA	NA	NA	NA	NA	2022	NA	NA	2022	10362259	8773033	HUMAN_OBSERVATION	SOI		SOI-AVES-2215517299	NA		NA	CC_BY_4_0	Schweizerische Vogelwarte		NA	NA	2026-07-18 15:05:05.228		TAXON_ID_NOT_FOUND	Swiss National Breeding Bird Databank	10.15468/jujcgr
675	2.20134081127795e-314	63f077c9-96a0-49de-b3ea-2aa565ee1098	SOI-AVES-2210021366	Animalia	Chordata	Aves	Piciformes	Picidae	Dendrocoptes	Dendrocoptes medius		SPECIES	Leiopicus medius (Linnaeus, 1758)	Leiopicus medius (Linnaeus, 1758)	(Linnaeus, 1758)	CH		Be	PRESENT	NA	64ee55c9-570a-42af-b7da-3f13c6b4e5a9	47.2433	7.60373	3535	NA	NA	NA	NA	NA	2023	NA	NA	2023	10362259	8773033	HUMAN_OBSERVATION	SOI		SOI-AVES-2210021366	NA		NA	CC_BY_4_0	Schweizerische Vogelwarte		NA	NA	2026-07-18 15:05:02.568		TAXON_ID_NOT_FOUND	Swiss National Breeding Bird Databank	10.15468/jujcgr
676	2.20134080238477e-314	63f077c9-96a0-49de-b3ea-2aa565ee1098	SOI-AVES-2207861315	Animalia	Chordata	Aves	Piciformes	Picidae	Dendrocoptes	Dendrocoptes medius		SPECIES	Leiopicus medius (Linnaeus, 1758)	Leiopicus medius (Linnaeus, 1758)	(Linnaeus, 1758)	CH		Be	PRESENT	NA	64ee55c9-570a-42af-b7da-3f13c6b4e5a9	47.1521	6.87824	3535	NA	NA	NA	NA	NA	2016	NA	NA	2016	10362259	8773033	HUMAN_OBSERVATION	SOI		SOI-AVES-2207861315	NA		NA	CC_BY_4_0	Schweizerische Vogelwarte		NA	NA	2026-07-18 15:05:02.641		TAXON_ID_NOT_FOUND	Swiss National Breeding Bird Databank	10.15468/jujcgr
677	2.20134043875245e-314	63f077c9-96a0-49de-b3ea-2aa565ee1098	SOI-AVES-2257735948	Animalia	Chordata	Aves	Piciformes	Picidae	Dendrocoptes	Dendrocoptes medius		SPECIES	Leiopicus medius (Linnaeus, 1758)	Leiopicus medius (Linnaeus, 1758)	(Linnaeus, 1758)	CH		Vd	PRESENT	NA	64ee55c9-570a-42af-b7da-3f13c6b4e5a9	46.65531	6.55679	3535	NA	NA	NA	NA	NA	2022	NA	NA	2022	10362259	8773033	HUMAN_OBSERVATION	SOI		SOI-AVES-2257735948	NA		NA	CC_BY_4_0	Schweizerische Vogelwarte		NA	NA	2026-07-18 15:05:04.515		TAXON_ID_NOT_FOUND	Swiss National Breeding Bird Databank	10.15468/jujcgr
678	2.20134029003869e-314	63f077c9-96a0-49de-b3ea-2aa565ee1098	SOI-AVES-2216583849	Animalia	Chordata	Aves	Piciformes	Picidae	Dendrocoptes	Dendrocoptes medius		SPECIES	Leiopicus medius (Linnaeus, 1758)	Leiopicus medius (Linnaeus, 1758)	(Linnaeus, 1758)	CH		Sh	PRESENT	NA	64ee55c9-570a-42af-b7da-3f13c6b4e5a9	47.6851	8.80381	3535	NA	NA	NA	NA	NA	2023	NA	NA	2023	10362259	8773033	HUMAN_OBSERVATION	SOI		SOI-AVES-2216583849	NA		NA	CC_BY_4_0	Schweizerische Vogelwarte		NA	NA	2026-07-18 15:05:02.565		TAXON_ID_NOT_FOUND	Swiss National Breeding Bird Databank	10.15468/jujcgr
679	2.20134004498213e-314	63f077c9-96a0-49de-b3ea-2aa565ee1098	SOI-AVES-2293704199	Animalia	Chordata	Aves	Piciformes	Picidae	Dendrocoptes	Dendrocoptes medius		SPECIES	Leiopicus medius (Linnaeus, 1758)	Leiopicus medius (Linnaeus, 1758)	(Linnaeus, 1758)	CH		Ju	PRESENT	NA	64ee55c9-570a-42af-b7da-3f13c6b4e5a9	47.37726	6.94208	3535	NA	NA	NA	NA	NA	2014	NA	NA	2014	10362259	8773033	HUMAN_OBSERVATION	SOI		SOI-AVES-2293704199	NA		NA	CC_BY_4_0	Schweizerische Vogelwarte		NA	NA	2026-07-18 15:05:02.535		TAXON_ID_NOT_FOUND	Swiss National Breeding Bird Databank	10.15468/jujcgr
680	2.20133986316597e-314	63f077c9-96a0-49de-b3ea-2aa565ee1098	SOI-AVES-2244626912	Animalia	Chordata	Aves	Piciformes	Picidae	Dendrocoptes	Dendrocoptes medius		SPECIES	Leiopicus medius (Linnaeus, 1758)	Leiopicus medius (Linnaeus, 1758)	(Linnaeus, 1758)	CH		Ag	PRESENT	NA	64ee55c9-570a-42af-b7da-3f13c6b4e5a9	47.33128	8.1332	3535	NA	NA	NA	NA	NA	2023	NA	NA	2023	10362259	8773033	HUMAN_OBSERVATION	SOI		SOI-AVES-2244626912	NA		NA	CC_BY_4_0	Schweizerische Vogelwarte		NA	NA	2026-07-18 15:05:02.616		TAXON_ID_NOT_FOUND	Swiss National Breeding Bird Databank	10.15468/jujcgr
681	2.20133945062116e-314	63f077c9-96a0-49de-b3ea-2aa565ee1098	SOI-AVES-440635441	Animalia	Chordata	Aves	Piciformes	Picidae	Dendrocoptes	Dendrocoptes medius		SPECIES	Leiopicus medius (Linnaeus, 1758)	Leiopicus medius (Linnaeus, 1758)	(Linnaeus, 1758)	CH		Tg	PRESENT	NA	64ee55c9-570a-42af-b7da-3f13c6b4e5a9	47.58771	9.33317	3535	NA	NA	NA	NA	NA	2022	NA	NA	2022	10362259	8773033	HUMAN_OBSERVATION	SOI		SOI-AVES-440635441	NA		NA	CC_BY_4_0	Schweizerische Vogelwarte		NA	NA	2026-07-18 15:05:02.58		TAXON_ID_NOT_FOUND	Swiss National Breeding Bird Databank	10.15468/jujcgr
682	2.2013394328348e-314	63f077c9-96a0-49de-b3ea-2aa565ee1098	SOI-AVES-434640204	Animalia	Chordata	Aves	Piciformes	Picidae	Dendrocoptes	Dendrocoptes medius		SPECIES	Leiopicus medius (Linnaeus, 1758)	Leiopicus medius (Linnaeus, 1758)	(Linnaeus, 1758)	CH		Ag	PRESENT	NA	64ee55c9-570a-42af-b7da-3f13c6b4e5a9	47.46577	8.20127	3535	NA	NA	NA	NA	NA	2023	NA	NA	2023	10362259	8773033	HUMAN_OBSERVATION	SOI		SOI-AVES-434640204	NA		NA	CC_BY_4_0	Schweizerische Vogelwarte		NA	NA	2026-07-18 15:05:05.194		TAXON_ID_NOT_FOUND	Swiss National Breeding Bird Databank	10.15468/jujcgr
683	2.20133924805425e-314	63f077c9-96a0-49de-b3ea-2aa565ee1098	SOI-AVES-504498991	Animalia	Chordata	Aves	Piciformes	Picidae	Dendrocoptes	Dendrocoptes medius		SPECIES	Leiopicus medius (Linnaeus, 1758)	Leiopicus medius (Linnaeus, 1758)	(Linnaeus, 1758)	CH		Zh	PRESENT	NA	64ee55c9-570a-42af-b7da-3f13c6b4e5a9	47.46311	8.53282	3535	NA	NA	NA	NA	NA	2023	NA	NA	2023	10362259	8773033	HUMAN_OBSERVATION	SOI		SOI-AVES-504498991	NA		NA	CC_BY_4_0	Schweizerische Vogelwarte		NA	NA	2026-07-18 15:05:04.661		TAXON_ID_NOT_FOUND	Swiss National Breeding Bird Databank	10.15468/jujcgr
684	2.20133923520854e-314	63f077c9-96a0-49de-b3ea-2aa565ee1098	SOI-AVES-501446832	Animalia	Chordata	Aves	Piciformes	Picidae	Dendrocoptes	Dendrocoptes medius		SPECIES	Leiopicus medius (Linnaeus, 1758)	Leiopicus medius (Linnaeus, 1758)	(Linnaeus, 1758)	CH		Vd	PRESENT	NA	64ee55c9-570a-42af-b7da-3f13c6b4e5a9	46.8357	6.61937	3535	NA	NA	NA	NA	NA	2023	NA	NA	2023	10362259	8773033	HUMAN_OBSERVATION	SOI		SOI-AVES-501446832	NA		NA	CC_BY_4_0	Schweizerische Vogelwarte		NA	NA	2026-07-18 15:05:05.136		TAXON_ID_NOT_FOUND	Swiss National Breeding Bird Databank	10.15468/jujcgr
685	2.20133871693368e-314	63f077c9-96a0-49de-b3ea-2aa565ee1098	SOI-AVES-505781860	Animalia	Chordata	Aves	Piciformes	Picidae	Dendrocoptes	Dendrocoptes medius		SPECIES	Leiopicus medius (Linnaeus, 1758)	Leiopicus medius (Linnaeus, 1758)	(Linnaeus, 1758)	CH		Ge	PRESENT	NA	64ee55c9-570a-42af-b7da-3f13c6b4e5a9	46.15616	6.11177	3535	NA	NA	NA	NA	NA	2023	NA	NA	2023	10362259	8773033	HUMAN_OBSERVATION	SOI		SOI-AVES-505781860	NA		NA	CC_BY_4_0	Schweizerische Vogelwarte		NA	NA	2026-07-18 15:05:02.515		TAXON_ID_NOT_FOUND	Swiss National Breeding Bird Databank	10.15468/jujcgr
686	2.20133867592623e-314	63f077c9-96a0-49de-b3ea-2aa565ee1098	SOI-AVES-496999712	Animalia	Chordata	Aves	Piciformes	Picidae	Dendrocoptes	Dendrocoptes medius		SPECIES	Leiopicus medius (Linnaeus, 1758)	Leiopicus medius (Linnaeus, 1758)	(Linnaeus, 1758)	CH		So	PRESENT	NA	64ee55c9-570a-42af-b7da-3f13c6b4e5a9	47.24341	7.47165	3535	NA	NA	NA	NA	NA	2020	NA	NA	2020	10362259	8773033	HUMAN_OBSERVATION	SOI		SOI-AVES-496999712	NA		NA	CC_BY_4_0	Schweizerische Vogelwarte		NA	NA	2026-07-18 15:05:02.514		TAXON_ID_NOT_FOUND	Swiss National Breeding Bird Databank	10.15468/jujcgr
687	2.20133848768722e-314	63f077c9-96a0-49de-b3ea-2aa565ee1098	SOI-AVES-450955996	Animalia	Chordata	Aves	Piciformes	Picidae	Dendrocoptes	Dendrocoptes medius		SPECIES	Leiopicus medius (Linnaeus, 1758)	Leiopicus medius (Linnaeus, 1758)	(Linnaeus, 1758)	CH		Sg	PRESENT	NA	64ee55c9-570a-42af-b7da-3f13c6b4e5a9	47.41282	8.99561	3535	NA	NA	NA	NA	NA	2015	NA	NA	2015	10362259	8773033	HUMAN_OBSERVATION	SOI		SOI-AVES-450955996	NA		NA	CC_BY_4_0	Schweizerische Vogelwarte		NA	NA	2026-07-18 15:05:02.516		TAXON_ID_NOT_FOUND	Swiss National Breeding Bird Databank	10.15468/jujcgr
688	2.20133823769e-314	63f077c9-96a0-49de-b3ea-2aa565ee1098	SOI-AVES-491485483	Animalia	Chordata	Aves	Piciformes	Picidae	Dendrocoptes	Dendrocoptes medius		SPECIES	Leiopicus medius (Linnaeus, 1758)	Leiopicus medius (Linnaeus, 1758)	(Linnaeus, 1758)	CH		Bl	PRESENT	NA	64ee55c9-570a-42af-b7da-3f13c6b4e5a9	47.46747	7.8697	3535	NA	NA	NA	NA	NA	2022	NA	NA	2022	10362259	8773033	HUMAN_OBSERVATION	SOI		SOI-AVES-491485483	NA		NA	CC_BY_4_0	Schweizerische Vogelwarte		NA	NA	2026-07-18 15:05:05.114		TAXON_ID_NOT_FOUND	Swiss National Breeding Bird Databank	10.15468/jujcgr
689	2.20133787109329e-314	63f077c9-96a0-49de-b3ea-2aa565ee1098	SOI-AVES-399976308	Animalia	Chordata	Aves	Piciformes	Picidae	Dendrocoptes	Dendrocoptes medius		SPECIES	Leiopicus medius (Linnaeus, 1758)	Leiopicus medius (Linnaeus, 1758)	(Linnaeus, 1758)	CH		Zh	PRESENT	NA	64ee55c9-570a-42af-b7da-3f13c6b4e5a9	47.64231	8.60307	3535	NA	NA	NA	NA	NA	2023	NA	NA	2023	10362259	8773033	HUMAN_OBSERVATION	SOI		SOI-AVES-399976308	NA		NA	CC_BY_4_0	Schweizerische Vogelwarte		NA	NA	2026-07-18 15:05:05.087		TAXON_ID_NOT_FOUND	Swiss National Breeding Bird Databank	10.15468/jujcgr
690	2.20133764036463e-314	63f077c9-96a0-49de-b3ea-2aa565ee1098	SOI-AVES-2152511358	Animalia	Chordata	Aves	Piciformes	Picidae	Dendrocoptes	Dendrocoptes medius		SPECIES	Leiopicus medius (Linnaeus, 1758)	Leiopicus medius (Linnaeus, 1758)	(Linnaeus, 1758)	CH		So	PRESENT	NA	64ee55c9-570a-42af-b7da-3f13c6b4e5a9	47.37829	7.53794	3535	NA	NA	NA	NA	NA	2023	NA	NA	2023	10362259	8773033	HUMAN_OBSERVATION	SOI		SOI-AVES-2152511358	NA		NA	CC_BY_4_0	Schweizerische Vogelwarte		NA	NA	2026-07-18 15:05:02.457		TAXON_ID_NOT_FOUND	Swiss National Breeding Bird Databank	10.15468/jujcgr
691	2.20133762900112e-314	63f077c9-96a0-49de-b3ea-2aa565ee1098	SOI-AVES-2150261756	Animalia	Chordata	Aves	Piciformes	Picidae	Dendrocoptes	Dendrocoptes medius		SPECIES	Leiopicus medius (Linnaeus, 1758)	Leiopicus medius (Linnaeus, 1758)	(Linnaeus, 1758)	CH		Tg	PRESENT	NA	64ee55c9-570a-42af-b7da-3f13c6b4e5a9	47.5908	9.13381	3535	NA	NA	NA	NA	NA	2019	NA	NA	2019	10362259	8773033	HUMAN_OBSERVATION	SOI		SOI-AVES-2150261756	NA		NA	CC_BY_4_0	Schweizerische Vogelwarte		NA	NA	2026-07-18 15:05:04.578		TAXON_ID_NOT_FOUND	Swiss National Breeding Bird Databank	10.15468/jujcgr
692	2.20133746003067e-314	63f077c9-96a0-49de-b3ea-2aa565ee1098	SOI-AVES-2105646427	Animalia	Chordata	Aves	Piciformes	Picidae	Dendrocoptes	Dendrocoptes medius		SPECIES	Leiopicus medius (Linnaeus, 1758)	Leiopicus medius (Linnaeus, 1758)	(Linnaeus, 1758)	CH		Ag	PRESENT	NA	64ee55c9-570a-42af-b7da-3f13c6b4e5a9	47.32991	8.33163	3535	NA	NA	NA	NA	NA	2023	NA	NA	2023	10362259	8773033	HUMAN_OBSERVATION	SOI		SOI-AVES-2105646427	NA		NA	CC_BY_4_0	Schweizerische Vogelwarte		NA	NA	2026-07-18 15:05:04.572		TAXON_ID_NOT_FOUND	Swiss National Breeding Bird Databank	10.15468/jujcgr
693	2.20133737159292e-314	63f077c9-96a0-49de-b3ea-2aa565ee1098	SOI-AVES-2081866985	Animalia	Chordata	Aves	Piciformes	Picidae	Dendrocoptes	Dendrocoptes medius		SPECIES	Leiopicus medius (Linnaeus, 1758)	Leiopicus medius (Linnaeus, 1758)	(Linnaeus, 1758)	CH		Zh	PRESENT	NA	64ee55c9-570a-42af-b7da-3f13c6b4e5a9	47.37185	8.66336	3535	NA	NA	NA	NA	NA	2022	NA	NA	2022	10362259	8773033	HUMAN_OBSERVATION	SOI		SOI-AVES-2081866985	NA		NA	CC_BY_4_0	Schweizerische Vogelwarte		NA	NA	2026-07-18 15:05:04.57		TAXON_ID_NOT_FOUND	Swiss National Breeding Bird Databank	10.15468/jujcgr
694	2.20133714382866e-314	63f077c9-96a0-49de-b3ea-2aa565ee1098	SOI-AVES-2156418435	Animalia	Chordata	Aves	Piciformes	Picidae	Dendrocoptes	Dendrocoptes medius		SPECIES	Leiopicus medius (Linnaeus, 1758)	Leiopicus medius (Linnaeus, 1758)	(Linnaeus, 1758)	CH		Sz	PRESENT	NA	64ee55c9-570a-42af-b7da-3f13c6b4e5a9	47.19126	8.72521	3535	NA	NA	NA	NA	NA	2022	NA	NA	2022	10362259	8773033	HUMAN_OBSERVATION	SOI		SOI-AVES-2156418435	NA		NA	CC_BY_4_0	Schweizerische Vogelwarte		NA	NA	2026-07-18 15:05:02.458		TAXON_ID_NOT_FOUND	Swiss National Breeding Bird Databank	10.15468/jujcgr
695	2.20133697189381e-314	63f077c9-96a0-49de-b3ea-2aa565ee1098	SOI-AVES-2114905337	Animalia	Chordata	Aves	Piciformes	Picidae	Dendrocoptes	Dendrocoptes medius		SPECIES	Leiopicus medius (Linnaeus, 1758)	Leiopicus medius (Linnaeus, 1758)	(Linnaeus, 1758)	CH		Sh	PRESENT	NA	64ee55c9-570a-42af-b7da-3f13c6b4e5a9	47.73155	8.67169	3535	NA	NA	NA	NA	NA	2023	NA	NA	2023	10362259	8773033	HUMAN_OBSERVATION	SOI		SOI-AVES-2114905337	NA		NA	CC_BY_4_0	Schweizerische Vogelwarte		NA	NA	2026-07-18 15:05:02.45		TAXON_ID_NOT_FOUND	Swiss National Breeding Bird Databank	10.15468/jujcgr
696	2.20133655687867e-314	63f077c9-96a0-49de-b3ea-2aa565ee1098	SOI-AVES-2156704971	Animalia	Chordata	Aves	Piciformes	Picidae	Dendrocoptes	Dendrocoptes medius		SPECIES	Leiopicus medius (Linnaeus, 1758)	Leiopicus medius (Linnaeus, 1758)	(Linnaeus, 1758)	CH		Zh	PRESENT	NA	64ee55c9-570a-42af-b7da-3f13c6b4e5a9	47.59861	8.46913	3535	NA	NA	NA	NA	NA	2021	NA	NA	2021	10362259	8773033	HUMAN_OBSERVATION	SOI		SOI-AVES-2156704971	NA		NA	CC_BY_4_0	Schweizerische Vogelwarte		NA	NA	2026-07-18 15:05:04.551		TAXON_ID_NOT_FOUND	Swiss National Breeding Bird Databank	10.15468/jujcgr
697	2.20133647091125e-314	63f077c9-96a0-49de-b3ea-2aa565ee1098	SOI-AVES-2137755929	Animalia	Chordata	Aves	Piciformes	Picidae	Dendrocoptes	Dendrocoptes medius		SPECIES	Leiopicus medius (Linnaeus, 1758)	Leiopicus medius (Linnaeus, 1758)	(Linnaeus, 1758)	CH		Ju	PRESENT	NA	64ee55c9-570a-42af-b7da-3f13c6b4e5a9	47.42223	6.94165	3535	NA	NA	NA	NA	NA	2017	NA	NA	2017	10362259	8773033	HUMAN_OBSERVATION	SOI		SOI-AVES-2137755929	NA		NA	CC_BY_4_0	Schweizerische Vogelwarte		NA	NA	2026-07-18 15:05:02.416		TAXON_ID_NOT_FOUND	Swiss National Breeding Bird Databank	10.15468/jujcgr
698	2.20133639136668e-314	63f077c9-96a0-49de-b3ea-2aa565ee1098	SOI-AVES-2119469480	Animalia	Chordata	Aves	Piciformes	Picidae	Dendrocoptes	Dendrocoptes medius		SPECIES	Leiopicus medius (Linnaeus, 1758)	Leiopicus medius (Linnaeus, 1758)	(Linnaeus, 1758)	CH		Vd	PRESENT	NA	64ee55c9-570a-42af-b7da-3f13c6b4e5a9	46.83615	6.68491	3535	NA	NA	NA	NA	NA	2023	NA	NA	2023	10362259	8773033	HUMAN_OBSERVATION	SOI		SOI-AVES-2119469480	NA		NA	CC_BY_4_0	Schweizerische Vogelwarte		NA	NA	2026-07-18 15:05:02.439		TAXON_ID_NOT_FOUND	Swiss National Breeding Bird Databank	10.15468/jujcgr
699	2.20133638889635e-314	63f077c9-96a0-49de-b3ea-2aa565ee1098	SOI-AVES-2118990471	Animalia	Chordata	Aves	Piciformes	Picidae	Dendrocoptes	Dendrocoptes medius		SPECIES	Leiopicus medius (Linnaeus, 1758)	Leiopicus medius (Linnaeus, 1758)	(Linnaeus, 1758)	CH		Ag	PRESENT	NA	64ee55c9-570a-42af-b7da-3f13c6b4e5a9	47.37625	8.13379	3535	NA	NA	NA	NA	NA	2020	NA	NA	2020	10362259	8773033	HUMAN_OBSERVATION	SOI		SOI-AVES-2118990471	NA		NA	CC_BY_4_0	Schweizerische Vogelwarte		NA	NA	2026-07-18 15:05:04.547		TAXON_ID_NOT_FOUND	Swiss National Breeding Bird Databank	10.15468/jujcgr
700	2.20133570313324e-314	63f077c9-96a0-49de-b3ea-2aa565ee1098	SOI-AVES-363835421	Animalia	Chordata	Aves	Piciformes	Picidae	Dendrocoptes	Dendrocoptes medius		SPECIES	Leiopicus medius (Linnaeus, 1758)	Leiopicus medius (Linnaeus, 1758)	(Linnaeus, 1758)	CH		Ag	PRESENT	NA	64ee55c9-570a-42af-b7da-3f13c6b4e5a9	47.51218	7.93643	3535	NA	NA	NA	NA	NA	2023	NA	NA	2023	10362259	8773033	HUMAN_OBSERVATION	SOI		SOI-AVES-363835421	NA		NA	CC_BY_4_0	Schweizerische Vogelwarte		NA	NA	2026-07-18 15:05:02.408		TAXON_ID_NOT_FOUND	Swiss National Breeding Bird Databank	10.15468/jujcgr
701	2.20133529108249e-314	63f077c9-96a0-49de-b3ea-2aa565ee1098	SOI-AVES-377752059	Animalia	Chordata	Aves	Piciformes	Picidae	Dendrocoptes	Dendrocoptes medius		SPECIES	Leiopicus medius (Linnaeus, 1758)	Leiopicus medius (Linnaeus, 1758)	(Linnaeus, 1758)	CH		Lu	PRESENT	NA	64ee55c9-570a-42af-b7da-3f13c6b4e5a9	47.19674	8.06547	3535	NA	NA	NA	NA	NA	2023	NA	NA	2023	10362259	8773033	HUMAN_OBSERVATION	SOI		SOI-AVES-377752059	NA		NA	CC_BY_4_0	Schweizerische Vogelwarte		NA	NA	2026-07-18 15:05:04.376		TAXON_ID_NOT_FOUND	Swiss National Breeding Bird Databank	10.15468/jujcgr
702	2.20133519819815e-314	63f077c9-96a0-49de-b3ea-2aa565ee1098	SOI-AVES-352929102	Animalia	Chordata	Aves	Piciformes	Picidae	Dendrocoptes	Dendrocoptes medius		SPECIES	Leiopicus medius (Linnaeus, 1758)	Leiopicus medius (Linnaeus, 1758)	(Linnaeus, 1758)	CH		Fr	PRESENT	NA	64ee55c9-570a-42af-b7da-3f13c6b4e5a9	46.56742	6.88431	3535	NA	NA	NA	NA	NA	2023	NA	NA	2023	10362259	8773033	HUMAN_OBSERVATION	SOI		SOI-AVES-352929102	NA		NA	CC_BY_4_0	Schweizerische Vogelwarte		NA	NA	2026-07-18 15:05:04.834		TAXON_ID_NOT_FOUND	Swiss National Breeding Bird Databank	10.15468/jujcgr
703	2.20133498723212e-314	63f077c9-96a0-49de-b3ea-2aa565ee1098	SOI-AVES-295240744	Animalia	Chordata	Aves	Piciformes	Picidae	Dendrocoptes	Dendrocoptes medius		SPECIES	Leiopicus medius (Linnaeus, 1758)	Leiopicus medius (Linnaeus, 1758)	(Linnaeus, 1758)	CH		Vd	PRESENT	NA	64ee55c9-570a-42af-b7da-3f13c6b4e5a9	46.83468	6.4883	3535	NA	NA	NA	NA	NA	2023	NA	NA	2023	10362259	8773033	HUMAN_OBSERVATION	SOI		SOI-AVES-295240744	NA		NA	CC_BY_4_0	Schweizerische Vogelwarte		NA	NA	2026-07-18 15:05:04.82		TAXON_ID_NOT_FOUND	Swiss National Breeding Bird Databank	10.15468/jujcgr
704	2.20133486717416e-314	63f077c9-96a0-49de-b3ea-2aa565ee1098	SOI-AVES-265876078	Animalia	Chordata	Aves	Piciformes	Picidae	Dendrocoptes	Dendrocoptes medius		SPECIES	Leiopicus medius (Linnaeus, 1758)	Leiopicus medius (Linnaeus, 1758)	(Linnaeus, 1758)	CH		So	PRESENT	NA	64ee55c9-570a-42af-b7da-3f13c6b4e5a9	47.37753	7.86897	3535	NA	NA	NA	NA	NA	2023	NA	NA	2023	10362259	8773033	HUMAN_OBSERVATION	SOI		SOI-AVES-265876078	NA		NA	CC_BY_4_0	Schweizerische Vogelwarte		NA	NA	2026-07-18 15:05:02.379		TAXON_ID_NOT_FOUND	Swiss National Breeding Bird Databank	10.15468/jujcgr
705	2.20133484049462e-314	63f077c9-96a0-49de-b3ea-2aa565ee1098	SOI-AVES-259203431	Animalia	Chordata	Aves	Piciformes	Picidae	Dendrocoptes	Dendrocoptes medius		SPECIES	Leiopicus medius (Linnaeus, 1758)	Leiopicus medius (Linnaeus, 1758)	(Linnaeus, 1758)	CH		Be	PRESENT	NA	64ee55c9-570a-42af-b7da-3f13c6b4e5a9	47.10849	7.47157	3535	NA	NA	NA	NA	NA	2023	NA	NA	2023	10362259	8773033	HUMAN_OBSERVATION	SOI		SOI-AVES-259203431	NA		NA	CC_BY_4_0	Schweizerische Vogelwarte		NA	NA	2026-07-18 15:05:02.363		TAXON_ID_NOT_FOUND	Swiss National Breeding Bird Databank	10.15468/jujcgr
706	2.20133437854324e-314	63f077c9-96a0-49de-b3ea-2aa565ee1098	SOI-AVES-2093213853	Animalia	Chordata	Aves	Piciformes	Picidae	Dendrocoptes	Dendrocoptes medius		SPECIES	Leiopicus medius (Linnaeus, 1758)	Leiopicus medius (Linnaeus, 1758)	(Linnaeus, 1758)	CH		Vd	PRESENT	NA	64ee55c9-570a-42af-b7da-3f13c6b4e5a9	46.56585	6.62347	3535	NA	NA	NA	NA	NA	2023	NA	NA	2023	10362259	8773033	HUMAN_OBSERVATION	SOI		SOI-AVES-2093213853	NA		NA	CC_BY_4_0	Schweizerische Vogelwarte		NA	NA	2026-07-18 15:05:04.934		TAXON_ID_NOT_FOUND	Swiss National Breeding Bird Databank	10.15468/jujcgr
707	2.20133419277456e-314	63f077c9-96a0-49de-b3ea-2aa565ee1098	SOI-AVES-343742184	Animalia	Chordata	Aves	Piciformes	Picidae	Dendrocoptes	Dendrocoptes medius		SPECIES	Leiopicus medius (Linnaeus, 1758)	Leiopicus medius (Linnaeus, 1758)	(Linnaeus, 1758)	CH		Vd	PRESENT	NA	64ee55c9-570a-42af-b7da-3f13c6b4e5a9	46.69976	6.49068	3535	NA	NA	NA	NA	NA	2023	NA	NA	2023	10362259	8773033	HUMAN_OBSERVATION	SOI		SOI-AVES-343742184	NA		NA	CC_BY_4_0	Schweizerische Vogelwarte		NA	NA	2026-07-18 15:05:02.328		TAXON_ID_NOT_FOUND	Swiss National Breeding Bird Databank	10.15468/jujcgr
708	2.20133408309198e-314	63f077c9-96a0-49de-b3ea-2aa565ee1098	SOI-AVES-314595687	Animalia	Chordata	Aves	Piciformes	Picidae	Dendrocoptes	Dendrocoptes medius		SPECIES	Leiopicus medius (Linnaeus, 1758)	Leiopicus medius (Linnaeus, 1758)	(Linnaeus, 1758)	CH		So	PRESENT	NA	64ee55c9-570a-42af-b7da-3f13c6b4e5a9	47.28801	7.73606	3535	NA	NA	NA	NA	NA	2022	NA	NA	2022	10362259	8773033	HUMAN_OBSERVATION	SOI		SOI-AVES-314595687	NA		NA	CC_BY_4_0	Schweizerische Vogelwarte		NA	NA	2026-07-18 15:05:04.461		TAXON_ID_NOT_FOUND	Swiss National Breeding Bird Databank	10.15468/jujcgr
709	2.20133395809338e-314	63f077c9-96a0-49de-b3ea-2aa565ee1098	SOI-AVES-284840976	Animalia	Chordata	Aves	Piciformes	Picidae	Dendrocoptes	Dendrocoptes medius		SPECIES	Leiopicus medius (Linnaeus, 1758)	Leiopicus medius (Linnaeus, 1758)	(Linnaeus, 1758)	CH		Vd	PRESENT	NA	64ee55c9-570a-42af-b7da-3f13c6b4e5a9	46.74733	6.88246	3535	NA	NA	NA	NA	NA	2013	NA	NA	2013	10362259	8773033	HUMAN_OBSERVATION	SOI		SOI-AVES-284840976	NA		NA	CC_BY_4_0	Schweizerische Vogelwarte		NA	NA	2026-07-18 15:05:04.35		TAXON_ID_NOT_FOUND	Swiss National Breeding Bird Databank	10.15468/jujcgr
710	2.20133394228327e-314	63f077c9-96a0-49de-b3ea-2aa565ee1098	SOI-AVES-280951302	Animalia	Chordata	Aves	Piciformes	Picidae	Dendrocoptes	Dendrocoptes medius		SPECIES	Leiopicus medius (Linnaeus, 1758)	Leiopicus medius (Linnaeus, 1758)	(Linnaeus, 1758)	CH		Zh	PRESENT	NA	64ee55c9-570a-42af-b7da-3f13c6b4e5a9	47.32616	8.72847	3535	NA	NA	NA	NA	NA	2019	NA	NA	2019	10362259	8773033	HUMAN_OBSERVATION	SOI		SOI-AVES-280951302	NA		NA	CC_BY_4_0	Schweizerische Vogelwarte		NA	NA	2026-07-18 15:05:04.852		TAXON_ID_NOT_FOUND	Swiss National Breeding Bird Databank	10.15468/jujcgr
711	2.20133389435891e-314	63f077c9-96a0-49de-b3ea-2aa565ee1098	SOI-AVES-269712434	Animalia	Chordata	Aves	Piciformes	Picidae	Dendrocoptes	Dendrocoptes medius		SPECIES	Leiopicus medius (Linnaeus, 1758)	Leiopicus medius (Linnaeus, 1758)	(Linnaeus, 1758)	CH		Ag	PRESENT	NA	64ee55c9-570a-42af-b7da-3f13c6b4e5a9	47.24262	7.86788	3535	NA	NA	NA	NA	NA	2016	NA	NA	2016	10362259	8773033	HUMAN_OBSERVATION	SOI		SOI-AVES-269712434	NA		NA	CC_BY_4_0	Schweizerische Vogelwarte		NA	NA	2026-07-18 15:05:04.838		TAXON_ID_NOT_FOUND	Swiss National Breeding Bird Databank	10.15468/jujcgr
712	2.20133377825348e-314	63f077c9-96a0-49de-b3ea-2aa565ee1098	SOI-AVES-246021612	Animalia	Chordata	Aves	Piciformes	Picidae	Dendrocoptes	Dendrocoptes medius		SPECIES	Leiopicus medius (Linnaeus, 1758)	Leiopicus medius (Linnaeus, 1758)	(Linnaeus, 1758)	CH		Vd	PRESENT	NA	64ee55c9-570a-42af-b7da-3f13c6b4e5a9	46.47676	6.75503	3535	NA	NA	NA	NA	NA	2012	NA	NA	2012	10362259	8773033	HUMAN_OBSERVATION	SOI		SOI-AVES-246021612	NA		NA	CC_BY_4_0	Schweizerische Vogelwarte		NA	NA	2026-07-18 15:05:04.833		TAXON_ID_NOT_FOUND	Swiss National Breeding Bird Databank	10.15468/jujcgr
713	2.20133369673265e-314	63f077c9-96a0-49de-b3ea-2aa565ee1098	SOI-AVES-227632134	Animalia	Chordata	Aves	Piciformes	Picidae	Dendrocoptes	Dendrocoptes medius		SPECIES	Leiopicus medius (Linnaeus, 1758)	Leiopicus medius (Linnaeus, 1758)	(Linnaeus, 1758)	CH		Ne	PRESENT	NA	64ee55c9-570a-42af-b7da-3f13c6b4e5a9	46.9261	6.68365	3535	NA	NA	NA	NA	NA	2010	NA	NA	2010	10362259	8773033	HUMAN_OBSERVATION	SOI		SOI-AVES-227632134	NA		NA	CC_BY_4_0	Schweizerische Vogelwarte		NA	NA	2026-07-18 15:05:04.83		TAXON_ID_NOT_FOUND	Swiss National Breeding Bird Databank	10.15468/jujcgr
714	2.20133354999515e-314	63f077c9-96a0-49de-b3ea-2aa565ee1098	SOI-AVES-185083283	Animalia	Chordata	Aves	Piciformes	Picidae	Dendrocoptes	Dendrocoptes medius		SPECIES	Leiopicus medius (Linnaeus, 1758)	Leiopicus medius (Linnaeus, 1758)	(Linnaeus, 1758)	CH		Lu	PRESENT	NA	64ee55c9-570a-42af-b7da-3f13c6b4e5a9	47.24205	7.99996	3535	NA	NA	NA	NA	NA	2022	NA	NA	2022	10362259	8773033	HUMAN_OBSERVATION	SOI		SOI-AVES-185083283	NA		NA	CC_BY_4_0	Schweizerische Vogelwarte		NA	NA	2026-07-18 15:05:04.437		TAXON_ID_NOT_FOUND	Swiss National Breeding Bird Databank	10.15468/jujcgr
715	2.20133344772356e-314	63f077c9-96a0-49de-b3ea-2aa565ee1098	SOI-AVES-158749965	Animalia	Chordata	Aves	Piciformes	Picidae	Dendrocoptes	Dendrocoptes medius		SPECIES	Leiopicus medius (Linnaeus, 1758)	Leiopicus medius (Linnaeus, 1758)	(Linnaeus, 1758)	CH		Be	PRESENT	NA	64ee55c9-570a-42af-b7da-3f13c6b4e5a9	47.24285	7.80185	3535	NA	NA	NA	NA	NA	2022	NA	NA	2022	10362259	8773033	HUMAN_OBSERVATION	SOI		SOI-AVES-158749965	NA		NA	CC_BY_4_0	Schweizerische Vogelwarte		NA	NA	2026-07-18 15:05:02.31		TAXON_ID_NOT_FOUND	Swiss National Breeding Bird Databank	10.15468/jujcgr
716	2.20133340128139e-314	63f077c9-96a0-49de-b3ea-2aa565ee1098	SOI-AVES-143427078	Animalia	Chordata	Aves	Piciformes	Picidae	Dendrocoptes	Dendrocoptes medius		SPECIES	Leiopicus medius (Linnaeus, 1758)	Leiopicus medius (Linnaeus, 1758)	(Linnaeus, 1758)	CH		Bl	PRESENT	NA	64ee55c9-570a-42af-b7da-3f13c6b4e5a9	47.51313	7.60456	3535	NA	NA	NA	NA	NA	2023	NA	NA	2023	10362259	8773033	HUMAN_OBSERVATION	SOI		SOI-AVES-143427078	NA		NA	CC_BY_4_0	Schweizerische Vogelwarte		NA	NA	2026-07-18 15:05:04.433		TAXON_ID_NOT_FOUND	Swiss National Breeding Bird Databank	10.15468/jujcgr
717	2.20133324515665e-314	63f077c9-96a0-49de-b3ea-2aa565ee1098	SOI-AVES-2039871887	Animalia	Chordata	Aves	Piciformes	Picidae	Dendrocoptes	Dendrocoptes medius		SPECIES	Leiopicus medius (Linnaeus, 1758)	Leiopicus medius (Linnaeus, 1758)	(Linnaeus, 1758)	CH		Vd	PRESENT	NA	64ee55c9-570a-42af-b7da-3f13c6b4e5a9	46.20816	7.01755	3535	NA	NA	NA	NA	NA	2020	NA	NA	2020	10362259	8773033	HUMAN_OBSERVATION	SOI		SOI-AVES-2039871887	NA		NA	CC_BY_4_0	Schweizerische Vogelwarte		NA	NA	2026-07-18 15:05:02.303		TAXON_ID_NOT_FOUND	Swiss National Breeding Bird Databank	10.15468/jujcgr
718	2.20133310088948e-314	63f077c9-96a0-49de-b3ea-2aa565ee1098	SOI-AVES-2008782914	Animalia	Chordata	Aves	Piciformes	Picidae	Dendrocoptes	Dendrocoptes medius		SPECIES	Leiopicus medius (Linnaeus, 1758)	Leiopicus medius (Linnaeus, 1758)	(Linnaeus, 1758)	CH		Be	PRESENT	NA	64ee55c9-570a-42af-b7da-3f13c6b4e5a9	47.1984	7.33965	3535	NA	NA	NA	NA	NA	2020	NA	NA	2020	10362259	8773033	HUMAN_OBSERVATION	SOI		SOI-AVES-2008782914	NA		NA	CC_BY_4_0	Schweizerische Vogelwarte		NA	NA	2026-07-18 15:05:02.316		TAXON_ID_NOT_FOUND	Swiss National Breeding Bird Databank	10.15468/jujcgr
719	2.2013328820184e-314	63f077c9-96a0-49de-b3ea-2aa565ee1098	SOI-AVES-1953419601	Animalia	Chordata	Aves	Piciformes	Picidae	Dendrocoptes	Dendrocoptes medius		SPECIES	Leiopicus medius (Linnaeus, 1758)	Leiopicus medius (Linnaeus, 1758)	(Linnaeus, 1758)	CH		Vd	PRESENT	NA	64ee55c9-570a-42af-b7da-3f13c6b4e5a9	46.74526	6.55532	3535	NA	NA	NA	NA	NA	2023	NA	NA	2023	10362259	8773033	HUMAN_OBSERVATION	SOI		SOI-AVES-1953419601	NA		NA	CC_BY_4_0	Schweizerische Vogelwarte		NA	NA	2026-07-18 15:05:02.309		TAXON_ID_NOT_FOUND	Swiss National Breeding Bird Databank	10.15468/jujcgr
720	2.20133282668305e-314	63f077c9-96a0-49de-b3ea-2aa565ee1098	SOI-AVES-2066295469	Animalia	Chordata	Aves	Piciformes	Picidae	Dendrocoptes	Dendrocoptes medius		SPECIES	Leiopicus medius (Linnaeus, 1758)	Leiopicus medius (Linnaeus, 1758)	(Linnaeus, 1758)	CH		Vd	PRESENT	NA	64ee55c9-570a-42af-b7da-3f13c6b4e5a9	46.74417	6.42447	3535	NA	NA	NA	NA	NA	2021	NA	NA	2021	10362259	8773033	HUMAN_OBSERVATION	SOI		SOI-AVES-2066295469	NA		NA	CC_BY_4_0	Schweizerische Vogelwarte		NA	NA	2026-07-18 15:05:04.417		TAXON_ID_NOT_FOUND	Swiss National Breeding Bird Databank	10.15468/jujcgr
721	2.20133258113242e-314	63f077c9-96a0-49de-b3ea-2aa565ee1098	SOI-AVES-2002324286	Animalia	Chordata	Aves	Piciformes	Picidae	Dendrocoptes	Dendrocoptes medius		SPECIES	Leiopicus medius (Linnaeus, 1758)	Leiopicus medius (Linnaeus, 1758)	(Linnaeus, 1758)	CH		Bl	PRESENT	NA	64ee55c9-570a-42af-b7da-3f13c6b4e5a9	47.5132	7.53819	3535	NA	NA	NA	NA	NA	2023	NA	NA	2023	10362259	8773033	HUMAN_OBSERVATION	SOI		SOI-AVES-2002324286	NA		NA	CC_BY_4_0	Schweizerische Vogelwarte		NA	NA	2026-07-18 15:05:04.4		TAXON_ID_NOT_FOUND	Swiss National Breeding Bird Databank	10.15468/jujcgr
722	2.20133241858482e-314	63f077c9-96a0-49de-b3ea-2aa565ee1098	SOI-AVES-1961180977	Animalia	Chordata	Aves	Piciformes	Picidae	Dendrocoptes	Dendrocoptes medius		SPECIES	Leiopicus medius (Linnaeus, 1758)	Leiopicus medius (Linnaeus, 1758)	(Linnaeus, 1758)	CH		Ar	PRESENT	NA	64ee55c9-570a-42af-b7da-3f13c6b4e5a9	47.44821	9.59346	3535	NA	NA	NA	NA	NA	2009	NA	NA	2009	10362259	8773033	HUMAN_OBSERVATION	SOI		SOI-AVES-1961180977	NA		NA	CC_BY_4_0	Schweizerische Vogelwarte		NA	NA	2026-07-18 15:05:02.235		TAXON_ID_NOT_FOUND	Swiss National Breeding Bird Databank	10.15468/jujcgr
723	2.20133229160995e-314	63f077c9-96a0-49de-b3ea-2aa565ee1098	SOI-AVES-237030718	Animalia	Chordata	Aves	Piciformes	Picidae	Dendrocoptes	Dendrocoptes medius		SPECIES	Leiopicus medius (Linnaeus, 1758)	Leiopicus medius (Linnaeus, 1758)	(Linnaeus, 1758)	CH		Fr	PRESENT	NA	64ee55c9-570a-42af-b7da-3f13c6b4e5a9	46.79328	7.14394	3535	NA	NA	NA	NA	NA	2023	NA	NA	2023	10362259	8773033	HUMAN_OBSERVATION	SOI		SOI-AVES-237030718	NA		NA	CC_BY_4_0	Schweizerische Vogelwarte		NA	NA	2026-07-18 15:05:02.29		TAXON_ID_NOT_FOUND	Swiss National Breeding Bird Databank	10.15468/jujcgr
724	2.20133206384569e-314	63f077c9-96a0-49de-b3ea-2aa565ee1098	SOI-AVES-176659409	Animalia	Chordata	Aves	Piciformes	Picidae	Dendrocoptes	Dendrocoptes medius		SPECIES	Leiopicus medius (Linnaeus, 1758)	Leiopicus medius (Linnaeus, 1758)	(Linnaeus, 1758)	CH		Zh	PRESENT	NA	64ee55c9-570a-42af-b7da-3f13c6b4e5a9	47.46105	8.73174	3535	NA	NA	NA	NA	NA	2023	NA	NA	2023	10362259	8773033	HUMAN_OBSERVATION	SOI		SOI-AVES-176659409	NA		NA	CC_BY_4_0	Schweizerische Vogelwarte		NA	NA	2026-07-18 15:05:04.383		TAXON_ID_NOT_FOUND	Swiss National Breeding Bird Databank	10.15468/jujcgr
725	2.20133177975794e-314	63f077c9-96a0-49de-b3ea-2aa565ee1098	SOI-AVES-239175929	Animalia	Chordata	Aves	Piciformes	Picidae	Dendrocoptes	Dendrocoptes medius		SPECIES	Leiopicus medius (Linnaeus, 1758)	Leiopicus medius (Linnaeus, 1758)	(Linnaeus, 1758)	CH		Ju	PRESENT	NA	64ee55c9-570a-42af-b7da-3f13c6b4e5a9	47.37821	7.27311	3535	NA	NA	NA	NA	NA	2020	NA	NA	2020	10362259	8773033	HUMAN_OBSERVATION	SOI		SOI-AVES-239175929	NA		NA	CC_BY_4_0	Schweizerische Vogelwarte		NA	NA	2026-07-18 15:05:04.687		TAXON_ID_NOT_FOUND	Swiss National Breeding Bird Databank	10.15468/jujcgr
726	2.20133157027411e-314	63f077c9-96a0-49de-b3ea-2aa565ee1098	SOI-AVES-186013561	Animalia	Chordata	Aves	Piciformes	Picidae	Dendrocoptes	Dendrocoptes medius		SPECIES	Leiopicus medius (Linnaeus, 1758)	Leiopicus medius (Linnaeus, 1758)	(Linnaeus, 1758)	CH		Fr	PRESENT	NA	64ee55c9-570a-42af-b7da-3f13c6b4e5a9	46.52245	6.88477	3535	NA	NA	NA	NA	NA	2023	NA	NA	2023	10362259	8773033	HUMAN_OBSERVATION	SOI		SOI-AVES-186013561	NA		NA	CC_BY_4_0	Schweizerische Vogelwarte		NA	NA	2026-07-18 15:05:04.683		TAXON_ID_NOT_FOUND	Swiss National Breeding Bird Databank	10.15468/jujcgr
727	2.20133120170114e-314	63f077c9-96a0-49de-b3ea-2aa565ee1098	SOI-AVES-211275275	Animalia	Chordata	Aves	Piciformes	Picidae	Dendrocoptes	Dendrocoptes medius		SPECIES	Leiopicus medius (Linnaeus, 1758)	Leiopicus medius (Linnaeus, 1758)	(Linnaeus, 1758)	CH		Ju	PRESENT	NA	64ee55c9-570a-42af-b7da-3f13c6b4e5a9	47.37833	7.40552	3535	NA	NA	NA	NA	NA	2022	NA	NA	2022	10362259	8773033	HUMAN_OBSERVATION	SOI		SOI-AVES-211275275	NA		NA	CC_BY_4_0	Schweizerische Vogelwarte		NA	NA	2026-07-18 15:05:04.601		TAXON_ID_NOT_FOUND	Swiss National Breeding Bird Databank	10.15468/jujcgr
728	2.20133083362223e-314	63f077c9-96a0-49de-b3ea-2aa565ee1098	SOI-AVES-2090058952	Animalia	Chordata	Aves	Piciformes	Picidae	Dendrocoptes	Dendrocoptes medius		SPECIES	Leiopicus medius (Linnaeus, 1758)	Leiopicus medius (Linnaeus, 1758)	(Linnaeus, 1758)	CH		Lu	PRESENT	NA	64ee55c9-570a-42af-b7da-3f13c6b4e5a9	47.19708	7.99949	3535	NA	NA	NA	NA	NA	2020	NA	NA	2020	10362259	8773033	HUMAN_OBSERVATION	SOI		SOI-AVES-2090058952	NA		NA	CC_BY_4_0	Schweizerische Vogelwarte		NA	NA	2026-07-18 15:05:02.22		TAXON_ID_NOT_FOUND	Swiss National Breeding Bird Databank	10.15468/jujcgr
729	2.20133055299294e-314	63f077c9-96a0-49de-b3ea-2aa565ee1098	SOI-AVES-2016772652	Animalia	Chordata	Aves	Piciformes	Picidae	Dendrocoptes	Dendrocoptes medius		SPECIES	Leiopicus medius (Linnaeus, 1758)	Leiopicus medius (Linnaeus, 1758)	(Linnaeus, 1758)	CH		Ag	PRESENT	NA	64ee55c9-570a-42af-b7da-3f13c6b4e5a9	47.24092	8.19807	3535	NA	NA	NA	NA	NA	2023	NA	NA	2023	10362259	8773033	HUMAN_OBSERVATION	SOI		SOI-AVES-2016772652	NA		NA	CC_BY_4_0	Schweizerische Vogelwarte		NA	NA	2026-07-18 15:05:04.661		TAXON_ID_NOT_FOUND	Swiss National Breeding Bird Databank	10.15468/jujcgr
730	2.20133050062199e-314	63f077c9-96a0-49de-b3ea-2aa565ee1098	SOI-AVES-2002920245	Animalia	Chordata	Aves	Piciformes	Picidae	Dendrocoptes	Dendrocoptes medius		SPECIES	Leiopicus medius (Linnaeus, 1758)	Leiopicus medius (Linnaeus, 1758)	(Linnaeus, 1758)	CH		Ne	PRESENT	NA	64ee55c9-570a-42af-b7da-3f13c6b4e5a9	46.88154	6.74987	3535	NA	NA	NA	NA	NA	2023	NA	NA	2023	10362259	8773033	HUMAN_OBSERVATION	SOI		SOI-AVES-2002920245	NA		NA	CC_BY_4_0	Schweizerische Vogelwarte		NA	NA	2026-07-18 15:05:04.659		TAXON_ID_NOT_FOUND	Swiss National Breeding Bird Databank	10.15468/jujcgr
731	2.20133015724636e-314	63f077c9-96a0-49de-b3ea-2aa565ee1098	SOI-AVES-2024394000	Animalia	Chordata	Aves	Piciformes	Picidae	Dendrocoptes	Dendrocoptes medius		SPECIES	Leiopicus medius (Linnaeus, 1758)	Leiopicus medius (Linnaeus, 1758)	(Linnaeus, 1758)	CH		Vd	PRESENT	NA	64ee55c9-570a-42af-b7da-3f13c6b4e5a9	46.70029	6.55605	3535	NA	NA	NA	NA	NA	2019	NA	NA	2019	10362259	8773033	HUMAN_OBSERVATION	SOI		SOI-AVES-2024394000	NA		NA	CC_BY_4_0	Schweizerische Vogelwarte		NA	NA	2026-07-18 15:05:02.199		TAXON_ID_NOT_FOUND	Swiss National Breeding Bird Databank	10.15468/jujcgr
732	2.20133003372995e-314	63f077c9-96a0-49de-b3ea-2aa565ee1098	SOI-AVES-1992875616	Animalia	Chordata	Aves	Piciformes	Picidae	Dendrocoptes	Dendrocoptes medius		SPECIES	Leiopicus medius (Linnaeus, 1758)	Leiopicus medius (Linnaeus, 1758)	(Linnaeus, 1758)	CH		Sh	PRESENT	NA	64ee55c9-570a-42af-b7da-3f13c6b4e5a9	47.73224	8.60504	3535	NA	NA	NA	NA	NA	2023	NA	NA	2023	10362259	8773033	HUMAN_OBSERVATION	SOI		SOI-AVES-1992875616	NA		NA	CC_BY_4_0	Schweizerische Vogelwarte		NA	NA	2026-07-18 15:05:02.197		TAXON_ID_NOT_FOUND	Swiss National Breeding Bird Databank	10.15468/jujcgr
733	2.20132994628033e-314	63f077c9-96a0-49de-b3ea-2aa565ee1098	SOI-AVES-1968961642	Animalia	Chordata	Aves	Piciformes	Picidae	Dendrocoptes	Dendrocoptes medius		SPECIES	Leiopicus medius (Linnaeus, 1758)	Leiopicus medius (Linnaeus, 1758)	(Linnaeus, 1758)	CH		Ne	PRESENT	NA	64ee55c9-570a-42af-b7da-3f13c6b4e5a9	46.92516	6.55235	3535	NA	NA	NA	NA	NA	2023	NA	NA	2023	10362259	8773033	HUMAN_OBSERVATION	SOI		SOI-AVES-1968961642	NA		NA	CC_BY_4_0	Schweizerische Vogelwarte		NA	NA	2026-07-18 15:05:04.33		TAXON_ID_NOT_FOUND	Swiss National Breeding Bird Databank	10.15468/jujcgr
734	2.20132971011695e-314	63f077c9-96a0-49de-b3ea-2aa565ee1098	SOI-AVES-86464714	Animalia	Chordata	Aves	Piciformes	Picidae	Dendrocoptes	Dendrocoptes medius		SPECIES	Leiopicus medius (Linnaeus, 1758)	Leiopicus medius (Linnaeus, 1758)	(Linnaeus, 1758)	CH		Ag	PRESENT	NA	64ee55c9-570a-42af-b7da-3f13c6b4e5a9	47.55612	8.13614	3535	NA	NA	NA	NA	NA	2023	NA	NA	2023	10362259	8773033	HUMAN_OBSERVATION	SOI		SOI-AVES-86464714	NA		NA	CC_BY_4_0	Schweizerische Vogelwarte		NA	NA	2026-07-18 15:05:02.187		TAXON_ID_NOT_FOUND	Swiss National Breeding Bird Databank	10.15468/jujcgr
735	2.20132961525635e-314	63f077c9-96a0-49de-b3ea-2aa565ee1098	SOI-AVES-61743717	Animalia	Chordata	Aves	Piciformes	Picidae	Dendrocoptes	Dendrocoptes medius		SPECIES	Leiopicus medius (Linnaeus, 1758)	Leiopicus medius (Linnaeus, 1758)	(Linnaeus, 1758)	CH		Ag	PRESENT	NA	64ee55c9-570a-42af-b7da-3f13c6b4e5a9	47.42194	8.00185	3535	NA	NA	NA	NA	NA	2023	NA	NA	2023	10362259	8773033	HUMAN_OBSERVATION	SOI		SOI-AVES-61743717	NA		NA	CC_BY_4_0	Schweizerische Vogelwarte		NA	NA	2026-07-18 15:05:04.323		TAXON_ID_NOT_FOUND	Swiss National Breeding Bird Databank	10.15468/jujcgr
736	2.20132957029637e-314	63f077c9-96a0-49de-b3ea-2aa565ee1098	SOI-AVES-50795604	Animalia	Chordata	Aves	Piciformes	Picidae	Dendrocoptes	Dendrocoptes medius		SPECIES	Leiopicus medius (Linnaeus, 1758)	Leiopicus medius (Linnaeus, 1758)	(Linnaeus, 1758)	CH		Ag	PRESENT	NA	64ee55c9-570a-42af-b7da-3f13c6b4e5a9	47.42034	8.26689	3535	NA	NA	NA	NA	NA	2018	NA	NA	2018	10362259	8773033	HUMAN_OBSERVATION	SOI		SOI-AVES-50795604	NA		NA	CC_BY_4_0	Schweizerische Vogelwarte		NA	NA	2026-07-18 15:05:04.523		TAXON_ID_NOT_FOUND	Swiss National Breeding Bird Databank	10.15468/jujcgr
737	2.20132952731266e-314	63f077c9-96a0-49de-b3ea-2aa565ee1098	SOI-AVES-36574030	Animalia	Chordata	Aves	Piciformes	Picidae	Dendrocoptes	Dendrocoptes medius		SPECIES	Leiopicus medius (Linnaeus, 1758)	Leiopicus medius (Linnaeus, 1758)	(Linnaeus, 1758)	CH		So	PRESENT	NA	64ee55c9-570a-42af-b7da-3f13c6b4e5a9	47.15335	7.60345	3535	NA	NA	NA	NA	NA	2018	NA	NA	2018	10362259	8773033	HUMAN_OBSERVATION	SOI		SOI-AVES-36574030	NA		NA	CC_BY_4_0	Schweizerische Vogelwarte		NA	NA	2026-07-18 15:05:04.32		TAXON_ID_NOT_FOUND	Swiss National Breeding Bird Databank	10.15468/jujcgr
738	2.20132928027984e-314	63f077c9-96a0-49de-b3ea-2aa565ee1098	SOI-AVES-95255830	Animalia	Chordata	Aves	Piciformes	Picidae	Dendrocoptes	Dendrocoptes medius		SPECIES	Leiopicus medius (Linnaeus, 1758)	Leiopicus medius (Linnaeus, 1758)	(Linnaeus, 1758)	CH		Be	PRESENT	NA	64ee55c9-570a-42af-b7da-3f13c6b4e5a9	47.10826	7.20807	3535	NA	NA	NA	NA	NA	2023	NA	NA	2023	10362259	8773033	HUMAN_OBSERVATION	SOI		SOI-AVES-95255830	NA		NA	CC_BY_4_0	Schweizerische Vogelwarte		NA	NA	2026-07-18 15:05:04.265		TAXON_ID_NOT_FOUND	Swiss National Breeding Bird Databank	10.15468/jujcgr
739	2.20132921308691e-314	63f077c9-96a0-49de-b3ea-2aa565ee1098	SOI-AVES-78864011	Animalia	Chordata	Aves	Piciformes	Picidae	Dendrocoptes	Dendrocoptes medius		SPECIES	Leiopicus medius (Linnaeus, 1758)	Leiopicus medius (Linnaeus, 1758)	(Linnaeus, 1758)	CH		Vd	PRESENT	NA	64ee55c9-570a-42af-b7da-3f13c6b4e5a9	46.60734	6.23123	3535	NA	NA	NA	NA	NA	2015	NA	NA	2015	10362259	8773033	HUMAN_OBSERVATION	SOI		SOI-AVES-78864011	NA		NA	CC_BY_4_0	Schweizerische Vogelwarte		NA	NA	2026-07-18 15:05:02.169		TAXON_ID_NOT_FOUND	Swiss National Breeding Bird Databank	10.15468/jujcgr
740	2.20132858661167e-314	63f077c9-96a0-49de-b3ea-2aa565ee1098	SOI-AVES-49356356	Animalia	Chordata	Aves	Piciformes	Picidae	Dendrocoptes	Dendrocoptes medius		SPECIES	Leiopicus medius (Linnaeus, 1758)	Leiopicus medius (Linnaeus, 1758)	(Linnaeus, 1758)	CH		So	PRESENT	NA	64ee55c9-570a-42af-b7da-3f13c6b4e5a9	47.42319	7.60428	3535	NA	NA	NA	NA	NA	2023	NA	NA	2023	10362259	8773033	HUMAN_OBSERVATION	SOI		SOI-AVES-49356356	NA		NA	CC_BY_4_0	Schweizerische Vogelwarte		NA	NA	2026-07-18 15:05:02.102		TAXON_ID_NOT_FOUND	Swiss National Breeding Bird Databank	10.15468/jujcgr
741	2.20132815875082e-314	63f077c9-96a0-49de-b3ea-2aa565ee1098	SOI-AVES-61997620	Animalia	Chordata	Aves	Piciformes	Picidae	Dendrocoptes	Dendrocoptes medius		SPECIES	Leiopicus medius (Linnaeus, 1758)	Leiopicus medius (Linnaeus, 1758)	(Linnaeus, 1758)	CH		Zh	PRESENT	NA	64ee55c9-570a-42af-b7da-3f13c6b4e5a9	47.32821	8.53006	3535	NA	NA	NA	NA	NA	2023	NA	NA	2023	10362259	8773033	HUMAN_OBSERVATION	SOI		SOI-AVES-61997620	NA		NA	CC_BY_4_0	Schweizerische Vogelwarte		NA	NA	2026-07-18 15:05:02.022		TAXON_ID_NOT_FOUND	Swiss National Breeding Bird Databank	10.15468/jujcgr
742	2.20132777733215e-314	63f077c9-96a0-49de-b3ea-2aa565ee1098	SOI-AVES-1936211373	Animalia	Chordata	Aves	Piciformes	Picidae	Dendrocoptes	Dendrocoptes medius		SPECIES	Leiopicus medius (Linnaeus, 1758)	Leiopicus medius (Linnaeus, 1758)	(Linnaeus, 1758)	CH		Fr	PRESENT	NA	64ee55c9-570a-42af-b7da-3f13c6b4e5a9	46.973	7.07724	3535	NA	NA	NA	NA	NA	2023	NA	NA	2023	10362259	8773033	HUMAN_OBSERVATION	SOI		SOI-AVES-1936211373	NA		NA	CC_BY_4_0	Schweizerische Vogelwarte		NA	NA	2026-07-18 15:05:02.026		TAXON_ID_NOT_FOUND	Swiss National Breeding Bird Databank	10.15468/jujcgr
743	2.20132733810779e-314	63f077c9-96a0-49de-b3ea-2aa565ee1098	SOI-AVES-1926439021	Animalia	Chordata	Aves	Piciformes	Picidae	Dendrocoptes	Dendrocoptes medius		SPECIES	Leiopicus medius (Linnaeus, 1758)	Leiopicus medius (Linnaeus, 1758)	(Linnaeus, 1758)	CH		Ne	PRESENT	NA	64ee55c9-570a-42af-b7da-3f13c6b4e5a9	47.01775	7.01117	3535	NA	NA	NA	NA	NA	2023	NA	NA	2023	10362259	8773033	HUMAN_OBSERVATION	SOI		SOI-AVES-1926439021	NA		NA	CC_BY_4_0	Schweizerische Vogelwarte		NA	NA	2026-07-18 15:05:04.271		TAXON_ID_NOT_FOUND	Swiss National Breeding Bird Databank	10.15468/jujcgr
744	2.20132715085691e-314	63f077c9-96a0-49de-b3ea-2aa565ee1098	SOI-AVES-1875987639	Animalia	Chordata	Aves	Piciformes	Picidae	Dendrocoptes	Dendrocoptes medius		SPECIES	Leiopicus medius (Linnaeus, 1758)	Leiopicus medius (Linnaeus, 1758)	(Linnaeus, 1758)	CH		Ag	PRESENT	NA	64ee55c9-570a-42af-b7da-3f13c6b4e5a9	47.50978	8.33465	3535	NA	NA	NA	NA	NA	2023	NA	NA	2023	10362259	8773033	HUMAN_OBSERVATION	SOI		SOI-AVES-1875987639	NA		NA	CC_BY_4_0	Schweizerische Vogelwarte		NA	NA	2026-07-18 15:05:01.945		TAXON_ID_NOT_FOUND	Swiss National Breeding Bird Databank	10.15468/jujcgr
745	2.2013269912737e-314	63f077c9-96a0-49de-b3ea-2aa565ee1098	SOI-AVES-1838556278	Animalia	Chordata	Aves	Piciformes	Picidae	Dendrocoptes	Dendrocoptes medius		SPECIES	Leiopicus medius (Linnaeus, 1758)	Leiopicus medius (Linnaeus, 1758)	(Linnaeus, 1758)	CH		Vd	PRESENT	NA	64ee55c9-570a-42af-b7da-3f13c6b4e5a9	46.56165	6.16703	3535	NA	NA	NA	NA	NA	2013	NA	NA	2013	10362259	8773033	HUMAN_OBSERVATION	SOI		SOI-AVES-1838556278	NA		NA	CC_BY_4_0	Schweizerische Vogelwarte		NA	NA	2026-07-18 15:05:04.262		TAXON_ID_NOT_FOUND	Swiss National Breeding Bird Databank	10.15468/jujcgr
746	2.20132663109985e-314	63f077c9-96a0-49de-b3ea-2aa565ee1098	SOI-AVES-1886260346	Animalia	Chordata	Aves	Piciformes	Picidae	Dendrocoptes	Dendrocoptes medius		SPECIES	Leiopicus medius (Linnaeus, 1758)	Leiopicus medius (Linnaeus, 1758)	(Linnaeus, 1758)	CH		Bl	PRESENT	NA	64ee55c9-570a-42af-b7da-3f13c6b4e5a9	47.51244	7.87006	3535	NA	NA	NA	NA	NA	2022	NA	NA	2022	10362259	8773033	HUMAN_OBSERVATION	SOI		SOI-AVES-1886260346	NA		NA	CC_BY_4_0	Schweizerische Vogelwarte		NA	NA	2026-07-18 15:05:01.874		TAXON_ID_NOT_FOUND	Swiss National Breeding Bird Databank	10.15468/jujcgr
747	2.20132653673331e-314	63f077c9-96a0-49de-b3ea-2aa565ee1098	SOI-AVES-1861612546	Animalia	Chordata	Aves	Piciformes	Picidae	Dendrocoptes	Dendrocoptes medius		SPECIES	Leiopicus medius (Linnaeus, 1758)	Leiopicus medius (Linnaeus, 1758)	(Linnaeus, 1758)	CH		Fr	PRESENT	NA	64ee55c9-570a-42af-b7da-3f13c6b4e5a9	46.88305	7.07785	3535	NA	NA	NA	NA	NA	2016	NA	NA	2016	10362259	8773033	HUMAN_OBSERVATION	SOI		SOI-AVES-1861612546	NA		NA	CC_BY_4_0	Schweizerische Vogelwarte		NA	NA	2026-07-18 15:05:01.835		TAXON_ID_NOT_FOUND	Swiss National Breeding Bird Databank	10.15468/jujcgr
748	2.20132611331905e-314	63f077c9-96a0-49de-b3ea-2aa565ee1098	SOI-AVES-1858777154	Animalia	Chordata	Aves	Piciformes	Picidae	Dendrocoptes	Dendrocoptes medius		SPECIES	Leiopicus medius (Linnaeus, 1758)	Leiopicus medius (Linnaeus, 1758)	(Linnaeus, 1758)	CH		Ge	PRESENT	NA	64ee55c9-570a-42af-b7da-3f13c6b4e5a9	46.20035	6.04591	3535	NA	NA	NA	NA	NA	2023	NA	NA	2023	10362259	8773033	HUMAN_OBSERVATION	SOI		SOI-AVES-1858777154	NA		NA	CC_BY_4_0	Schweizerische Vogelwarte		NA	NA	2026-07-18 15:05:01.455		TAXON_ID_NOT_FOUND	Swiss National Breeding Bird Databank	10.15468/jujcgr
749	2.20132609800302e-314	63f077c9-96a0-49de-b3ea-2aa565ee1098	SOI-AVES-1854067383	Animalia	Chordata	Aves	Piciformes	Picidae	Dendrocoptes	Dendrocoptes medius		SPECIES	Leiopicus medius (Linnaeus, 1758)	Leiopicus medius (Linnaeus, 1758)	(Linnaeus, 1758)	CH		Ag	PRESENT	NA	64ee55c9-570a-42af-b7da-3f13c6b4e5a9	47.46482	8.3339	3535	NA	NA	NA	NA	NA	2023	NA	NA	2023	10362259	8773033	HUMAN_OBSERVATION	SOI		SOI-AVES-1854067383	NA		NA	CC_BY_4_0	Schweizerische Vogelwarte		NA	NA	2026-07-18 15:05:04.205		TAXON_ID_NOT_FOUND	Swiss National Breeding Bird Databank	10.15468/jujcgr
750	2.20132602438723e-314	63f077c9-96a0-49de-b3ea-2aa565ee1098	SOI-AVES-1836412204	Animalia	Chordata	Aves	Piciformes	Picidae	Dendrocoptes	Dendrocoptes medius		SPECIES	Leiopicus medius (Linnaeus, 1758)	Leiopicus medius (Linnaeus, 1758)	(Linnaeus, 1758)	CH		Ne	PRESENT	NA	64ee55c9-570a-42af-b7da-3f13c6b4e5a9	47.06246	6.945	3535	NA	NA	NA	NA	NA	2015	NA	NA	2015	10362259	8773033	HUMAN_OBSERVATION	SOI		SOI-AVES-1836412204	NA		NA	CC_BY_4_0	Schweizerische Vogelwarte		NA	NA	2026-07-18 15:05:01.253		TAXON_ID_NOT_FOUND	Swiss National Breeding Bird Databank	10.15468/jujcgr
751	2.18009169359412e-314	b1047888-ae52-4179-9dd5-5448ea342a24	https://data.biodiversitydata.nl/xeno-canto/observation/XC825010	Animalia	Chordata	Aves	Piciformes	Picidae	Dendrocoptes	Dendrocoptes medius	medius	SUBSPECIES	Dendrocoptes medius medius (Linnaeus, 1758)	Dendrocoptes medius medius		CH	Rodersdorf, Dorneck District, Solothurn		PRESENT	NA	1f00d75c-f6fc-4224-a595-975e82d7689c	47.4887	7.4559	NA	NA	NA	NA	NA	NA	2023-08-25	25	8	2023	9038122	8773033	HUMAN_OBSERVATION		Wildlife sounds - Birds	XC825010	NA		NA	CC_BY_NC_4_0	Nicolas Martinez	Nicolas Martinez	NA	NA	2026-09-09 21:22:37.332	StillImage;Sound	CONTINENT_DERIVED_FROM_COORDINATES	Xeno-canto - Bird sounds from around the world	10.15468/qv0ksn
752	2.17789253527089e-314	8a863029-f435-446a-821e-275f4f641165	https://observation.org/observation/243296541	Animalia	Chordata	Aves	Piciformes	Picidae	Dendrocoptes	Dendrocoptes medius		SPECIES	Dendrocoptes medius (Linnaeus, 1758)	Dendrocoptes medius		CH	Tiersteinberg-Homberg-Horn (AG)	Aargau (AG)	PRESENT	1	c8d737e0-2ff8-42e8-b8fc-6b805d26fc5f	47.476489	7.944857	NA	NA	NA	NA	NA	NA	2022-05-28	28	5	2022	8773033	8773033	HUMAN_OBSERVATION				NA		NA	CC_BY_NC_4_0	Stichting Observation International	User 735757	NA	NA	2026-09-01 17:35:57.499	StillImage		Observation.org, Nature data from around the World	10.15468/5nilie
753	2.17325038882911e-314	4fa7b334-ce0d-4e88-aaae-2e0c138d049e	URN:catalog:CLO:EBIRD:OBS1603200005	Animalia	Chordata	Aves	Piciformes	Picidae	Dendrocoptes	Dendrocoptes medius		SPECIES	Dendrocoptes medius (Linnaeus, 1758)	Dendrocoptes medius		CH	Schaffhausen / Wegenbach	Schaffhausen	PRESENT	2	e2e717bf-551a-4917-bdc9-4fa0f342c530	47.731407	8.685007	NA	NA	NA	NA	NA	NA	2007-04-01	1	4	2007	8773033	8773033	HUMAN_OBSERVATION	CLO	EBIRD	OBS1603200005	NA		NA	CC_BY_4_0		obsr237944	NA	NA	2026-09-02 06:26:44.462		CONTINENT_DERIVED_FROM_COORDINATES;TAXON_CONCEPT_ID_NOT_FOUND	EOD – eBird Observation Dataset	10.15468/aomfnb
754	2.17132095329359e-314	4fa7b334-ce0d-4e88-aaae-2e0c138d049e	URN:catalog:CLO:EBIRD:OBS1504444081	Animalia	Chordata	Aves	Piciformes	Picidae	Dendrocoptes	Dendrocoptes medius		SPECIES	Dendrocoptes medius (Linnaeus, 1758)	Dendrocoptes medius		CH	Kraftwerk Rupperswil-Auenstein	Aargau	PRESENT	1	e2e717bf-551a-4917-bdc9-4fa0f342c530	47.411404	8.114573	NA	NA	NA	NA	NA	NA	2020-03-11	11	3	2020	8773033	8773033	HUMAN_OBSERVATION	CLO	EBIRD	OBS1504444081	NA		NA	CC_BY_4_0		obsr1540565	NA	NA	2026-09-02 06:31:25.801		CONTINENT_DERIVED_FROM_COORDINATES;TAXON_CONCEPT_ID_NOT_FOUND	EOD – eBird Observation Dataset	10.15468/aomfnb
755	2.17088784250274e-314	4fa7b334-ce0d-4e88-aaae-2e0c138d049e	URN:catalog:CLO:EBIRD:OBS1569600230	Animalia	Chordata	Aves	Piciformes	Picidae	Dendrocoptes	Dendrocoptes medius		SPECIES	Dendrocoptes medius (Linnaeus, 1758)	Dendrocoptes medius		CH	Wälder Gampelein	Bern	PRESENT	1	e2e717bf-551a-4917-bdc9-4fa0f342c530	46.998413	7.047753	NA	NA	NA	NA	NA	NA	2022-11-26	26	11	2022	8773033	8773033	HUMAN_OBSERVATION	CLO	EBIRD	OBS1569600230	NA		NA	CC_BY_4_0		obsr1962750	NA	NA	2026-09-02 06:25:47.139		CONTINENT_DERIVED_FROM_COORDINATES;TAXON_CONCEPT_ID_NOT_FOUND	EOD – eBird Observation Dataset	10.15468/aomfnb
756	2.17020959857137e-314	4fa7b334-ce0d-4e88-aaae-2e0c138d049e	URN:catalog:CLO:EBIRD:OBS1591733143	Animalia	Chordata	Aves	Piciformes	Picidae	Dendrocoptes	Dendrocoptes medius		SPECIES	Dendrocoptes medius (Linnaeus, 1758)	Dendrocoptes medius		CH	Schlatt, Zürich, CH (47.692, 8.69)schaarenwald	Thurgau	PRESENT	1	e2e717bf-551a-4917-bdc9-4fa0f342c530	47.692287	8.690462	NA	NA	NA	NA	NA	NA	2022-12-29	29	12	2022	8773033	8773033	HUMAN_OBSERVATION	CLO	EBIRD	OBS1591733143	NA		NA	CC_BY_4_0		obsr2004992	NA	NA	2026-09-02 06:27:03.204		CONTINENT_DERIVED_FROM_COORDINATES;TAXON_CONCEPT_ID_NOT_FOUND	EOD – eBird Observation Dataset	10.15468/aomfnb
757	2.16893355892369e-314	4fa7b334-ce0d-4e88-aaae-2e0c138d049e	URN:catalog:CLO:EBIRD:OBS1546280579	Animalia	Chordata	Aves	Piciformes	Picidae	Dendrocoptes	Dendrocoptes medius		SPECIES	Dendrocoptes medius (Linnaeus, 1758)	Dendrocoptes medius		CH	Hofstettenstrasse 30–32, Ettingen CH-Basel-Landschaft 47.47534, 7.53581	Basel-Landschaft	PRESENT	1	e2e717bf-551a-4917-bdc9-4fa0f342c530	47.475346	7.535808	NA	NA	NA	NA	NA	NA	2022-10-23	23	10	2022	8773033	8773033	HUMAN_OBSERVATION	CLO	EBIRD	OBS1546280579	NA		NA	CC_BY_4_0		obsr2893259	NA	NA	2026-09-02 06:28:57.715		CONTINENT_DERIVED_FROM_COORDINATES;TAXON_CONCEPT_ID_NOT_FOUND	EOD – eBird Observation Dataset	10.15468/aomfnb
758	2.16754760844431e-314	4fa7b334-ce0d-4e88-aaae-2e0c138d049e	URN:catalog:CLO:EBIRD:OBS1560813451	Animalia	Chordata	Aves	Piciformes	Picidae	Dendrocoptes	Dendrocoptes medius		SPECIES	Dendrocoptes medius (Linnaeus, 1758)	Dendrocoptes medius		CH	Crassier fields	Vaud	PRESENT	1	e2e717bf-551a-4917-bdc9-4fa0f342c530	46.365376	6.170001	NA	NA	NA	NA	NA	NA	2022-11-13	13	11	2022	8773033	8773033	HUMAN_OBSERVATION	CLO	EBIRD	OBS1560813451	NA		NA	CC_BY_4_0		obsr211904	NA	NA	2026-09-02 06:30:47.628		CONTINENT_DERIVED_FROM_COORDINATES;TAXON_CONCEPT_ID_NOT_FOUND	EOD – eBird Observation Dataset	10.15468/aomfnb
759	2.16691699194714e-314	4fa7b334-ce0d-4e88-aaae-2e0c138d049e	URN:catalog:CLO:EBIRD:OBS1598031354	Animalia	Chordata	Aves	Piciformes	Picidae	Dendrocoptes	Dendrocoptes medius		SPECIES	Dendrocoptes medius (Linnaeus, 1758)	Dendrocoptes medius		CH	Petriwiese	Thurgau	PRESENT	1	e2e717bf-551a-4917-bdc9-4fa0f342c530	47.68659	8.678888	NA	NA	NA	NA	NA	NA	2010-01-25	25	1	2010	8773033	8773033	HUMAN_OBSERVATION	CLO	EBIRD	OBS1598031354	NA		NA	CC_BY_4_0		obsr237944	NA	NA	2026-09-02 06:31:41.209		CONTINENT_DERIVED_FROM_COORDINATES;TAXON_CONCEPT_ID_NOT_FOUND	EOD – eBird Observation Dataset	10.15468/aomfnb
760	2.16555002099954e-314	4fa7b334-ce0d-4e88-aaae-2e0c138d049e	URN:catalog:CLO:EBIRD:OBS1598551648	Animalia	Chordata	Aves	Piciformes	Picidae	Dendrocoptes	Dendrocoptes medius		SPECIES	Dendrocoptes medius (Linnaeus, 1758)	Dendrocoptes medius		CH	Teppes du Biolay	Genève	PRESENT	1	e2e717bf-551a-4917-bdc9-4fa0f342c530	46.188057	6.025133	NA	NA	NA	NA	NA	NA	2022-10-02	2	10	2022	8773033	8773033	HUMAN_OBSERVATION	CLO	EBIRD	OBS1598551648	NA		NA	CC_BY_4_0		obsr1683210	NA	NA	2026-09-02 06:28:26.026		COORDINATE_ROUNDED;CONTINENT_DERIVED_FROM_COORDINATES;TAXON_CONCEPT_ID_NOT_FOUND	EOD – eBird Observation Dataset	10.15468/aomfnb
761	2.16502448732458e-314	4fa7b334-ce0d-4e88-aaae-2e0c138d049e	URN:catalog:CLO:EBIRD:OBS1550292905	Animalia	Chordata	Aves	Piciformes	Picidae	Dendrocoptes	Dendrocoptes medius		SPECIES	Dendrocoptes medius (Linnaeus, 1758)	Dendrocoptes medius		CH	Wilchingen, Altföhren	Schaffhausen	PRESENT	1	e2e717bf-551a-4917-bdc9-4fa0f342c530	47.65297	8.472361	NA	NA	NA	NA	NA	NA	2022-10-29	29	10	2022	8773033	8773033	HUMAN_OBSERVATION	CLO	EBIRD	OBS1550292905	NA		NA	CC_BY_4_0		obsr457108	NA	NA	2026-09-02 06:28:25.509		CONTINENT_DERIVED_FROM_COORDINATES;TAXON_CONCEPT_ID_NOT_FOUND	EOD – eBird Observation Dataset	10.15468/aomfnb
762	2.16458675751401e-314	4fa7b334-ce0d-4e88-aaae-2e0c138d049e	URN:catalog:CLO:EBIRD:OBS1392545817	Animalia	Chordata	Aves	Piciformes	Picidae	Dendrocoptes	Dendrocoptes medius		SPECIES	Dendrocoptes medius (Linnaeus, 1758)	Dendrocoptes medius		CH	Bois de Chancy	Genève	PRESENT	1	e2e717bf-551a-4917-bdc9-4fa0f342c530	46.134335	5.964579	NA	NA	NA	NA	NA	NA	2022-04-15	15	4	2022	8773033	8773033	HUMAN_OBSERVATION	CLO	EBIRD	OBS1392545817	NA		NA	CC_BY_4_0		obsr1571825	NA	NA	2026-09-02 06:29:15.544		COORDINATE_ROUNDED;CONTINENT_DERIVED_FROM_COORDINATES;TAXON_CONCEPT_ID_NOT_FOUND	EOD – eBird Observation Dataset	10.15468/aomfnb
763	2.16333587717121e-314	4fa7b334-ce0d-4e88-aaae-2e0c138d049e	URN:catalog:CLO:EBIRD:OBS1541482059	Animalia	Chordata	Aves	Piciformes	Picidae	Dendrocoptes	Dendrocoptes medius		SPECIES	Dendrocoptes medius (Linnaeus, 1758)	Dendrocoptes medius		CH	Buchberghaus	Schaffhausen	PRESENT	1	e2e717bf-551a-4917-bdc9-4fa0f342c530	47.747112	8.601935	NA	NA	NA	NA	NA	NA	2022-10-16	16	10	2022	8773033	8773033	HUMAN_OBSERVATION	CLO	EBIRD	OBS1541482059	NA		NA	CC_BY_4_0		obsr1473331	NA	NA	2026-09-02 06:28:00.525		CONTINENT_DERIVED_FROM_COORDINATES;TAXON_CONCEPT_ID_NOT_FOUND	EOD – eBird Observation Dataset	10.15468/aomfnb
764	2.16279633278267e-314	4fa7b334-ce0d-4e88-aaae-2e0c138d049e	URN:catalog:CLO:EBIRD:OBS1494853150	Animalia	Chordata	Aves	Piciformes	Picidae	Dendrocoptes	Dendrocoptes medius		SPECIES	Dendrocoptes medius (Linnaeus, 1758)	Dendrocoptes medius		CH	Parc de la Grange	Genève	PRESENT	1	e2e717bf-551a-4917-bdc9-4fa0f342c530	46.20647	6.163559	NA	NA	NA	NA	NA	NA	2020-11-30	30	11	2020	8773033	8773033	HUMAN_OBSERVATION	CLO	EBIRD	OBS1494853150	NA		NA	CC_BY_4_0		obsr1683210	NA	NA	2026-09-02 06:29:02.176		COORDINATE_ROUNDED;CONTINENT_DERIVED_FROM_COORDINATES;TAXON_CONCEPT_ID_NOT_FOUND	EOD – eBird Observation Dataset	10.15468/aomfnb
765	2.1622245511048e-314	4fa7b334-ce0d-4e88-aaae-2e0c138d049e	URN:catalog:CLO:EBIRD:OBS1489849880	Animalia	Chordata	Aves	Piciformes	Picidae	Dendrocoptes	Dendrocoptes medius		SPECIES	Dendrocoptes medius (Linnaeus, 1758)	Dendrocoptes medius		CH	Sonnenberg General Area	Basel-Landschaft	PRESENT	1	e2e717bf-551a-4917-bdc9-4fa0f342c530	47.532276	7.846532	NA	NA	NA	NA	NA	NA	2022-07-31	31	7	2022	8773033	8773033	HUMAN_OBSERVATION	CLO	EBIRD	OBS1489849880	NA		NA	CC_BY_4_0		obsr176548	NA	NA	2026-09-02 06:31:35.277		COORDINATE_ROUNDED;CONTINENT_DERIVED_FROM_COORDINATES;TAXON_CONCEPT_ID_NOT_FOUND	EOD – eBird Observation Dataset	10.15468/aomfnb
766	2.16080365338602e-314	4fa7b334-ce0d-4e88-aaae-2e0c138d049e	URN:catalog:CLO:EBIRD:OBS1576294980	Animalia	Chordata	Aves	Piciformes	Picidae	Dendrocoptes	Dendrocoptes medius		SPECIES	Dendrocoptes medius (Linnaeus, 1758)	Dendrocoptes medius		CH	Zufikon area	Aargau	PRESENT	1	e2e717bf-551a-4917-bdc9-4fa0f342c530	47.346706	8.32804	NA	NA	NA	NA	NA	NA	2022-12-04	4	12	2022	8773033	8773033	HUMAN_OBSERVATION	CLO	EBIRD	OBS1576294980	NA		NA	CC_BY_4_0		obsr567508	NA	NA	2026-09-02 06:29:10.616		CONTINENT_DERIVED_FROM_COORDINATES;TAXON_CONCEPT_ID_NOT_FOUND	EOD – eBird Observation Dataset	10.15468/aomfnb
767	2.16065389813624e-314	4fa7b334-ce0d-4e88-aaae-2e0c138d049e	URN:catalog:CLO:EBIRD:OBS1484993190	Animalia	Chordata	Aves	Piciformes	Picidae	Dendrocoptes	Dendrocoptes medius		SPECIES	Dendrocoptes medius (Linnaeus, 1758)	Dendrocoptes medius		CH	CABI	Jura	PRESENT	1	e2e717bf-551a-4917-bdc9-4fa0f342c530	47.373116	7.325338	NA	NA	NA	NA	NA	NA	2022-07-23	23	7	2022	8773033	8773033	HUMAN_OBSERVATION	CLO	EBIRD	OBS1484993190	NA		NA	CC_BY_4_0		obsr1363203	NA	NA	2026-09-02 06:25:31.055		CONTINENT_DERIVED_FROM_COORDINATES;TAXON_CONCEPT_ID_NOT_FOUND	EOD – eBird Observation Dataset	10.15468/aomfnb
768	2.15985098266794e-314	4fa7b334-ce0d-4e88-aaae-2e0c138d049e	URN:catalog:CLO:EBIRD:OBS1459374949	Animalia	Chordata	Aves	Piciformes	Picidae	Dendrocoptes	Dendrocoptes medius		SPECIES	Dendrocoptes medius (Linnaeus, 1758)	Dendrocoptes medius		CH	Dornhofstrasse, Magden CH-Aargau (47.5184,7.7999)	Aargau	PRESENT	1	e2e717bf-551a-4917-bdc9-4fa0f342c530	47.518444	7.799856	NA	NA	NA	NA	NA	NA	2022-06-14	14	6	2022	8773033	8773033	HUMAN_OBSERVATION	CLO	EBIRD	OBS1459374949	NA		NA	CC_BY_4_0		obsr407714	NA	NA	2026-09-02 06:29:06.349		CONTINENT_DERIVED_FROM_COORDINATES;TAXON_CONCEPT_ID_NOT_FOUND	EOD – eBird Observation Dataset	10.15468/aomfnb
769	2.15884670086436e-314	4fa7b334-ce0d-4e88-aaae-2e0c138d049e	URN:catalog:CLO:EBIRD:OBS1598551884	Animalia	Chordata	Aves	Piciformes	Picidae	Dendrocoptes	Dendrocoptes medius		SPECIES	Dendrocoptes medius (Linnaeus, 1758)	Dendrocoptes medius		CH	Parc Mon Repos	Genève	PRESENT	1	e2e717bf-551a-4917-bdc9-4fa0f342c530	46.219025	6.150922	NA	NA	NA	NA	NA	NA	2022-10-03	3	10	2022	8773033	8773033	HUMAN_OBSERVATION	CLO	EBIRD	OBS1598551884	NA		NA	CC_BY_4_0		obsr1683210	NA	NA	2026-09-02 06:28:40.779		COORDINATE_ROUNDED;CONTINENT_DERIVED_FROM_COORDINATES;TAXON_CONCEPT_ID_NOT_FOUND	EOD – eBird Observation Dataset	10.15468/aomfnb
770	2.15884296029336e-314	4fa7b334-ce0d-4e88-aaae-2e0c138d049e	URN:catalog:CLO:EBIRD:OBS1505312410	Animalia	Chordata	Aves	Piciformes	Picidae	Dendrocoptes	Dendrocoptes medius		SPECIES	Dendrocoptes medius (Linnaeus, 1758)	Dendrocoptes medius		CH	Magden: Lanzenberg/Hermlesten (628/264)	Aargau	PRESENT	1	e2e717bf-551a-4917-bdc9-4fa0f342c530	47.52904	7.821811	NA	NA	NA	NA	NA	NA	2022-08-26	26	8	2022	8773033	8773033	HUMAN_OBSERVATION	CLO	EBIRD	OBS1505312410	NA		NA	CC_BY_4_0		obsr407714	NA	NA	2026-09-02 06:30:56.404		COORDINATE_ROUNDED;CONTINENT_DERIVED_FROM_COORDINATES;TAXON_CONCEPT_ID_NOT_FOUND	EOD – eBird Observation Dataset	10.15468/aomfnb
771	2.15842049019432e-314	4fa7b334-ce0d-4e88-aaae-2e0c138d049e	URN:catalog:CLO:EBIRD:OBS1491225330	Animalia	Chordata	Aves	Piciformes	Picidae	Dendrocoptes	Dendrocoptes medius		SPECIES	Dendrocoptes medius (Linnaeus, 1758)	Dendrocoptes medius		CH	Rhinsberg	Zürich	PRESENT	3	e2e717bf-551a-4917-bdc9-4fa0f342c530	47.556095	8.540807	NA	NA	NA	NA	NA	NA	2021-02-21	21	2	2021	8773033	8773033	HUMAN_OBSERVATION	CLO	EBIRD	OBS1491225330	NA		NA	CC_BY_4_0		obsr1540565	NA	NA	2026-09-02 06:30:24.952		CONTINENT_DERIVED_FROM_COORDINATES;TAXON_CONCEPT_ID_NOT_FOUND	EOD – eBird Observation Dataset	10.15468/aomfnb
772	2.1581413361875e-314	4fa7b334-ce0d-4e88-aaae-2e0c138d049e	URN:catalog:CLO:EBIRD:OBS1562944706	Animalia	Chordata	Aves	Piciformes	Picidae	Dendrocoptes	Dendrocoptes medius		SPECIES	Dendrocoptes medius (Linnaeus, 1758)	Dendrocoptes medius		CH	Zugvogelbeobachtungspunkt Bättwil	Solothurn	PRESENT	1	e2e717bf-551a-4917-bdc9-4fa0f342c530	47.496403	7.509487	NA	NA	NA	NA	NA	NA	2022-10-11	11	10	2022	8773033	8773033	HUMAN_OBSERVATION	CLO	EBIRD	OBS1562944706	NA		NA	CC_BY_4_0		obsr1473378	NA	NA	2026-09-02 06:30:52.416		COORDINATE_ROUNDED;CONTINENT_DERIVED_FROM_COORDINATES;TAXON_CONCEPT_ID_NOT_FOUND	EOD – eBird Observation Dataset	10.15468/aomfnb
773	2.15807803550882e-314	4fa7b334-ce0d-4e88-aaae-2e0c138d049e	URN:catalog:CLO:EBIRD:OBS1461269154	Animalia	Chordata	Aves	Piciformes	Picidae	Dendrocoptes	Dendrocoptes medius		SPECIES	Dendrocoptes medius (Linnaeus, 1758)	Dendrocoptes medius		CH	Eschenz--Werd Insel	Thurgau	PRESENT	1	e2e717bf-551a-4917-bdc9-4fa0f342c530	47.65527	8.866653	NA	NA	NA	NA	NA	NA	2021-11-06	6	11	2021	8773033	8773033	HUMAN_OBSERVATION	CLO	EBIRD	OBS1461269154	NA		NA	CC_BY_4_0		obsr1540565	NA	NA	2026-09-02 06:30:34.306		CONTINENT_DERIVED_FROM_COORDINATES;TAXON_CONCEPT_ID_NOT_FOUND	EOD – eBird Observation Dataset	10.15468/aomfnb
774	2.15624009599026e-314	4fa7b334-ce0d-4e88-aaae-2e0c138d049e	URN:catalog:CLO:EBIRD:OBS1395942088	Animalia	Chordata	Aves	Piciformes	Picidae	Dendrocoptes	Dendrocoptes medius		SPECIES	Dendrocoptes medius (Linnaeus, 1758)	Dendrocoptes medius		CH	Bubendorf	Basel-Landschaft	PRESENT	1	e2e717bf-551a-4917-bdc9-4fa0f342c530	47.44262	7.735759	NA	NA	NA	NA	NA	NA	2022-03-27	27	3	2022	8773033	8773033	HUMAN_OBSERVATION	CLO	EBIRD	OBS1395942088	NA		NA	CC_BY_4_0		obsr1514153	NA	NA	2026-09-02 06:27:56.691		COORDINATE_ROUNDED;CONTINENT_DERIVED_FROM_COORDINATES;TAXON_CONCEPT_ID_NOT_FOUND	EOD – eBird Observation Dataset	10.15468/aomfnb
775	2.1555048521994e-314	4fa7b334-ce0d-4e88-aaae-2e0c138d049e	URN:catalog:CLO:EBIRD:OBS1486220302	Animalia	Chordata	Aves	Piciformes	Picidae	Dendrocoptes	Dendrocoptes medius		SPECIES	Dendrocoptes medius (Linnaeus, 1758)	Dendrocoptes medius		CH	Prés de la Montagne, Tramelan, Berne, CH (47.233, 7.113)	Bern	PRESENT	1	e2e717bf-551a-4917-bdc9-4fa0f342c530	47.233383	7.112975	NA	NA	NA	NA	NA	NA	2022-07-22	22	7	2022	8773033	8773033	HUMAN_OBSERVATION	CLO	EBIRD	OBS1486220302	NA		NA	CC_BY_4_0		obsr497615	NA	NA	2026-09-02 06:28:12.185		COORDINATE_ROUNDED;CONTINENT_DERIVED_FROM_COORDINATES;TAXON_CONCEPT_ID_NOT_FOUND	EOD – eBird Observation Dataset	10.15468/aomfnb
776	2.15519807547639e-314	4fa7b334-ce0d-4e88-aaae-2e0c138d049e	URN:catalog:CLO:EBIRD:OBS1364484521	Animalia	Chordata	Aves	Piciformes	Picidae	Dendrocoptes	Dendrocoptes medius		SPECIES	Dendrocoptes medius (Linnaeus, 1758)	Dendrocoptes medius		CH	Rindelstrasse 6, Schneisingen CH-Aargau 47.52335, 8.35683	Aargau	PRESENT	1	e2e717bf-551a-4917-bdc9-4fa0f342c530	47.523346	8.35683	NA	NA	NA	NA	NA	NA	2022-03-13	13	3	2022	8773033	8773033	HUMAN_OBSERVATION	CLO	EBIRD	OBS1364484521	NA		NA	CC_BY_4_0		obsr1540565	NA	NA	2026-09-02 06:31:32.251		CONTINENT_DERIVED_FROM_COORDINATES;TAXON_CONCEPT_ID_NOT_FOUND	EOD – eBird Observation Dataset	10.15468/aomfnb
777	2.15361384014916e-314	4fa7b334-ce0d-4e88-aaae-2e0c138d049e	URN:catalog:CLO:EBIRD:OBS1603344479	Animalia	Chordata	Aves	Piciformes	Picidae	Dendrocoptes	Dendrocoptes medius		SPECIES	Dendrocoptes medius (Linnaeus, 1758)	Dendrocoptes medius		CH	Kreuzlingen-Bernrain | Waldriet	Thurgau	PRESENT	1	e2e717bf-551a-4917-bdc9-4fa0f342c530	47.637867	9.146286	NA	NA	NA	NA	NA	NA	2014-04-21	21	4	2014	8773033	8773033	HUMAN_OBSERVATION	CLO	EBIRD	OBS1603344479	NA		NA	CC_BY_4_0		obsr237944	NA	NA	2026-09-02 06:27:29.064		CONTINENT_DERIVED_FROM_COORDINATES;TAXON_CONCEPT_ID_NOT_FOUND	EOD – eBird Observation Dataset	10.15468/aomfnb
778	2.15312057192527e-314	4fa7b334-ce0d-4e88-aaae-2e0c138d049e	URN:catalog:CLO:EBIRD:OBS1603421404	Animalia	Chordata	Aves	Piciformes	Picidae	Dendrocoptes	Dendrocoptes medius		SPECIES	Dendrocoptes medius (Linnaeus, 1758)	Dendrocoptes medius		CH	Löhningen (allg. Bereich)	Schaffhausen	PRESENT	1	e2e717bf-551a-4917-bdc9-4fa0f342c530	47.70578	8.551157	NA	NA	NA	NA	NA	NA	2021-02-06	6	2	2021	8773033	8773033	HUMAN_OBSERVATION	CLO	EBIRD	OBS1603421404	NA		NA	CC_BY_4_0		obsr237944	NA	NA	2026-09-02 06:24:57.546		CONTINENT_DERIVED_FROM_COORDINATES;TAXON_CONCEPT_ID_NOT_FOUND	EOD – eBird Observation Dataset	10.15468/aomfnb
779	2.15285507784543e-314	4fa7b334-ce0d-4e88-aaae-2e0c138d049e	URN:catalog:CLO:EBIRD:OBS1482652886	Animalia	Chordata	Aves	Piciformes	Picidae	Dendrocoptes	Dendrocoptes medius		SPECIES	Dendrocoptes medius (Linnaeus, 1758)	Dendrocoptes medius		CH	Lange Erlen--Entenweiher	Basel-Stadt	PRESENT	1	e2e717bf-551a-4917-bdc9-4fa0f342c530	47.57881	7.63045	NA	NA	NA	NA	NA	NA	2022-07-20	20	7	2022	8773033	8773033	HUMAN_OBSERVATION	CLO	EBIRD	OBS1482652886	NA		NA	CC_BY_4_0		obsr2005048	NA	NA	2026-09-02 06:26:33.215		CONTINENT_DERIVED_FROM_COORDINATES;TAXON_CONCEPT_ID_NOT_FOUND	EOD – eBird Observation Dataset	10.15468/aomfnb
780	2.15112237381536e-314	4fa7b334-ce0d-4e88-aaae-2e0c138d049e	URN:catalog:CLO:EBIRD:OBS1372176441	Animalia	Chordata	Aves	Piciformes	Picidae	Dendrocoptes	Dendrocoptes medius		SPECIES	Dendrocoptes medius (Linnaeus, 1758)	Dendrocoptes medius		CH	Pfeffingen Castle	Basel-Landschaft	PRESENT	1	e2e717bf-551a-4917-bdc9-4fa0f342c530	47.453236	7.591973	NA	NA	NA	NA	NA	NA	2022-03-22	22	3	2022	8773033	8773033	HUMAN_OBSERVATION	CLO	EBIRD	OBS1372176441	NA		NA	CC_BY_4_0		obsr2005048	NA	NA	2026-09-02 06:30:51.521		CONTINENT_DERIVED_FROM_COORDINATES;TAXON_CONCEPT_ID_NOT_FOUND	EOD – eBird Observation Dataset	10.15468/aomfnb
781	2.15105506577023e-314	4fa7b334-ce0d-4e88-aaae-2e0c138d049e	URN:catalog:CLO:EBIRD:OBS1359226242	Animalia	Chordata	Aves	Piciformes	Picidae	Dendrocoptes	Dendrocoptes medius		SPECIES	Dendrocoptes medius (Linnaeus, 1758)	Dendrocoptes medius		CH	Bachgasse 26, Biel-Benken BL CH-Basel-Landschaft 47.50617, 7.51481	Basel-Landschaft	PRESENT	1	e2e717bf-551a-4917-bdc9-4fa0f342c530	47.50617	7.51481	NA	NA	NA	NA	NA	NA	2022-03-06	6	3	2022	8773033	8773033	HUMAN_OBSERVATION	CLO	EBIRD	OBS1359226242	NA		NA	CC_BY_4_0		obsr661304	NA	NA	2026-09-02 06:26:25.287		CONTINENT_DERIVED_FROM_COORDINATES;TAXON_CONCEPT_ID_NOT_FOUND	EOD – eBird Observation Dataset	10.15468/aomfnb
782	2.15090316825181e-314	4fa7b334-ce0d-4e88-aaae-2e0c138d049e	URN:catalog:CLO:EBIRD:OBS1472279521	Animalia	Chordata	Aves	Piciformes	Picidae	Dendrocoptes	Dendrocoptes medius		SPECIES	Dendrocoptes medius (Linnaeus, 1758)	Dendrocoptes medius		CH	2942, Alle CH-Jura 47.42340, 7.14592	Jura	PRESENT	1	e2e717bf-551a-4917-bdc9-4fa0f342c530	47.4234	7.145919	NA	NA	NA	NA	NA	NA	2022-07-03	3	7	2022	8773033	8773033	HUMAN_OBSERVATION	CLO	EBIRD	OBS1472279521	NA		NA	CC_BY_4_0		obsr1363203	NA	NA	2026-09-02 06:26:47.92		CONTINENT_DERIVED_FROM_COORDINATES;TAXON_CONCEPT_ID_NOT_FOUND	EOD – eBird Observation Dataset	10.15468/aomfnb
783	2.15001304624449e-314	4fa7b334-ce0d-4e88-aaae-2e0c138d049e	URN:catalog:CLO:EBIRD:OBS1598549809	Animalia	Chordata	Aves	Piciformes	Picidae	Dendrocoptes	Dendrocoptes medius		SPECIES	Dendrocoptes medius (Linnaeus, 1758)	Dendrocoptes medius		CH	Perle du lac	Genève	PRESENT	1	e2e717bf-551a-4917-bdc9-4fa0f342c530	46.221367	6.153369	NA	NA	NA	NA	NA	NA	2022-12-15	15	12	2022	8773033	8773033	HUMAN_OBSERVATION	CLO	EBIRD	OBS1598549809	NA		NA	CC_BY_4_0		obsr1683210	NA	NA	2026-09-02 06:26:56.31		COORDINATE_ROUNDED;CONTINENT_DERIVED_FROM_COORDINATES;TAXON_CONCEPT_ID_NOT_FOUND	EOD – eBird Observation Dataset	10.15468/aomfnb
784	2.14544014754956e-314	4fa7b334-ce0d-4e88-aaae-2e0c138d049e	URN:catalog:CLO:EBIRD:OBS1350550763	Animalia	Chordata	Aves	Piciformes	Picidae	Dendrocoptes	Dendrocoptes medius		SPECIES	Dendrocoptes medius (Linnaeus, 1758)	Dendrocoptes medius		CH	Nordring-Zürich, Weiningen ZH CH-Zürich 47.41825, 8.44655	Zürich	PRESENT	1	e2e717bf-551a-4917-bdc9-4fa0f342c530	47.418247	8.446552	NA	NA	NA	NA	NA	NA	2022-02-23	23	2	2022	8773033	8773033	HUMAN_OBSERVATION	CLO	EBIRD	OBS1350550763	NA		NA	CC_BY_4_0		obsr551346	NA	NA	2026-09-02 06:28:40.156		CONTINENT_DERIVED_FROM_COORDINATES;TAXON_CONCEPT_ID_NOT_FOUND	EOD – eBird Observation Dataset	10.15468/aomfnb
785	2.14500740236729e-314	4fa7b334-ce0d-4e88-aaae-2e0c138d049e	URN:catalog:CLO:EBIRD:OBS1329393882	Animalia	Chordata	Aves	Piciformes	Picidae	Dendrocoptes	Dendrocoptes medius		SPECIES	Dendrocoptes medius (Linnaeus, 1758)	Dendrocoptes medius		CH	Prêles, Plateau de Diesse	Bern	PRESENT	1	e2e717bf-551a-4917-bdc9-4fa0f342c530	47.090546	7.12244	NA	NA	NA	NA	NA	NA	2022-01-29	29	1	2022	8773033	8773033	HUMAN_OBSERVATION	CLO	EBIRD	OBS1329393882	NA		NA	CC_BY_4_0		obsr2359143	NA	NA	2026-09-02 06:25:58.373		CONTINENT_DERIVED_FROM_COORDINATES;TAXON_CONCEPT_ID_NOT_FOUND	EOD – eBird Observation Dataset	10.15468/aomfnb
786	2.14312721331908e-314	4fa7b334-ce0d-4e88-aaae-2e0c138d049e	URN:catalog:CLO:EBIRD:OBS1687095645	Animalia	Chordata	Aves	Piciformes	Picidae	Dendrocoptes	Dendrocoptes medius		SPECIES	Dendrocoptes medius (Linnaeus, 1758)	Dendrocoptes medius		CH	CH-GE-Satigny-21 Ch. de l'Ardère	Genève	PRESENT	2	e2e717bf-551a-4917-bdc9-4fa0f342c530	46.22285	6.01518	NA	NA	NA	NA	NA	NA	2013-02-15	15	2	2013	8773033	8773033	HUMAN_OBSERVATION	CLO	EBIRD	OBS1687095645	NA		NA	CC_BY_4_0		obsr310569	NA	NA	2026-09-02 06:30:51.944		CONTINENT_DERIVED_FROM_COORDINATES;TAXON_CONCEPT_ID_NOT_FOUND	EOD – eBird Observation Dataset	10.15468/aomfnb
787	2.14280662548501e-314	4fa7b334-ce0d-4e88-aaae-2e0c138d049e	URN:catalog:CLO:EBIRD:OBS1345782615	Animalia	Chordata	Aves	Piciformes	Picidae	Dendrocoptes	Dendrocoptes medius		SPECIES	Dendrocoptes medius (Linnaeus, 1758)	Dendrocoptes medius		CH	Rünenberg	Basel-Landschaft	PRESENT	1	e2e717bf-551a-4917-bdc9-4fa0f342c530	47.436234	7.873264	NA	NA	NA	NA	NA	NA	2022-02-19	19	2	2022	8773033	8773033	HUMAN_OBSERVATION	CLO	EBIRD	OBS1345782615	NA		NA	CC_BY_4_0		obsr2005048	NA	NA	2026-09-02 06:26:48.332		CONTINENT_DERIVED_FROM_COORDINATES;TAXON_CONCEPT_ID_NOT_FOUND	EOD – eBird Observation Dataset	10.15468/aomfnb
788	2.14235083164629e-314	4fa7b334-ce0d-4e88-aaae-2e0c138d049e	URN:catalog:CLO:EBIRD:OBS1375108169	Animalia	Chordata	Aves	Piciformes	Picidae	Dendrocoptes	Dendrocoptes medius		SPECIES	Dendrocoptes medius (Linnaeus, 1758)	Dendrocoptes medius		CH	Allschwiler Wald	Basel-Landschaft	PRESENT	NA	e2e717bf-551a-4917-bdc9-4fa0f342c530	47.53594	7.516796	NA	NA	NA	NA	NA	NA	2022-03-26	26	3	2022	8773033	8773033	HUMAN_OBSERVATION	CLO	EBIRD	OBS1375108169	NA		NA	CC_BY_4_0		obsr3012728	NA	NA	2026-09-02 06:29:43.561		CONTINENT_DERIVED_FROM_COORDINATES;TAXON_CONCEPT_ID_NOT_FOUND	EOD – eBird Observation Dataset	10.15468/aomfnb
789	2.14157910654221e-314	4fa7b334-ce0d-4e88-aaae-2e0c138d049e	URN:catalog:CLO:EBIRD:OBS1518057036	Animalia	Chordata	Aves	Piciformes	Picidae	Dendrocoptes	Dendrocoptes medius		SPECIES	Dendrocoptes medius (Linnaeus, 1758)	Dendrocoptes medius		CH	Park im Grünen	Basel-Landschaft	PRESENT	1	e2e717bf-551a-4917-bdc9-4fa0f342c530	47.530647	7.616615	NA	NA	NA	NA	NA	NA	2022-09-14	14	9	2022	8773033	8773033	HUMAN_OBSERVATION	CLO	EBIRD	OBS1518057036	NA		NA	CC_BY_4_0		obsr2005048	NA	NA	2026-09-02 06:30:00.488		COORDINATE_ROUNDED;CONTINENT_DERIVED_FROM_COORDINATES;TAXON_CONCEPT_ID_NOT_FOUND	EOD – eBird Observation Dataset	10.15468/aomfnb
790	2.14131422708003e-314	4fa7b334-ce0d-4e88-aaae-2e0c138d049e	URN:catalog:CLO:EBIRD:OBS1384306685	Animalia	Chordata	Aves	Piciformes	Picidae	Dendrocoptes	Dendrocoptes medius		SPECIES	Dendrocoptes medius (Linnaeus, 1758)	Dendrocoptes medius		CH	Spittelmatthof, Riehen	Basel-Stadt	PRESENT	1	e2e717bf-551a-4917-bdc9-4fa0f342c530	47.574623	7.624324	NA	NA	NA	NA	NA	NA	2022-04-06	6	4	2022	8773033	8773033	HUMAN_OBSERVATION	CLO	EBIRD	OBS1384306685	NA		NA	CC_BY_4_0		obsr2005048	NA	NA	2026-09-02 06:26:32.592		CONTINENT_DERIVED_FROM_COORDINATES;TAXON_CONCEPT_ID_NOT_FOUND	EOD – eBird Observation Dataset	10.15468/aomfnb
791	2.14059073958121e-314	4fa7b334-ce0d-4e88-aaae-2e0c138d049e	URN:catalog:CLO:EBIRD:OBS1494844131	Animalia	Chordata	Aves	Piciformes	Picidae	Dendrocoptes	Dendrocoptes medius		SPECIES	Dendrocoptes medius (Linnaeus, 1758)	Dendrocoptes medius		CH	Bois des Mouilles	Genève	PRESENT	1	e2e717bf-551a-4917-bdc9-4fa0f342c530	46.193043	6.082145	NA	NA	NA	NA	NA	NA	2015-02-12	12	2	2015	8773033	8773033	HUMAN_OBSERVATION	CLO	EBIRD	OBS1494844131	NA		NA	CC_BY_4_0		obsr1683210	NA	NA	2026-09-02 06:27:07.937		CONTINENT_DERIVED_FROM_COORDINATES;TAXON_CONCEPT_ID_NOT_FOUND	EOD – eBird Observation Dataset	10.15468/aomfnb
792	2.1404610226459e-314	4fa7b334-ce0d-4e88-aaae-2e0c138d049e	URN:catalog:CLO:EBIRD:OBS1379435170	Animalia	Chordata	Aves	Piciformes	Picidae	Dendrocoptes	Dendrocoptes medius		SPECIES	Dendrocoptes medius (Linnaeus, 1758)	Dendrocoptes medius		CH	Gockhauser Wald	Zürich	PRESENT	7	e2e717bf-551a-4917-bdc9-4fa0f342c530	47.38227	8.606492	NA	NA	NA	NA	NA	NA	2022-03-29	29	3	2022	8773033	8773033	HUMAN_OBSERVATION	CLO	EBIRD	OBS1379435170	NA		NA	CC_BY_4_0		obsr339900	NA	NA	2026-09-02 06:27:39.359		CONTINENT_DERIVED_FROM_COORDINATES;TAXON_CONCEPT_ID_NOT_FOUND	EOD – eBird Observation Dataset	10.15468/aomfnb
793	2.13937698431918e-314	4fa7b334-ce0d-4e88-aaae-2e0c138d049e	URN:catalog:CLO:EBIRD:OBS1560051952	Animalia	Chordata	Aves	Piciformes	Picidae	Dendrocoptes	Dendrocoptes medius		SPECIES	Dendrocoptes medius (Linnaeus, 1758)	Dendrocoptes medius		CH	Ruine Dorneck	Solothurn	PRESENT	NA	e2e717bf-551a-4917-bdc9-4fa0f342c530	47.48014	7.628095	NA	NA	NA	NA	NA	NA	2022-11-12	12	11	2022	8773033	8773033	HUMAN_OBSERVATION	CLO	EBIRD	OBS1560051952	NA		NA	CC_BY_4_0		obsr3296456	NA	NA	2026-09-02 06:27:35.57		CONTINENT_DERIVED_FROM_COORDINATES;TAXON_CONCEPT_ID_NOT_FOUND	EOD – eBird Observation Dataset	10.15468/aomfnb
794	2.1374136667498e-314	4fa7b334-ce0d-4e88-aaae-2e0c138d049e	URN:catalog:CLO:EBIRD:OBS1592340554	Animalia	Chordata	Aves	Piciformes	Picidae	Dendrocoptes	Dendrocoptes medius		SPECIES	Dendrocoptes medius (Linnaeus, 1758)	Dendrocoptes medius		CH	Les Grangettes--Embouchure du Grand Canal	Vaud	PRESENT	1	e2e717bf-551a-4917-bdc9-4fa0f342c530	46.396805	6.887537	NA	NA	NA	NA	NA	NA	2022-12-30	30	12	2022	8773033	8773033	HUMAN_OBSERVATION	CLO	EBIRD	OBS1592340554	NA		NA	CC_BY_4_0		obsr1315853	NA	NA	2026-09-02 06:26:31.134		CONTINENT_DERIVED_FROM_COORDINATES;TAXON_CONCEPT_ID_NOT_FOUND	EOD – eBird Observation Dataset	10.15468/aomfnb
795	2.13715458218358e-314	4fa7b334-ce0d-4e88-aaae-2e0c138d049e	URN:catalog:CLO:EBIRD:OBS1384255715	Animalia	Chordata	Aves	Piciformes	Picidae	Dendrocoptes	Dendrocoptes medius		SPECIES	Dendrocoptes medius (Linnaeus, 1758)	Dendrocoptes medius		CH	Limmatspitz	Aargau	PRESENT	1	e2e717bf-551a-4917-bdc9-4fa0f342c530	47.50183	8.237668	NA	NA	NA	NA	NA	NA	2022-04-06	6	4	2022	8773033	8773033	HUMAN_OBSERVATION	CLO	EBIRD	OBS1384255715	NA		NA	CC_BY_4_0		obsr2907636	NA	NA	2026-09-02 06:26:06.8		CONTINENT_DERIVED_FROM_COORDINATES;TAXON_CONCEPT_ID_NOT_FOUND	EOD – eBird Observation Dataset	10.15468/aomfnb
796	2.13549851267584e-314	4fa7b334-ce0d-4e88-aaae-2e0c138d049e	URN:catalog:CLO:EBIRD:OBS1718748355	Animalia	Chordata	Aves	Piciformes	Picidae	Dendrocoptes	Dendrocoptes medius		SPECIES	Dendrocoptes medius (Linnaeus, 1758)	Dendrocoptes medius		CH	Onnens	Vaud	PRESENT	1	e2e717bf-551a-4917-bdc9-4fa0f342c530	46.845047	6.684265	NA	NA	NA	NA	NA	NA	1991-03-17	17	3	1991	8773033	8773033	HUMAN_OBSERVATION	CLO	EBIRD	OBS1718748355	NA		NA	CC_BY_4_0		obsr3241038	NA	NA	2026-09-02 06:30:00.898		CONTINENT_DERIVED_FROM_COORDINATES;TAXON_CONCEPT_ID_NOT_FOUND	EOD – eBird Observation Dataset	10.15468/aomfnb
797	2.13513700780717e-314	4fa7b334-ce0d-4e88-aaae-2e0c138d049e	URN:catalog:CLO:EBIRD:OBS1353517425	Animalia	Chordata	Aves	Piciformes	Picidae	Dendrocoptes	Dendrocoptes medius		SPECIES	Dendrocoptes medius (Linnaeus, 1758)	Dendrocoptes medius		CH	Stetten, Schaffhausen, CH (47,735, 8,667)	Schaffhausen	PRESENT	3	e2e717bf-551a-4917-bdc9-4fa0f342c530	47.735397	8.667321	NA	NA	NA	NA	NA	NA	2022-02-27	27	2	2022	8773033	8773033	HUMAN_OBSERVATION	CLO	EBIRD	OBS1353517425	NA		NA	CC_BY_4_0		obsr1427999	NA	NA	2026-09-02 06:24:56.349		CONTINENT_DERIVED_FROM_COORDINATES;TAXON_CONCEPT_ID_NOT_FOUND	EOD – eBird Observation Dataset	10.15468/aomfnb
798	2.13427330793652e-314	4fa7b334-ce0d-4e88-aaae-2e0c138d049e	URN:catalog:CLO:EBIRD:OBS1564830721	Animalia	Chordata	Aves	Piciformes	Picidae	Dendrocoptes	Dendrocoptes medius		SPECIES	Dendrocoptes medius (Linnaeus, 1758)	Dendrocoptes medius		CH	Gruth, Münchenstein	Basel-Landschaft	PRESENT	1	e2e717bf-551a-4917-bdc9-4fa0f342c530	47.511566	7.635282	NA	NA	NA	NA	NA	NA	2022-11-19	19	11	2022	8773033	8773033	HUMAN_OBSERVATION	CLO	EBIRD	OBS1564830721	NA		NA	CC_BY_4_0		obsr1794002	NA	NA	2026-09-02 06:28:39.844		CONTINENT_DERIVED_FROM_COORDINATES;TAXON_CONCEPT_ID_NOT_FOUND	EOD – eBird Observation Dataset	10.15468/aomfnb
799	2.13381669197257e-314	4fa7b334-ce0d-4e88-aaae-2e0c138d049e	URN:catalog:CLO:EBIRD:OBS1542213092	Animalia	Chordata	Aves	Piciformes	Picidae	Dendrocoptes	Dendrocoptes medius		SPECIES	Dendrocoptes medius (Linnaeus, 1758)	Dendrocoptes medius		CH	3803, Beatenberg CH-Berne 46.72877, 7.81182	Bern	PRESENT	1	e2e717bf-551a-4917-bdc9-4fa0f342c530	46.728767	7.811824	NA	NA	NA	NA	NA	NA	2022-10-17	17	10	2022	8773033	8773033	HUMAN_OBSERVATION	CLO	EBIRD	OBS1542213092	NA		NA	CC_BY_4_0		obsr1315853	NA	NA	2026-09-02 06:26:10.483		CONTINENT_DERIVED_FROM_COORDINATES;TAXON_CONCEPT_ID_NOT_FOUND	EOD – eBird Observation Dataset	10.15468/aomfnb
800	2.13273053361016e-314	4fa7b334-ce0d-4e88-aaae-2e0c138d049e	URN:catalog:CLO:EBIRD:OBS1356234181	Animalia	Chordata	Aves	Piciformes	Picidae	Dendrocoptes	Dendrocoptes medius		SPECIES	Dendrocoptes medius (Linnaeus, 1758)	Dendrocoptes medius		CH	Schloss Wildenstein, Bubendorf CH-Basel-Land	Basel-Landschaft	PRESENT	3	e2e717bf-551a-4917-bdc9-4fa0f342c530	47.4313	7.737609	NA	NA	NA	NA	NA	NA	2022-03-02	2	3	2022	8773033	8773033	HUMAN_OBSERVATION	CLO	EBIRD	OBS1356234181	NA		NA	CC_BY_4_0		obsr1426571	NA	NA	2026-09-02 06:27:27.156		CONTINENT_DERIVED_FROM_COORDINATES;TAXON_CONCEPT_ID_NOT_FOUND	EOD – eBird Observation Dataset	10.15468/aomfnb
801	2.13221617471198e-314	4fa7b334-ce0d-4e88-aaae-2e0c138d049e	URN:catalog:CLO:EBIRD:OBS1550370874	Animalia	Chordata	Aves	Piciformes	Picidae	Dendrocoptes	Dendrocoptes medius		SPECIES	Dendrocoptes medius (Linnaeus, 1758)	Dendrocoptes medius		CH	Reinacherheide	Basel-Landschaft	PRESENT	1	e2e717bf-551a-4917-bdc9-4fa0f342c530	47.49586	7.605093	NA	NA	NA	NA	NA	NA	2022-10-29	29	10	2022	8773033	8773033	HUMAN_OBSERVATION	CLO	EBIRD	OBS1550370874	NA		NA	CC_BY_4_0		obsr1794002	NA	NA	2026-09-02 06:30:35.916		COORDINATE_ROUNDED;CONTINENT_DERIVED_FROM_COORDINATES;TAXON_CONCEPT_ID_NOT_FOUND	EOD – eBird Observation Dataset	10.15468/aomfnb
802	2.12934517851256e-314	4fa7b334-ce0d-4e88-aaae-2e0c138d049e	URN:catalog:CLO:EBIRD:OBS1350760720	Animalia	Chordata	Aves	Piciformes	Picidae	Dendrocoptes	Dendrocoptes medius		SPECIES	Dendrocoptes medius (Linnaeus, 1758)	Dendrocoptes medius		CH	Hallau, Mühliweg	Schaffhausen	PRESENT	1	e2e717bf-551a-4917-bdc9-4fa0f342c530	47.695377	8.423253	NA	NA	NA	NA	NA	NA	2022-02-23	23	2	2022	8773033	8773033	HUMAN_OBSERVATION	CLO	EBIRD	OBS1350760720	NA		NA	CC_BY_4_0		obsr457108	NA	NA	2026-09-02 06:30:31.251		CONTINENT_DERIVED_FROM_COORDINATES;TAXON_CONCEPT_ID_NOT_FOUND	EOD – eBird Observation Dataset	10.15468/aomfnb
803	2.12904943229916e-314	4fa7b334-ce0d-4e88-aaae-2e0c138d049e	URN:catalog:CLO:EBIRD:OBS1613428986	Animalia	Chordata	Aves	Piciformes	Picidae	Dendrocoptes	Dendrocoptes medius		SPECIES	Dendrocoptes medius (Linnaeus, 1758)	Dendrocoptes medius		CH	Maschwander Allmend	Zug	PRESENT	1	e2e717bf-551a-4917-bdc9-4fa0f342c530	47.234127	8.409284	NA	NA	NA	NA	NA	NA	2020-05-14	14	5	2020	8773033	8773033	HUMAN_OBSERVATION	CLO	EBIRD	OBS1613428986	NA		NA	CC_BY_4_0		obsr1501634	NA	NA	2026-09-02 06:29:15.333		CONTINENT_DERIVED_FROM_COORDINATES;TAXON_CONCEPT_ID_NOT_FOUND	EOD – eBird Observation Dataset	10.15468/aomfnb
804	2.12848499144866e-314	4fa7b334-ce0d-4e88-aaae-2e0c138d049e	URN:catalog:CLO:EBIRD:OBS1603701950	Animalia	Chordata	Aves	Piciformes	Picidae	Dendrocoptes	Dendrocoptes medius		SPECIES	Dendrocoptes medius (Linnaeus, 1758)	Dendrocoptes medius		CH	Schaarenwald (allgemeinen Bereich)	Thurgau	PRESENT	3	e2e717bf-551a-4917-bdc9-4fa0f342c530	47.687717	8.704133	NA	NA	NA	NA	NA	NA	2016-04-10	10	4	2016	8773033	8773033	HUMAN_OBSERVATION	CLO	EBIRD	OBS1603701950	NA		NA	CC_BY_4_0		obsr237944	NA	NA	2026-09-02 06:30:39.13		CONTINENT_DERIVED_FROM_COORDINATES;TAXON_CONCEPT_ID_NOT_FOUND	EOD – eBird Observation Dataset	10.15468/aomfnb
805	2.12836009955844e-314	4fa7b334-ce0d-4e88-aaae-2e0c138d049e	URN:catalog:CLO:EBIRD:OBS1518678640	Animalia	Chordata	Aves	Piciformes	Picidae	Dendrocoptes	Dendrocoptes medius		SPECIES	Dendrocoptes medius (Linnaeus, 1758)	Dendrocoptes medius		CH	Hallau, Schärersgraben	Schaffhausen	PRESENT	1	e2e717bf-551a-4917-bdc9-4fa0f342c530	47.706547	8.432136	NA	NA	NA	NA	NA	NA	2022-09-14	14	9	2022	8773033	8773033	HUMAN_OBSERVATION	CLO	EBIRD	OBS1518678640	NA		NA	CC_BY_4_0		obsr457108	NA	NA	2026-09-02 06:25:37.698		CONTINENT_DERIVED_FROM_COORDINATES;TAXON_CONCEPT_ID_NOT_FOUND	EOD – eBird Observation Dataset	10.15468/aomfnb
806	2.12624029311859e-314	4fa7b334-ce0d-4e88-aaae-2e0c138d049e	URN:catalog:CLO:EBIRD:OBS1489864270	Animalia	Chordata	Aves	Piciformes	Picidae	Dendrocoptes	Dendrocoptes medius		SPECIES	Dendrocoptes medius (Linnaeus, 1758)	Dendrocoptes medius		CH	Magden: Talhof general area(47.4979,7.8018)	Aargau	PRESENT	1	e2e717bf-551a-4917-bdc9-4fa0f342c530	47.49794	7.801831	NA	NA	NA	NA	NA	NA	2022-08-01	1	8	2022	8773033	8773033	HUMAN_OBSERVATION	CLO	EBIRD	OBS1489864270	NA		NA	CC_BY_4_0		obsr176548	NA	NA	2026-09-02 06:30:25.292		CONTINENT_DERIVED_FROM_COORDINATES;TAXON_CONCEPT_ID_NOT_FOUND	EOD – eBird Observation Dataset	10.15468/aomfnb
807	2.12401904808474e-314	4fa7b334-ce0d-4e88-aaae-2e0c138d049e	URN:catalog:CLO:EBIRD:OBS1603343708	Animalia	Chordata	Aves	Piciformes	Picidae	Dendrocoptes	Dendrocoptes medius		SPECIES	Dendrocoptes medius (Linnaeus, 1758)	Dendrocoptes medius		CH	Neunkirch (allg. Bereich)	Schaffhausen	PRESENT	1	e2e717bf-551a-4917-bdc9-4fa0f342c530	47.689854	8.500071	NA	NA	NA	NA	NA	NA	2014-03-19	19	3	2014	8773033	8773033	HUMAN_OBSERVATION	CLO	EBIRD	OBS1603343708	NA		NA	CC_BY_4_0		obsr237944	NA	NA	2026-09-02 06:27:11.604		CONTINENT_DERIVED_FROM_COORDINATES;TAXON_CONCEPT_ID_NOT_FOUND	EOD – eBird Observation Dataset	10.15468/aomfnb
808	2.12202973426327e-314	4fa7b334-ce0d-4e88-aaae-2e0c138d049e	URN:catalog:CLO:EBIRD:OBS1653649327	Animalia	Chordata	Aves	Piciformes	Picidae	Dendrocoptes	Dendrocoptes medius		SPECIES	Dendrocoptes medius (Linnaeus, 1758)	Dendrocoptes medius		CH	Ermitage Chêne-Bougeries	Genève	PRESENT	1	e2e717bf-551a-4917-bdc9-4fa0f342c530	46.197403	6.180464	NA	NA	NA	NA	NA	NA	2012-08-14	14	8	2012	8773033	8773033	HUMAN_OBSERVATION	CLO	EBIRD	OBS1653649327	NA		NA	CC_BY_4_0		obsr3567280	NA	NA	2026-09-02 06:29:59.96		CONTINENT_DERIVED_FROM_COORDINATES;TAXON_CONCEPT_ID_NOT_FOUND	EOD – eBird Observation Dataset	10.15468/aomfnb
809	2.12035045453962e-314	4fa7b334-ce0d-4e88-aaae-2e0c138d049e	URN:catalog:CLO:EBIRD:OBS1441962385	Animalia	Chordata	Aves	Piciformes	Picidae	Dendrocoptes	Dendrocoptes medius		SPECIES	Dendrocoptes medius (Linnaeus, 1758)	Dendrocoptes medius		CH	Wilchingen, Radegg	Schaffhausen	PRESENT	1	e2e717bf-551a-4917-bdc9-4fa0f342c530	47.652847	8.513559	NA	NA	NA	NA	NA	NA	2022-05-25	25	5	2022	8773033	8773033	HUMAN_OBSERVATION	CLO	EBIRD	OBS1441962385	NA		NA	CC_BY_4_0		obsr457108	NA	NA	2026-09-02 06:29:18.053		CONTINENT_DERIVED_FROM_COORDINATES;TAXON_CONCEPT_ID_NOT_FOUND	EOD – eBird Observation Dataset	10.15468/aomfnb
810	2.11905398231309e-314	4fa7b334-ce0d-4e88-aaae-2e0c138d049e	URN:catalog:CLO:EBIRD:OBS1493601936	Animalia	Chordata	Aves	Piciformes	Picidae	Dendrocoptes	Dendrocoptes medius		SPECIES	Dendrocoptes medius (Linnaeus, 1758)	Dendrocoptes medius		CH	Bois de Sauvabelin	Vaud	PRESENT	1	e2e717bf-551a-4917-bdc9-4fa0f342c530	46.53741	6.638809	NA	NA	NA	NA	NA	NA	2022-03-27	27	3	2022	8773033	8773033	HUMAN_OBSERVATION	CLO	EBIRD	OBS1493601936	NA		NA	CC_BY_4_0		obsr2685856	NA	NA	2026-09-02 06:26:04.115		CONTINENT_DERIVED_FROM_COORDINATES;TAXON_CONCEPT_ID_NOT_FOUND	EOD – eBird Observation Dataset	10.15468/aomfnb
811	2.11885203989727e-314	4fa7b334-ce0d-4e88-aaae-2e0c138d049e	URN:catalog:CLO:EBIRD:OBS1603677125	Animalia	Chordata	Aves	Piciformes	Picidae	Dendrocoptes	Dendrocoptes medius		SPECIES	Dendrocoptes medius (Linnaeus, 1758)	Dendrocoptes medius		CH	Tägerwiler- Neuwiler Wald (allg. Bereich)	Thurgau	PRESENT	1	e2e717bf-551a-4917-bdc9-4fa0f342c530	47.639843	9.126525	NA	NA	NA	NA	NA	NA	2013-03-24	24	3	2013	8773033	8773033	HUMAN_OBSERVATION	CLO	EBIRD	OBS1603677125	NA		NA	CC_BY_4_0		obsr237944	NA	NA	2026-09-02 06:25:10.728		CONTINENT_DERIVED_FROM_COORDINATES;TAXON_CONCEPT_ID_NOT_FOUND	EOD – eBird Observation Dataset	10.15468/aomfnb
812	2.11816769820771e-314	4fa7b334-ce0d-4e88-aaae-2e0c138d049e	URN:catalog:CLO:EBIRD:OBS1494851852	Animalia	Chordata	Aves	Piciformes	Picidae	Dendrocoptes	Dendrocoptes medius		SPECIES	Dendrocoptes medius (Linnaeus, 1758)	Dendrocoptes medius		CH	Jussy [512/121]	Genève	PRESENT	1	e2e717bf-551a-4917-bdc9-4fa0f342c530	46.239246	6.304219	NA	NA	NA	NA	NA	NA	2019-02-11	11	2	2019	8773033	8773033	HUMAN_OBSERVATION	CLO	EBIRD	OBS1494851852	NA		NA	CC_BY_4_0		obsr1683210	NA	NA	2026-09-02 06:27:47.873		CONTINENT_DERIVED_FROM_COORDINATES;TAXON_CONCEPT_ID_NOT_FOUND	EOD – eBird Observation Dataset	10.15468/aomfnb
813	2.1126779273092e-314	4fa7b334-ce0d-4e88-aaae-2e0c138d049e	URN:catalog:CLO:EBIRD:OBS1472281780	Animalia	Chordata	Aves	Piciformes	Picidae	Dendrocoptes	Dendrocoptes medius		SPECIES	Dendrocoptes medius (Linnaeus, 1758)	Dendrocoptes medius		CH	Etangs de Bonfol	Jura	PRESENT	1	e2e717bf-551a-4917-bdc9-4fa0f342c530	47.471184	7.164481	NA	NA	NA	NA	NA	NA	2022-07-03	3	7	2022	8773033	8773033	HUMAN_OBSERVATION	CLO	EBIRD	OBS1472281780	NA		NA	CC_BY_4_0		obsr1363203	NA	NA	2026-09-02 06:30:24.776		COORDINATE_ROUNDED;CONTINENT_DERIVED_FROM_COORDINATES;TAXON_CONCEPT_ID_NOT_FOUND	EOD – eBird Observation Dataset	10.15468/aomfnb
814	2.11170969253514e-314	4fa7b334-ce0d-4e88-aaae-2e0c138d049e	URN:catalog:CLO:EBIRD:OBS1494851859	Animalia	Chordata	Aves	Piciformes	Picidae	Dendrocoptes	Dendrocoptes medius		SPECIES	Dendrocoptes medius (Linnaeus, 1758)	Dendrocoptes medius		CH	Etangs de Pré-Bordon	Genève	PRESENT	1	e2e717bf-551a-4917-bdc9-4fa0f342c530	46.25228	6.283451	NA	NA	NA	NA	NA	NA	2019-02-24	24	2	2019	8773033	8773033	HUMAN_OBSERVATION	CLO	EBIRD	OBS1494851859	NA		NA	CC_BY_4_0		obsr1683210	NA	NA	2026-09-02 06:27:43.511		CONTINENT_DERIVED_FROM_COORDINATES;TAXON_CONCEPT_ID_NOT_FOUND	EOD – eBird Observation Dataset	10.15468/aomfnb
815	2.1085529885481e-314	4fa7b334-ce0d-4e88-aaae-2e0c138d049e	URN:catalog:CLO:EBIRD:OBS1398712508	Animalia	Chordata	Aves	Piciformes	Picidae	Dendrocoptes	Dendrocoptes medius		SPECIES	Dendrocoptes medius (Linnaeus, 1758)	Dendrocoptes medius		CH	Hegmatten gesamt	Zürich	PRESENT	1	e2e717bf-551a-4917-bdc9-4fa0f342c530	47.51633	8.773683	NA	NA	NA	NA	NA	NA	2022-04-21	21	4	2022	8773033	8773033	HUMAN_OBSERVATION	CLO	EBIRD	OBS1398712508	NA		NA	CC_BY_4_0		obsr241514	NA	NA	2026-09-02 06:26:12.996		CONTINENT_DERIVED_FROM_COORDINATES;TAXON_CONCEPT_ID_NOT_FOUND	EOD – eBird Observation Dataset	10.15468/aomfnb
816	2.10743858247646e-314	4fa7b334-ce0d-4e88-aaae-2e0c138d049e	URN:catalog:CLO:EBIRD:OBS1603421304	Animalia	Chordata	Aves	Piciformes	Picidae	Dendrocoptes	Dendrocoptes medius		SPECIES	Dendrocoptes medius (Linnaeus, 1758)	Dendrocoptes medius		CH	Siblinger Randenturm	Schaffhausen	PRESENT	1	e2e717bf-551a-4917-bdc9-4fa0f342c530	47.721443	8.53419	NA	NA	NA	NA	NA	NA	2021-02-05	5	2	2021	8773033	8773033	HUMAN_OBSERVATION	CLO	EBIRD	OBS1603421304	NA		NA	CC_BY_4_0		obsr237944	NA	NA	2026-09-02 06:26:10.126		CONTINENT_DERIVED_FROM_COORDINATES;TAXON_CONCEPT_ID_NOT_FOUND	EOD – eBird Observation Dataset	10.15468/aomfnb
817	2.10075786189206e-314	4fa7b334-ce0d-4e88-aaae-2e0c138d049e	URN:catalog:CLO:EBIRD:OBS1590009359	Animalia	Chordata	Aves	Piciformes	Picidae	Dendrocoptes	Dendrocoptes medius		SPECIES	Dendrocoptes medius (Linnaeus, 1758)	Dendrocoptes medius		CH	Hollenweg, Witterswil CH-SO 47.48231, 7.52433	Solothurn	PRESENT	1	e2e717bf-551a-4917-bdc9-4fa0f342c530	47.48231	7.524333	NA	NA	NA	NA	NA	NA	2022-12-27	27	12	2022	8773033	8773033	HUMAN_OBSERVATION	CLO	EBIRD	OBS1590009359	NA		NA	CC_BY_4_0		obsr2893259	NA	NA	2026-09-02 06:27:05.23		CONTINENT_DERIVED_FROM_COORDINATES;TAXON_CONCEPT_ID_NOT_FOUND	EOD – eBird Observation Dataset	10.15468/aomfnb
818	2.10046932854302e-314	4fa7b334-ce0d-4e88-aaae-2e0c138d049e	URN:catalog:CLO:EBIRD:OBS1375696544	Animalia	Chordata	Aves	Piciformes	Picidae	Dendrocoptes	Dendrocoptes medius		SPECIES	Dendrocoptes medius (Linnaeus, 1758)	Dendrocoptes medius		CH	Oberhäusern- Uttwil	Thurgau	PRESENT	NA	e2e717bf-551a-4917-bdc9-4fa0f342c530	47.558216	9.335104	NA	NA	NA	NA	NA	NA	2022-03-26	26	3	2022	8773033	8773033	HUMAN_OBSERVATION	CLO	EBIRD	OBS1375696544	NA		NA	CC_BY_4_0		obsr1050046	NA	NA	2026-09-02 06:29:36.038		CONTINENT_DERIVED_FROM_COORDINATES;TAXON_CONCEPT_ID_NOT_FOUND	EOD – eBird Observation Dataset	10.15468/aomfnb
819	2.10011562645309e-314	4fa7b334-ce0d-4e88-aaae-2e0c138d049e	URN:catalog:CLO:EBIRD:OBS1381813404	Animalia	Chordata	Aves	Piciformes	Picidae	Dendrocoptes	Dendrocoptes medius		SPECIES	Dendrocoptes medius (Linnaeus, 1758)	Dendrocoptes medius		CH	Lange Erlen	Basel-Stadt	PRESENT	1	e2e717bf-551a-4917-bdc9-4fa0f342c530	47.57919	7.62846	NA	NA	NA	NA	NA	NA	2022-04-03	3	4	2022	8773033	8773033	HUMAN_OBSERVATION	CLO	EBIRD	OBS1381813404	NA		NA	CC_BY_4_0		obsr661304	NA	NA	2026-09-02 06:30:20.678		CONTINENT_DERIVED_FROM_COORDINATES;TAXON_CONCEPT_ID_NOT_FOUND	EOD – eBird Observation Dataset	10.15468/aomfnb
820	2.09873117151042e-314	4fa7b334-ce0d-4e88-aaae-2e0c138d049e	URN:catalog:CLO:EBIRD:OBS1376252225	Animalia	Chordata	Aves	Piciformes	Picidae	Dendrocoptes	Dendrocoptes medius		SPECIES	Dendrocoptes medius (Linnaeus, 1758)	Dendrocoptes medius		CH	24 Spitalstrasse, Bülach, Zürich, CH (47.524, 8.532)	Zürich	PRESENT	NA	e2e717bf-551a-4917-bdc9-4fa0f342c530	47.523746	8.531737	NA	NA	NA	NA	NA	NA	2022-03-27	27	3	2022	8773033	8773033	HUMAN_OBSERVATION	CLO	EBIRD	OBS1376252225	NA		NA	CC_BY_4_0		obsr1318952	NA	NA	2026-09-02 06:27:14.511		CONTINENT_DERIVED_FROM_COORDINATES;TAXON_CONCEPT_ID_NOT_FOUND	EOD – eBird Observation Dataset	10.15468/aomfnb
821	2.09783914932662e-314	4fa7b334-ce0d-4e88-aaae-2e0c138d049e	URN:catalog:CLO:EBIRD:OBS1564217011	Animalia	Chordata	Aves	Piciformes	Picidae	Dendrocoptes	Dendrocoptes medius		SPECIES	Dendrocoptes medius (Linnaeus, 1758)	Dendrocoptes medius		CH	Zugvogelspot Rodersdorf	Solothurn	PRESENT	1	e2e717bf-551a-4917-bdc9-4fa0f342c530	47.48342	7.455491	NA	NA	NA	NA	NA	NA	2022-08-21	21	8	2022	8773033	8773033	HUMAN_OBSERVATION	CLO	EBIRD	OBS1564217011	NA		NA	CC_BY_4_0		obsr1473378	NA	NA	2026-09-02 06:29:32.806		CONTINENT_DERIVED_FROM_COORDINATES;TAXON_CONCEPT_ID_NOT_FOUND	EOD – eBird Observation Dataset	10.15468/aomfnb
822	2.09587893350137e-314	4fa7b334-ce0d-4e88-aaae-2e0c138d049e	URN:catalog:CLO:EBIRD:OBS1494851860	Animalia	Chordata	Aves	Piciformes	Picidae	Dendrocoptes	Dendrocoptes medius		SPECIES	Dendrocoptes medius (Linnaeus, 1758)	Dendrocoptes medius		CH	Bois de Jussy	Genève	PRESENT	1	e2e717bf-551a-4917-bdc9-4fa0f342c530	46.25385	6.291687	NA	NA	NA	NA	NA	NA	2019-02-24	24	2	2019	8773033	8773033	HUMAN_OBSERVATION	CLO	EBIRD	OBS1494851860	NA		NA	CC_BY_4_0		obsr1683210	NA	NA	2026-09-02 06:31:30.565		CONTINENT_DERIVED_FROM_COORDINATES;TAXON_CONCEPT_ID_NOT_FOUND	EOD – eBird Observation Dataset	10.15468/aomfnb
823	2.09555279978042e-314	4fa7b334-ce0d-4e88-aaae-2e0c138d049e	URN:catalog:CLO:EBIRD:OBS1653655561	Animalia	Chordata	Aves	Piciformes	Picidae	Dendrocoptes	Dendrocoptes medius		SPECIES	Dendrocoptes medius (Linnaeus, 1758)	Dendrocoptes medius		CH	Founex	Vaud	PRESENT	1	e2e717bf-551a-4917-bdc9-4fa0f342c530	46.34802	6.192395	NA	NA	NA	NA	NA	NA	2012-03-08	8	3	2012	8773033	8773033	HUMAN_OBSERVATION	CLO	EBIRD	OBS1653655561	NA		NA	CC_BY_4_0		obsr3567280	NA	NA	2026-09-02 06:30:34.622		CONTINENT_DERIVED_FROM_COORDINATES;TAXON_CONCEPT_ID_NOT_FOUND	EOD – eBird Observation Dataset	10.15468/aomfnb
824	2.09453040009554e-314	4fa7b334-ce0d-4e88-aaae-2e0c138d049e	URN:catalog:CLO:EBIRD:OBS1555802314	Animalia	Chordata	Aves	Piciformes	Picidae	Dendrocoptes	Dendrocoptes medius		SPECIES	Dendrocoptes medius (Linnaeus, 1758)	Dendrocoptes medius		CH	Oerlinger Ried	Zürich	PRESENT	1	e2e717bf-551a-4917-bdc9-4fa0f342c530	47.623898	8.685164	NA	NA	NA	NA	NA	NA	2022-11-06	6	11	2022	8773033	8773033	HUMAN_OBSERVATION	CLO	EBIRD	OBS1555802314	NA		NA	CC_BY_4_0		obsr1938466	NA	NA	2026-09-02 06:26:04.019		CONTINENT_DERIVED_FROM_COORDINATES;TAXON_CONCEPT_ID_NOT_FOUND	EOD – eBird Observation Dataset	10.15468/aomfnb
825	2.09451557022111e-314	4fa7b334-ce0d-4e88-aaae-2e0c138d049e	URN:catalog:CLO:EBIRD:OBS1548364426	Animalia	Chordata	Aves	Piciformes	Picidae	Dendrocoptes	Dendrocoptes medius		SPECIES	Dendrocoptes medius (Linnaeus, 1758)	Dendrocoptes medius		CH	Campagne Genevoise et Rhone Genevois, Genève, CH (46,172, 6,02)	Genève	PRESENT	1	e2e717bf-551a-4917-bdc9-4fa0f342c530	46.171894	6.020168	NA	NA	NA	NA	NA	NA	2022-08-20	20	8	2022	8773033	8773033	HUMAN_OBSERVATION	CLO	EBIRD	OBS1548364426	NA		NA	CC_BY_4_0		obsr310569	NA	NA	2026-09-02 06:28:00.774		CONTINENT_DERIVED_FROM_COORDINATES;TAXON_CONCEPT_ID_NOT_FOUND	EOD – eBird Observation Dataset	10.15468/aomfnb
826	2.09388517654755e-314	4fa7b334-ce0d-4e88-aaae-2e0c138d049e	URN:catalog:CLO:EBIRD:OBS1598038791	Animalia	Chordata	Aves	Piciformes	Picidae	Dendrocoptes	Dendrocoptes medius		SPECIES	Dendrocoptes medius (Linnaeus, 1758)	Dendrocoptes medius		CH	Schüppelwise & Feuchtgebiet	Schaffhausen	PRESENT	1	e2e717bf-551a-4917-bdc9-4fa0f342c530	47.72363	8.806496	NA	NA	NA	NA	NA	NA	2010-04-25	25	4	2010	8773033	8773033	HUMAN_OBSERVATION	CLO	EBIRD	OBS1598038791	NA		NA	CC_BY_4_0		obsr237944	NA	NA	2026-09-02 06:31:16.324		CONTINENT_DERIVED_FROM_COORDINATES;TAXON_CONCEPT_ID_NOT_FOUND	EOD – eBird Observation Dataset	10.15468/aomfnb
827	2.09197377934876e-314	4fa7b334-ce0d-4e88-aaae-2e0c138d049e	URN:catalog:CLO:EBIRD:OBS1356756803	Animalia	Chordata	Aves	Piciformes	Picidae	Dendrocoptes	Dendrocoptes medius		SPECIES	Dendrocoptes medius (Linnaeus, 1758)	Dendrocoptes medius		CH	Observatoire de Planfonds	Genève	PRESENT	2	e2e717bf-551a-4917-bdc9-4fa0f342c530	46.1994	6.070919	NA	NA	NA	NA	NA	NA	2022-03-03	3	3	2022	8773033	8773033	HUMAN_OBSERVATION	CLO	EBIRD	OBS1356756803	NA		NA	CC_BY_4_0		obsr418529	NA	NA	2026-09-02 06:25:26.736		COORDINATE_ROUNDED;CONTINENT_DERIVED_FROM_COORDINATES;TAXON_CONCEPT_ID_NOT_FOUND	EOD – eBird Observation Dataset	10.15468/aomfnb
828	2.09197221019627e-314	4fa7b334-ce0d-4e88-aaae-2e0c138d049e	URN:catalog:CLO:EBIRD:OBS1362755354	Animalia	Chordata	Aves	Piciformes	Picidae	Dendrocoptes	Dendrocoptes medius		SPECIES	Dendrocoptes medius (Linnaeus, 1758)	Dendrocoptes medius		CH	4922, Thunstetten CH-Bern (47.1983,7.7646)	Bern	PRESENT	1	e2e717bf-551a-4917-bdc9-4fa0f342c530	47.198277	7.764609	NA	NA	NA	NA	NA	NA	2022-03-11	11	3	2022	8773033	8773033	HUMAN_OBSERVATION	CLO	EBIRD	OBS1362755354	NA		NA	CC_BY_4_0		obsr551346	NA	NA	2026-09-02 06:26:09.087		CONTINENT_DERIVED_FROM_COORDINATES;TAXON_CONCEPT_ID_NOT_FOUND	EOD – eBird Observation Dataset	10.15468/aomfnb
829	2.088538554253e-314	4fa7b334-ce0d-4e88-aaae-2e0c138d049e	URN:catalog:CLO:EBIRD:OBS1557337330	Animalia	Chordata	Aves	Piciformes	Picidae	Dendrocoptes	Dendrocoptes medius		SPECIES	Dendrocoptes medius (Linnaeus, 1758)	Dendrocoptes medius		CH	Waatelen	Schaffhausen	PRESENT	1	e2e717bf-551a-4917-bdc9-4fa0f342c530	47.69441	8.441019	NA	NA	NA	NA	NA	NA	2022-11-08	8	11	2022	8773033	8773033	HUMAN_OBSERVATION	CLO	EBIRD	OBS1557337330	NA		NA	CC_BY_4_0		obsr457108	NA	NA	2026-09-02 06:31:15.311		CONTINENT_DERIVED_FROM_COORDINATES;TAXON_CONCEPT_ID_NOT_FOUND	EOD – eBird Observation Dataset	10.15468/aomfnb
830	2.0883594954757e-314	4fa7b334-ce0d-4e88-aaae-2e0c138d049e	URN:catalog:CLO:EBIRD:OBS1362132704	Animalia	Chordata	Aves	Piciformes	Picidae	Dendrocoptes	Dendrocoptes medius		SPECIES	Dendrocoptes medius (Linnaeus, 1758)	Dendrocoptes medius		CH	Erlenparkweg, Basel, Basel-Stadt, CH (47.575, 7.614)	Basel-Stadt	PRESENT	2	e2e717bf-551a-4917-bdc9-4fa0f342c530	47.574886	7.614123	NA	NA	NA	NA	NA	NA	2022-03-10	10	3	2022	8773033	8773033	HUMAN_OBSERVATION	CLO	EBIRD	OBS1362132704	NA		NA	CC_BY_4_0		obsr3012728	NA	NA	2026-09-02 06:27:08.546		CONTINENT_DERIVED_FROM_COORDINATES;TAXON_CONCEPT_ID_NOT_FOUND	EOD – eBird Observation Dataset	10.15468/aomfnb
831	2.08779697011771e-314	4fa7b334-ce0d-4e88-aaae-2e0c138d049e	URN:catalog:CLO:EBIRD:OBS1374522495	Animalia	Chordata	Aves	Piciformes	Picidae	Dendrocoptes	Dendrocoptes medius		SPECIES	Dendrocoptes medius (Linnaeus, 1758)	Dendrocoptes medius		CH	Jurapark, Neustalden	Aargau	PRESENT	1	e2e717bf-551a-4917-bdc9-4fa0f342c530	47.48202	8.142534	NA	NA	NA	NA	NA	NA	2022-03-06	6	3	2022	8773033	8773033	HUMAN_OBSERVATION	CLO	EBIRD	OBS1374522495	NA		NA	CC_BY_4_0		obsr1591239	NA	NA	2026-09-02 06:28:23.541		CONTINENT_DERIVED_FROM_COORDINATES;TAXON_CONCEPT_ID_NOT_FOUND	EOD – eBird Observation Dataset	10.15468/aomfnb
832	2.08701199911366e-314	4fa7b334-ce0d-4e88-aaae-2e0c138d049e	URN:catalog:CLO:EBIRD:OBS1379821370	Animalia	Chordata	Aves	Piciformes	Picidae	Dendrocoptes	Dendrocoptes medius		SPECIES	Dendrocoptes medius (Linnaeus, 1758)	Dendrocoptes medius		CH	Sonnenberg	Zürich	PRESENT	1	e2e717bf-551a-4917-bdc9-4fa0f342c530	47.36668	8.569191	NA	NA	NA	NA	NA	NA	2022-04-01	1	4	2022	8773033	8773033	HUMAN_OBSERVATION	CLO	EBIRD	OBS1379821370	NA		NA	CC_BY_4_0		obsr2944528	NA	NA	2026-09-02 06:29:07.827		CONTINENT_DERIVED_FROM_COORDINATES;TAXON_CONCEPT_ID_NOT_FOUND	EOD – eBird Observation Dataset	10.15468/aomfnb
833	2.08222886165259e-314	4fa7b334-ce0d-4e88-aaae-2e0c138d049e	URN:catalog:CLO:EBIRD:OBS1598034668	Animalia	Chordata	Aves	Piciformes	Picidae	Dendrocoptes	Dendrocoptes medius		SPECIES	Dendrocoptes medius (Linnaeus, 1758)	Dendrocoptes medius		CH	Schaffhausen / Hohlenbaum-Hauental	Schaffhausen	PRESENT	1	e2e717bf-551a-4917-bdc9-4fa0f342c530	47.714115	8.617966	NA	NA	NA	NA	NA	NA	2010-03-28	28	3	2010	8773033	8773033	HUMAN_OBSERVATION	CLO	EBIRD	OBS1598034668	NA		NA	CC_BY_4_0		obsr237944	NA	NA	2026-09-02 06:31:50.752		CONTINENT_DERIVED_FROM_COORDINATES;TAXON_CONCEPT_ID_NOT_FOUND	EOD – eBird Observation Dataset	10.15468/aomfnb
834	2.07609829304614e-314	4fa7b334-ce0d-4e88-aaae-2e0c138d049e	URN:catalog:CLO:EBIRD:OBS1603677277	Animalia	Chordata	Aves	Piciformes	Picidae	Dendrocoptes	Dendrocoptes medius		SPECIES	Dendrocoptes medius (Linnaeus, 1758)	Dendrocoptes medius		CH	Kundelfingerhof	Thurgau	PRESENT	1	e2e717bf-551a-4917-bdc9-4fa0f342c530	47.677166	8.710368	NA	NA	NA	NA	NA	NA	2013-03-29	29	3	2013	8773033	8773033	HUMAN_OBSERVATION	CLO	EBIRD	OBS1603677277	NA		NA	CC_BY_4_0		obsr237944	NA	NA	2026-09-02 06:25:44.107		CONTINENT_DERIVED_FROM_COORDINATES;TAXON_CONCEPT_ID_NOT_FOUND	EOD – eBird Observation Dataset	10.15468/aomfnb
835	2.07370940956239e-314	4fa7b334-ce0d-4e88-aaae-2e0c138d049e	URN:catalog:CLO:EBIRD:OBS1322665215	Animalia	Chordata	Aves	Piciformes	Picidae	Dendrocoptes	Dendrocoptes medius		SPECIES	Dendrocoptes medius (Linnaeus, 1758)	Dendrocoptes medius		CH	Niederriedstausee	Bern	PRESENT	1	e2e717bf-551a-4917-bdc9-4fa0f342c530	46.996384	7.243488	NA	NA	NA	NA	NA	NA	2022-01-20	20	1	2022	8773033	8773033	HUMAN_OBSERVATION	CLO	EBIRD	OBS1322665215	NA		NA	CC_BY_4_0		obsr1136389	NA	NA	2026-09-02 06:30:34.198		CONTINENT_DERIVED_FROM_COORDINATES;TAXON_CONCEPT_ID_NOT_FOUND	EOD – eBird Observation Dataset	10.15468/aomfnb
836	2.07364710541412e-314	4fa7b334-ce0d-4e88-aaae-2e0c138d049e	URN:catalog:CLO:EBIRD:OBS1340307029	Animalia	Chordata	Aves	Piciformes	Picidae	Dendrocoptes	Dendrocoptes medius		SPECIES	Dendrocoptes medius (Linnaeus, 1758)	Dendrocoptes medius		CH	Chalhöchi	Basel-Landschaft	PRESENT	1	e2e717bf-551a-4917-bdc9-4fa0f342c530	47.452595	7.451815	NA	NA	NA	NA	NA	NA	2022-02-12	12	2	2022	8773033	8773033	HUMAN_OBSERVATION	CLO	EBIRD	OBS1340307029	NA		NA	CC_BY_4_0		obsr1473378	NA	NA	2026-09-02 06:26:28.06		CONTINENT_DERIVED_FROM_COORDINATES;TAXON_CONCEPT_ID_NOT_FOUND	EOD – eBird Observation Dataset	10.15468/aomfnb
837	2.07107757670828e-314	4fa7b334-ce0d-4e88-aaae-2e0c138d049e	URN:catalog:CLO:EBIRD:OBS1570457191	Animalia	Chordata	Aves	Piciformes	Picidae	Dendrocoptes	Dendrocoptes medius		SPECIES	Dendrocoptes medius (Linnaeus, 1758)	Dendrocoptes medius		CH	Aaredelta, Hagneck CH-Bern 47.06273, 7.18460	Bern	PRESENT	1	e2e717bf-551a-4917-bdc9-4fa0f342c530	47.062733	7.184599	NA	NA	NA	NA	NA	NA	2022-11-27	27	11	2022	8773033	8773033	HUMAN_OBSERVATION	CLO	EBIRD	OBS1570457191	NA		NA	CC_BY_4_0		obsr1622687	NA	NA	2026-09-02 06:27:30.646		CONTINENT_DERIVED_FROM_COORDINATES;TAXON_CONCEPT_ID_NOT_FOUND	EOD – eBird Observation Dataset	10.15468/aomfnb
838	2.07088484169984e-314	4fa7b334-ce0d-4e88-aaae-2e0c138d049e	URN:catalog:CLO:EBIRD:OBS1428023077	Animalia	Chordata	Aves	Piciformes	Picidae	Dendrocoptes	Dendrocoptes medius		SPECIES	Dendrocoptes medius (Linnaeus, 1758)	Dendrocoptes medius		CH	Neuer Teich Bach	Basel-Stadt	PRESENT	3	e2e717bf-551a-4917-bdc9-4fa0f342c530	47.584457	7.638888	NA	NA	NA	NA	NA	NA	2022-05-14	14	5	2022	8773033	8773033	HUMAN_OBSERVATION	CLO	EBIRD	OBS1428023077	NA		NA	CC_BY_4_0		obsr1794002	NA	NA	2026-09-02 06:32:33.818		COORDINATE_ROUNDED;CONTINENT_DERIVED_FROM_COORDINATES;TAXON_CONCEPT_ID_NOT_FOUND	EOD – eBird Observation Dataset	10.15468/aomfnb
839	2.07083111700151e-314	4fa7b334-ce0d-4e88-aaae-2e0c138d049e	URN:catalog:CLO:EBIRD:OBS1532723025	Animalia	Chordata	Aves	Piciformes	Picidae	Dendrocoptes	Dendrocoptes medius		SPECIES	Dendrocoptes medius (Linnaeus, 1758)	Dendrocoptes medius		CH	Heurütiweiher	Zürich	PRESENT	1	e2e717bf-551a-4917-bdc9-4fa0f342c530	47.472862	8.863877	NA	NA	NA	NA	NA	NA	2022-10-05	5	10	2022	8773033	8773033	HUMAN_OBSERVATION	CLO	EBIRD	OBS1532723025	NA		NA	CC_BY_4_0		obsr2723895	NA	NA	2026-09-02 06:32:37.19		CONTINENT_DERIVED_FROM_COORDINATES;TAXON_CONCEPT_ID_NOT_FOUND	EOD – eBird Observation Dataset	10.15468/aomfnb
840	2.06947791319313e-314	4fa7b334-ce0d-4e88-aaae-2e0c138d049e	URN:catalog:CLO:EBIRD:OBS1501685993	Animalia	Chordata	Aves	Piciformes	Picidae	Dendrocoptes	Dendrocoptes medius		SPECIES	Dendrocoptes medius (Linnaeus, 1758)	Dendrocoptes medius		CH	Strandweg 9a, Täuffelen CH-Bern 47.07722, 7.19598	Bern	PRESENT	1	e2e717bf-551a-4917-bdc9-4fa0f342c530	47.077225	7.195977	NA	NA	NA	NA	NA	NA	2022-08-20	20	8	2022	8773033	8773033	HUMAN_OBSERVATION	CLO	EBIRD	OBS1501685993	NA		NA	CC_BY_4_0		obsr1540565	NA	NA	2026-09-02 06:32:30.568		CONTINENT_DERIVED_FROM_COORDINATES;TAXON_CONCEPT_ID_NOT_FOUND	EOD – eBird Observation Dataset	10.15468/aomfnb
841	2.06818973978725e-314	4fa7b334-ce0d-4e88-aaae-2e0c138d049e	URN:catalog:CLO:EBIRD:OBS1526003070	Animalia	Chordata	Aves	Piciformes	Picidae	Dendrocoptes	Dendrocoptes medius		SPECIES	Dendrocoptes medius (Linnaeus, 1758)	Dendrocoptes medius		CH	Seetaucherstrecke--Güttingen	Thurgau	PRESENT	1	e2e717bf-551a-4917-bdc9-4fa0f342c530	47.611256	9.296643	NA	NA	NA	NA	NA	NA	2019-11-20	20	11	2019	8773033	8773033	HUMAN_OBSERVATION	CLO	EBIRD	OBS1526003070	NA		NA	CC_BY_4_0		obsr1540565	NA	NA	2026-09-02 06:32:37.184		CONTINENT_DERIVED_FROM_COORDINATES;TAXON_CONCEPT_ID_NOT_FOUND	EOD – eBird Observation Dataset	10.15468/aomfnb
842	2.0681135686985e-314	4fa7b334-ce0d-4e88-aaae-2e0c138d049e	URN:catalog:CLO:EBIRD:OBS1325936086	Animalia	Chordata	Aves	Piciformes	Picidae	Dendrocoptes	Dendrocoptes medius		SPECIES	Dendrocoptes medius (Linnaeus, 1758)	Dendrocoptes medius		CH	Ermatinger Becken--Triboltingen	Thurgau	PRESENT	1	e2e717bf-551a-4917-bdc9-4fa0f342c530	47.666107	9.11033	NA	NA	NA	NA	NA	NA	2022-01-24	24	1	2022	8773033	8773033	HUMAN_OBSERVATION	CLO	EBIRD	OBS1325936086	NA		NA	CC_BY_4_0		obsr1109461	NA	NA	2026-09-02 06:32:36.186		CONTINENT_DERIVED_FROM_COORDINATES;TAXON_CONCEPT_ID_NOT_FOUND	EOD – eBird Observation Dataset	10.15468/aomfnb
843	2.06790788126509e-314	4fa7b334-ce0d-4e88-aaae-2e0c138d049e	URN:catalog:CLO:EBIRD:OBS1313396437	Animalia	Chordata	Aves	Piciformes	Picidae	Dendrocoptes	Dendrocoptes medius		SPECIES	Dendrocoptes medius (Linnaeus, 1758)	Dendrocoptes medius		CH	Flüh	Solothurn	PRESENT	1	e2e717bf-551a-4917-bdc9-4fa0f342c530	47.48894	7.502171	NA	NA	NA	NA	NA	NA	2022-01-08	8	1	2022	8773033	8773033	HUMAN_OBSERVATION	CLO	EBIRD	OBS1313396437	NA		NA	CC_BY_4_0		obsr2893259	NA	NA	2026-09-02 06:32:41.121		CONTINENT_DERIVED_FROM_COORDINATES;TAXON_CONCEPT_ID_NOT_FOUND	EOD – eBird Observation Dataset	10.15468/aomfnb
844	2.05457617543717e-314	8a863029-f435-446a-821e-275f4f641165	https://observation.org/observation/267674652	Animalia	Chordata	Aves	Piciformes	Picidae	Dendrocoptes	Dendrocoptes medius		SPECIES	Dendrocoptes medius (Linnaeus, 1758)	Dendrocoptes medius		CH	Basel-Landschaft (BL)	Basel-Landschaft (BL)	PRESENT	1	c8d737e0-2ff8-42e8-b8fc-6b805d26fc5f	47.5	7.65	1000	NA	NA	NA	NA	NA	2023-04-14	14	4	2023	8773033	8773033	HUMAN_OBSERVATION				NA		NA	CC_BY_NC_4_0	Stichting Observation International	User 101918	NA	NA	2026-09-01 17:41:53.095			Observation.org, Nature data from around the World	10.15468/5nilie
845	2.00494516127673e-314	8a863029-f435-446a-821e-275f4f641165	https://observation.org/observation/263467734	Animalia	Chordata	Aves	Piciformes	Picidae	Dendrocoptes	Dendrocoptes medius		SPECIES	Dendrocoptes medius (Linnaeus, 1758)	Dendrocoptes medius		CH	Basel (Gemeinde)	Basel-Landschaft (BL)	PRESENT	2	c8d737e0-2ff8-42e8-b8fc-6b805d26fc5f	47.5301	7.53905	11	NA	NA	NA	NA	NA	2023-02-11	11	2	2023	8773033	8773033	HUMAN_OBSERVATION				NA		NA	CC_BY_NC_4_0	Stichting Observation International	User 150986	NA	NA	2026-09-01 17:40:17.643			Observation.org, Nature data from around the World	10.15468/5nilie
846	2.00340268734229e-314	50c9509d-22c7-4a22-a47d-8c48425ef4a7	https://www.inaturalist.org/observations/150400294	Animalia	Chordata	Aves	Piciformes	Picidae	Dendrocoptes	Dendrocoptes medius		SPECIES	Dendrocoptes medius (Linnaeus, 1758)	Dendrocoptes medius		CH		Aargau	PRESENT	NA	28eb1a3f-1c15-4a95-931a-4af90ecb574d	47.292027	8.339207	NA	NA	NA	NA	NA	NA	2023-03-05T13:10	5	3	2023	8773033	8773033	HUMAN_OBSERVATION	iNaturalist	Observations	150400294	NA	ferast	2023-03-06 11:30:25	CC_BY_NC_4_0	ferast	ferast	NA	NA	2026-09-11 06:09:00.895	StillImage	COORDINATE_ROUNDED;CONTINENT_DERIVED_FROM_COORDINATES;TAXON_ID_NOT_FOUND	iNaturalist Research-grade Observations	10.15468/ab3s5x
847	1.99342874304565e-314	50c9509d-22c7-4a22-a47d-8c48425ef4a7	https://www.inaturalist.org/observations/148238549	Animalia	Chordata	Aves	Piciformes	Picidae	Dendrocoptes	Dendrocoptes medius		SPECIES	Dendrocoptes medius (Linnaeus, 1758)	Dendrocoptes medius		CH		Basel-Stadt	PRESENT	NA	28eb1a3f-1c15-4a95-931a-4af90ecb574d	47.572197	7.614858	12	NA	NA	NA	NA	NA	2023-02-07T09:48	7	2	2023	8773033	8773033	HUMAN_OBSERVATION	iNaturalist	Observations	148238549	NA	Romain Dupraz	2023-02-07 20:07:15	CC_BY_NC_4_0	vassk	vassk	NA	NA	2026-09-11 05:28:15.266	StillImage	COORDINATE_ROUNDED;CONTINENT_DERIVED_FROM_COORDINATES;TAXON_ID_NOT_FOUND	iNaturalist Research-grade Observations	10.15468/ab3s5x
848	1.97497779085032e-314	8a863029-f435-446a-821e-275f4f641165	https://observation.org/observation/254693094	Animalia	Chordata	Aves	Piciformes	Picidae	Dendrocoptes	Dendrocoptes medius		SPECIES	Dendrocoptes medius (Linnaeus, 1758)	Dendrocoptes medius		CH	Basel-Landschaft (BL)	Basel-Landschaft (BL)	PRESENT	1	c8d737e0-2ff8-42e8-b8fc-6b805d26fc5f	47.46138	7.576344	38	NA	NA	NA	NA	NA	2022-09-12	12	9	2022	8773033	8773033	HUMAN_OBSERVATION				NA		NA	CC_BY_NC_4_0	Stichting Observation International	User 150986	NA	NA	2026-09-01 17:29:38.434	StillImage		Observation.org, Nature data from around the World	10.15468/5nilie
849	1.97481566073831e-314	8a863029-f435-446a-821e-275f4f641165	https://observation.org/observation/259791458	Animalia	Chordata	Aves	Piciformes	Picidae	Dendrocoptes	Dendrocoptes medius		SPECIES	Dendrocoptes medius (Linnaeus, 1758)	Dendrocoptes medius		CH	Solothurn (SO)	Solothurn (SO)	PRESENT	1	c8d737e0-2ff8-42e8-b8fc-6b805d26fc5f	47.388199	7.529175	5	NA	NA	NA	NA	NA	2022-06-22	22	6	2022	8773033	8773033	HUMAN_OBSERVATION				NA		NA	CC_BY_NC_4_0	Stichting Observation International	User 204854	NA	NA	2026-09-01 17:40:40.492			Observation.org, Nature data from around the World	10.15468/5nilie
850	1.92865421516481e-314	50c9509d-22c7-4a22-a47d-8c48425ef4a7	https://www.inaturalist.org/observations/134045460	Animalia	Chordata	Aves	Piciformes	Picidae	Dendrocoptes	Dendrocoptes medius		SPECIES	Dendrocoptes medius (Linnaeus, 1758)	Dendrocoptes medius		CH		Basel-Stadt	PRESENT	NA	28eb1a3f-1c15-4a95-931a-4af90ecb574d	47.551491	7.606502	NA	NA	NA	NA	NA	NA	2022-09-07T15:19	7	9	2022	8773033	8773033	HUMAN_OBSERVATION	iNaturalist	Observations	134045460	NA	Codrin Bucur	2022-09-07 15:17:19	CC_BY_4_0	Codrin Bucur	Codrin Bucur	NA	NA	2026-09-11 05:12:44.629	StillImage	COORDINATE_ROUNDED;CONTINENT_DERIVED_FROM_COORDINATES;TAXON_ID_NOT_FOUND	iNaturalist Research-grade Observations	10.15468/ab3s5x
851	1.9284570572807e-314	50c9509d-22c7-4a22-a47d-8c48425ef4a7	https://www.inaturalist.org/observations/133338950	Animalia	Chordata	Aves	Piciformes	Picidae	Dendrocoptes	Dendrocoptes medius		SPECIES	Dendrocoptes medius (Linnaeus, 1758)	Dendrocoptes medius		CH		Basel-Landschaft	PRESENT	NA	28eb1a3f-1c15-4a95-931a-4af90ecb574d	47.40127	7.515645	1137	NA	NA	NA	NA	NA	2021-12-30T14:54	30	12	2021	8773033	8773033	HUMAN_OBSERVATION	iNaturalist	Observations	133338950	NA	Maryse	2022-09-02 14:57:27	CC_BY_NC_4_0	Maryse	Maryse	NA	NA	2026-09-11 05:44:28.923	StillImage	COORDINATE_ROUNDED;CONTINENT_DERIVED_FROM_COORDINATES;TAXON_ID_NOT_FOUND	iNaturalist Research-grade Observations	10.15468/ab3s5x
852	1.88419227982095e-314	b1047888-ae52-4179-9dd5-5448ea342a24	https://data.biodiversitydata.nl/xeno-canto/observation/XC729636	Animalia	Chordata	Aves	Piciformes	Picidae	Dendrocoptes	Dendrocoptes medius		SPECIES	Dendrocoptes medius (Linnaeus, 1758)	Dendrocoptes medius		CH	Reinach, Arlesheim, Basel-Landschaft		PRESENT	NA	1f00d75c-f6fc-4224-a595-975e82d7689c	47.5073	7.5832	NA	NA	NA	NA	NA	NA	2022-06-06	6	6	2022	8773033	8773033	HUMAN_OBSERVATION		Wildlife sounds - Birds	XC729636	NA		NA	CC_BY_NC_4_0	Peter Ertl	Peter Ertl	NA	NA	2026-09-09 21:22:55.395	StillImage;Sound	CONTINENT_DERIVED_FROM_COORDINATES	Xeno-canto - Bird sounds from around the world	10.15468/qv0ksn
853	1.85138132148683e-314	50c9509d-22c7-4a22-a47d-8c48425ef4a7	https://www.inaturalist.org/observations/108969767	Animalia	Chordata	Aves	Piciformes	Picidae	Dendrocoptes	Dendrocoptes medius		SPECIES	Dendrocoptes medius (Linnaeus, 1758)	Dendrocoptes medius		CH		Basel-Landschaft	PRESENT	NA	28eb1a3f-1c15-4a95-931a-4af90ecb574d	47.517806	7.635282	91	NA	NA	NA	NA	NA	2022-03-19T12:16:16	19	3	2022	8773033	8773033	HUMAN_OBSERVATION	iNaturalist	Observations	108969767	NA	michel_kilcher	2022-03-19 18:17:32	CC_BY_NC_4_0	michel_kilcher	michel_kilcher	NA	NA	2026-09-11 05:27:15.261	StillImage	COORDINATE_ROUNDED;CONTINENT_DERIVED_FROM_COORDINATES;TAXON_ID_NOT_FOUND	iNaturalist Research-grade Observations	10.15468/ab3s5x
854	1.85131490967678e-314	50c9509d-22c7-4a22-a47d-8c48425ef4a7	https://www.inaturalist.org/observations/109215777	Animalia	Chordata	Aves	Piciformes	Picidae	Dendrocoptes	Dendrocoptes medius		SPECIES	Dendrocoptes medius (Linnaeus, 1758)	Dendrocoptes medius		CH		Aargau	PRESENT	NA	28eb1a3f-1c15-4a95-931a-4af90ecb574d	47.52997	7.791503	4	NA	NA	NA	NA	NA	2022-03-05T12:45:27	5	3	2022	8773033	8773033	HUMAN_OBSERVATION	iNaturalist	Observations	109215777	NA	tomas_kay	2022-03-22 11:07:57	CC_BY_4_0	tomas_kay	tomas_kay	NA	NA	2026-09-11 05:11:44.43	StillImage	COORDINATE_ROUNDED;CONTINENT_DERIVED_FROM_COORDINATES;TAXON_ID_NOT_FOUND	iNaturalist Research-grade Observations	10.15468/ab3s5x
855	1.84440645447358e-314	8a863029-f435-446a-821e-275f4f641165	https://observation.org/observation/228317455	Animalia	Chordata	Aves	Piciformes	Picidae	Dendrocoptes	Dendrocoptes medius		SPECIES	Dendrocoptes medius (Linnaeus, 1758)	Dendrocoptes medius		CH	NimS Perimeter	Zürich (ZH)	PRESENT	1	c8d737e0-2ff8-42e8-b8fc-6b805d26fc5f	47.358322	8.56762	15	NA	NA	NA	NA	NA	2021-10-26	26	10	2021	8773033	8773033	HUMAN_OBSERVATION				NA		NA	CC_BY_NC_4_0	Stichting Observation International	User 105699	NA	NA	2026-09-01 17:24:32.994			Observation.org, Nature data from around the World	10.15468/5nilie
856	1.83900181800276e-314	8a863029-f435-446a-821e-275f4f641165	https://observation.org/observation/222475058	Animalia	Chordata	Aves	Piciformes	Picidae	Dendrocoptes	Dendrocoptes medius		SPECIES	Dendrocoptes medius (Linnaeus, 1758)	Dendrocoptes medius		CH	NimS Perimeter	Zürich (ZH)	PRESENT	1	c8d737e0-2ff8-42e8-b8fc-6b805d26fc5f	47.353408	8.567514	10	NA	NA	NA	NA	NA	2021-08-09	9	8	2021	8773033	8773033	HUMAN_OBSERVATION				NA		NA	CC_BY_NC_4_0	Stichting Observation International	User 105699	NA	NA	2026-09-01 17:44:14.689			Observation.org, Nature data from around the World	10.15468/5nilie
857	1.83077049511591e-314	50c9509d-22c7-4a22-a47d-8c48425ef4a7	https://www.inaturalist.org/observations/107592864	Animalia	Chordata	Aves	Piciformes	Picidae	Dendrocoptes	Dendrocoptes medius		SPECIES	Dendrocoptes medius (Linnaeus, 1758)	Dendrocoptes medius		CH		Basel-Landschaft	PRESENT	NA	28eb1a3f-1c15-4a95-931a-4af90ecb574d	47.434311	7.877553	NA	NA	NA	NA	NA	NA	2022-02-19T15:14	19	2	2022	8773033	8773033	HUMAN_OBSERVATION	iNaturalist	Observations	107592864	NA	Romain Dupraz	2022-02-28 06:01:40	CC_BY_4_0	Codrin Bucur	Codrin Bucur	NA	NA	2026-09-11 05:11:27.015	StillImage	COORDINATE_ROUNDED;CONTINENT_DERIVED_FROM_COORDINATES;TAXON_ID_NOT_FOUND	iNaturalist Research-grade Observations	10.15468/ab3s5x
858	1.82718659973852e-314	50c9509d-22c7-4a22-a47d-8c48425ef4a7	https://www.inaturalist.org/observations/107277293	Animalia	Chordata	Aves	Piciformes	Picidae	Dendrocoptes	Dendrocoptes medius		SPECIES	Dendrocoptes medius (Linnaeus, 1758)	Dendrocoptes medius		CH		Genève	PRESENT	NA	28eb1a3f-1c15-4a95-931a-4af90ecb574d	46.285974	6.131277	3338	NA	NA	NA	NA	NA	2022-02-22T18:28	22	2	2022	8773033	8773033	HUMAN_OBSERVATION	iNaturalist	Observations	107277293	NA	adri13114	2022-02-22 21:46:10	CC_BY_NC_4_0	adri13114	adri13114	NA	NA	2026-09-11 05:27:12.05	StillImage	COORDINATE_ROUNDED;CONTINENT_DERIVED_FROM_COORDINATES;TAXON_ID_NOT_FOUND	iNaturalist Research-grade Observations	10.15468/ab3s5x
859	1.82389343827857e-314	4fa7b334-ce0d-4e88-aaae-2e0c138d049e	URN:catalog:CLO:EBIRD:OBS1109604947	Animalia	Chordata	Aves	Piciformes	Picidae	Dendrocoptes	Dendrocoptes medius		SPECIES	Dendrocoptes medius (Linnaeus, 1758)	Dendrocoptes medius		CH	Langloch & Kiesgruben (Zementwerk)	Schaffhausen	PRESENT	1	e2e717bf-551a-4917-bdc9-4fa0f342c530	47.74884	8.685319	NA	NA	NA	NA	NA	NA	2021-04-02	2	4	2021	8773033	8773033	HUMAN_OBSERVATION	CLO	EBIRD	OBS1109604947	NA		NA	CC_BY_4_0		obsr1473331	NA	NA	2026-09-02 06:32:36.936		CONTINENT_DERIVED_FROM_COORDINATES;TAXON_CONCEPT_ID_NOT_FOUND	EOD – eBird Observation Dataset	10.15468/aomfnb
860	1.82256805876516e-314	4fa7b334-ce0d-4e88-aaae-2e0c138d049e	URN:catalog:CLO:EBIRD:OBS1081719694	Animalia	Chordata	Aves	Piciformes	Picidae	Dendrocoptes	Dendrocoptes medius		SPECIES	Dendrocoptes medius (Linnaeus, 1758)	Dendrocoptes medius		CH	Hörndlispitz	Zürich	PRESENT	2	e2e717bf-551a-4917-bdc9-4fa0f342c530	47.603428	8.616526	NA	NA	NA	NA	NA	NA	2021-02-24	24	2	2021	8773033	8773033	HUMAN_OBSERVATION	CLO	EBIRD	OBS1081719694	NA		NA	CC_BY_4_0		obsr1462948	NA	NA	2026-09-02 06:32:48.24		CONTINENT_DERIVED_FROM_COORDINATES;TAXON_CONCEPT_ID_NOT_FOUND	EOD – eBird Observation Dataset	10.15468/aomfnb
861	1.81922482078761e-314	4fa7b334-ce0d-4e88-aaae-2e0c138d049e	URN:catalog:CLO:EBIRD:OBS1106271172	Animalia	Chordata	Aves	Piciformes	Picidae	Dendrocoptes	Dendrocoptes medius		SPECIES	Dendrocoptes medius (Linnaeus, 1758)	Dendrocoptes medius		CH	Frauenthalstrasse, Cham, Zug, CH (47.212, 8.421)	Zug	PRESENT	2	e2e717bf-551a-4917-bdc9-4fa0f342c530	47.21195	8.420733	NA	NA	NA	NA	NA	NA	2021-03-29	29	3	2021	8773033	8773033	HUMAN_OBSERVATION	CLO	EBIRD	OBS1106271172	NA		NA	CC_BY_4_0		obsr553825	NA	NA	2026-09-02 06:32:50.714		CONTINENT_DERIVED_FROM_COORDINATES;TAXON_CONCEPT_ID_NOT_FOUND	EOD – eBird Observation Dataset	10.15468/aomfnb
862	1.81897504293596e-314	4fa7b334-ce0d-4e88-aaae-2e0c138d049e	URN:catalog:CLO:EBIRD:OBS1069091201	Animalia	Chordata	Aves	Piciformes	Picidae	Dendrocoptes	Dendrocoptes medius		SPECIES	Dendrocoptes medius (Linnaeus, 1758)	Dendrocoptes medius		CH	Burgäschisee	Bern	PRESENT	1	e2e717bf-551a-4917-bdc9-4fa0f342c530	47.169353	7.668318	NA	NA	NA	NA	NA	NA	2021-02-07	7	2	2021	8773033	8773033	HUMAN_OBSERVATION	CLO	EBIRD	OBS1069091201	NA		NA	CC_BY_4_0		obsr1476369	NA	NA	2026-09-02 06:31:10.701		CONTINENT_DERIVED_FROM_COORDINATES;TAXON_CONCEPT_ID_NOT_FOUND	EOD – eBird Observation Dataset	10.15468/aomfnb
863	1.8179450178419e-314	4fa7b334-ce0d-4e88-aaae-2e0c138d049e	URN:catalog:CLO:EBIRD:OBS1106258226	Animalia	Chordata	Aves	Piciformes	Picidae	Dendrocoptes	Dendrocoptes medius		SPECIES	Dendrocoptes medius (Linnaeus, 1758)	Dendrocoptes medius		CH	Tätenberg	Zürich	PRESENT	1	e2e717bf-551a-4917-bdc9-4fa0f342c530	47.63782	8.800969	NA	NA	NA	NA	NA	NA	2021-03-29	29	3	2021	8773033	8773033	HUMAN_OBSERVATION	CLO	EBIRD	OBS1106258226	NA		NA	CC_BY_4_0		obsr241514	NA	NA	2026-09-02 06:25:38.759		CONTINENT_DERIVED_FROM_COORDINATES;TAXON_CONCEPT_ID_NOT_FOUND	EOD – eBird Observation Dataset	10.15468/aomfnb
864	1.81518607770722e-314	4fa7b334-ce0d-4e88-aaae-2e0c138d049e	URN:catalog:CLO:EBIRD:OBS1181675247	Animalia	Chordata	Aves	Piciformes	Picidae	Dendrocoptes	Dendrocoptes medius		SPECIES	Dendrocoptes medius (Linnaeus, 1758)	Dendrocoptes medius		CH	Blauenweg, Aesch BL CH-Basel-Landschaft (47.4793,7.5851)	Basel-Landschaft	PRESENT	1	e2e717bf-551a-4917-bdc9-4fa0f342c530	47.47928	7.585132	NA	NA	NA	NA	NA	NA	2021-06-12	12	6	2021	8773033	8773033	HUMAN_OBSERVATION	CLO	EBIRD	OBS1181675247	NA		NA	CC_BY_4_0		obsr1414450	NA	NA	2026-09-02 06:30:53.228		CONTINENT_DERIVED_FROM_COORDINATES;TAXON_CONCEPT_ID_NOT_FOUND	EOD – eBird Observation Dataset	10.15468/aomfnb
865	1.81494852254558e-314	4fa7b334-ce0d-4e88-aaae-2e0c138d049e	URN:catalog:CLO:EBIRD:OBS1201989364	Animalia	Chordata	Aves	Piciformes	Picidae	Dendrocoptes	Dendrocoptes medius		SPECIES	Dendrocoptes medius (Linnaeus, 1758)	Dendrocoptes medius		CH	Weissenburg-Berg	Bern	PRESENT	NA	e2e717bf-551a-4917-bdc9-4fa0f342c530	46.66324	7.477897	NA	NA	NA	NA	NA	NA	1986-07-15	15	7	1986	8773033	8773033	HUMAN_OBSERVATION	CLO	EBIRD	OBS1201989364	NA		NA	CC_BY_4_0		obsr731943	NA	NA	2026-09-02 06:25:19.034		CONTINENT_DERIVED_FROM_COORDINATES;TAXON_CONCEPT_ID_NOT_FOUND	EOD – eBird Observation Dataset	10.15468/aomfnb
866	1.81466316505051e-314	4fa7b334-ce0d-4e88-aaae-2e0c138d049e	URN:catalog:CLO:EBIRD:OBS1151357423	Animalia	Chordata	Aves	Piciformes	Picidae	Dendrocoptes	Dendrocoptes medius		SPECIES	Dendrocoptes medius (Linnaeus, 1758)	Dendrocoptes medius		CH	Corcelles-Cormondrèche	Neuchâtel	PRESENT	6	e2e717bf-551a-4917-bdc9-4fa0f342c530	46.99155	6.866908	NA	NA	NA	NA	NA	NA	2021-04-22	22	4	2021	8773033	8773033	HUMAN_OBSERVATION	CLO	EBIRD	OBS1151357423	NA		NA	CC_BY_4_0		obsr811712	NA	NA	2026-09-02 06:26:48.853		COORDINATE_ROUNDED;CONTINENT_DERIVED_FROM_COORDINATES;TAXON_CONCEPT_ID_NOT_FOUND	EOD – eBird Observation Dataset	10.15468/aomfnb
867	1.81180656938247e-314	4fa7b334-ce0d-4e88-aaae-2e0c138d049e	URN:catalog:CLO:EBIRD:OBS1267620503	Animalia	Chordata	Aves	Piciformes	Picidae	Dendrocoptes	Dendrocoptes medius		SPECIES	Dendrocoptes medius (Linnaeus, 1758)	Dendrocoptes medius		CH	Zürich--Irchelpark	Zürich	PRESENT	1	e2e717bf-551a-4917-bdc9-4fa0f342c530	47.397827	8.544489	NA	NA	NA	NA	NA	NA	2021-10-30	30	10	2021	8773033	8773033	HUMAN_OBSERVATION	CLO	EBIRD	OBS1267620503	NA		NA	CC_BY_4_0		obsr2670291	NA	NA	2026-09-02 06:30:55.915		CONTINENT_DERIVED_FROM_COORDINATES;TAXON_CONCEPT_ID_NOT_FOUND	EOD – eBird Observation Dataset	10.15468/aomfnb
868	1.8101016002215e-314	4fa7b334-ce0d-4e88-aaae-2e0c138d049e	URN:catalog:CLO:EBIRD:OBS1278333813	Animalia	Chordata	Aves	Piciformes	Picidae	Dendrocoptes	Dendrocoptes medius		SPECIES	Dendrocoptes medius (Linnaeus, 1758)	Dendrocoptes medius		CH	Basel Stadt (city of Basel)* general (use more precise loc.)	Basel-Stadt	PRESENT	1	e2e717bf-551a-4917-bdc9-4fa0f342c530	47.55956	7.588463	NA	NA	NA	NA	NA	NA	2021-11-16	16	11	2021	8773033	8773033	HUMAN_OBSERVATION	CLO	EBIRD	OBS1278333813	NA		NA	CC_BY_4_0		obsr1792896	NA	NA	2026-09-02 06:26:56.235		CONTINENT_DERIVED_FROM_COORDINATES;TAXON_CONCEPT_ID_NOT_FOUND	EOD – eBird Observation Dataset	10.15468/aomfnb
869	1.80873610504798e-314	4fa7b334-ce0d-4e88-aaae-2e0c138d049e	URN:catalog:CLO:EBIRD:OBS1228336125	Animalia	Chordata	Aves	Piciformes	Picidae	Dendrocoptes	Dendrocoptes medius		SPECIES	Dendrocoptes medius (Linnaeus, 1758)	Dendrocoptes medius		CH	Allschwiler Wald	Basel-Landschaft	PRESENT	3	e2e717bf-551a-4917-bdc9-4fa0f342c530	47.54022	7.520509	NA	NA	NA	NA	NA	NA	1995-03-05	5	3	1995	8773033	8773033	HUMAN_OBSERVATION	CLO	EBIRD	OBS1228336125	NA		NA	CC_BY_4_0		obsr811712	NA	NA	2026-09-02 06:30:40.1		CONTINENT_DERIVED_FROM_COORDINATES;TAXON_CONCEPT_ID_NOT_FOUND	EOD – eBird Observation Dataset	10.15468/aomfnb
870	1.80828834669293e-314	4fa7b334-ce0d-4e88-aaae-2e0c138d049e	URN:catalog:CLO:EBIRD:OBS1145377716	Animalia	Chordata	Aves	Piciformes	Picidae	Dendrocoptes	Dendrocoptes medius		SPECIES	Dendrocoptes medius (Linnaeus, 1758)	Dendrocoptes medius		CH	Auenstein / Unter dem Hard [651/251]	Aargau	PRESENT	1	e2e717bf-551a-4917-bdc9-4fa0f342c530	47.411095	8.122249	NA	NA	NA	NA	NA	NA	2021-05-07	7	5	2021	8773033	8773033	HUMAN_OBSERVATION	CLO	EBIRD	OBS1145377716	NA		NA	CC_BY_4_0		obsr657243	NA	NA	2026-09-02 06:31:42.257		CONTINENT_DERIVED_FROM_COORDINATES;TAXON_CONCEPT_ID_NOT_FOUND	EOD – eBird Observation Dataset	10.15468/aomfnb
871	1.80496472015712e-314	4fa7b334-ce0d-4e88-aaae-2e0c138d049e	URN:catalog:CLO:EBIRD:OBS1218443397	Animalia	Chordata	Aves	Piciformes	Picidae	Dendrocoptes	Dendrocoptes medius		SPECIES	Dendrocoptes medius (Linnaeus, 1758)	Dendrocoptes medius		CH	Hollenrain	Basel-Landschaft	PRESENT	1	e2e717bf-551a-4917-bdc9-4fa0f342c530	47.476612	7.574983	NA	NA	NA	NA	NA	NA	2020-09-28	28	9	2020	8773033	8773033	HUMAN_OBSERVATION	CLO	EBIRD	OBS1218443397	NA		NA	CC_BY_4_0		obsr339900	NA	NA	2026-09-02 06:26:10.083		COORDINATE_ROUNDED;CONTINENT_DERIVED_FROM_COORDINATES;TAXON_CONCEPT_ID_NOT_FOUND	EOD – eBird Observation Dataset	10.15468/aomfnb
872	1.80185832885106e-314	4fa7b334-ce0d-4e88-aaae-2e0c138d049e	URN:catalog:CLO:EBIRD:OBS1294037301	Animalia	Chordata	Aves	Piciformes	Picidae	Dendrocoptes	Dendrocoptes medius		SPECIES	Dendrocoptes medius (Linnaeus, 1758)	Dendrocoptes medius		CH	Réserve naturelle des Prés de Villette - Prés Bordon	Genève	PRESENT	2	e2e717bf-551a-4917-bdc9-4fa0f342c530	46.246758	6.265782	NA	NA	NA	NA	NA	NA	2021-12-12	12	12	2021	8773033	8773033	HUMAN_OBSERVATION	CLO	EBIRD	OBS1294037301	NA		NA	CC_BY_4_0		obsr1195749	NA	NA	2026-09-02 06:26:02.496		CONTINENT_DERIVED_FROM_COORDINATES;TAXON_CONCEPT_ID_NOT_FOUND	EOD – eBird Observation Dataset	10.15468/aomfnb
873	1.79419945413663e-314	4fa7b334-ce0d-4e88-aaae-2e0c138d049e	URN:catalog:CLO:EBIRD:OBS1117115216	Animalia	Chordata	Aves	Piciformes	Picidae	Dendrocoptes	Dendrocoptes medius		SPECIES	Dendrocoptes medius (Linnaeus, 1758)	Dendrocoptes medius		CH	Marthalen, Zürich, CH (47.61, 8.628)	Zürich	PRESENT	1	e2e717bf-551a-4917-bdc9-4fa0f342c530	47.610104	8.627587	NA	NA	NA	NA	NA	NA	2021-04-10	10	4	2021	8773033	8773033	HUMAN_OBSERVATION	CLO	EBIRD	OBS1117115216	NA		NA	CC_BY_4_0		obsr2004992	NA	NA	2026-09-02 06:24:58.531		CONTINENT_DERIVED_FROM_COORDINATES;TAXON_CONCEPT_ID_NOT_FOUND	EOD – eBird Observation Dataset	10.15468/aomfnb
874	1.79333944296009e-314	4fa7b334-ce0d-4e88-aaae-2e0c138d049e	URN:catalog:CLO:EBIRD:OBS1247672878	Animalia	Chordata	Aves	Piciformes	Picidae	Dendrocoptes	Dendrocoptes medius		SPECIES	Dendrocoptes medius (Linnaeus, 1758)	Dendrocoptes medius		CH	Niederweningen--Egg Forest (Schliniker Platten)	Zürich	PRESENT	1	e2e717bf-551a-4917-bdc9-4fa0f342c530	47.51252	8.37899	NA	NA	NA	NA	NA	NA	2013-09-06	6	9	2013	8773033	8773033	HUMAN_OBSERVATION	CLO	EBIRD	OBS1247672878	NA		NA	CC_BY_4_0		obsr162737	NA	NA	2026-09-02 06:28:05.416		CONTINENT_DERIVED_FROM_COORDINATES;TAXON_CONCEPT_ID_NOT_FOUND	EOD – eBird Observation Dataset	10.15468/aomfnb
875	1.78355292740687e-314	4fa7b334-ce0d-4e88-aaae-2e0c138d049e	URN:catalog:CLO:EBIRD:OBS1173051113	Animalia	Chordata	Aves	Piciformes	Picidae	Dendrocoptes	Dendrocoptes medius		SPECIES	Dendrocoptes medius (Linnaeus, 1758)	Dendrocoptes medius		CH	Gut Katzensee	Zürich	PRESENT	1	e2e717bf-551a-4917-bdc9-4fa0f342c530	47.43133	8.484635	NA	NA	NA	NA	NA	NA	2021-06-01	1	6	2021	8773033	8773033	HUMAN_OBSERVATION	CLO	EBIRD	OBS1173051113	NA		NA	CC_BY_4_0		obsr1946599	NA	NA	2026-09-02 06:25:54.028		CONTINENT_DERIVED_FROM_COORDINATES;TAXON_CONCEPT_ID_NOT_FOUND	EOD – eBird Observation Dataset	10.15468/aomfnb
876	1.78164300301777e-314	4fa7b334-ce0d-4e88-aaae-2e0c138d049e	URN:catalog:CLO:EBIRD:OBS1226398619	Animalia	Chordata	Aves	Piciformes	Picidae	Dendrocoptes	Dendrocoptes medius		SPECIES	Dendrocoptes medius (Linnaeus, 1758)	Dendrocoptes medius		CH	Hindelbank	Bern	PRESENT	1	e2e717bf-551a-4917-bdc9-4fa0f342c530	47.066917	7.557406	NA	NA	NA	NA	NA	NA	2006-02-10	10	2	2006	8773033	8773033	HUMAN_OBSERVATION	CLO	EBIRD	OBS1226398619	NA		NA	CC_BY_4_0		obsr811712	NA	NA	2026-09-02 06:25:33.907		COORDINATE_ROUNDED;CONTINENT_DERIVED_FROM_COORDINATES;TAXON_CONCEPT_ID_NOT_FOUND	EOD – eBird Observation Dataset	10.15468/aomfnb
877	1.7816037035541e-314	4fa7b334-ce0d-4e88-aaae-2e0c138d049e	URN:catalog:CLO:EBIRD:OBS1126811504	Animalia	Chordata	Aves	Piciformes	Picidae	Dendrocoptes	Dendrocoptes medius		SPECIES	Dendrocoptes medius (Linnaeus, 1758)	Dendrocoptes medius		CH	Blauen, Basel-Landschaft, CH (47,454, 7,519)	Basel-Landschaft	PRESENT	1	e2e717bf-551a-4917-bdc9-4fa0f342c530	47.45407	7.51918	NA	NA	NA	NA	NA	NA	2021-04-20	20	4	2021	8773033	8773033	HUMAN_OBSERVATION	CLO	EBIRD	OBS1126811504	NA		NA	CC_BY_4_0		obsr1136389	NA	NA	2026-09-02 06:28:12.749		COORDINATE_ROUNDED;CONTINENT_DERIVED_FROM_COORDINATES;TAXON_CONCEPT_ID_NOT_FOUND	EOD – eBird Observation Dataset	10.15468/aomfnb
878	1.78144830953311e-314	4fa7b334-ce0d-4e88-aaae-2e0c138d049e	URN:catalog:CLO:EBIRD:OBS1123358797	Animalia	Chordata	Aves	Piciformes	Picidae	Dendrocoptes	Dendrocoptes medius		SPECIES	Dendrocoptes medius (Linnaeus, 1758)	Dendrocoptes medius		CH	Wiesendammpromenade, Basel CH-Basel-Stadt 47.57520, 7.60914	Basel-Stadt	PRESENT	2	e2e717bf-551a-4917-bdc9-4fa0f342c530	47.5752	7.609137	NA	NA	NA	NA	NA	NA	2021-04-17	17	4	2021	8773033	8773033	HUMAN_OBSERVATION	CLO	EBIRD	OBS1123358797	NA		NA	CC_BY_4_0		obsr1882930	NA	NA	2026-09-02 06:26:02.965		CONTINENT_DERIVED_FROM_COORDINATES;TAXON_CONCEPT_ID_NOT_FOUND	EOD – eBird Observation Dataset	10.15468/aomfnb
879	1.78071500297364e-314	4fa7b334-ce0d-4e88-aaae-2e0c138d049e	URN:catalog:CLO:EBIRD:OBS1113494664	Animalia	Chordata	Aves	Piciformes	Picidae	Dendrocoptes	Dendrocoptes medius		SPECIES	Dendrocoptes medius (Linnaeus, 1758)	Dendrocoptes medius		CH	4 Ernst Müller-Strasse, Schaffhausen, Schaffhausen, CH (47.716, 8.672)	Schaffhausen	PRESENT	2	e2e717bf-551a-4917-bdc9-4fa0f342c530	47.716225	8.672059	NA	NA	NA	NA	NA	NA	2021-04-06	6	4	2021	8773033	8773033	HUMAN_OBSERVATION	CLO	EBIRD	OBS1113494664	NA		NA	CC_BY_4_0		obsr2004992	NA	NA	2026-09-02 06:26:53.176		CONTINENT_DERIVED_FROM_COORDINATES;TAXON_CONCEPT_ID_NOT_FOUND	EOD – eBird Observation Dataset	10.15468/aomfnb
880	1.7790956524247e-314	4fa7b334-ce0d-4e88-aaae-2e0c138d049e	URN:catalog:CLO:EBIRD:OBS1089770146	Animalia	Chordata	Aves	Piciformes	Picidae	Dendrocoptes	Dendrocoptes medius		SPECIES	Dendrocoptes medius (Linnaeus, 1758)	Dendrocoptes medius		CH	Teuffernlochweg 6–72, Binningen CH-Basel-Land 47.53674, 7.55268	Basel-Landschaft	PRESENT	2	e2e717bf-551a-4917-bdc9-4fa0f342c530	47.536736	7.552684	NA	NA	NA	NA	NA	NA	2021-03-06	6	3	2021	8773033	8773033	HUMAN_OBSERVATION	CLO	EBIRD	OBS1089770146	NA		NA	CC_BY_4_0		obsr1882930	NA	NA	2026-09-02 06:27:26.937		CONTINENT_DERIVED_FROM_COORDINATES;TAXON_CONCEPT_ID_NOT_FOUND	EOD – eBird Observation Dataset	10.15468/aomfnb
881	1.77859949589305e-314	4fa7b334-ce0d-4e88-aaae-2e0c138d049e	URN:catalog:CLO:EBIRD:OBS1123364077	Animalia	Chordata	Aves	Piciformes	Picidae	Dendrocoptes	Dendrocoptes medius		SPECIES	Dendrocoptes medius (Linnaeus, 1758)	Dendrocoptes medius		CH	Meiertumweg, Arlesheim CH-Basel-Landschaft (47.5020,7.6287)	Basel-Landschaft	PRESENT	2	e2e717bf-551a-4917-bdc9-4fa0f342c530	47.501972	7.628667	NA	NA	NA	NA	NA	NA	2021-04-17	17	4	2021	8773033	8773033	HUMAN_OBSERVATION	CLO	EBIRD	OBS1123364077	NA		NA	CC_BY_4_0		obsr1414450	NA	NA	2026-09-02 06:30:05.517		CONTINENT_DERIVED_FROM_COORDINATES;TAXON_CONCEPT_ID_NOT_FOUND	EOD – eBird Observation Dataset	10.15468/aomfnb
882	1.77844385039264e-314	4fa7b334-ce0d-4e88-aaae-2e0c138d049e	URN:catalog:CLO:EBIRD:OBS1076315532	Animalia	Chordata	Aves	Piciformes	Picidae	Dendrocoptes	Dendrocoptes medius		SPECIES	Dendrocoptes medius (Linnaeus, 1758)	Dendrocoptes medius		CH	Waldhaus, Mohlin	Aargau	PRESENT	3	e2e717bf-551a-4917-bdc9-4fa0f342c530	47.53904	7.838524	NA	NA	NA	NA	NA	NA	2021-02-14	14	2	2021	8773033	8773033	HUMAN_OBSERVATION	CLO	EBIRD	OBS1076315532	NA		NA	CC_BY_4_0		obsr661304	NA	NA	2026-09-02 06:28:45.885		CONTINENT_DERIVED_FROM_COORDINATES;TAXON_CONCEPT_ID_NOT_FOUND	EOD – eBird Observation Dataset	10.15468/aomfnb
883	1.77744290699063e-314	4fa7b334-ce0d-4e88-aaae-2e0c138d049e	URN:catalog:CLO:EBIRD:OBS1085346492	Animalia	Chordata	Aves	Piciformes	Picidae	Dendrocoptes	Dendrocoptes medius		SPECIES	Dendrocoptes medius (Linnaeus, 1758)	Dendrocoptes medius		CH	Bois de Vernand Dessous	Vaud	PRESENT	3	e2e717bf-551a-4917-bdc9-4fa0f342c530	46.573967	6.59611	NA	NA	NA	NA	NA	NA	2021-03-01	1	3	2021	8773033	8773033	HUMAN_OBSERVATION	CLO	EBIRD	OBS1085346492	NA		NA	CC_BY_4_0		obsr497615	NA	NA	2026-09-02 06:25:25.795		CONTINENT_DERIVED_FROM_COORDINATES;TAXON_CONCEPT_ID_NOT_FOUND	EOD – eBird Observation Dataset	10.15468/aomfnb
884	1.77522614115592e-314	4fa7b334-ce0d-4e88-aaae-2e0c138d049e	URN:catalog:CLO:EBIRD:OBS1100035031	Animalia	Chordata	Aves	Piciformes	Picidae	Dendrocoptes	Dendrocoptes medius		SPECIES	Dendrocoptes medius (Linnaeus, 1758)	Dendrocoptes medius		CH	Allmend Frauenfeld	Thurgau	PRESENT	3	e2e717bf-551a-4917-bdc9-4fa0f342c530	47.579475	8.897423	NA	NA	NA	NA	NA	NA	2021-03-20	20	3	2021	8773033	8773033	HUMAN_OBSERVATION	CLO	EBIRD	OBS1100035031	NA		NA	CC_BY_4_0		obsr808609	NA	NA	2026-09-02 06:26:25.177		CONTINENT_DERIVED_FROM_COORDINATES;TAXON_CONCEPT_ID_NOT_FOUND	EOD – eBird Observation Dataset	10.15468/aomfnb
885	1.7738924450355e-314	4fa7b334-ce0d-4e88-aaae-2e0c138d049e	URN:catalog:CLO:EBIRD:OBS1067649275	Animalia	Chordata	Aves	Piciformes	Picidae	Dendrocoptes	Dendrocoptes medius		SPECIES	Dendrocoptes medius (Linnaeus, 1758)	Dendrocoptes medius		CH	Brüelstrasse 37, Magden CH-Aargau (47.5310,7.8032)	Aargau	PRESENT	1	e2e717bf-551a-4917-bdc9-4fa0f342c530	47.530968	7.803244	NA	NA	NA	NA	NA	NA	2021-02-07	7	2	2021	8773033	8773033	HUMAN_OBSERVATION	CLO	EBIRD	OBS1067649275	NA		NA	CC_BY_4_0		obsr661304	NA	NA	2026-09-02 06:27:15.593		CONTINENT_DERIVED_FROM_COORDINATES;TAXON_CONCEPT_ID_NOT_FOUND	EOD – eBird Observation Dataset	10.15468/aomfnb
886	1.77005090331699e-314	4fa7b334-ce0d-4e88-aaae-2e0c138d049e	URN:catalog:CLO:EBIRD:OBS1302353009	Animalia	Chordata	Aves	Piciformes	Picidae	Dendrocoptes	Dendrocoptes medius		SPECIES	Dendrocoptes medius (Linnaeus, 1758)	Dendrocoptes medius		CH	Im Burstel, Möhlin CH-Aargau 47.57599, 7.86131	Aargau	PRESENT	1	e2e717bf-551a-4917-bdc9-4fa0f342c530	47.575993	7.861307	NA	NA	NA	NA	NA	NA	2021-12-25	25	12	2021	8773033	8773033	HUMAN_OBSERVATION	CLO	EBIRD	OBS1302353009	NA		NA	CC_BY_4_0		obsr661304	NA	NA	2026-09-02 06:26:07.978		CONTINENT_DERIVED_FROM_COORDINATES;TAXON_CONCEPT_ID_NOT_FOUND	EOD – eBird Observation Dataset	10.15468/aomfnb
887	1.76568433434082e-314	4fa7b334-ce0d-4e88-aaae-2e0c138d049e	URN:catalog:CLO:EBIRD:OBS1258997785	Animalia	Chordata	Aves	Piciformes	Picidae	Dendrocoptes	Dendrocoptes medius		SPECIES	Dendrocoptes medius (Linnaeus, 1758)	Dendrocoptes medius		CH	Guggenbühl 4–16, Alten CH-Zürich 47.59866, 8.64284	Zürich	PRESENT	1	e2e717bf-551a-4917-bdc9-4fa0f342c530	47.59866	8.642839	NA	NA	NA	NA	NA	NA	2021-10-16	16	10	2021	8773033	8773033	HUMAN_OBSERVATION	CLO	EBIRD	OBS1258997785	NA		NA	CC_BY_4_0		obsr1523224	NA	NA	2026-09-02 06:30:54.9		CONTINENT_DERIVED_FROM_COORDINATES;TAXON_CONCEPT_ID_NOT_FOUND	EOD – eBird Observation Dataset	10.15468/aomfnb
888	1.75835926223429e-314	4fa7b334-ce0d-4e88-aaae-2e0c138d049e	URN:catalog:CLO:EBIRD:OBS1295338401	Animalia	Chordata	Aves	Piciformes	Picidae	Dendrocoptes	Dendrocoptes medius		SPECIES	Dendrocoptes medius (Linnaeus, 1758)	Dendrocoptes medius		CH	Secteur OROEM Chevres-Peney, Vernier - Satigny, Genève, CH (46,199, 6,062)	Genève	PRESENT	1	e2e717bf-551a-4917-bdc9-4fa0f342c530	46.1985	6.061877	NA	NA	NA	NA	NA	NA	2021-12-12	12	12	2021	8773033	8773033	HUMAN_OBSERVATION	CLO	EBIRD	OBS1295338401	NA		NA	CC_BY_4_0		obsr310569	NA	NA	2026-09-02 06:29:20.13		COORDINATE_ROUNDED;CONTINENT_DERIVED_FROM_COORDINATES;TAXON_CONCEPT_ID_NOT_FOUND	EOD – eBird Observation Dataset	10.15468/aomfnb
889	1.75811660683299e-314	4fa7b334-ce0d-4e88-aaae-2e0c138d049e	URN:catalog:CLO:EBIRD:OBS1293585782	Animalia	Chordata	Aves	Piciformes	Picidae	Dendrocoptes	Dendrocoptes medius		SPECIES	Dendrocoptes medius (Linnaeus, 1758)	Dendrocoptes medius		CH	Illnau-Effretikon, Rossberg	Zürich	PRESENT	1	e2e717bf-551a-4917-bdc9-4fa0f342c530	47.453346	8.725929	NA	NA	NA	NA	NA	NA	2021-12-11	11	12	2021	8773033	8773033	HUMAN_OBSERVATION	CLO	EBIRD	OBS1293585782	NA		NA	CC_BY_4_0		obsr457108	NA	NA	2026-09-02 06:26:26.154		CONTINENT_DERIVED_FROM_COORDINATES;TAXON_CONCEPT_ID_NOT_FOUND	EOD – eBird Observation Dataset	10.15468/aomfnb
890	1.75740278227007e-314	4fa7b334-ce0d-4e88-aaae-2e0c138d049e	URN:catalog:CLO:EBIRD:OBS1203742498	Animalia	Chordata	Aves	Piciformes	Picidae	Dendrocoptes	Dendrocoptes medius		SPECIES	Dendrocoptes medius (Linnaeus, 1758)	Dendrocoptes medius		CH	Hallau, Brand	Schaffhausen	PRESENT	1	e2e717bf-551a-4917-bdc9-4fa0f342c530	47.700073	8.42691	NA	NA	NA	NA	NA	NA	2021-07-19	19	7	2021	8773033	8773033	HUMAN_OBSERVATION	CLO	EBIRD	OBS1203742498	NA		NA	CC_BY_4_0		obsr457108	NA	NA	2026-09-02 06:28:32.737		CONTINENT_DERIVED_FROM_COORDINATES;TAXON_CONCEPT_ID_NOT_FOUND	EOD – eBird Observation Dataset	10.15468/aomfnb
891	1.75685233978152e-314	4fa7b334-ce0d-4e88-aaae-2e0c138d049e	URN:catalog:CLO:EBIRD:OBS1096012838	Animalia	Chordata	Aves	Piciformes	Picidae	Dendrocoptes	Dendrocoptes medius		SPECIES	Dendrocoptes medius (Linnaeus, 1758)	Dendrocoptes medius		CH	4202, Duggingen CH-Basel-Landschaft (47.4626,7.6107)	Basel-Landschaft	PRESENT	1	e2e717bf-551a-4917-bdc9-4fa0f342c530	47.462612	7.610749	NA	NA	NA	NA	NA	NA	2021-03-16	16	3	2021	8773033	8773033	HUMAN_OBSERVATION	CLO	EBIRD	OBS1096012838	NA		NA	CC_BY_4_0		obsr114260	NA	NA	2026-09-02 06:25:45.288		CONTINENT_DERIVED_FROM_COORDINATES;TAXON_CONCEPT_ID_NOT_FOUND	EOD – eBird Observation Dataset	10.15468/aomfnb
892	1.75460935882364e-314	4fa7b334-ce0d-4e88-aaae-2e0c138d049e	URN:catalog:CLO:EBIRD:OBS1280426960	Animalia	Chordata	Aves	Piciformes	Picidae	Dendrocoptes	Dendrocoptes medius		SPECIES	Dendrocoptes medius (Linnaeus, 1758)	Dendrocoptes medius		CH	Wald oberhalb Biel	Bern	PRESENT	NA	e2e717bf-551a-4917-bdc9-4fa0f342c530	47.13924	7.227872	NA	NA	NA	NA	NA	NA	2005-04-25	25	4	2005	8773033	8773033	HUMAN_OBSERVATION	CLO	EBIRD	OBS1280426960	NA		NA	CC_BY_4_0		obsr788756	NA	NA	2026-09-02 06:26:49.177		CONTINENT_DERIVED_FROM_COORDINATES;TAXON_CONCEPT_ID_NOT_FOUND	EOD – eBird Observation Dataset	10.15468/aomfnb
893	1.74636567688465e-314	4fa7b334-ce0d-4e88-aaae-2e0c138d049e	URN:catalog:CLO:EBIRD:OBS1198418787	Animalia	Chordata	Aves	Piciformes	Picidae	Dendrocoptes	Dendrocoptes medius		SPECIES	Dendrocoptes medius (Linnaeus, 1758)	Dendrocoptes medius		CH	Neuhauser Wald	Schaffhausen	PRESENT	1	e2e717bf-551a-4917-bdc9-4fa0f342c530	47.687016	8.585143	NA	NA	NA	NA	NA	NA	2021-07-10	10	7	2021	8773033	8773033	HUMAN_OBSERVATION	CLO	EBIRD	OBS1198418787	NA		NA	CC_BY_4_0		obsr457108	NA	NA	2026-09-02 06:28:56.344		CONTINENT_DERIVED_FROM_COORDINATES;TAXON_CONCEPT_ID_NOT_FOUND	EOD – eBird Observation Dataset	10.15468/aomfnb
894	1.74619313088069e-314	4fa7b334-ce0d-4e88-aaae-2e0c138d049e	URN:catalog:CLO:EBIRD:OBS1240999535	Animalia	Chordata	Aves	Piciformes	Picidae	Dendrocoptes	Dendrocoptes medius		SPECIES	Dendrocoptes medius (Linnaeus, 1758)	Dendrocoptes medius		CH	Wengen (village)	Bern	PRESENT	1	e2e717bf-551a-4917-bdc9-4fa0f342c530	46.605694	7.920044	NA	NA	NA	NA	NA	NA	2021-09-20	20	9	2021	8773033	8773033	HUMAN_OBSERVATION	CLO	EBIRD	OBS1240999535	NA		NA	CC_BY_4_0		obsr1575826	NA	NA	2026-09-02 06:29:15.086		COORDINATE_ROUNDED;CONTINENT_DERIVED_FROM_COORDINATES;TAXON_CONCEPT_ID_NOT_FOUND	EOD – eBird Observation Dataset	10.15468/aomfnb
895	1.74393732101426e-314	4fa7b334-ce0d-4e88-aaae-2e0c138d049e	URN:catalog:CLO:EBIRD:OBS1089026911	Animalia	Chordata	Aves	Piciformes	Picidae	Dendrocoptes	Dendrocoptes medius		SPECIES	Dendrocoptes medius (Linnaeus, 1758)	Dendrocoptes medius		CH	Kleindöttingen	Aargau	PRESENT	1	e2e717bf-551a-4917-bdc9-4fa0f342c530	47.5751	8.246896	NA	NA	NA	NA	NA	NA	2021-03-06	6	3	2021	8773033	8773033	HUMAN_OBSERVATION	CLO	EBIRD	OBS1089026911	NA		NA	CC_BY_4_0		obsr2169869	NA	NA	2026-09-02 06:26:07.617		CONTINENT_DERIVED_FROM_COORDINATES;TAXON_CONCEPT_ID_NOT_FOUND	EOD – eBird Observation Dataset	10.15468/aomfnb
896	1.73813033032717e-314	4fa7b334-ce0d-4e88-aaae-2e0c138d049e	URN:catalog:CLO:EBIRD:OBS1084277073	Animalia	Chordata	Aves	Piciformes	Picidae	Dendrocoptes	Dendrocoptes medius		SPECIES	Dendrocoptes medius (Linnaeus, 1758)	Dendrocoptes medius		CH	Auto selected 47.37066, 8.55840	Zürich	PRESENT	2	e2e717bf-551a-4917-bdc9-4fa0f342c530	47.37066	8.558402	NA	NA	NA	NA	NA	NA	2021-02-28	28	2	2021	8773033	8773033	HUMAN_OBSERVATION	CLO	EBIRD	OBS1084277073	NA		NA	CC_BY_4_0		obsr1693762	NA	NA	2026-09-02 06:28:55.006		CONTINENT_DERIVED_FROM_COORDINATES;TAXON_CONCEPT_ID_NOT_FOUND	EOD – eBird Observation Dataset	10.15468/aomfnb
897	1.73748452032326e-314	4fa7b334-ce0d-4e88-aaae-2e0c138d049e	URN:catalog:CLO:EBIRD:OBS1127835067	Animalia	Chordata	Aves	Piciformes	Picidae	Dendrocoptes	Dendrocoptes medius		SPECIES	Dendrocoptes medius (Linnaeus, 1758)	Dendrocoptes medius		CH	Erlenparkweg, Basel CH-Basel-Stadt 47.57531, 7.61466	Basel-Stadt	PRESENT	1	e2e717bf-551a-4917-bdc9-4fa0f342c530	47.575314	7.614663	NA	NA	NA	NA	NA	NA	2021-04-21	21	4	2021	8773033	8773033	HUMAN_OBSERVATION	CLO	EBIRD	OBS1127835067	NA		NA	CC_BY_4_0		obsr1882930	NA	NA	2026-09-02 06:26:38.452		CONTINENT_DERIVED_FROM_COORDINATES;TAXON_CONCEPT_ID_NOT_FOUND	EOD – eBird Observation Dataset	10.15468/aomfnb
898	1.73714339961501e-314	4fa7b334-ce0d-4e88-aaae-2e0c138d049e	URN:catalog:CLO:EBIRD:OBS1083434815	Animalia	Chordata	Aves	Piciformes	Picidae	Dendrocoptes	Dendrocoptes medius		SPECIES	Dendrocoptes medius (Linnaeus, 1758)	Dendrocoptes medius		CH	Ziegelei, Oberwil BL CH-Basel-Landschaft 47.51839, 7.55091	Basel-Landschaft	PRESENT	1	e2e717bf-551a-4917-bdc9-4fa0f342c530	47.520416	7.547675	NA	NA	NA	NA	NA	NA	2021-02-27	27	2	2021	8773033	8773033	HUMAN_OBSERVATION	CLO	EBIRD	OBS1083434815	NA		NA	CC_BY_4_0		obsr1414450	NA	NA	2026-09-02 06:25:22.803		COORDINATE_ROUNDED;CONTINENT_DERIVED_FROM_COORDINATES;TAXON_CONCEPT_ID_NOT_FOUND	EOD – eBird Observation Dataset	10.15468/aomfnb
899	1.73659506579863e-314	4fa7b334-ce0d-4e88-aaae-2e0c138d049e	URN:catalog:CLO:EBIRD:OBS1125800010	Animalia	Chordata	Aves	Piciformes	Picidae	Dendrocoptes	Dendrocoptes medius		SPECIES	Dendrocoptes medius (Linnaeus, 1758)	Dendrocoptes medius		CH	Stammerberg	Zürich	PRESENT	1	e2e717bf-551a-4917-bdc9-4fa0f342c530	47.6421	8.79756	NA	NA	NA	NA	NA	NA	2021-04-19	19	4	2021	8773033	8773033	HUMAN_OBSERVATION	CLO	EBIRD	OBS1125800010	NA		NA	CC_BY_4_0		obsr241514	NA	NA	2026-09-02 06:31:10.262		CONTINENT_DERIVED_FROM_COORDINATES;TAXON_CONCEPT_ID_NOT_FOUND	EOD – eBird Observation Dataset	10.15468/aomfnb
900	1.73649656393082e-314	4fa7b334-ce0d-4e88-aaae-2e0c138d049e	URN:catalog:CLO:EBIRD:OBS1106989983	Animalia	Chordata	Aves	Piciformes	Picidae	Dendrocoptes	Dendrocoptes medius		SPECIES	Dendrocoptes medius (Linnaeus, 1758)	Dendrocoptes medius		CH	Auto selected 47.40896, 8.48998	Zürich	PRESENT	1	e2e717bf-551a-4917-bdc9-4fa0f342c530	47.408955	8.489984	NA	NA	NA	NA	NA	NA	2021-03-30	30	3	2021	8773033	8773033	HUMAN_OBSERVATION	CLO	EBIRD	OBS1106989983	NA		NA	CC_BY_4_0		obsr1331127	NA	NA	2026-09-02 06:25:09.906		CONTINENT_DERIVED_FROM_COORDINATES;TAXON_CONCEPT_ID_NOT_FOUND	EOD – eBird Observation Dataset	10.15468/aomfnb
901	1.73592229463243e-314	4fa7b334-ce0d-4e88-aaae-2e0c138d049e	URN:catalog:CLO:EBIRD:OBS1120877984	Animalia	Chordata	Aves	Piciformes	Picidae	Dendrocoptes	Dendrocoptes medius		SPECIES	Dendrocoptes medius (Linnaeus, 1758)	Dendrocoptes medius		CH	Am Weiher 3–35, Binningen CH-Basel-Landschaft (47.5442,7.5554)	Basel-Landschaft	PRESENT	1	e2e717bf-551a-4917-bdc9-4fa0f342c530	47.544247	7.555372	NA	NA	NA	NA	NA	NA	2021-04-14	14	4	2021	8773033	8773033	HUMAN_OBSERVATION	CLO	EBIRD	OBS1120877984	NA		NA	CC_BY_4_0		obsr407714	NA	NA	2026-09-02 06:30:06.484		CONTINENT_DERIVED_FROM_COORDINATES;TAXON_CONCEPT_ID_NOT_FOUND	EOD – eBird Observation Dataset	10.15468/aomfnb
902	1.73230100836696e-314	4fa7b334-ce0d-4e88-aaae-2e0c138d049e	URN:catalog:CLO:EBIRD:OBS1062949939	Animalia	Chordata	Aves	Piciformes	Picidae	Dendrocoptes	Dendrocoptes medius		SPECIES	Dendrocoptes medius (Linnaeus, 1758)	Dendrocoptes medius		CH	Reserve Natural de Combes Chapuis	Genève	PRESENT	1	e2e717bf-551a-4917-bdc9-4fa0f342c530	46.301384	6.12057	NA	NA	NA	NA	NA	NA	2021-01-31	31	1	2021	8773033	8773033	HUMAN_OBSERVATION	CLO	EBIRD	OBS1062949939	NA		NA	CC_BY_4_0		obsr211904	NA	NA	2026-09-02 06:25:42.857		CONTINENT_DERIVED_FROM_COORDINATES;TAXON_CONCEPT_ID_NOT_FOUND	EOD – eBird Observation Dataset	10.15468/aomfnb
903	1.73162218983725e-314	4fa7b334-ce0d-4e88-aaae-2e0c138d049e	URN:catalog:CLO:EBIRD:OBS1051889659	Animalia	Chordata	Aves	Piciformes	Picidae	Dendrocoptes	Dendrocoptes medius		SPECIES	Dendrocoptes medius (Linnaeus, 1758)	Dendrocoptes medius		CH	Auto selected 47.36427, 8.56964	Zürich	PRESENT	1	e2e717bf-551a-4917-bdc9-4fa0f342c530	47.36427	8.569639	NA	NA	NA	NA	NA	NA	2021-01-15	15	1	2021	8773033	8773033	HUMAN_OBSERVATION	CLO	EBIRD	OBS1051889659	NA		NA	CC_BY_4_0		obsr1513784	NA	NA	2026-09-02 06:26:48.926		CONTINENT_DERIVED_FROM_COORDINATES;TAXON_CONCEPT_ID_NOT_FOUND	EOD – eBird Observation Dataset	10.15468/aomfnb
904	1.7125640724647e-314	50c9509d-22c7-4a22-a47d-8c48425ef4a7	https://www.inaturalist.org/observations/105856731	Animalia	Chordata	Aves	Piciformes	Picidae	Dendrocoptes	Dendrocoptes medius		SPECIES	Dendrocoptes medius (Linnaeus, 1758)	Dendrocoptes medius		CH		Basel-Stadt	PRESENT	NA	28eb1a3f-1c15-4a95-931a-4af90ecb574d	47.551317	7.606511	15	NA	NA	NA	NA	NA	2022-01-29T15:45	29	1	2022	8773033	8773033	HUMAN_OBSERVATION	iNaturalist	Observations	105856731	NA	Codrin Bucur	2022-01-30 20:03:46	CC_BY_4_0	Codrin Bucur	Codrin Bucur	NA	NA	2026-09-11 05:56:41.484	StillImage	COORDINATE_ROUNDED;CONTINENT_DERIVED_FROM_COORDINATES;TAXON_ID_NOT_FOUND	iNaturalist Research-grade Observations	10.15468/ab3s5x
905	1.70784908493662e-314	50c9509d-22c7-4a22-a47d-8c48425ef4a7	https://www.inaturalist.org/observations/103528355	Animalia	Chordata	Aves	Piciformes	Picidae	Dendrocoptes	Dendrocoptes medius		SPECIES	Dendrocoptes medius (Linnaeus, 1758)	Dendrocoptes medius		CH		Basel-Stadt	PRESENT	NA	28eb1a3f-1c15-4a95-931a-4af90ecb574d	47.575453	7.6034	1	NA	NA	NA	NA	NA	2021-12-19T16:13	19	12	2021	8773033	8773033	HUMAN_OBSERVATION	iNaturalist	Observations	103528355	NA	Codrin Bucur	2021-12-23 15:25:09	CC_BY_4_0	Codrin Bucur	Codrin Bucur	NA	NA	2026-09-11 05:40:49.555	StillImage	COORDINATE_ROUNDED;CONTINENT_DERIVED_FROM_COORDINATES;TAXON_ID_NOT_FOUND	iNaturalist Research-grade Observations	10.15468/ab3s5x
906	1.70774555693899e-314	50c9509d-22c7-4a22-a47d-8c48425ef4a7	https://www.inaturalist.org/observations/103528340	Animalia	Chordata	Aves	Piciformes	Picidae	Dendrocoptes	Dendrocoptes medius		SPECIES	Dendrocoptes medius (Linnaeus, 1758)	Dendrocoptes medius		CH		Basel-Stadt	PRESENT	NA	28eb1a3f-1c15-4a95-931a-4af90ecb574d	47.576831	7.619061	1	NA	NA	NA	NA	NA	2021-12-19T14:32	19	12	2021	8773033	8773033	HUMAN_OBSERVATION	iNaturalist	Observations	103528340	NA	Codrin Bucur	2021-12-23 15:24:43	CC_BY_4_0	Codrin Bucur	Codrin Bucur	NA	NA	2026-09-11 06:09:18.739	StillImage	COORDINATE_ROUNDED;CONTINENT_DERIVED_FROM_COORDINATES;TAXON_ID_NOT_FOUND	iNaturalist Research-grade Observations	10.15468/ab3s5x
907	1.70729142118458e-314	50c9509d-22c7-4a22-a47d-8c48425ef4a7	https://www.inaturalist.org/observations/103987870	Animalia	Chordata	Aves	Piciformes	Picidae	Dendrocoptes	Dendrocoptes medius		SPECIES	Dendrocoptes medius (Linnaeus, 1758)	Dendrocoptes medius		CH		Basel-Landschaft	PRESENT	NA	28eb1a3f-1c15-4a95-931a-4af90ecb574d	47.524988	7.62636	175	NA	NA	NA	NA	NA	2019-01-30T15:45:29	30	1	2019	8773033	8773033	HUMAN_OBSERVATION	iNaturalist	Observations	103987870	NA	michel_kilcher	2021-12-30 21:47:53	CC_BY_NC_4_0	michel_kilcher	michel_kilcher	NA	NA	2026-09-11 05:40:43.993	StillImage	COORDINATE_ROUNDED;CONTINENT_DERIVED_FROM_COORDINATES;TAXON_ID_NOT_FOUND	iNaturalist Research-grade Observations	10.15468/ab3s5x
908	1.69793439986168e-314	b1047888-ae52-4179-9dd5-5448ea342a24	https://data.biodiversitydata.nl/xeno-canto/observation/XC688988	Animalia	Chordata	Aves	Piciformes	Picidae	Dendrocoptes	Dendrocoptes medius		SPECIES	Dendrocoptes medius (Linnaeus, 1758)	Dendrocoptes medius		CH	Corcelles-Cormondrèche, Boudry, Canton of Neuchâtel		PRESENT	NA	1f00d75c-f6fc-4224-a595-975e82d7689c	46.9906	6.8675	NA	NA	NA	NA	NA	NA	2021-04-11	11	4	2021	8773033	8773033	HUMAN_OBSERVATION		Wildlife sounds - Birds	XC688988	NA		NA	CC_BY_NC_4_0	Jerome Fischer	Jerome Fischer	NA	NA	2026-09-09 21:22:49.645	StillImage;Sound	CONTINENT_DERIVED_FROM_COORDINATES	Xeno-canto - Bird sounds from around the world	10.15468/qv0ksn
909	1.68742092501034e-314	50c9509d-22c7-4a22-a47d-8c48425ef4a7	https://www.inaturalist.org/observations/99547706	Animalia	Chordata	Aves	Piciformes	Picidae	Dendrocoptes	Dendrocoptes medius		SPECIES	Dendrocoptes medius (Linnaeus, 1758)	Dendrocoptes medius		CH		Basel-Landschaft	PRESENT	NA	28eb1a3f-1c15-4a95-931a-4af90ecb574d	47.541792	7.655874	56	NA	NA	NA	NA	NA	2021-10-27T12:28	27	10	2021	8773033	8773033	HUMAN_OBSERVATION	iNaturalist	Observations	99547706	NA	Codrin Bucur	2021-10-27 15:15:12	CC_BY_4_0	Codrin Bucur	Codrin Bucur	NA	NA	2026-09-11 05:51:33.83	Sound	COORDINATE_ROUNDED;CONTINENT_DERIVED_FROM_COORDINATES;TAXON_ID_NOT_FOUND	iNaturalist Research-grade Observations	10.15468/ab3s5x
910	1.6313732555075e-314	50c9509d-22c7-4a22-a47d-8c48425ef4a7	https://www.inaturalist.org/observations/81460461	Animalia	Chordata	Aves	Piciformes	Picidae	Dendrocoptes	Dendrocoptes medius		SPECIES	Dendrocoptes medius (Linnaeus, 1758)	Dendrocoptes medius		CH		Vaud	PRESENT	NA	28eb1a3f-1c15-4a95-931a-4af90ecb574d	46.724806	6.487098	16	NA	NA	NA	NA	NA	2021-06-03T14:16:33	3	6	2021	8773033	8773033	HUMAN_OBSERVATION	iNaturalist	Observations	81460461	NA	Romain Dupraz	2021-06-03 18:10:34	CC_BY_NC_4_0	Romain Dupraz	Romain Dupraz	NA	NA	2026-09-11 05:10:36.439	Sound	COORDINATE_ROUNDED;CONTINENT_DERIVED_FROM_COORDINATES;TAXON_ID_NOT_FOUND	iNaturalist Research-grade Observations	10.15468/ab3s5x
911	1.62962642021183e-314	4fa7b334-ce0d-4e88-aaae-2e0c138d049e	URN:catalog:CLO:EBIRD:OBS1046791864	Animalia	Chordata	Aves	Piciformes	Picidae	Dendrocoptes	Dendrocoptes medius		SPECIES	Dendrocoptes medius (Linnaeus, 1758)	Dendrocoptes medius		CH	Le Chaney	Vaud	PRESENT	1	e2e717bf-551a-4917-bdc9-4fa0f342c530	46.68034	6.485192	NA	NA	NA	NA	NA	NA	2020-12-13	13	12	2020	8773033	8773033	HUMAN_OBSERVATION	CLO	EBIRD	OBS1046791864	NA		NA	CC_BY_4_0		obsr830098	NA	NA	2026-09-02 06:31:00.629		CONTINENT_DERIVED_FROM_COORDINATES;TAXON_CONCEPT_ID_NOT_FOUND	EOD – eBird Observation Dataset	10.15468/aomfnb
912	1.62761716688903e-314	4fa7b334-ce0d-4e88-aaae-2e0c138d049e	URN:catalog:CLO:EBIRD:OBS975783235	Animalia	Chordata	Aves	Piciformes	Picidae	Dendrocoptes	Dendrocoptes medius		SPECIES	Dendrocoptes medius (Linnaeus, 1758)	Dendrocoptes medius		CH	1 Chrummbachweg, Grüningen, Zürich, CH (47.279, 8.77)	Zürich	PRESENT	1	e2e717bf-551a-4917-bdc9-4fa0f342c530	47.278603	8.770193	NA	NA	NA	NA	NA	NA	2020-09-03	3	9	2020	8773033	8773033	HUMAN_OBSERVATION	CLO	EBIRD	OBS975783235	NA		NA	CC_BY_4_0		obsr754411	NA	NA	2026-09-02 06:26:30.911		CONTINENT_DERIVED_FROM_COORDINATES;TAXON_CONCEPT_ID_NOT_FOUND	EOD – eBird Observation Dataset	10.15468/aomfnb
913	1.62399551452092e-314	4fa7b334-ce0d-4e88-aaae-2e0c138d049e	URN:catalog:CLO:EBIRD:OBS1028082583	Animalia	Chordata	Aves	Piciformes	Picidae	Dendrocoptes	Dendrocoptes medius		SPECIES	Dendrocoptes medius (Linnaeus, 1758)	Dendrocoptes medius		CH	Alpenblick Camping Interlaken	Bern	PRESENT	NA	e2e717bf-551a-4917-bdc9-4fa0f342c530	46.67873	7.81512	NA	NA	NA	NA	NA	NA	2020-01-25	25	1	2020	8773033	8773033	HUMAN_OBSERVATION	CLO	EBIRD	OBS1028082583	NA		NA	CC_BY_4_0		obsr645246	NA	NA	2026-09-02 06:26:06.603		CONTINENT_DERIVED_FROM_COORDINATES;TAXON_CONCEPT_ID_NOT_FOUND	EOD – eBird Observation Dataset	10.15468/aomfnb
914	1.62220818758118e-314	4fa7b334-ce0d-4e88-aaae-2e0c138d049e	URN:catalog:CLO:EBIRD:OBS1026249172	Animalia	Chordata	Aves	Piciformes	Picidae	Dendrocoptes	Dendrocoptes medius		SPECIES	Dendrocoptes medius (Linnaeus, 1758)	Dendrocoptes medius		CH	stakeout Snow Bunting, Tenniken (2020)	Basel-Landschaft	PRESENT	1	e2e717bf-551a-4917-bdc9-4fa0f342c530	47.439545	7.826081	NA	NA	NA	NA	NA	NA	2020-12-10	10	12	2020	8773033	8773033	HUMAN_OBSERVATION	CLO	EBIRD	OBS1026249172	NA		NA	CC_BY_4_0		obsr497615	NA	NA	2026-09-02 06:30:12.253		COORDINATE_ROUNDED;CONTINENT_DERIVED_FROM_COORDINATES;TAXON_CONCEPT_ID_NOT_FOUND	EOD – eBird Observation Dataset	10.15468/aomfnb
915	1.61987582372512e-314	4fa7b334-ce0d-4e88-aaae-2e0c138d049e	URN:catalog:CLO:EBIRD:OBS1017400799	Animalia	Chordata	Aves	Piciformes	Picidae	Dendrocoptes	Dendrocoptes medius		SPECIES	Dendrocoptes medius (Linnaeus, 1758)	Dendrocoptes medius		CH	Im oberen Tschöpperli, Ettingen CH-Basel-Landschaft 47.46676, 7.55954	Basel-Landschaft	PRESENT	1	e2e717bf-551a-4917-bdc9-4fa0f342c530	47.46676	7.559543	NA	NA	NA	NA	NA	NA	2020-11-25	25	11	2020	8773033	8773033	HUMAN_OBSERVATION	CLO	EBIRD	OBS1017400799	NA		NA	CC_BY_4_0		obsr114260	NA	NA	2026-09-02 06:24:53.66		CONTINENT_DERIVED_FROM_COORDINATES;TAXON_CONCEPT_ID_NOT_FOUND	EOD – eBird Observation Dataset	10.15468/aomfnb
916	1.61409114109008e-314	4fa7b334-ce0d-4e88-aaae-2e0c138d049e	URN:catalog:CLO:EBIRD:OBS948801027	Animalia	Chordata	Aves	Piciformes	Picidae	Dendrocoptes	Dendrocoptes medius		SPECIES	Dendrocoptes medius (Linnaeus, 1758)	Dendrocoptes medius		CH	Landenbergpark	Zürich	PRESENT	1	e2e717bf-551a-4917-bdc9-4fa0f342c530	47.392254	8.527492	NA	NA	NA	NA	NA	NA	1985-12-25	25	12	1985	8773033	8773033	HUMAN_OBSERVATION	CLO	EBIRD	OBS948801027	NA		NA	CC_BY_4_0		obsr60228	NA	NA	2026-09-02 06:28:59.582		CONTINENT_DERIVED_FROM_COORDINATES;TAXON_CONCEPT_ID_NOT_FOUND	EOD – eBird Observation Dataset	10.15468/aomfnb
917	1.60839241896049e-314	4fa7b334-ce0d-4e88-aaae-2e0c138d049e	URN:catalog:CLO:EBIRD:OBS887874188	Animalia	Chordata	Aves	Piciformes	Picidae	Dendrocoptes	Dendrocoptes medius		SPECIES	Dendrocoptes medius (Linnaeus, 1758)	Dendrocoptes medius		CH	8182, Hochfelden CH-Zürich (47.5295,8.4989)	Zürich	PRESENT	1	e2e717bf-551a-4917-bdc9-4fa0f342c530	47.52947	8.498936	NA	NA	NA	NA	NA	NA	2020-04-03	3	4	2020	8773033	8773033	HUMAN_OBSERVATION	CLO	EBIRD	OBS887874188	NA		NA	CC_BY_4_0		obsr1513784	NA	NA	2026-09-02 06:30:26.555		CONTINENT_DERIVED_FROM_COORDINATES;TAXON_CONCEPT_ID_NOT_FOUND	EOD – eBird Observation Dataset	10.15468/aomfnb
918	1.6002174981137e-314	4fa7b334-ce0d-4e88-aaae-2e0c138d049e	URN:catalog:CLO:EBIRD:OBS955877087	Animalia	Chordata	Aves	Piciformes	Picidae	Dendrocoptes	Dendrocoptes medius		SPECIES	Dendrocoptes medius (Linnaeus, 1758)	Dendrocoptes medius		CH	Bois de l'Hôpital	Neuchâtel	PRESENT	1	e2e717bf-551a-4917-bdc9-4fa0f342c530	47.00437	6.945441	NA	NA	NA	NA	NA	NA	1975-05-21	21	5	1975	8773033	8773033	HUMAN_OBSERVATION	CLO	EBIRD	OBS955877087	NA		NA	CC_BY_4_0		obsr450760	NA	NA	2026-09-02 06:26:25.838		CONTINENT_DERIVED_FROM_COORDINATES;TAXON_CONCEPT_ID_NOT_FOUND	EOD – eBird Observation Dataset	10.15468/aomfnb
919	1.59765983735874e-314	4fa7b334-ce0d-4e88-aaae-2e0c138d049e	URN:catalog:CLO:EBIRD:OBS924977008	Animalia	Chordata	Aves	Piciformes	Picidae	Dendrocoptes	Dendrocoptes medius		SPECIES	Dendrocoptes medius (Linnaeus, 1758)	Dendrocoptes medius		CH	Les Douves	Genève	PRESENT	1	e2e717bf-551a-4917-bdc9-4fa0f342c530	46.29168	6.135081	NA	NA	NA	NA	NA	NA	2020-05-17	17	5	2020	8773033	8773033	HUMAN_OBSERVATION	CLO	EBIRD	OBS924977008	NA		NA	CC_BY_4_0		obsr1718132	NA	NA	2026-09-02 06:31:12.361		COORDINATE_ROUNDED;CONTINENT_DERIVED_FROM_COORDINATES;TAXON_CONCEPT_ID_NOT_FOUND	EOD – eBird Observation Dataset	10.15468/aomfnb
920	1.5850485592811e-314	4fa7b334-ce0d-4e88-aaae-2e0c138d049e	URN:catalog:CLO:EBIRD:OBS1003329155	Animalia	Chordata	Aves	Piciformes	Picidae	Dendrocoptes	Dendrocoptes medius		SPECIES	Dendrocoptes medius (Linnaeus, 1758)	Dendrocoptes medius		CH	Champs Graitoux	Jura	PRESENT	NA	e2e717bf-551a-4917-bdc9-4fa0f342c530	47.3977	7.0657	NA	NA	NA	NA	NA	NA	2002-11-22	22	11	2002	8773033	8773033	HUMAN_OBSERVATION	CLO	EBIRD	OBS1003329155	NA		NA	CC_BY_4_0		obsr1042163	NA	NA	2026-09-02 06:29:55.833		CONTINENT_DERIVED_FROM_COORDINATES;TAXON_CONCEPT_ID_NOT_FOUND	EOD – eBird Observation Dataset	10.15468/aomfnb
921	1.58414365927624e-314	4fa7b334-ce0d-4e88-aaae-2e0c138d049e	URN:catalog:CLO:EBIRD:OBS1018593741	Animalia	Chordata	Aves	Piciformes	Picidae	Dendrocoptes	Dendrocoptes medius		SPECIES	Dendrocoptes medius (Linnaeus, 1758)	Dendrocoptes medius		CH	Le Creux de Terre	Vaud	PRESENT	1	e2e717bf-551a-4917-bdc9-4fa0f342c530	46.720776	6.565393	NA	NA	NA	NA	NA	NA	2020-11-27	27	11	2020	8773033	8773033	HUMAN_OBSERVATION	CLO	EBIRD	OBS1018593741	NA		NA	CC_BY_4_0		obsr786372	NA	NA	2026-09-02 06:29:29.375		CONTINENT_DERIVED_FROM_COORDINATES;TAXON_CONCEPT_ID_NOT_FOUND	EOD – eBird Observation Dataset	10.15468/aomfnb
922	1.58069856027855e-314	4fa7b334-ce0d-4e88-aaae-2e0c138d049e	URN:catalog:CLO:EBIRD:OBS1017426183	Animalia	Chordata	Aves	Piciformes	Picidae	Dendrocoptes	Dendrocoptes medius		SPECIES	Dendrocoptes medius (Linnaeus, 1758)	Dendrocoptes medius		CH	Allmendstrasse 19, Metzerlen CH-Solothurn 47.46322, 7.46875	Solothurn	PRESENT	1	e2e717bf-551a-4917-bdc9-4fa0f342c530	47.463223	7.468746	NA	NA	NA	NA	NA	NA	2020-11-25	25	11	2020	8773033	8773033	HUMAN_OBSERVATION	CLO	EBIRD	OBS1017426183	NA		NA	CC_BY_4_0		obsr114260	NA	NA	2026-09-02 06:27:20.886		CONTINENT_DERIVED_FROM_COORDINATES;TAXON_CONCEPT_ID_NOT_FOUND	EOD – eBird Observation Dataset	10.15468/aomfnb
923	1.55755363958991e-314	4fa7b334-ce0d-4e88-aaae-2e0c138d049e	URN:catalog:CLO:EBIRD:OBS881206711	Animalia	Chordata	Aves	Piciformes	Picidae	Dendrocoptes	Dendrocoptes medius		SPECIES	Dendrocoptes medius (Linnaeus, 1758)	Dendrocoptes medius		CH	Étangs d'Arnex	Vaud	PRESENT	1	e2e717bf-551a-4917-bdc9-4fa0f342c530	46.68274	6.506712	NA	NA	NA	NA	NA	NA	2020-03-16	16	3	2020	8773033	8773033	HUMAN_OBSERVATION	CLO	EBIRD	OBS881206711	NA		NA	CC_BY_4_0		obsr1429899	NA	NA	2026-09-02 06:28:29.223		CONTINENT_DERIVED_FROM_COORDINATES;TAXON_CONCEPT_ID_NOT_FOUND	EOD – eBird Observation Dataset	10.15468/aomfnb
924	1.55518950484249e-314	4fa7b334-ce0d-4e88-aaae-2e0c138d049e	URN:catalog:CLO:EBIRD:OBS910171666	Animalia	Chordata	Aves	Piciformes	Picidae	Dendrocoptes	Dendrocoptes medius		SPECIES	Dendrocoptes medius (Linnaeus, 1758)	Dendrocoptes medius		CH	Steinbuck-Lägern	Zürich	PRESENT	2	e2e717bf-551a-4917-bdc9-4fa0f342c530	47.48523	8.364993	NA	NA	NA	NA	NA	NA	2020-05-03	3	5	2020	8773033	8773033	HUMAN_OBSERVATION	CLO	EBIRD	OBS910171666	NA		NA	CC_BY_4_0		obsr347779	NA	NA	2026-09-02 06:26:31.312		CONTINENT_DERIVED_FROM_COORDINATES;TAXON_CONCEPT_ID_NOT_FOUND	EOD – eBird Observation Dataset	10.15468/aomfnb
925	1.55105511213526e-314	4fa7b334-ce0d-4e88-aaae-2e0c138d049e	URN:catalog:CLO:EBIRD:OBS875833568	Animalia	Chordata	Aves	Piciformes	Picidae	Dendrocoptes	Dendrocoptes medius		SPECIES	Dendrocoptes medius (Linnaeus, 1758)	Dendrocoptes medius		CH	Oulens, spot middle spotted woodpecker	Vaud	PRESENT	1	e2e717bf-551a-4917-bdc9-4fa0f342c530	46.638912	6.584595	NA	NA	NA	NA	NA	NA	2020-03-01	1	3	2020	8773033	8773033	HUMAN_OBSERVATION	CLO	EBIRD	OBS875833568	NA		NA	CC_BY_4_0		obsr1429899	NA	NA	2026-09-02 06:30:35.358		COORDINATE_ROUNDED;CONTINENT_DERIVED_FROM_COORDINATES;TAXON_CONCEPT_ID_NOT_FOUND	EOD – eBird Observation Dataset	10.15468/aomfnb
926	1.54985455682508e-314	4fa7b334-ce0d-4e88-aaae-2e0c138d049e	URN:catalog:CLO:EBIRD:OBS874975367	Animalia	Chordata	Aves	Piciformes	Picidae	Dendrocoptes	Dendrocoptes medius		SPECIES	Dendrocoptes medius (Linnaeus, 1758)	Dendrocoptes medius		CH	7 Kanalstrasse, Böttstein, Aargau, CH (47.575, 8.249)	Aargau	PRESENT	1	e2e717bf-551a-4917-bdc9-4fa0f342c530	47.574623	8.248889	NA	NA	NA	NA	NA	NA	2020-03-07	7	3	2020	8773033	8773033	HUMAN_OBSERVATION	CLO	EBIRD	OBS874975367	NA		NA	CC_BY_4_0		obsr1488691	NA	NA	2026-09-02 06:32:04.809		CONTINENT_DERIVED_FROM_COORDINATES;TAXON_CONCEPT_ID_NOT_FOUND	EOD – eBird Observation Dataset	10.15468/aomfnb
927	1.52157622836542e-314	50c9509d-22c7-4a22-a47d-8c48425ef4a7	https://www.inaturalist.org/observations/72895983	Animalia	Chordata	Aves	Piciformes	Picidae	Dendrocoptes	Dendrocoptes medius		SPECIES	Dendrocoptes medius (Linnaeus, 1758)	Dendrocoptes medius		CH		Zürich	PRESENT	NA	28eb1a3f-1c15-4a95-931a-4af90ecb574d	47.533189	8.520246	97	NA	NA	NA	NA	NA	2021-04-04T15:43:03	4	4	2021	8773033	8773033	HUMAN_OBSERVATION	iNaturalist	Observations	72895983	NA	Beat Akeret	2021-04-04 15:12:17	CC_BY_NC_4_0	Beat Akeret	Beat Akeret	NA	NA	2026-09-11 05:27:37.606	StillImage	COORDINATE_ROUNDED;CONTINENT_DERIVED_FROM_COORDINATES;TAXON_ID_NOT_FOUND	iNaturalist Research-grade Observations	10.15468/ab3s5x
928	1.5170991695126e-314	50c9509d-22c7-4a22-a47d-8c48425ef4a7	https://www.inaturalist.org/observations/72392387	Animalia	Chordata	Aves	Piciformes	Picidae	Dendrocoptes	Dendrocoptes medius		SPECIES	Dendrocoptes medius (Linnaeus, 1758)	Dendrocoptes medius		CH		Genève	PRESENT	NA	28eb1a3f-1c15-4a95-931a-4af90ecb574d	46.292472	6.136057	295	NA	NA	NA	NA	NA	2021-03-28T19:26	28	3	2021	8773033	8773033	HUMAN_OBSERVATION	iNaturalist	Observations	72392387	NA	adri13114	2021-03-29 20:51:22	CC_BY_NC_4_0	adri13114	adri13114	NA	NA	2026-09-11 05:10:25.219	StillImage	COORDINATE_ROUNDED;CONTINENT_DERIVED_FROM_COORDINATES;TAXON_ID_NOT_FOUND	iNaturalist Research-grade Observations	10.15468/ab3s5x
929	1.49921677719306e-314	b1047888-ae52-4179-9dd5-5448ea342a24	https://data.biodiversitydata.nl/xeno-canto/observation/XC618543	Animalia	Chordata	Aves	Piciformes	Picidae	Dendrocoptes	Dendrocoptes medius		SPECIES	Dendrocoptes medius (Linnaeus, 1758)	Dendrocoptes medius		CH	Stammheim, Andelfingen, Zürich		PRESENT	NA	1f00d75c-f6fc-4224-a595-975e82d7689c	47.6175	8.814	NA	NA	NA	NA	NA	NA	2021-01-30	30	1	2021	8773033	8773033	HUMAN_OBSERVATION		Wildlife sounds - Birds	XC618543	NA		NA	CC_BY_NC_4_0	Andrej Binz	Andrej Binz	NA	NA	2026-09-09 21:22:37.954	StillImage;Sound	CONTINENT_DERIVED_FROM_COORDINATES	Xeno-canto - Bird sounds from around the world	10.15468/qv0ksn
930	1.46434215359249e-314	50c9509d-22c7-4a22-a47d-8c48425ef4a7	https://www.inaturalist.org/observations/62915976	Animalia	Chordata	Aves	Piciformes	Picidae	Dendrocoptes	Dendrocoptes medius		SPECIES	Dendrocoptes medius (Linnaeus, 1758)	Dendrocoptes medius		CH		Aargau	PRESENT	NA	28eb1a3f-1c15-4a95-931a-4af90ecb574d	47.580379	8.244886	8	NA	NA	NA	NA	NA	2020-10-17T16:24	17	10	2020	8773033	8773033	HUMAN_OBSERVATION	iNaturalist	Observations	62915976	NA	roby	2020-10-26 15:04:22	CC_BY_4_0	Gergely Nigg	Gergely Nigg	NA	NA	2026-09-11 05:39:34.441	StillImage	COORDINATE_ROUNDED;CONTINENT_DERIVED_FROM_COORDINATES;TAXON_ID_NOT_FOUND	iNaturalist Research-grade Observations	10.15468/ab3s5x
931	1.4336351604714e-314	50c9509d-22c7-4a22-a47d-8c48425ef4a7	https://www.inaturalist.org/observations/62910688	Animalia	Chordata	Aves	Piciformes	Picidae	Dendrocoptes	Dendrocoptes medius		SPECIES	Dendrocoptes medius (Linnaeus, 1758)	Dendrocoptes medius		CH		Aargau	PRESENT	NA	28eb1a3f-1c15-4a95-931a-4af90ecb574d	47.575921	8.246653	36	NA	NA	NA	NA	NA	2020-10-17T12:45	17	10	2020	8773033	8773033	HUMAN_OBSERVATION	iNaturalist	Observations	62910688	NA	Gergely Nigg	2020-10-18 16:40:49	CC_BY_4_0	Gergely Nigg	Gergely Nigg	NA	NA	2026-09-11 06:07:18.304	StillImage	COORDINATE_ROUNDED;CONTINENT_DERIVED_FROM_COORDINATES;TAXON_ID_NOT_FOUND	iNaturalist Research-grade Observations	10.15468/ab3s5x
932	1.40738614835229e-314	b1047888-ae52-4179-9dd5-5448ea342a24	https://data.biodiversitydata.nl/xeno-canto/observation/XC546781	Animalia	Chordata	Aves	Piciformes	Picidae	Dendrocoptes	Dendrocoptes medius		SPECIES	Dendrocoptes medius (Linnaeus, 1758)	Dendrocoptes medius		CH	Zürich, Zürich, Zürich		PRESENT	NA	1f00d75c-f6fc-4224-a595-975e82d7689c	47.42	8.4925	NA	NA	NA	NA	NA	NA	2020-04-13	13	4	2020	8773033	8773033	HUMAN_OBSERVATION		Wildlife sounds - Birds	XC546781	NA		NA	CC_BY_NC_4_0	Jan Bisschop	Jan Bisschop	NA	NA	2026-09-09 21:22:48.594	StillImage;Sound	CONTINENT_DERIVED_FROM_COORDINATES	Xeno-canto - Bird sounds from around the world	10.15468/qv0ksn
933	1.40392553174079e-314	8a863029-f435-446a-821e-275f4f641165	https://observation.org/observation/168630450	Animalia	Chordata	Aves	Piciformes	Picidae	Dendrocoptes	Dendrocoptes medius		SPECIES	Dendrocoptes medius (Linnaeus, 1758)	Dendrocoptes medius		CH	Stadt Zürich	Zürich (ZH)	PRESENT	1	c8d737e0-2ff8-42e8-b8fc-6b805d26fc5f	47.411507	8.498106	25	NA	NA	NA	NA	NA	2019-03-17	17	3	2019	8773033	8773033	HUMAN_OBSERVATION				NA		NA	CC_BY_NC_4_0	Stichting Observation International	User 109277	NA	NA	2026-09-01 17:34:19.117			Observation.org, Nature data from around the World	10.15468/5nilie
934	1.39987386587937e-314	8a863029-f435-446a-821e-275f4f641165	https://observation.org/observation/163039519	Animalia	Chordata	Aves	Piciformes	Picidae	Dendrocoptes	Dendrocoptes medius		SPECIES	Dendrocoptes medius (Linnaeus, 1758)	Dendrocoptes medius		CH	Aargau (AG)	Aargau (AG)	PRESENT	1	c8d737e0-2ff8-42e8-b8fc-6b805d26fc5f	47.175282	8.341376	10	NA	NA	NA	NA	NA	2018-09-30	30	9	2018	8773033	8773033	HUMAN_OBSERVATION				NA		NA	CC_BY_NC_4_0	Stichting Observation International	User 88577	NA	NA	2026-09-01 17:43:31.684			Observation.org, Nature data from around the World	10.15468/5nilie
935	1.38075464493807e-314	4fa7b334-ce0d-4e88-aaae-2e0c138d049e	URN:catalog:CLO:EBIRD:OBS838220900	Animalia	Chordata	Aves	Piciformes	Picidae	Dendrocoptes	Dendrocoptes medius		SPECIES	Dendrocoptes medius (Linnaeus, 1758)	Dendrocoptes medius		CH	Renggersmatt, Schönmattweg, Arlesheim, Basel-Landschaft, CH (47,498, 7,646)	Basel-Landschaft	PRESENT	1	e2e717bf-551a-4917-bdc9-4fa0f342c530	47.49752	7.645793	NA	NA	NA	NA	NA	NA	2019-07-11	11	7	2019	8773033	8773033	HUMAN_OBSERVATION	CLO	EBIRD	OBS838220900	NA		NA	CC_BY_4_0		obsr831762	NA	NA	2026-09-02 06:26:38.704		CONTINENT_DERIVED_FROM_COORDINATES;TAXON_CONCEPT_ID_NOT_FOUND	EOD – eBird Observation Dataset	10.15468/aomfnb
936	1.37730364827876e-314	4fa7b334-ce0d-4e88-aaae-2e0c138d049e	URN:catalog:CLO:EBIRD:OBS851809866	Animalia	Chordata	Aves	Piciformes	Picidae	Dendrocoptes	Dendrocoptes medius		SPECIES	Dendrocoptes medius (Linnaeus, 1758)	Dendrocoptes medius		CH	Schürche, Wolfisberg, BE	Bern	PRESENT	1	e2e717bf-551a-4917-bdc9-4fa0f342c530	47.27958	7.667084	NA	NA	NA	NA	NA	NA	2009-10-26	26	10	2009	8773033	8773033	HUMAN_OBSERVATION	CLO	EBIRD	OBS851809866	NA		NA	CC_BY_4_0		obsr114260	NA	NA	2026-09-02 06:26:18.836		COORDINATE_ROUNDED;CONTINENT_DERIVED_FROM_COORDINATES;TAXON_CONCEPT_ID_NOT_FOUND	EOD – eBird Observation Dataset	10.15468/aomfnb
937	1.37539237854891e-314	4fa7b334-ce0d-4e88-aaae-2e0c138d049e	URN:catalog:CLO:EBIRD:OBS787401968	Animalia	Chordata	Aves	Piciformes	Picidae	Dendrocoptes	Dendrocoptes medius		SPECIES	Dendrocoptes medius (Linnaeus, 1758)	Dendrocoptes medius		CH	40 Buhnrain, Zürich, Zürich, CH (47.42, 8.542)	Zürich	PRESENT	1	e2e717bf-551a-4917-bdc9-4fa0f342c530	47.41986	8.54213	NA	NA	NA	NA	NA	NA	2019-07-22	22	7	2019	8773033	8773033	HUMAN_OBSERVATION	CLO	EBIRD	OBS787401968	NA		NA	CC_BY_4_0		obsr156228	NA	NA	2026-09-02 06:30:33.618		COORDINATE_ROUNDED;CONTINENT_DERIVED_FROM_COORDINATES;TAXON_CONCEPT_ID_NOT_FOUND	EOD – eBird Observation Dataset	10.15468/aomfnb
938	1.37158110526812e-314	4fa7b334-ce0d-4e88-aaae-2e0c138d049e	URN:catalog:CLO:EBIRD:OBS790434001	Animalia	Chordata	Aves	Piciformes	Picidae	Dendrocoptes	Dendrocoptes medius		SPECIES	Dendrocoptes medius (Linnaeus, 1758)	Dendrocoptes medius		CH	Thalwil CH	Zürich	PRESENT	1	e2e717bf-551a-4917-bdc9-4fa0f342c530	47.28847	8.556954	NA	NA	NA	NA	NA	NA	2019-08-01	1	8	2019	8773033	8773033	HUMAN_OBSERVATION	CLO	EBIRD	OBS790434001	NA		NA	CC_BY_4_0		obsr1421206	NA	NA	2026-09-02 06:25:11.333		CONTINENT_DERIVED_FROM_COORDINATES;TAXON_CONCEPT_ID_NOT_FOUND	EOD – eBird Observation Dataset	10.15468/aomfnb
939	1.37119782346798e-314	4fa7b334-ce0d-4e88-aaae-2e0c138d049e	URN:catalog:CLO:EBIRD:OBS906372683	Animalia	Chordata	Aves	Piciformes	Picidae	Dendrocoptes	Dendrocoptes medius		SPECIES	Dendrocoptes medius (Linnaeus, 1758)	Dendrocoptes medius		CH	Egg-Niederweningen	Zürich	PRESENT	NA	e2e717bf-551a-4917-bdc9-4fa0f342c530	47.512215	8.380314	NA	NA	NA	NA	NA	NA	2019-03-24	24	3	2019	8773033	8773033	HUMAN_OBSERVATION	CLO	EBIRD	OBS906372683	NA		NA	CC_BY_4_0		obsr347779	NA	NA	2026-09-02 06:28:41.903		CONTINENT_DERIVED_FROM_COORDINATES;TAXON_CONCEPT_ID_NOT_FOUND	EOD – eBird Observation Dataset	10.15468/aomfnb
940	1.36487617645521e-314	4fa7b334-ce0d-4e88-aaae-2e0c138d049e	URN:catalog:CLO:EBIRD:OBS784005805	Animalia	Chordata	Aves	Piciformes	Picidae	Dendrocoptes	Dendrocoptes medius		SPECIES	Dendrocoptes medius (Linnaeus, 1758)	Dendrocoptes medius		CH	Ermitagestrasse, Arlesheim, Basel-Landschaft, CH (47,493, 7,635)	Basel-Landschaft	PRESENT	2	e2e717bf-551a-4917-bdc9-4fa0f342c530	47.493034	7.634768	NA	NA	NA	NA	NA	NA	2019-07-11	11	7	2019	8773033	8773033	HUMAN_OBSERVATION	CLO	EBIRD	OBS784005805	NA		NA	CC_BY_4_0		obsr264969	NA	NA	2026-09-02 06:27:04.627		COORDINATE_ROUNDED;CONTINENT_DERIVED_FROM_COORDINATES;TAXON_CONCEPT_ID_NOT_FOUND	EOD – eBird Observation Dataset	10.15468/aomfnb
941	1.35442018515363e-314	4fa7b334-ce0d-4e88-aaae-2e0c138d049e	URN:catalog:CLO:EBIRD:OBS777996492	Animalia	Chordata	Aves	Piciformes	Picidae	Dendrocoptes	Dendrocoptes medius		SPECIES	Dendrocoptes medius (Linnaeus, 1758)	Dendrocoptes medius		CH	Dardagny	Genève	PRESENT	1	e2e717bf-551a-4917-bdc9-4fa0f342c530	46.191498	5.993765	NA	NA	NA	NA	NA	NA	2019-06-23	23	6	2019	8773033	8773033	HUMAN_OBSERVATION	CLO	EBIRD	OBS777996492	NA		NA	CC_BY_4_0		obsr211904	NA	NA	2026-09-02 06:28:38.085		CONTINENT_DERIVED_FROM_COORDINATES;TAXON_CONCEPT_ID_NOT_FOUND	EOD – eBird Observation Dataset	10.15468/aomfnb
942	1.34641670063935e-314	4fa7b334-ce0d-4e88-aaae-2e0c138d049e	URN:catalog:CLO:EBIRD:OBS915071307	Animalia	Chordata	Aves	Piciformes	Picidae	Dendrocoptes	Dendrocoptes medius		SPECIES	Dendrocoptes medius (Linnaeus, 1758)	Dendrocoptes medius		CH	Höriwald	Zürich	PRESENT	NA	e2e717bf-551a-4917-bdc9-4fa0f342c530	47.51166	8.490318	NA	NA	NA	NA	NA	NA	2010-03-25	25	3	2010	8773033	8773033	HUMAN_OBSERVATION	CLO	EBIRD	OBS915071307	NA		NA	CC_BY_4_0		obsr347779	NA	NA	2026-09-02 06:28:53.072		CONTINENT_DERIVED_FROM_COORDINATES;TAXON_CONCEPT_ID_NOT_FOUND	EOD – eBird Observation Dataset	10.15468/aomfnb
943	1.3437935346848e-314	4fa7b334-ce0d-4e88-aaae-2e0c138d049e	URN:catalog:CLO:EBIRD:OBS834929030	Animalia	Chordata	Aves	Piciformes	Picidae	Dendrocoptes	Dendrocoptes medius		SPECIES	Dendrocoptes medius (Linnaeus, 1758)	Dendrocoptes medius		CH	parc Gallet CH (47,096, 6,827)	Neuchâtel	PRESENT	1	e2e717bf-551a-4917-bdc9-4fa0f342c530	47.096428	6.826802	NA	NA	NA	NA	NA	NA	2019-12-05	5	12	2019	8773033	8773033	HUMAN_OBSERVATION	CLO	EBIRD	OBS834929030	NA		NA	CC_BY_4_0		obsr1290768	NA	NA	2026-09-02 06:31:14.429		COORDINATE_ROUNDED;CONTINENT_DERIVED_FROM_COORDINATES;TAXON_CONCEPT_ID_NOT_FOUND	EOD – eBird Observation Dataset	10.15468/aomfnb
944	1.33997630890112e-314	4fa7b334-ce0d-4e88-aaae-2e0c138d049e	URN:catalog:CLO:EBIRD:OBS838221125	Animalia	Chordata	Aves	Piciformes	Picidae	Dendrocoptes	Dendrocoptes medius		SPECIES	Dendrocoptes medius (Linnaeus, 1758)	Dendrocoptes medius		CH	Bannhollenweg, Dornach, Solothurn, CH (47,479, 7,624)	Solothurn	PRESENT	1	e2e717bf-551a-4917-bdc9-4fa0f342c530	47.478638	7.624042	NA	NA	NA	NA	NA	NA	2019-07-10	10	7	2019	8773033	8773033	HUMAN_OBSERVATION	CLO	EBIRD	OBS838221125	NA		NA	CC_BY_4_0		obsr831762	NA	NA	2026-09-02 06:25:44.207		CONTINENT_DERIVED_FROM_COORDINATES;TAXON_CONCEPT_ID_NOT_FOUND	EOD – eBird Observation Dataset	10.15468/aomfnb
945	1.33982019848494e-314	4fa7b334-ce0d-4e88-aaae-2e0c138d049e	URN:catalog:CLO:EBIRD:OBS835952229	Animalia	Chordata	Aves	Piciformes	Picidae	Dendrocoptes	Dendrocoptes medius		SPECIES	Dendrocoptes medius (Linnaeus, 1758)	Dendrocoptes medius		CH	Roselière du Bois des Fonds	Genève	PRESENT	1	e2e717bf-551a-4917-bdc9-4fa0f342c530	46.210777	6.090626	NA	NA	NA	NA	NA	NA	2019-12-08	8	12	2019	8773033	8773033	HUMAN_OBSERVATION	CLO	EBIRD	OBS835952229	NA		NA	CC_BY_4_0		obsr497615	NA	NA	2026-09-02 06:32:04.58		COORDINATE_ROUNDED;CONTINENT_DERIVED_FROM_COORDINATES;TAXON_CONCEPT_ID_NOT_FOUND	EOD – eBird Observation Dataset	10.15468/aomfnb
946	1.33593389343079e-314	4fa7b334-ce0d-4e88-aaae-2e0c138d049e	URN:catalog:CLO:EBIRD:OBS822791315	Animalia	Chordata	Aves	Piciformes	Picidae	Dendrocoptes	Dendrocoptes medius		SPECIES	Dendrocoptes medius (Linnaeus, 1758)	Dendrocoptes medius		CH	Klettgau--Oberneuhaus	Schaffhausen	PRESENT	1	e2e717bf-551a-4917-bdc9-4fa0f342c530	47.69094	8.556586	NA	NA	NA	NA	NA	NA	2019-10-27	27	10	2019	8773033	8773033	HUMAN_OBSERVATION	CLO	EBIRD	OBS822791315	NA		NA	CC_BY_4_0		obsr1473331	NA	NA	2026-09-02 06:25:54.441		CONTINENT_DERIVED_FROM_COORDINATES;TAXON_CONCEPT_ID_NOT_FOUND	EOD – eBird Observation Dataset	10.15468/aomfnb
947	1.3346609041444e-314	4fa7b334-ce0d-4e88-aaae-2e0c138d049e	URN:catalog:CLO:EBIRD:OBS811242450	Animalia	Chordata	Aves	Piciformes	Picidae	Dendrocoptes	Dendrocoptes medius		SPECIES	Dendrocoptes medius (Linnaeus, 1758)	Dendrocoptes medius		CH	3 Chrummbachweg, Grüningen, Zürich, CH (47.278, 8.77)	Zürich	PRESENT	1	e2e717bf-551a-4917-bdc9-4fa0f342c530	47.278343	8.770495	NA	NA	NA	NA	NA	NA	2019-09-30	30	9	2019	8773033	8773033	HUMAN_OBSERVATION	CLO	EBIRD	OBS811242450	NA		NA	CC_BY_4_0		obsr754411	NA	NA	2026-09-02 06:30:07.009		CONTINENT_DERIVED_FROM_COORDINATES;TAXON_CONCEPT_ID_NOT_FOUND	EOD – eBird Observation Dataset	10.15468/aomfnb
948	1.33085841633894e-314	4fa7b334-ce0d-4e88-aaae-2e0c138d049e	URN:catalog:CLO:EBIRD:OBS803530048	Animalia	Chordata	Aves	Piciformes	Picidae	Dendrocoptes	Dendrocoptes medius		SPECIES	Dendrocoptes medius (Linnaeus, 1758)	Dendrocoptes medius		CH	Bürenweg 8, Hochwald/Solothurn	Solothurn	PRESENT	1	e2e717bf-551a-4917-bdc9-4fa0f342c530	47.45353	7.647328	NA	NA	NA	NA	NA	NA	2019-09-10	10	9	2019	8773033	8773033	HUMAN_OBSERVATION	CLO	EBIRD	OBS803530048	NA		NA	CC_BY_4_0		obsr130361	NA	NA	2026-09-02 06:26:33.694		CONTINENT_DERIVED_FROM_COORDINATES;TAXON_CONCEPT_ID_NOT_FOUND	EOD – eBird Observation Dataset	10.15468/aomfnb
949	1.31730065522136e-314	4fa7b334-ce0d-4e88-aaae-2e0c138d049e	URN:catalog:CLO:EBIRD:OBS741153418	Animalia	Chordata	Aves	Piciformes	Picidae	Dendrocoptes	Dendrocoptes medius		SPECIES	Dendrocoptes medius (Linnaeus, 1758)	Dendrocoptes medius		CH	Aeussere Baselstrasse 4, Riehen CH-Basle (47.5828,7.6468)	Basel-Stadt	PRESENT	1	e2e717bf-551a-4917-bdc9-4fa0f342c530	47.582787	7.64682	NA	NA	NA	NA	NA	NA	2019-04-19	19	4	2019	8773033	8773033	HUMAN_OBSERVATION	CLO	EBIRD	OBS741153418	NA		NA	CC_BY_4_0		obsr661304	NA	NA	2026-09-02 06:28:07.072		CONTINENT_DERIVED_FROM_COORDINATES;TAXON_CONCEPT_ID_NOT_FOUND	EOD – eBird Observation Dataset	10.15468/aomfnb
950	1.31557313492805e-314	4fa7b334-ce0d-4e88-aaae-2e0c138d049e	URN:catalog:CLO:EBIRD:OBS724995562	Animalia	Chordata	Aves	Piciformes	Picidae	Dendrocoptes	Dendrocoptes medius		SPECIES	Dendrocoptes medius (Linnaeus, 1758)	Dendrocoptes medius		CH	La Prise	Vaud	PRESENT	1	e2e717bf-551a-4917-bdc9-4fa0f342c530	46.839294	6.655032	NA	NA	NA	NA	NA	NA	2019-03-16	16	3	2019	8773033	8773033	HUMAN_OBSERVATION	CLO	EBIRD	OBS724995562	NA		NA	CC_BY_4_0		obsr497615	NA	NA	2026-09-02 06:26:29.65		COORDINATE_ROUNDED;CONTINENT_DERIVED_FROM_COORDINATES;TAXON_CONCEPT_ID_NOT_FOUND	EOD – eBird Observation Dataset	10.15468/aomfnb
951	1.3153369577155e-314	4fa7b334-ce0d-4e88-aaae-2e0c138d049e	URN:catalog:CLO:EBIRD:OBS731061928	Animalia	Chordata	Aves	Piciformes	Picidae	Dendrocoptes	Dendrocoptes medius		SPECIES	Dendrocoptes medius (Linnaeus, 1758)	Dendrocoptes medius		CH	Studweid / Rottenschwil	Aargau	PRESENT	1	e2e717bf-551a-4917-bdc9-4fa0f342c530	47.314384	8.374644	NA	NA	NA	NA	NA	NA	2018-10-15	15	10	2018	8773033	8773033	HUMAN_OBSERVATION	CLO	EBIRD	OBS731061928	NA		NA	CC_BY_4_0		obsr1296780	NA	NA	2026-09-02 06:26:26.582		CONTINENT_DERIVED_FROM_COORDINATES;TAXON_CONCEPT_ID_NOT_FOUND	EOD – eBird Observation Dataset	10.15468/aomfnb
952	1.27174271083425e-314	50c9509d-22c7-4a22-a47d-8c48425ef4a7	https://www.inaturalist.org/observations/38605032	Animalia	Chordata	Aves	Piciformes	Picidae	Dendrocoptes	Dendrocoptes medius		SPECIES	Dendrocoptes medius (Linnaeus, 1758)	Dendrocoptes medius		CH		Vaud	PRESENT	NA	28eb1a3f-1c15-4a95-931a-4af90ecb574d	46.447179	6.121395	48	NA	NA	NA	NA	NA	2020-02-13T15:55:06	13	2	2020	8773033	8773033	HUMAN_OBSERVATION	iNaturalist	Observations	38605032	NA	olivier-richardet.com	2020-02-13 15:09:33	CC_BY_NC_4_0	olivier-richardet.com	olivier-richardet.com	NA	NA	2026-09-11 06:00:08.125	StillImage	COORDINATE_ROUNDED;CONTINENT_DERIVED_FROM_COORDINATES;TAXON_ID_NOT_FOUND	iNaturalist Research-grade Observations	10.15468/ab3s5x
953	1.20037349550211e-314	50c9509d-22c7-4a22-a47d-8c48425ef4a7	https://www.inaturalist.org/observations/34349480	Animalia	Chordata	Aves	Piciformes	Picidae	Dendrocoptes	Dendrocoptes medius		SPECIES	Dendrocoptes medius (Linnaeus, 1758)	Dendrocoptes medius		CH		Neuchâtel	PRESENT	NA	28eb1a3f-1c15-4a95-931a-4af90ecb574d	47.01647	6.971803	NA	NA	NA	NA	NA	NA	2019-10-14	14	10	2019	8773033	8773033	HUMAN_OBSERVATION	iNaturalist	Observations	34349480	NA	Romain Dupraz	2019-10-15 05:13:26	CC_BY_NC_4_0	underground_24	underground_24	NA	NA	2026-09-11 05:26:14.726	StillImage	COORDINATE_ROUNDED;CONTINENT_DERIVED_FROM_COORDINATES;TAXON_ID_NOT_FOUND	iNaturalist Research-grade Observations	10.15468/ab3s5x
954	1.10862856728826e-314	b1047888-ae52-4179-9dd5-5448ea342a24	https://data.biodiversitydata.nl/xeno-canto/observation/XC96357	Animalia	Chordata	Aves	Piciformes	Picidae	Dendrocoptes	Dendrocoptes medius		SPECIES	Dendrocoptes medius (Linnaeus, 1758)	Dendrocoptes medius		CH	Bienne		PRESENT	NA	1f00d75c-f6fc-4224-a595-975e82d7689c	47.151	7.254	NA	NA	NA	NA	NA	NA	2012-03-07	7	3	2012	8773033	8773033	HUMAN_OBSERVATION		Wildlife sounds - Birds	XC96357	NA		NA	CC_BY_NC_4_0	Pascal Christe	Pascal Christe	NA	NA	2026-09-09 21:22:44.306	StillImage;Sound	CONTINENT_DERIVED_FROM_COORDINATES	Xeno-canto - Bird sounds from around the world	10.15468/qv0ksn
955	1.10854418729881e-314	b1047888-ae52-4179-9dd5-5448ea342a24	https://data.biodiversitydata.nl/xeno-canto/observation/XC31667	Animalia	Chordata	Aves	Piciformes	Picidae	Dendrocoptes	Dendrocoptes medius	medius	SUBSPECIES	Dendrocoptes medius medius (Linnaeus, 1758)	Dendrocoptes medius medius		CH	Chancy, Genève		PRESENT	NA	1f00d75c-f6fc-4224-a595-975e82d7689c	46.1351	5.9689	NA	NA	NA	NA	NA	NA	2009-03-25	25	3	2009	9038122	8773033	HUMAN_OBSERVATION		Wildlife sounds - Birds	XC31667	NA		NA	CC_BY_NC_4_0	Bram Piot	Bram Piot	NA	NA	2026-09-09 21:22:52.134	StillImage;Sound	CONTINENT_DERIVED_FROM_COORDINATES	Xeno-canto - Bird sounds from around the world	10.15468/qv0ksn
956	1.10853877530372e-314	b1047888-ae52-4179-9dd5-5448ea342a24	https://data.biodiversitydata.nl/xeno-canto/observation/XC302364	Animalia	Chordata	Aves	Piciformes	Picidae	Dendrocoptes	Dendrocoptes medius		SPECIES	Dendrocoptes medius (Linnaeus, 1758)	Dendrocoptes medius		CH	Vigneules		PRESENT	NA	1f00d75c-f6fc-4224-a595-975e82d7689c	47.131	7.213	NA	NA	NA	NA	NA	NA	2016-02-06	6	2	2016	8773033	8773033	HUMAN_OBSERVATION		Wildlife sounds - Birds	XC302364	NA		NA	CC_BY_NC_4_0	Pascal Christe	Pascal Christe	NA	NA	2026-09-09 21:22:50.658	StillImage;Sound	CONTINENT_DERIVED_FROM_COORDINATES	Xeno-canto - Bird sounds from around the world	10.15468/qv0ksn
957	1.10848382779292e-314	b1047888-ae52-4179-9dd5-5448ea342a24	https://data.biodiversitydata.nl/xeno-canto/observation/XC167518	Animalia	Chordata	Aves	Piciformes	Picidae	Dendrocoptes	Dendrocoptes medius	medius	SUBSPECIES	Dendrocoptes medius medius (Linnaeus, 1758)	Dendrocoptes medius medius		CH	Bois de Treulaz, Aire-la-Ville, Genève		PRESENT	NA	1f00d75c-f6fc-4224-a595-975e82d7689c	46.1864	6.0374	NA	NA	NA	NA	NA	NA	2014-02-12	12	2	2014	9038122	8773033	HUMAN_OBSERVATION		Wildlife sounds - Birds	XC167518	NA		NA	CC_BY_NC_4_0	Bram Piot	Bram Piot	NA	NA	2026-09-09 21:22:25.894	StillImage;Sound	CONTINENT_DERIVED_FROM_COORDINATES	Xeno-canto - Bird sounds from around the world	10.15468/qv0ksn
958	1.108483467125e-314	b1047888-ae52-4179-9dd5-5448ea342a24	https://data.biodiversitydata.nl/xeno-canto/observation/XC170646	Animalia	Chordata	Aves	Piciformes	Picidae	Dendrocoptes	Dendrocoptes medius	medius	SUBSPECIES	Dendrocoptes medius medius (Linnaeus, 1758)	Dendrocoptes medius medius		CH	Satigny, Genève		PRESENT	NA	1f00d75c-f6fc-4224-a595-975e82d7689c	46.2142	5.9989	NA	NA	NA	NA	NA	NA	2014-03-18	18	3	2014	9038122	8773033	HUMAN_OBSERVATION		Wildlife sounds - Birds	XC170646	NA		NA	CC_BY_NC_4_0	Bram Piot	Bram Piot	NA	NA	2026-09-09 21:22:44.474	StillImage;Sound	CONTINENT_DERIVED_FROM_COORDINATES	Xeno-canto - Bird sounds from around the world	10.15468/qv0ksn
959	1.10846163485818e-314	b1047888-ae52-4179-9dd5-5448ea342a24	https://data.biodiversitydata.nl/xeno-canto/observation/XC102926	Animalia	Chordata	Aves	Piciformes	Picidae	Dendrocoptes	Dendrocoptes medius		SPECIES	Dendrocoptes medius (Linnaeus, 1758)	Dendrocoptes medius		CH	Frinvilier		PRESENT	NA	1f00d75c-f6fc-4224-a595-975e82d7689c	47.167	7.249	NA	NA	NA	NA	NA	NA	2012-06-02	2	6	2012	8773033	8773033	HUMAN_OBSERVATION		Wildlife sounds - Birds	XC102926	NA		NA	CC_BY_NC_4_0	Pascal Christe	Pascal Christe	NA	NA	2026-09-09 21:22:41.066	StillImage;Sound	CONTINENT_DERIVED_FROM_COORDINATES	Xeno-canto - Bird sounds from around the world	10.15468/qv0ksn
960	1.09995474092856e-314	4fa7b334-ce0d-4e88-aaae-2e0c138d049e	URN:catalog:CLO:EBIRD:OBS691157897	Animalia	Chordata	Aves	Piciformes	Picidae	Dendrocoptes	Dendrocoptes medius		SPECIES	Dendrocoptes medius (Linnaeus, 1758)	Dendrocoptes medius		CH	Bois Du Petit Château, La Chaux-de-Fonds, CH	Neuchâtel	PRESENT	1	e2e717bf-551a-4917-bdc9-4fa0f342c530	47.105377	6.822925	NA	NA	NA	NA	NA	NA	2012-02-12	12	2	2012	8773033	8773033	HUMAN_OBSERVATION	CLO	EBIRD	OBS691157897	NA		NA	CC_BY_4_0		obsr1136389	NA	NA	2026-09-02 06:30:00.001		COORDINATE_ROUNDED;CONTINENT_DERIVED_FROM_COORDINATES;TAXON_CONCEPT_ID_NOT_FOUND	EOD – eBird Observation Dataset	10.15468/aomfnb
961	1.07941102497651e-314	4fa7b334-ce0d-4e88-aaae-2e0c138d049e	URN:catalog:CLO:EBIRD:OBS637698139	Animalia	Chordata	Aves	Piciformes	Picidae	Dendrocoptes	Dendrocoptes medius		SPECIES	Dendrocoptes medius (Linnaeus, 1758)	Dendrocoptes medius		CH	Hallau, Eichberg	Schaffhausen	PRESENT	1	e2e717bf-551a-4917-bdc9-4fa0f342c530	47.699444	8.415914	NA	NA	NA	NA	NA	NA	2018-06-29	29	6	2018	8773033	8773033	HUMAN_OBSERVATION	CLO	EBIRD	OBS637698139	NA		NA	CC_BY_4_0		obsr457108	NA	NA	2026-09-02 06:31:03.613		CONTINENT_DERIVED_FROM_COORDINATES;TAXON_CONCEPT_ID_NOT_FOUND	EOD – eBird Observation Dataset	10.15468/aomfnb
962	1.07361941109453e-314	4fa7b334-ce0d-4e88-aaae-2e0c138d049e	URN:catalog:CLO:EBIRD:OBS629669934	Animalia	Chordata	Aves	Piciformes	Picidae	Dendrocoptes	Dendrocoptes medius		SPECIES	Dendrocoptes medius (Linnaeus, 1758)	Dendrocoptes medius		CH	CH-Zürich-Burstwiesenstrasse 37 (47.3703,8.5066)	Zürich	PRESENT	1	e2e717bf-551a-4917-bdc9-4fa0f342c530	47.370285	8.506639	NA	NA	NA	NA	NA	NA	2018-06-10	10	6	2018	8773033	8773033	HUMAN_OBSERVATION	CLO	EBIRD	OBS629669934	NA		NA	CC_BY_4_0		obsr997017	NA	NA	2026-09-02 06:30:38.316		CONTINENT_DERIVED_FROM_COORDINATES;TAXON_CONCEPT_ID_NOT_FOUND	EOD – eBird Observation Dataset	10.15468/aomfnb
963	1.06753124666026e-314	4fa7b334-ce0d-4e88-aaae-2e0c138d049e	URN:catalog:CLO:EBIRD:OBS611798598	Animalia	Chordata	Aves	Piciformes	Picidae	Dendrocoptes	Dendrocoptes medius		SPECIES	Dendrocoptes medius (Linnaeus, 1758)	Dendrocoptes medius		CH	Trummelbachfalle	Bern	PRESENT	1	e2e717bf-551a-4917-bdc9-4fa0f342c530	46.57215	7.911916	NA	NA	NA	NA	NA	NA	2018-05-01	1	5	2018	8773033	8773033	HUMAN_OBSERVATION	CLO	EBIRD	OBS611798598	NA		NA	CC_BY_4_0		obsr186024	NA	NA	2026-09-02 06:26:45.819		CONTINENT_DERIVED_FROM_COORDINATES;TAXON_CONCEPT_ID_NOT_FOUND	EOD – eBird Observation Dataset	10.15468/aomfnb
964	1.05501715080109e-314	4fa7b334-ce0d-4e88-aaae-2e0c138d049e	URN:catalog:CLO:EBIRD:OBS574263868	Animalia	Chordata	Aves	Piciformes	Picidae	Dendrocoptes	Dendrocoptes medius		SPECIES	Dendrocoptes medius (Linnaeus, 1758)	Dendrocoptes medius		CH	Grand Bois	Genève	PRESENT	1	e2e717bf-551a-4917-bdc9-4fa0f342c530	46.2193	6.013684	NA	NA	NA	NA	NA	NA	2018-02-04	4	2	2018	8773033	8773033	HUMAN_OBSERVATION	CLO	EBIRD	OBS574263868	NA		NA	CC_BY_4_0		obsr211904	NA	NA	2026-09-02 06:32:45.196		COORDINATE_ROUNDED;CONTINENT_DERIVED_FROM_COORDINATES;TAXON_CONCEPT_ID_NOT_FOUND	EOD – eBird Observation Dataset	10.15468/aomfnb
965	1.05165800835633e-314	4fa7b334-ce0d-4e88-aaae-2e0c138d049e	URN:catalog:CLO:EBIRD:OBS594689658	Animalia	Chordata	Aves	Piciformes	Picidae	Dendrocoptes	Dendrocoptes medius		SPECIES	Dendrocoptes medius (Linnaeus, 1758)	Dendrocoptes medius		CH	Le Trembley	Neuchâtel	PRESENT	1	e2e717bf-551a-4917-bdc9-4fa0f342c530	47.01974	6.977903	NA	NA	NA	NA	NA	NA	2018-04-02	2	4	2018	8773033	8773033	HUMAN_OBSERVATION	CLO	EBIRD	OBS594689658	NA		NA	CC_BY_4_0		obsr349875	NA	NA	2026-09-02 06:32:42.083		COORDINATE_ROUNDED;CONTINENT_DERIVED_FROM_COORDINATES;TAXON_CONCEPT_ID_NOT_FOUND	EOD – eBird Observation Dataset	10.15468/aomfnb
966	1.04462109262675e-314	4fa7b334-ce0d-4e88-aaae-2e0c138d049e	URN:catalog:CLO:EBIRD:OBS578648975	Animalia	Chordata	Aves	Piciformes	Picidae	Dendrocoptes	Dendrocoptes medius		SPECIES	Dendrocoptes medius (Linnaeus, 1758)	Dendrocoptes medius		CH	Zoo Zürich	Zürich	PRESENT	1	e2e717bf-551a-4917-bdc9-4fa0f342c530	47.38429	8.574475	NA	NA	NA	NA	NA	NA	2003-07-01	1	7	2003	8773033	8773033	HUMAN_OBSERVATION	CLO	EBIRD	OBS578648975	NA		NA	CC_BY_4_0		obsr336787	NA	NA	2026-09-02 06:30:41.002		CONTINENT_DERIVED_FROM_COORDINATES;TAXON_CONCEPT_ID_NOT_FOUND	EOD – eBird Observation Dataset	10.15468/aomfnb
967	1.03526801295957e-314	4fa7b334-ce0d-4e88-aaae-2e0c138d049e	URN:catalog:CLO:EBIRD:OBS537647043	Animalia	Chordata	Aves	Piciformes	Picidae	Dendrocoptes	Dendrocoptes medius		SPECIES	Dendrocoptes medius (Linnaeus, 1758)	Dendrocoptes medius		CH	Grafenstein	Zürich	PRESENT	1	e2e717bf-551a-4917-bdc9-4fa0f342c530	47.49809	8.695153	NA	NA	NA	NA	NA	NA	2017-09-09	9	9	2017	8773033	8773033	HUMAN_OBSERVATION	CLO	EBIRD	OBS537647043	NA		NA	CC_BY_4_0		obsr441042	NA	NA	2026-09-02 06:26:36.455		CONTINENT_DERIVED_FROM_COORDINATES;TAXON_CONCEPT_ID_NOT_FOUND	EOD – eBird Observation Dataset	10.15468/aomfnb
968	1.02103097630156e-314	4fa7b334-ce0d-4e88-aaae-2e0c138d049e	URN:catalog:CLO:EBIRD:OBS500955933	Animalia	Chordata	Aves	Piciformes	Picidae	Dendrocoptes	Dendrocoptes medius		SPECIES	Dendrocoptes medius (Linnaeus, 1758)	Dendrocoptes medius		CH	Château de Gruyères	Freiburg	PRESENT	1	e2e717bf-551a-4917-bdc9-4fa0f342c530	46.58471	7.083963	NA	NA	NA	NA	NA	NA	2017-05-17	17	5	2017	8773033	8773033	HUMAN_OBSERVATION	CLO	EBIRD	OBS500955933	NA		NA	CC_BY_4_0		obsr177812	NA	NA	2026-09-02 06:31:05.313		COORDINATE_ROUNDED;CONTINENT_DERIVED_FROM_COORDINATES;TAXON_CONCEPT_ID_NOT_FOUND	EOD – eBird Observation Dataset	10.15468/aomfnb
969	1.01129536877842e-314	4fa7b334-ce0d-4e88-aaae-2e0c138d049e	URN:catalog:CLO:EBIRD:OBS475377683	Animalia	Chordata	Aves	Piciformes	Picidae	Dendrocoptes	Dendrocoptes medius		SPECIES	Dendrocoptes medius (Linnaeus, 1758)	Dendrocoptes medius		CH	Bois du Faisan	Genève	PRESENT	1	e2e717bf-551a-4917-bdc9-4fa0f342c530	46.277977	6.151807	NA	NA	NA	NA	NA	NA	2017-03-14	14	3	2017	8773033	8773033	HUMAN_OBSERVATION	CLO	EBIRD	OBS475377683	NA		NA	CC_BY_4_0		obsr403213	NA	NA	2026-09-02 06:29:18.201		COORDINATE_ROUNDED;CONTINENT_DERIVED_FROM_COORDINATES;TAXON_CONCEPT_ID_NOT_FOUND	EOD – eBird Observation Dataset	10.15468/aomfnb
970	1.00668590576724e-314	4fa7b334-ce0d-4e88-aaae-2e0c138d049e	URN:catalog:CLO:EBIRD:OBS464807751	Animalia	Chordata	Aves	Piciformes	Picidae	Dendrocoptes	Dendrocoptes medius		SPECIES	Dendrocoptes medius (Linnaeus, 1758)	Dendrocoptes medius		CH	Switzerland: near Satigny	Genève	PRESENT	2	e2e717bf-551a-4917-bdc9-4fa0f342c530	46.216698	5.999678	NA	NA	NA	NA	NA	NA	2017-02-11	11	2	2017	8773033	8773033	HUMAN_OBSERVATION	CLO	EBIRD	OBS464807751	NA		NA	CC_BY_4_0		obsr403213	NA	NA	2026-09-02 06:31:40.495		COORDINATE_ROUNDED;CONTINENT_DERIVED_FROM_COORDINATES;TAXON_CONCEPT_ID_NOT_FOUND	EOD – eBird Observation Dataset	10.15468/aomfnb
971	8.79300857534335e-315	4fa7b334-ce0d-4e88-aaae-2e0c138d049e	URN:catalog:CLO:EBIRD:OBS450075037	Animalia	Chordata	Aves	Piciformes	Picidae	Dendrocoptes	Dendrocoptes medius		SPECIES	Dendrocoptes medius (Linnaeus, 1758)	Dendrocoptes medius		CH	Champ Calandrini	Genève	PRESENT	1	e2e717bf-551a-4917-bdc9-4fa0f342c530	46.180973	6.180893	NA	NA	NA	NA	NA	NA	2016-12-19	19	12	2016	8773033	8773033	HUMAN_OBSERVATION	CLO	EBIRD	OBS450075037	NA		NA	CC_BY_4_0		obsr786372	NA	NA	2026-09-02 06:30:47.907		COORDINATE_ROUNDED;CONTINENT_DERIVED_FROM_COORDINATES;TAXON_CONCEPT_ID_NOT_FOUND	EOD – eBird Observation Dataset	10.15468/aomfnb
972	8.60857985782644e-315	4fa7b334-ce0d-4e88-aaae-2e0c138d049e	URN:catalog:CLO:EBIRD:OBS408397690	Animalia	Chordata	Aves	Piciformes	Picidae	Dendrocoptes	Dendrocoptes medius		SPECIES	Dendrocoptes medius (Linnaeus, 1758)	Dendrocoptes medius		CH	Staffelwald, CH	Schaffhausen	PRESENT	1	e2e717bf-551a-4917-bdc9-4fa0f342c530	47.678753	8.796061	NA	NA	NA	NA	NA	NA	2016-05-29	29	5	2016	8773033	8773033	HUMAN_OBSERVATION	CLO	EBIRD	OBS408397690	NA		NA	CC_BY_4_0		obsr457108	NA	NA	2026-09-02 06:29:13.79		CONTINENT_DERIVED_FROM_COORDINATES;TAXON_CONCEPT_ID_NOT_FOUND	EOD – eBird Observation Dataset	10.15468/aomfnb
973	8.58574775529553e-315	4fa7b334-ce0d-4e88-aaae-2e0c138d049e	URN:catalog:CLO:EBIRD:OBS403091091	Animalia	Chordata	Aves	Piciformes	Picidae	Dendrocoptes	Dendrocoptes medius		SPECIES	Dendrocoptes medius (Linnaeus, 1758)	Dendrocoptes medius		CH	Forêt de Vernand-Dessous	Vaud	PRESENT	2	e2e717bf-551a-4917-bdc9-4fa0f342c530	46.57258	6.593761	NA	NA	NA	NA	NA	NA	2016-05-14	14	5	2016	8773033	8773033	HUMAN_OBSERVATION	CLO	EBIRD	OBS403091091	NA		NA	CC_BY_4_0		obsr417936	NA	NA	2026-09-02 06:31:41.807		COORDINATE_ROUNDED;CONTINENT_DERIVED_FROM_COORDINATES;TAXON_CONCEPT_ID_NOT_FOUND	EOD – eBird Observation Dataset	10.15468/aomfnb
974	8.52638634106386e-315	4fa7b334-ce0d-4e88-aaae-2e0c138d049e	URN:catalog:CLO:EBIRD:OBS388807067	Animalia	Chordata	Aves	Piciformes	Picidae	Dendrocoptes	Dendrocoptes medius		SPECIES	Dendrocoptes medius (Linnaeus, 1758)	Dendrocoptes medius		CH	Riehen	Basel-Stadt	PRESENT	1	e2e717bf-551a-4917-bdc9-4fa0f342c530	47.583126	7.651892	NA	NA	NA	NA	NA	NA	2016-04-05	5	4	2016	8773033	8773033	HUMAN_OBSERVATION	CLO	EBIRD	OBS388807067	NA		NA	CC_BY_4_0		obsr114260	NA	NA	2026-09-02 06:28:58.026		COORDINATE_ROUNDED;CONTINENT_DERIVED_FROM_COORDINATES;TAXON_CONCEPT_ID_NOT_FOUND	EOD – eBird Observation Dataset	10.15468/aomfnb
975	8.52161371139094e-315	4fa7b334-ce0d-4e88-aaae-2e0c138d049e	URN:catalog:CLO:EBIRD:OBS387545119	Animalia	Chordata	Aves	Piciformes	Picidae	Dendrocoptes	Dendrocoptes medius		SPECIES	Dendrocoptes medius (Linnaeus, 1758)	Dendrocoptes medius		CH	La Ramée/Les Tertres	Neuchâtel	PRESENT	1	e2e717bf-551a-4917-bdc9-4fa0f342c530	47.00584	6.998835	NA	NA	NA	NA	NA	NA	2016-04-01	1	4	2016	8773033	8773033	HUMAN_OBSERVATION	CLO	EBIRD	OBS387545119	NA		NA	CC_BY_4_0		obsr349875	NA	NA	2026-09-02 06:29:12.248		CONTINENT_DERIVED_FROM_COORDINATES;TAXON_CONCEPT_ID_NOT_FOUND	EOD – eBird Observation Dataset	10.15468/aomfnb
976	6.96485267809557e-315	4fa7b334-ce0d-4e88-aaae-2e0c138d049e	URN:catalog:CLO:EBIRD:OBS386103256	Animalia	Chordata	Aves	Piciformes	Picidae	Dendrocoptes	Dendrocoptes medius		SPECIES	Dendrocoptes medius (Linnaeus, 1758)	Dendrocoptes medius		CH	Genthod	Genève	PRESENT	1	e2e717bf-551a-4917-bdc9-4fa0f342c530	46.2684	6.147409	NA	NA	NA	NA	NA	NA	2006-03-09	9	3	2006	8773033	8773033	HUMAN_OBSERVATION	CLO	EBIRD	OBS386103256	NA		NA	CC_BY_4_0		obsr277194	NA	NA	2026-09-02 06:29:24.239		COORDINATE_ROUNDED;CONTINENT_DERIVED_FROM_COORDINATES;TAXON_CONCEPT_ID_NOT_FOUND	EOD – eBird Observation Dataset	10.15468/aomfnb
977	6.96444454034685e-315	4fa7b334-ce0d-4e88-aaae-2e0c138d049e	URN:catalog:CLO:EBIRD:OBS386551891	Animalia	Chordata	Aves	Piciformes	Picidae	Dendrocoptes	Dendrocoptes medius		SPECIES	Dendrocoptes medius (Linnaeus, 1758)	Dendrocoptes medius		CH	Mutrux	Vaud	PRESENT	1	e2e717bf-551a-4917-bdc9-4fa0f342c530	46.88239	6.728611	NA	NA	NA	NA	NA	NA	2007-01-27	27	1	2007	8773033	8773033	HUMAN_OBSERVATION	CLO	EBIRD	OBS386551891	NA		NA	CC_BY_4_0		obsr277194	NA	NA	2026-09-02 06:27:28.584		CONTINENT_DERIVED_FROM_COORDINATES;TAXON_CONCEPT_ID_NOT_FOUND	EOD – eBird Observation Dataset	10.15468/aomfnb
978	6.95498075242601e-315	4fa7b334-ce0d-4e88-aaae-2e0c138d049e	URN:catalog:CLO:EBIRD:OBS377302217	Animalia	Chordata	Aves	Piciformes	Picidae	Dendrocoptes	Dendrocoptes medius		SPECIES	Dendrocoptes medius (Linnaeus, 1758)	Dendrocoptes medius		CH	Bois-de-Chene	Vaud	PRESENT	1	e2e717bf-551a-4917-bdc9-4fa0f342c530	46.43489	6.23472	NA	NA	NA	NA	NA	NA	2008-05-18	18	5	2008	8773033	8773033	HUMAN_OBSERVATION	CLO	EBIRD	OBS377302217	NA		NA	CC_BY_4_0		obsr277194	NA	NA	2026-09-02 06:29:57.991		COORDINATE_ROUNDED;CONTINENT_DERIVED_FROM_COORDINATES;TAXON_CONCEPT_ID_NOT_FOUND	EOD – eBird Observation Dataset	10.15468/aomfnb
979	6.90661737286849e-315	4fa7b334-ce0d-4e88-aaae-2e0c138d049e	URN:catalog:CLO:EBIRD:OBS354207045	Animalia	Chordata	Aves	Piciformes	Picidae	Dendrocoptes	Dendrocoptes medius		SPECIES	Dendrocoptes medius (Linnaeus, 1758)	Dendrocoptes medius		CH	Baslerstrasse, Leuggern	Aargau	PRESENT	1	e2e717bf-551a-4917-bdc9-4fa0f342c530	47.58741	8.205929	NA	NA	NA	NA	NA	NA	2015-11-19	19	11	2015	8773033	8773033	HUMAN_OBSERVATION	CLO	EBIRD	OBS354207045	NA		NA	CC_BY_4_0		obsr114260	NA	NA	2026-09-02 06:25:59.306		CONTINENT_DERIVED_FROM_COORDINATES;TAXON_CONCEPT_ID_NOT_FOUND	EOD – eBird Observation Dataset	10.15468/aomfnb
980	6.79625556298249e-315	4fa7b334-ce0d-4e88-aaae-2e0c138d049e	URN:catalog:CLO:EBIRD:OBS328703819	Animalia	Chordata	Aves	Piciformes	Picidae	Dendrocoptes	Dendrocoptes medius		SPECIES	Dendrocoptes medius (Linnaeus, 1758)	Dendrocoptes medius		CH	La Ferriere Switzerland   road La Chaux d'Abel	Bern	PRESENT	2	e2e717bf-551a-4917-bdc9-4fa0f342c530	47.14357	6.897622	NA	NA	NA	NA	NA	NA	2015-06-20	20	6	2015	8773033	8773033	HUMAN_OBSERVATION	CLO	EBIRD	OBS328703819	NA		NA	CC_BY_4_0		obsr221743	NA	NA	2026-09-02 06:26:09.613		CONTINENT_DERIVED_FROM_COORDINATES;TAXON_CONCEPT_ID_NOT_FOUND	EOD – eBird Observation Dataset	10.15468/aomfnb
981	6.73289744917468e-315	4fa7b334-ce0d-4e88-aaae-2e0c138d049e	URN:catalog:CLO:EBIRD:OBS313532279	Animalia	Chordata	Aves	Piciformes	Picidae	Dendrocoptes	Dendrocoptes medius		SPECIES	Dendrocoptes medius (Linnaeus, 1758)	Dendrocoptes medius		CH	Jeuss - Galmwald	Freiburg	PRESENT	1	e2e717bf-551a-4917-bdc9-4fa0f342c530	46.911232	7.16785	NA	NA	NA	NA	NA	NA	2015-04-25	25	4	2015	8773033	8773033	HUMAN_OBSERVATION	CLO	EBIRD	OBS313532279	NA		NA	CC_BY_4_0		obsr400675	NA	NA	2026-09-02 06:30:23.389		COORDINATE_ROUNDED;CONTINENT_DERIVED_FROM_COORDINATES;TAXON_CONCEPT_ID_NOT_FOUND	EOD – eBird Observation Dataset	10.15468/aomfnb
982	5.81363205583195e-315	4fa7b334-ce0d-4e88-aaae-2e0c138d049e	URN:catalog:CLO:EBIRD:OBS259673228	Animalia	Chordata	Aves	Piciformes	Picidae	Dendrocoptes	Dendrocoptes medius		SPECIES	Dendrocoptes medius (Linnaeus, 1758)	Dendrocoptes medius		CH	Kleindöttingen	Aargau	PRESENT	1	e2e717bf-551a-4917-bdc9-4fa0f342c530	47.56426	8.248008	NA	NA	NA	NA	NA	NA	2014-06-14	14	6	2014	8773033	8773033	HUMAN_OBSERVATION	CLO	EBIRD	OBS259673228	NA		NA	CC_BY_4_0		obsr241514	NA	NA	2026-09-02 06:29:57.662		CONTINENT_DERIVED_FROM_COORDINATES;TAXON_CONCEPT_ID_NOT_FOUND	EOD – eBird Observation Dataset	10.15468/aomfnb
983	4.84334464652223e-315	4fa7b334-ce0d-4e88-aaae-2e0c138d049e	URN:catalog:CLO:EBIRD:OBS245364471	Animalia	Chordata	Aves	Piciformes	Picidae	Dendrocoptes	Dendrocoptes medius		SPECIES	Dendrocoptes medius (Linnaeus, 1758)	Dendrocoptes medius		CH	Zweidlen	Zürich	PRESENT	1	e2e717bf-551a-4917-bdc9-4fa0f342c530	47.576103	8.474751	NA	NA	NA	NA	NA	NA	2011-11-23	23	11	2011	8773033	8773033	HUMAN_OBSERVATION	CLO	EBIRD	OBS245364471	NA		NA	CC_BY_4_0		obsr241514	NA	NA	2026-09-02 06:32:17.34		COORDINATE_ROUNDED;CONTINENT_DERIVED_FROM_COORDINATES;TAXON_CONCEPT_ID_NOT_FOUND	EOD – eBird Observation Dataset	10.15468/aomfnb
984	4.81717193888959e-315	4fa7b334-ce0d-4e88-aaae-2e0c138d049e	URN:catalog:CLO:EBIRD:OBS221720885	Animalia	Chordata	Aves	Piciformes	Picidae	Dendrocoptes	Dendrocoptes medius		SPECIES	Dendrocoptes medius (Linnaeus, 1758)	Dendrocoptes medius		CH	Forêt des Loumonts, Villeret	Bern	PRESENT	1	e2e717bf-551a-4917-bdc9-4fa0f342c530	47.149956	7.025156	NA	NA	NA	NA	NA	NA	2013-08-02	2	8	2013	8773033	8773033	HUMAN_OBSERVATION	CLO	EBIRD	OBS221720885	NA		NA	CC_BY_4_0		obsr278756	NA	NA	2026-09-02 06:32:40.039		CONTINENT_DERIVED_FROM_COORDINATES;TAXON_CONCEPT_ID_NOT_FOUND	EOD – eBird Observation Dataset	10.15468/aomfnb
985	4.67072138552053e-315	4fa7b334-ce0d-4e88-aaae-2e0c138d049e	URN:catalog:CLO:EBIRD:OBS188710666	Animalia	Chordata	Aves	Piciformes	Picidae	Dendrocoptes	Dendrocoptes medius		SPECIES	Dendrocoptes medius (Linnaeus, 1758)	Dendrocoptes medius		CH	Bremgartenwald forest	Bern	PRESENT	NA	e2e717bf-551a-4917-bdc9-4fa0f342c530	46.956764	7.406158	NA	NA	NA	NA	NA	NA	2013-04-02	2	4	2013	8773033	8773033	HUMAN_OBSERVATION	CLO	EBIRD	OBS188710666	NA		NA	CC_BY_4_0		obsr312739	NA	NA	2026-09-02 06:32:35.802		COORDINATE_ROUNDED;CONTINENT_DERIVED_FROM_COORDINATES;TAXON_CONCEPT_ID_NOT_FOUND	EOD – eBird Observation Dataset	10.15468/aomfnb
986	4.65268971867709e-315	4fa7b334-ce0d-4e88-aaae-2e0c138d049e	URN:catalog:CLO:EBIRD:OBS184086122	Animalia	Chordata	Aves	Piciformes	Picidae	Dendrocoptes	Dendrocoptes medius		SPECIES	Dendrocoptes medius (Linnaeus, 1758)	Dendrocoptes medius		CH	CH-GE-Satigny-21 Ch. de l'Ardère	Genève	PRESENT	2	e2e717bf-551a-4917-bdc9-4fa0f342c530	46.222843	6.015183	NA	NA	NA	NA	NA	NA	2013-02-15	15	2	2013	8773033	8773033	HUMAN_OBSERVATION	CLO	EBIRD	OBS184086122	NA		NA	CC_BY_4_0		obsr310569	NA	NA	2026-09-02 06:32:56.728		CONTINENT_DERIVED_FROM_COORDINATES;TAXON_CONCEPT_ID_NOT_FOUND	EOD – eBird Observation Dataset	10.15468/aomfnb
987	4.08736386320714e-315	4fa7b334-ce0d-4e88-aaae-2e0c138d049e	URN:catalog:CLO:EBIRD:OBS158742599	Animalia	Chordata	Aves	Piciformes	Picidae	Dendrocoptes	Dendrocoptes medius		SPECIES	Dendrocoptes medius (Linnaeus, 1758)	Dendrocoptes medius		CH	Neeracherried, Neerach	Zürich	PRESENT	1	e2e717bf-551a-4917-bdc9-4fa0f342c530	47.503693	8.481746	NA	NA	NA	NA	NA	NA	2012-07-15	15	7	2012	8773033	8773033	HUMAN_OBSERVATION	CLO	EBIRD	OBS158742599	NA		NA	CC_BY_4_0		obsr114260	NA	NA	2026-09-02 06:32:25.642		CONTINENT_DERIVED_FROM_COORDINATES;TAXON_CONCEPT_ID_NOT_FOUND	EOD – eBird Observation Dataset	10.15468/aomfnb
988	4.08280651275809e-315	4fa7b334-ce0d-4e88-aaae-2e0c138d049e	URN:catalog:CLO:EBIRD:OBS157580749	Animalia	Chordata	Aves	Piciformes	Picidae	Dendrocoptes	Dendrocoptes medius		SPECIES	Dendrocoptes medius (Linnaeus, 1758)	Dendrocoptes medius		CH	Niderholz	Zürich	PRESENT	1	e2e717bf-551a-4917-bdc9-4fa0f342c530	47.618813	8.614379	NA	NA	NA	NA	NA	NA	2012-06-29	29	6	2012	8773033	8773033	HUMAN_OBSERVATION	CLO	EBIRD	OBS157580749	NA		NA	CC_BY_4_0		obsr293145	NA	NA	2026-09-02 06:32:19.894		CONTINENT_DERIVED_FROM_COORDINATES;TAXON_CONCEPT_ID_NOT_FOUND	EOD – eBird Observation Dataset	10.15468/aomfnb
989	3.03806795108338e-315	82ab0954-f762-11e1-a439-00145eb45e9a		Animalia	Chordata	Aves	Piciformes	Picidae	Dendrocoptes	Dendrocoptes medius		SPECIES	Dendrocopos medius (Linnaeus, 1758)	Dendrocopos medius (Linnaeus, 1758)		CH	Diessenhofen/Kanton Zürich		PRESENT	NA	23e067c0-a255-11da-beae-b8a03c50a862	47.71011	8.70563	7070	NA	470	NA	NA	NA	2001-04-29	29	4	2001	2478026	8773033	OBSERVATION	BDMCH	Bird Observational Records	BDMCH-Z7Voegel-15042	NA		NA	CC_BY_NC_4_0		M. Roost/B. Suter	NA	NA	2026-07-18 16:05:56.785		GEODETIC_DATUM_ASSUMED_WGS84;CONTINENT_DERIVED_FROM_COORDINATES	Bird Observational Records	10.15468/waz4ep
990	3.0380658611857e-315	82ab0954-f762-11e1-a439-00145eb45e9a		Animalia	Chordata	Aves	Piciformes	Picidae	Dendrocoptes	Dendrocoptes medius		SPECIES	Dendrocopos medius (Linnaeus, 1758)	Dendrocopos medius (Linnaeus, 1758)		CH	Romanshorn/Kanton Thurgau		PRESENT	NA	23e067c0-a255-11da-beae-b8a03c50a862	47.5211	9.3652	7070	NA	440	NA	NA	NA	2002-04-15	15	4	2002	2478026	8773033	OBSERVATION	BDMCH	Bird Observational Records	BDMCH-Z7Voegel-18579	NA		NA	CC_BY_NC_4_0		F. Liechti	NA	NA	2026-07-18 16:05:57.982		GEODETIC_DATUM_ASSUMED_WGS84;CONTINENT_DERIVED_FROM_COORDINATES	Bird Observational Records	10.15468/waz4ep
991	3.03806347978928e-315	82ab0954-f762-11e1-a439-00145eb45e9a		Animalia	Chordata	Aves	Piciformes	Picidae	Dendrocoptes	Dendrocoptes medius		SPECIES	Dendrocopos medius (Linnaeus, 1758)	Dendrocopos medius (Linnaeus, 1758)		CH	Cossonay/Canton de Vaud		PRESENT	NA	23e067c0-a255-11da-beae-b8a03c50a862	46.63332	6.46002	7070	NA	800	NA	NA	NA	2004-04-15	15	4	2004	2478026	8773033	OBSERVATION	BDMCH	Bird Observational Records	BDMCH-Z7Voegel-30226	NA		NA	CC_BY_NC_4_0		P. Monnerat	NA	NA	2026-07-18 16:05:58.054		GEODETIC_DATUM_ASSUMED_WGS84;CONTINENT_DERIVED_FROM_COORDINATES	Bird Observational Records	10.15468/waz4ep
992	3.03806270904688e-315	82ab0954-f762-11e1-a439-00145eb45e9a		Animalia	Chordata	Aves	Piciformes	Picidae	Dendrocoptes	Dendrocoptes medius		SPECIES	Dendrocopos medius (Linnaeus, 1758)	Dendrocopos medius (Linnaeus, 1758)		CH	Balsthal/Canton of Solothurn		PRESENT	NA	23e067c0-a255-11da-beae-b8a03c50a862	47.35705	7.63815	7070	NA	720	NA	NA	NA	2004-04-15	15	4	2004	2478026	8773033	OBSERVATION	BDMCH	Bird Observational Records	BDMCH-Z7Voegel-31232	NA		NA	CC_BY_NC_4_0		J. Borer	NA	NA	2026-07-18 16:05:56.782		GEODETIC_DATUM_ASSUMED_WGS84;CONTINENT_DERIVED_FROM_COORDINATES	Bird Observational Records	10.15468/waz4ep
993	3.03806113791812e-315	82ab0954-f762-11e1-a439-00145eb45e9a		Animalia	Chordata	Aves	Piciformes	Picidae	Dendrocoptes	Dendrocoptes medius		SPECIES	Dendrocopos medius (Linnaeus, 1758)	Dendrocopos medius (Linnaeus, 1758)		CH	Neuchâtel/Canton of Neuchâtel		PRESENT	NA	23e067c0-a255-11da-beae-b8a03c50a862	46.99646	6.97937	7070	NA	530	NA	NA	NA	2005-04-15	15	4	2005	2478026	8773033	OBSERVATION	BDMCH	Bird Observational Records	BDMCH-Z7Voegel-33714	NA		NA	CC_BY_NC_4_0		Guggisberg A	NA	NA	2026-07-18 16:05:56.748		GEODETIC_DATUM_ASSUMED_WGS84;CONTINENT_DERIVED_FROM_COORDINATES	Bird Observational Records	10.15468/waz4ep
994	3.03806095511383e-315	82ab0954-f762-11e1-a439-00145eb45e9a		Animalia	Chordata	Aves	Piciformes	Picidae	Dendrocoptes	Dendrocoptes medius		SPECIES	Dendrocopos medius (Linnaeus, 1758)	Dendrocopos medius (Linnaeus, 1758)		CH	La Neuveville/Kanton Bern		PRESENT	NA	23e067c0-a255-11da-beae-b8a03c50a862	47.08688	7.1103	7070	NA	670	NA	NA	NA	2005-04-15	15	4	2005	2478026	8773033	OBSERVATION	BDMCH	Bird Observational Records	BDMCH-Z7Voegel-33931	NA		NA	CC_BY_NC_4_0		Gerber A	NA	NA	2026-07-18 16:05:56.76		GEODETIC_DATUM_ASSUMED_WGS84;CONTINENT_DERIVED_FROM_COORDINATES	Bird Observational Records	10.15468/waz4ep
995	3.03806091558858e-315	82ab0954-f762-11e1-a439-00145eb45e9a		Animalia	Chordata	Aves	Piciformes	Picidae	Dendrocoptes	Dendrocoptes medius		SPECIES	Dendrocopos medius (Linnaeus, 1758)	Dendrocopos medius (Linnaeus, 1758)		CH	Porrentruy/Canton du Jura		PRESENT	NA	23e067c0-a255-11da-beae-b8a03c50a862	47.4467	7.10808	7070	NA	510	NA	NA	NA	2005-04-15	15	4	2005	2478026	8773033	OBSERVATION	BDMCH	Bird Observational Records	BDMCH-Z7Voegel-33980	NA		NA	CC_BY_NC_4_0		Monnerat C	NA	NA	2026-07-18 16:05:56.747		GEODETIC_DATUM_ASSUMED_WGS84;CONTINENT_DERIVED_FROM_COORDINATES	Bird Observational Records	10.15468/waz4ep
996	3.03806053021738e-315	82ab0954-f762-11e1-a439-00145eb45e9a		Animalia	Chordata	Aves	Piciformes	Picidae	Dendrocoptes	Dendrocoptes medius		SPECIES	Dendrocopos medius (Linnaeus, 1758)	Dendrocopos medius (Linnaeus, 1758)		CH	Basel/Kanton Basel-Stadt		PRESENT	NA	23e067c0-a255-11da-beae-b8a03c50a862	47.53695	7.63882	7070	NA	410	NA	NA	NA	2005-04-15	15	4	2005	2478026	8773033	OBSERVATION	BDMCH	Bird Observational Records	BDMCH-Z7Voegel-34512	NA		NA	CC_BY_NC_4_0		Berger RI	NA	NA	2026-07-18 16:05:56.746		GEODETIC_DATUM_ASSUMED_WGS84;CONTINENT_DERIVED_FROM_COORDINATES	Bird Observational Records	10.15468/waz4ep
997	3.0380570668172e-315	82ab0954-f762-11e1-a439-00145eb45e9a		Animalia	Chordata	Aves	Piciformes	Picidae	Dendrocoptes	Dendrocoptes medius		SPECIES	Dendrocopos medius (Linnaeus, 1758)	Dendrocopos medius (Linnaeus, 1758)		CH	Bure/Canton du Jura		PRESENT	NA	23e067c0-a255-11da-beae-b8a03c50a862	47.44624	6.97548	7070	NA	560	NA	NA	NA	2007-04-15	15	4	2007	2478026	8773033	OBSERVATION	BDMCH	Bird Observational Records	BDMCH-Z7Voegel-39680	NA		NA	CC_BY_NC_4_0		L. Juillerat	NA	NA	2026-07-18 16:05:56.758		GEODETIC_DATUM_ASSUMED_WGS84;CONTINENT_DERIVED_FROM_COORDINATES	Bird Observational Records	10.15468/waz4ep
998	3.03805544134123e-315	82ab0954-f762-11e1-a439-00145eb45e9a		Animalia	Chordata	Aves	Piciformes	Picidae	Dendrocoptes	Dendrocoptes medius		SPECIES	Dendrocopos medius (Linnaeus, 1758)	Dendrocopos medius (Linnaeus, 1758)		CH	Arzier/Canton de Vaud		PRESENT	NA	23e067c0-a255-11da-beae-b8a03c50a862	46.45086	6.20296	7070	NA	620	NA	NA	NA	2008-04-24	24	4	2008	2478026	8773033	OBSERVATION	BDMCH	Bird Observational Records	BDMCH-Z7Voegel-42269	NA		NA	CC_BY_NC_4_0		B. Yerly	NA	NA	2026-07-18 16:05:56.739		GEODETIC_DATUM_ASSUMED_WGS84;CONTINENT_DERIVED_FROM_COORDINATES	Bird Observational Records	10.15468/waz4ep
999	3.03805525359628e-315	82ab0954-f762-11e1-a439-00145eb45e9a		Animalia	Chordata	Aves	Piciformes	Picidae	Dendrocoptes	Dendrocoptes medius		SPECIES	Dendrocopos medius (Linnaeus, 1758)	Dendrocopos medius (Linnaeus, 1758)		CH	Yverdon/Canton de Vaud		PRESENT	NA	23e067c0-a255-11da-beae-b8a03c50a862	46.81428	6.58778	7070	NA	530	NA	NA	NA	2008-04-25	25	4	2008	2478026	8773033	OBSERVATION	BDMCH	Bird Observational Records	BDMCH-Z7Voegel-42475	NA		NA	CC_BY_NC_4_0		A. Bassin	NA	NA	2026-07-18 16:05:56.734		GEODETIC_DATUM_ASSUMED_WGS84;CONTINENT_DERIVED_FROM_COORDINATES	Bird Observational Records	10.15468/waz4ep
1000	3.03805514984249e-315	82ab0954-f762-11e1-a439-00145eb45e9a		Animalia	Chordata	Aves	Piciformes	Picidae	Dendrocoptes	Dendrocoptes medius		SPECIES	Dendrocopos medius (Linnaeus, 1758)	Dendrocopos medius (Linnaeus, 1758)		CH	Yvonand/Canton de Vaud		PRESENT	NA	23e067c0-a255-11da-beae-b8a03c50a862	46.81519	6.71882	7070	NA	630	NA	NA	NA	2008-05-12	12	5	2008	2478026	8773033	OBSERVATION	BDMCH	Bird Observational Records	BDMCH-Z7Voegel-42562	NA		NA	CC_BY_NC_4_0		M. Spiess	NA	NA	2026-07-18 16:05:58.049		GEODETIC_DATUM_ASSUMED_WGS84;CONTINENT_DERIVED_FROM_COORDINATES	Bird Observational Records	10.15468/waz4ep
1001	3.03805451249781e-315	82ab0954-f762-11e1-a439-00145eb45e9a		Animalia	Chordata	Aves	Piciformes	Picidae	Dendrocoptes	Dendrocoptes medius		SPECIES	Dendrocopos medius (Linnaeus, 1758)	Dendrocopos medius (Linnaeus, 1758)		CH	Dornach/Canton of Solothurn		PRESENT	NA	23e067c0-a255-11da-beae-b8a03c50a862	47.447	7.63849	7070	NA	360	NA	NA	NA	2008-04-17	17	4	2008	2478026	8773033	OBSERVATION	BDMCH	Bird Observational Records	BDMCH-Z7Voegel-43386	NA		NA	CC_BY_NC_4_0		G. Oesterhelt	NA	NA	2026-07-18 16:05:56.729		GEODETIC_DATUM_ASSUMED_WGS84;CONTINENT_DERIVED_FROM_COORDINATES	Bird Observational Records	10.15468/waz4ep
1002	3.03805234354963e-315	82ab0954-f762-11e1-a439-00145eb45e9a		Animalia	Chordata	Aves	Piciformes	Picidae	Dendrocoptes	Dendrocoptes medius		SPECIES	Dendrocopos medius (Linnaeus, 1758)	Dendrocopos medius (Linnaeus, 1758)		CH	Liestal/Canton of Basel-Landschaft		PRESENT	NA	23e067c0-a255-11da-beae-b8a03c50a862	47.4467	7.77109	7070	NA	500	NA	NA	NA	2009-04-19	19	4	2009	2478026	8773033	OBSERVATION	BDMCH	Bird Observational Records	BDMCH-Z7Voegel-46662	NA		NA	CC_BY_NC_4_0		L. Howald	NA	NA	2026-07-18 16:05:56.701		GEODETIC_DATUM_ASSUMED_WGS84;CONTINENT_DERIVED_FROM_COORDINATES	Bird Observational Records	10.15468/waz4ep
