gbifID	datasetKey	occurrenceID	kingdom	phylum	class	order	family	genus	species	infraspecificEpithet	taxonRank	scientificName	verbatimScientificName	verbatimScientificNameAuthorship	countryCode	locality	stateProvince	occurrenceStatus	individualCount	publishingOrgKey	decimalLatitude	decimalLongitude	coordinateUncertaintyInMeters	coordinatePrecision	elevation	elevationAccuracy	depth	depthAccuracy	eventDate	day	month	year	taxonKey	speciesKey	basisOfRecord	institutionCode	collectionCode	catalogNumber	recordNumber	identifiedBy	dateIdentified	license	rightsHolder	recordedBy	typeStatus	establishmentMeans	lastInterpreted	mediaType	issue
6252972440	50c9509d-22c7-4a22-a47d-8c48425ef4a7	https://www.inaturalist.org/observations/356026013	Animalia	Chordata	Aves	Galliformes	Phasianidae	Tetrao	Tetrao urogallus		SPECIES	Tetrao urogallus Linnaeus, 1758	Tetrao urogallus		CH		Graubünden	PRESENT		28eb1a3f-1c15-4a95-931a-4af90ecb574d	46.869801	10.456453	26935.0						2026-04-27T08:24:40	27	4	2026	55QS7	55QS7	HUMAN_OBSERVATION	iNaturalist	Observations	356026013		Karsten Rohweder	2026-04-28T10:34:54	CC_BY_4_0	Karsten Rohweder	Karsten Rohweder			2026-09-11T05:23:39.647Z	StillImage	COORDINATE_ROUNDED;CONTINENT_DERIVED_FROM_COORDINATES;TAXON_ID_NOT_FOUND
6187666179	729c66ce-74a9-447c-a94e-dc0ab23a0b33	92-10392	Animalia	Chordata	Aves	Galliformes	Phasianidae	Tetrao	Tetrao urogallus		SPECIES	Tetrao urogallus Linnaeus, 1758	Tetrao urogallus Linnaeus, 1758	Linnaeus, 1758	CH			PRESENT		9661d20d-86b6-4485-8948-f3c86b022fa7			3535.0						1997-06-01	1	6	1997	55QS7	55QS7	PRESERVED_SPECIMEN	MHNN	MHNN-AVES	MHNN-92-10392				CC_BY_4_0					2026-09-28T16:58:47.263Z		TAXON_ID_NOT_FOUND
6187665364	729c66ce-74a9-447c-a94e-dc0ab23a0b33	92-13996	Animalia	Chordata	Aves	Galliformes	Phasianidae	Tetrao	Tetrao urogallus		SPECIES	Tetrao urogallus Linnaeus, 1758	Tetrao urogallus Linnaeus, 1758	Linnaeus, 1758	CH		Neuchâtel	PRESENT		9661d20d-86b6-4485-8948-f3c86b022fa7			3535.0						2001-07-19	19	7	2001	55QS7	55QS7	PRESERVED_SPECIMEN	MHNN	MHNN-AVES	MHNN-92-13996				CC_BY_4_0					2026-09-28T16:58:46.596Z		TAXON_ID_NOT_FOUND
6187665363	729c66ce-74a9-447c-a94e-dc0ab23a0b33	92-13997	Animalia	Chordata	Aves	Galliformes	Phasianidae	Tetrao	Tetrao urogallus		SPECIES	Tetrao urogallus Linnaeus, 1758	Tetrao urogallus Linnaeus, 1758	Linnaeus, 1758	CH		Neuchâtel	PRESENT		9661d20d-86b6-4485-8948-f3c86b022fa7			3535.0						2001-05-12	12	5	2001	55QS7	55QS7	PRESERVED_SPECIMEN	MHNN	MHNN-AVES	MHNN-92-13997				CC_BY_4_0					2026-09-28T16:58:46.594Z		TAXON_ID_NOT_FOUND
6187665362	729c66ce-74a9-447c-a94e-dc0ab23a0b33	92-13998	Animalia	Chordata	Aves	Galliformes	Phasianidae	Tetrao	Tetrao urogallus		SPECIES	Tetrao urogallus Linnaeus, 1758	Tetrao urogallus Linnaeus, 1758	Linnaeus, 1758	CH		Neuchâtel	PRESENT		9661d20d-86b6-4485-8948-f3c86b022fa7			3535.0						2001-05-12	12	5	2001	55QS7	55QS7	PRESERVED_SPECIMEN	MHNN	MHNN-AVES	MHNN-92-13998				CC_BY_4_0					2026-09-28T16:58:46.593Z		TAXON_ID_NOT_FOUND
6187665359	729c66ce-74a9-447c-a94e-dc0ab23a0b33	92-13999	Animalia	Chordata	Aves	Galliformes	Phasianidae	Tetrao	Tetrao urogallus		SPECIES	Tetrao urogallus Linnaeus, 1758	Tetrao urogallus Linnaeus, 1758	Linnaeus, 1758	CH		Neuchâtel	PRESENT		9661d20d-86b6-4485-8948-f3c86b022fa7			3535.0						2001-05-02	2	5	2001	55QS7	55QS7	PRESERVED_SPECIMEN	MHNN	MHNN-AVES	MHNN-92-13999				CC_BY_4_0					2026-09-28T16:58:46.461Z		TAXON_ID_NOT_FOUND
6187664253	729c66ce-74a9-447c-a94e-dc0ab23a0b33	92-13817	Animalia	Chordata	Aves	Galliformes	Phasianidae	Tetrao	Tetrao urogallus		SPECIES	Tetrao urogallus Linnaeus, 1758	Tetrao urogallus Linnaeus, 1758	Linnaeus, 1758	CH	Montagne de Boudry	Neuchâtel	PRESENT		9661d20d-86b6-4485-8948-f3c86b022fa7			3535.0						1930			1930	55QS7	55QS7	PRESERVED_SPECIMEN	MHNN	MHNN-AVES	MHNN-92-13817				CC_BY_4_0					2026-09-28T16:58:44.912Z		RECORDED_DATE_INVALID;TAXON_ID_NOT_FOUND
6187664156	729c66ce-74a9-447c-a94e-dc0ab23a0b33	92-13872	Animalia	Chordata	Aves	Galliformes	Phasianidae	Tetrao	Tetrao urogallus		SPECIES	Tetrao urogallus Linnaeus, 1758	Tetrao urogallus Linnaeus, 1758	Linnaeus, 1758	CH	entre Plagne (BE) et Chasseral (NE)		PRESENT		9661d20d-86b6-4485-8948-f3c86b022fa7			3535.0										55QS7	55QS7	PRESERVED_SPECIMEN	MHNN	MHNN-AVES	MHNN-92-13872		Zimmerli, Martin 2021		CC_BY_4_0					2026-09-28T16:58:44.819Z		TAXON_ID_NOT_FOUND
6187664151	729c66ce-74a9-447c-a94e-dc0ab23a0b33	92-13865	Animalia	Chordata	Aves	Galliformes	Phasianidae	Tetrao	Tetrao urogallus		SPECIES	Tetrao urogallus Linnaeus, 1758	Tetrao urogallus Linnaeus, 1758	Linnaeus, 1758	CH	entre Plagne (BE) et Chasseral (NE)		PRESENT		9661d20d-86b6-4485-8948-f3c86b022fa7			3535.0										55QS7	55QS7	PRESERVED_SPECIMEN	MHNN	MHNN-AVES	MHNN-92-13865		Zimmerli, Martin 2021		CC_BY_4_0					2026-09-28T16:58:44.952Z		TAXON_ID_NOT_FOUND
6187663718	729c66ce-74a9-447c-a94e-dc0ab23a0b33	92-13900	Animalia	Chordata	Aves	Galliformes	Phasianidae	Tetrao	Tetrao urogallus		SPECIES	Tetrao urogallus Linnaeus, 1758	Tetrao urogallus Linnaeus, 1758	Linnaeus, 1758	CH		Neuchâtel	PRESENT		9661d20d-86b6-4485-8948-f3c86b022fa7			3535.0						2007-05-11	11	5	2007	55QS7	55QS7	PRESERVED_SPECIMEN	MHNN	MHNN-AVES	MHNN-92-13900				CC_BY_4_0					2026-09-28T16:58:44.468Z		TAXON_ID_NOT_FOUND
6187663717	729c66ce-74a9-447c-a94e-dc0ab23a0b33	92-13901	Animalia	Chordata	Aves	Galliformes	Phasianidae	Tetrao	Tetrao urogallus		SPECIES	Tetrao urogallus Linnaeus, 1758	Tetrao urogallus Linnaeus, 1758	Linnaeus, 1758	CH		Neuchâtel	PRESENT		9661d20d-86b6-4485-8948-f3c86b022fa7			3535.0						2007-05-02	2	5	2007	55QS7	55QS7	PRESERVED_SPECIMEN	MHNN	MHNN-AVES	MHNN-92-13901				CC_BY_4_0					2026-09-28T16:58:44.311Z		TAXON_ID_NOT_FOUND
6187663701	729c66ce-74a9-447c-a94e-dc0ab23a0b33	92-13908	Animalia	Chordata	Aves	Galliformes	Phasianidae	Tetrao	Tetrao urogallus		SPECIES	Tetrao urogallus Linnaeus, 1758	Tetrao urogallus Linnaeus, 1758	Linnaeus, 1758	CH		Neuchâtel	PRESENT		9661d20d-86b6-4485-8948-f3c86b022fa7			3535.0						1987-06-01	1	6	1987	55QS7	55QS7	PRESERVED_SPECIMEN	MHNN	MHNN-AVES	MHNN-92-13908				CC_BY_4_0					2026-09-28T16:58:44.446Z		TAXON_ID_NOT_FOUND
6187663612	729c66ce-74a9-447c-a94e-dc0ab23a0b33	92-13940	Animalia	Chordata	Aves	Galliformes	Phasianidae	Tetrao	Tetrao urogallus		SPECIES	Tetrao urogallus Linnaeus, 1758	Tetrao urogallus Linnaeus, 1758	Linnaeus, 1758	CH		Neuchâtel	PRESENT		9661d20d-86b6-4485-8948-f3c86b022fa7			3535.0						1975-10-19	19	10	1975	55QS7	55QS7	PRESERVED_SPECIMEN	MHNN	MHNN-AVES	MHNN-92-13940				CC_BY_4_0					2026-09-28T16:58:44.157Z		TAXON_ID_NOT_FOUND
6187663610	729c66ce-74a9-447c-a94e-dc0ab23a0b33	92-13930	Animalia	Chordata	Aves	Galliformes	Phasianidae	Tetrao	Tetrao urogallus		SPECIES	Tetrao urogallus Linnaeus, 1758	Tetrao urogallus Linnaeus, 1758	Linnaeus, 1758	CH		Neuchâtel	PRESENT		9661d20d-86b6-4485-8948-f3c86b022fa7			3535.0						1974-01-13	13	1	1974	55QS7	55QS7	PRESERVED_SPECIMEN	MHNN	MHNN-AVES	MHNN-92-13930				CC_BY_4_0					2026-09-28T16:58:44.122Z		TAXON_ID_NOT_FOUND
6187663609	729c66ce-74a9-447c-a94e-dc0ab23a0b33	92-13931	Animalia	Chordata	Aves	Galliformes	Phasianidae	Tetrao	Tetrao urogallus		SPECIES	Tetrao urogallus Linnaeus, 1758	Tetrao urogallus Linnaeus, 1758	Linnaeus, 1758	CH		Neuchâtel	PRESENT		9661d20d-86b6-4485-8948-f3c86b022fa7			3535.0						1974-01-19	19	1	1974	55QS7	55QS7	PRESERVED_SPECIMEN	MHNN	MHNN-AVES	MHNN-92-13931				CC_BY_4_0					2026-09-28T16:58:44.121Z		TAXON_ID_NOT_FOUND
6187663608	729c66ce-74a9-447c-a94e-dc0ab23a0b33	92-13932	Animalia	Chordata	Aves	Galliformes	Phasianidae	Tetrao	Tetrao urogallus		SPECIES	Tetrao urogallus Linnaeus, 1758	Tetrao urogallus Linnaeus, 1758	Linnaeus, 1758	CH		Neuchâtel	PRESENT		9661d20d-86b6-4485-8948-f3c86b022fa7			3535.0						1974-01-13	13	1	1974	55QS7	55QS7	PRESERVED_SPECIMEN	MHNN	MHNN-AVES	MHNN-92-13932				CC_BY_4_0					2026-09-28T16:58:44.155Z		TAXON_ID_NOT_FOUND
6187663607	729c66ce-74a9-447c-a94e-dc0ab23a0b33	92-13933	Animalia	Chordata	Aves	Galliformes	Phasianidae	Tetrao	Tetrao urogallus		SPECIES	Tetrao urogallus Linnaeus, 1758	Tetrao urogallus Linnaeus, 1758	Linnaeus, 1758	CH		Neuchâtel	PRESENT		9661d20d-86b6-4485-8948-f3c86b022fa7			3535.0						1974-03-03	3	3	1974	55QS7	55QS7	PRESERVED_SPECIMEN	MHNN	MHNN-AVES	MHNN-92-13933				CC_BY_4_0					2026-09-28T16:58:44.120Z		TAXON_ID_NOT_FOUND
6187663606	729c66ce-74a9-447c-a94e-dc0ab23a0b33	92-13934	Animalia	Chordata	Aves	Galliformes	Phasianidae	Tetrao	Tetrao urogallus		SPECIES	Tetrao urogallus Linnaeus, 1758	Tetrao urogallus Linnaeus, 1758	Linnaeus, 1758	CH		Neuchâtel	PRESENT		9661d20d-86b6-4485-8948-f3c86b022fa7			3535.0						1975-10-19	19	10	1975	55QS7	55QS7	PRESERVED_SPECIMEN	MHNN	MHNN-AVES	MHNN-92-13934				CC_BY_4_0					2026-09-28T16:58:44.153Z		TAXON_ID_NOT_FOUND
6187663605	729c66ce-74a9-447c-a94e-dc0ab23a0b33	92-13935	Animalia	Chordata	Aves	Galliformes	Phasianidae	Tetrao	Tetrao urogallus		SPECIES	Tetrao urogallus Linnaeus, 1758	Tetrao urogallus Linnaeus, 1758	Linnaeus, 1758	CH		Neuchâtel	PRESENT		9661d20d-86b6-4485-8948-f3c86b022fa7			3535.0						1976-01-04	4	1	1976	55QS7	55QS7	PRESERVED_SPECIMEN	MHNN	MHNN-AVES	MHNN-92-13935				CC_BY_4_0					2026-09-28T16:58:44.118Z		TAXON_ID_NOT_FOUND
6187663604	729c66ce-74a9-447c-a94e-dc0ab23a0b33	92-13936	Animalia	Chordata	Aves	Galliformes	Phasianidae	Tetrao	Tetrao urogallus		SPECIES	Tetrao urogallus Linnaeus, 1758	Tetrao urogallus Linnaeus, 1758	Linnaeus, 1758	CH		Bern	PRESENT		9661d20d-86b6-4485-8948-f3c86b022fa7			3535.0						1975-07-12	12	7	1975	55QS7	55QS7	PRESERVED_SPECIMEN	MHNN	MHNN-AVES	MHNN-92-13936				CC_BY_4_0					2026-09-28T16:58:44.119Z		TAXON_ID_NOT_FOUND
6187663603	729c66ce-74a9-447c-a94e-dc0ab23a0b33	92-13937	Animalia	Chordata	Aves	Galliformes	Phasianidae	Tetrao	Tetrao urogallus		SPECIES	Tetrao urogallus Linnaeus, 1758	Tetrao urogallus Linnaeus, 1758	Linnaeus, 1758	CH		Neuchâtel	PRESENT		9661d20d-86b6-4485-8948-f3c86b022fa7			3535.0						1974-02-16	16	2	1974	55QS7	55QS7	PRESERVED_SPECIMEN	MHNN	MHNN-AVES	MHNN-92-13937				CC_BY_4_0					2026-09-28T16:58:44.152Z		TAXON_ID_NOT_FOUND
6187663602	729c66ce-74a9-447c-a94e-dc0ab23a0b33	92-13938	Animalia	Chordata	Aves	Galliformes	Phasianidae	Tetrao	Tetrao urogallus		SPECIES	Tetrao urogallus Linnaeus, 1758	Tetrao urogallus Linnaeus, 1758	Linnaeus, 1758	CH		Neuchâtel	PRESENT		9661d20d-86b6-4485-8948-f3c86b022fa7			3535.0						1974-06-12	12	6	1974	55QS7	55QS7	PRESERVED_SPECIMEN	MHNN	MHNN-AVES	MHNN-92-13938				CC_BY_4_0					2026-09-28T16:58:44.150Z		TAXON_ID_NOT_FOUND
6187663601	729c66ce-74a9-447c-a94e-dc0ab23a0b33	92-13939	Animalia	Chordata	Aves	Galliformes	Phasianidae	Tetrao	Tetrao urogallus		SPECIES	Tetrao urogallus Linnaeus, 1758	Tetrao urogallus Linnaeus, 1758	Linnaeus, 1758	CH		Neuchâtel	PRESENT		9661d20d-86b6-4485-8948-f3c86b022fa7			3535.0						1973-12-30	30	12	1973	55QS7	55QS7	PRESERVED_SPECIMEN	MHNN	MHNN-AVES	MHNN-92-13939				CC_BY_4_0					2026-09-28T16:58:44.149Z		TAXON_ID_NOT_FOUND
6187663591	729c66ce-74a9-447c-a94e-dc0ab23a0b33	92-13950	Animalia	Chordata	Aves	Galliformes	Phasianidae	Tetrao	Tetrao urogallus		SPECIES	Tetrao urogallus Linnaeus, 1758	Tetrao urogallus Linnaeus, 1758	Linnaeus, 1758	CH		Neuchâtel	PRESENT		9661d20d-86b6-4485-8948-f3c86b022fa7			3535.0						1974-01-19	19	1	1974	55QS7	55QS7	PRESERVED_SPECIMEN	MHNN	MHNN-AVES	MHNN-92-13950				CC_BY_4_0					2026-09-28T16:58:44.117Z		TAXON_ID_NOT_FOUND
6187663590	729c66ce-74a9-447c-a94e-dc0ab23a0b33	92-13951	Animalia	Chordata	Aves	Galliformes	Phasianidae	Tetrao	Tetrao urogallus		SPECIES	Tetrao urogallus Linnaeus, 1758	Tetrao urogallus Linnaeus, 1758	Linnaeus, 1758	CH		Neuchâtel	PRESENT		9661d20d-86b6-4485-8948-f3c86b022fa7			3535.0						1976-11-13	13	11	1976	55QS7	55QS7	PRESERVED_SPECIMEN	MHNN	MHNN-AVES	MHNN-92-13951				CC_BY_4_0					2026-09-28T16:58:44.115Z		TAXON_ID_NOT_FOUND
6187663588	729c66ce-74a9-447c-a94e-dc0ab23a0b33	92-13941	Animalia	Chordata	Aves	Galliformes	Phasianidae	Tetrao	Tetrao urogallus		SPECIES	Tetrao urogallus Linnaeus, 1758	Tetrao urogallus Linnaeus, 1758	Linnaeus, 1758	CH		Neuchâtel	PRESENT		9661d20d-86b6-4485-8948-f3c86b022fa7			3535.0						1975-10-19	19	10	1975	55QS7	55QS7	PRESERVED_SPECIMEN	MHNN	MHNN-AVES	MHNN-92-13941				CC_BY_4_0					2026-09-28T16:58:44.127Z		TAXON_ID_NOT_FOUND
6187663587	729c66ce-74a9-447c-a94e-dc0ab23a0b33	92-13942	Animalia	Chordata	Aves	Galliformes	Phasianidae	Tetrao	Tetrao urogallus		SPECIES	Tetrao urogallus Linnaeus, 1758	Tetrao urogallus Linnaeus, 1758	Linnaeus, 1758	CH		Neuchâtel	PRESENT		9661d20d-86b6-4485-8948-f3c86b022fa7			3535.0						1974-01-06	6	1	1974	55QS7	55QS7	PRESERVED_SPECIMEN	MHNN	MHNN-AVES	MHNN-92-13942				CC_BY_4_0					2026-09-28T16:58:44.114Z		TAXON_ID_NOT_FOUND
6187663586	729c66ce-74a9-447c-a94e-dc0ab23a0b33	92-13943	Animalia	Chordata	Aves	Galliformes	Phasianidae	Tetrao	Tetrao urogallus		SPECIES	Tetrao urogallus Linnaeus, 1758	Tetrao urogallus Linnaeus, 1758	Linnaeus, 1758	CH		Neuchâtel	PRESENT		9661d20d-86b6-4485-8948-f3c86b022fa7			3535.0						1974-04-29	29	4	1974	55QS7	55QS7	PRESERVED_SPECIMEN	MHNN	MHNN-AVES	MHNN-92-13943				CC_BY_4_0					2026-09-28T16:58:44.082Z		TAXON_ID_NOT_FOUND
6187663585	729c66ce-74a9-447c-a94e-dc0ab23a0b33	92-13944	Animalia	Chordata	Aves	Galliformes	Phasianidae	Tetrao	Tetrao urogallus		SPECIES	Tetrao urogallus Linnaeus, 1758	Tetrao urogallus Linnaeus, 1758	Linnaeus, 1758	CH		Neuchâtel	PRESENT		9661d20d-86b6-4485-8948-f3c86b022fa7			3535.0						1974-03-10	10	3	1974	55QS7	55QS7	PRESERVED_SPECIMEN	MHNN	MHNN-AVES	MHNN-92-13944				CC_BY_4_0					2026-09-28T16:58:44.081Z		TAXON_ID_NOT_FOUND
6187663584	729c66ce-74a9-447c-a94e-dc0ab23a0b33	92-13945	Animalia	Chordata	Aves	Galliformes	Phasianidae	Tetrao	Tetrao urogallus		SPECIES	Tetrao urogallus Linnaeus, 1758	Tetrao urogallus Linnaeus, 1758	Linnaeus, 1758	CH		Neuchâtel	PRESENT		9661d20d-86b6-4485-8948-f3c86b022fa7			3535.0						1973-12-30	30	12	1973	55QS7	55QS7	PRESERVED_SPECIMEN	MHNN	MHNN-AVES	MHNN-92-13945				CC_BY_4_0					2026-09-28T16:58:44.113Z		TAXON_ID_NOT_FOUND
6187663583	729c66ce-74a9-447c-a94e-dc0ab23a0b33	92-13946	Animalia	Chordata	Aves	Galliformes	Phasianidae	Tetrao	Tetrao urogallus		SPECIES	Tetrao urogallus Linnaeus, 1758	Tetrao urogallus Linnaeus, 1758	Linnaeus, 1758	CH		Neuchâtel	PRESENT		9661d20d-86b6-4485-8948-f3c86b022fa7			3535.0						1973-12-30	30	12	1973	55QS7	55QS7	PRESERVED_SPECIMEN	MHNN	MHNN-AVES	MHNN-92-13946				CC_BY_4_0					2026-09-28T16:58:44.079Z		TAXON_ID_NOT_FOUND
6187663582	729c66ce-74a9-447c-a94e-dc0ab23a0b33	92-13947	Animalia	Chordata	Aves	Galliformes	Phasianidae	Tetrao	Tetrao urogallus		SPECIES	Tetrao urogallus Linnaeus, 1758	Tetrao urogallus Linnaeus, 1758	Linnaeus, 1758	CH		Neuchâtel	PRESENT		9661d20d-86b6-4485-8948-f3c86b022fa7			3535.0						1973-12-30	30	12	1973	55QS7	55QS7	PRESERVED_SPECIMEN	MHNN	MHNN-AVES	MHNN-92-13947				CC_BY_4_0					2026-09-28T16:58:44.078Z		TAXON_ID_NOT_FOUND
6187663581	729c66ce-74a9-447c-a94e-dc0ab23a0b33	92-13948	Animalia	Chordata	Aves	Galliformes	Phasianidae	Tetrao	Tetrao urogallus		SPECIES	Tetrao urogallus Linnaeus, 1758	Tetrao urogallus Linnaeus, 1758	Linnaeus, 1758	CH		Neuchâtel	PRESENT		9661d20d-86b6-4485-8948-f3c86b022fa7			3535.0						1974-01-13	13	1	1974	55QS7	55QS7	PRESERVED_SPECIMEN	MHNN	MHNN-AVES	MHNN-92-13948				CC_BY_4_0					2026-09-28T16:58:44.077Z		TAXON_ID_NOT_FOUND
6187663580	729c66ce-74a9-447c-a94e-dc0ab23a0b33	92-13949	Animalia	Chordata	Aves	Galliformes	Phasianidae	Tetrao	Tetrao urogallus		SPECIES	Tetrao urogallus Linnaeus, 1758	Tetrao urogallus Linnaeus, 1758	Linnaeus, 1758	CH		Neuchâtel	PRESENT		9661d20d-86b6-4485-8948-f3c86b022fa7			3535.0						1974-01-13	13	1	1974	55QS7	55QS7	PRESERVED_SPECIMEN	MHNN	MHNN-AVES	MHNN-92-13949				CC_BY_4_0					2026-09-28T16:58:44.126Z		TAXON_ID_NOT_FOUND
6187663571	729c66ce-74a9-447c-a94e-dc0ab23a0b33	92-13910	Animalia	Chordata	Aves	Galliformes	Phasianidae	Tetrao	Tetrao urogallus		SPECIES	Tetrao urogallus Linnaeus, 1758	Tetrao urogallus Linnaeus, 1758	Linnaeus, 1758	CH		Neuchâtel	PRESENT		9661d20d-86b6-4485-8948-f3c86b022fa7			3535.0						1987-06-01	1	6	1987	55QS7	55QS7	PRESERVED_SPECIMEN	MHNN	MHNN-AVES	MHNN-92-13910				CC_BY_4_0					2026-09-28T16:58:44.107Z		TAXON_ID_NOT_FOUND
6187663568	729c66ce-74a9-447c-a94e-dc0ab23a0b33	92-13913	Animalia	Chordata	Aves	Galliformes	Phasianidae	Tetrao	Tetrao urogallus		SPECIES	Tetrao urogallus Linnaeus, 1758	Tetrao urogallus Linnaeus, 1758	Linnaeus, 1758	CH		Neuchâtel	PRESENT		9661d20d-86b6-4485-8948-f3c86b022fa7			3535.0						1981-11-12	12	11	1981	55QS7	55QS7	PRESERVED_SPECIMEN	MHNN	MHNN-AVES	MHNN-92-13913				CC_BY_4_0					2026-09-28T16:58:44.114Z		TAXON_ID_NOT_FOUND
6187663547	729c66ce-74a9-447c-a94e-dc0ab23a0b33	92-13921	Animalia	Chordata	Aves	Galliformes	Phasianidae	Tetrao	Tetrao urogallus		SPECIES	Tetrao urogallus Linnaeus, 1758	Tetrao urogallus Linnaeus, 1758	Linnaeus, 1758	CH		Neuchâtel	PRESENT		9661d20d-86b6-4485-8948-f3c86b022fa7			3535.0						1974-01-01	1	1	1974	55QS7	55QS7	PRESERVED_SPECIMEN	MHNN	MHNN-AVES	MHNN-92-13921				CC_BY_4_0					2026-09-28T16:58:44.099Z		TAXON_ID_NOT_FOUND
6187663546	729c66ce-74a9-447c-a94e-dc0ab23a0b33	92-13922	Animalia	Chordata	Aves	Galliformes	Phasianidae	Tetrao	Tetrao urogallus		SPECIES	Tetrao urogallus Linnaeus, 1758	Tetrao urogallus Linnaeus, 1758	Linnaeus, 1758	CH		Neuchâtel	PRESENT		9661d20d-86b6-4485-8948-f3c86b022fa7			3535.0						1974-01-01	1	1	1974	55QS7	55QS7	PRESERVED_SPECIMEN	MHNN	MHNN-AVES	MHNN-92-13922				CC_BY_4_0					2026-09-28T16:58:44.071Z		TAXON_ID_NOT_FOUND
6187663545	729c66ce-74a9-447c-a94e-dc0ab23a0b33	92-13923	Animalia	Chordata	Aves	Galliformes	Phasianidae	Tetrao	Tetrao urogallus		SPECIES	Tetrao urogallus Linnaeus, 1758	Tetrao urogallus Linnaeus, 1758	Linnaeus, 1758	CH		Neuchâtel	PRESENT		9661d20d-86b6-4485-8948-f3c86b022fa7			3535.0						1974-01-13	13	1	1974	55QS7	55QS7	PRESERVED_SPECIMEN	MHNN	MHNN-AVES	MHNN-92-13923				CC_BY_4_0					2026-09-28T16:58:44.098Z		TAXON_ID_NOT_FOUND
6187663544	729c66ce-74a9-447c-a94e-dc0ab23a0b33	92-13924	Animalia	Chordata	Aves	Galliformes	Phasianidae	Tetrao	Tetrao urogallus		SPECIES	Tetrao urogallus Linnaeus, 1758	Tetrao urogallus Linnaeus, 1758	Linnaeus, 1758	CH		Neuchâtel	PRESENT		9661d20d-86b6-4485-8948-f3c86b022fa7			3535.0						1974-01-19	19	1	1974	55QS7	55QS7	PRESERVED_SPECIMEN	MHNN	MHNN-AVES	MHNN-92-13924				CC_BY_4_0					2026-09-28T16:58:44.061Z		TAXON_ID_NOT_FOUND
6187663543	729c66ce-74a9-447c-a94e-dc0ab23a0b33	92-13925	Animalia	Chordata	Aves	Galliformes	Phasianidae	Tetrao	Tetrao urogallus		SPECIES	Tetrao urogallus Linnaeus, 1758	Tetrao urogallus Linnaeus, 1758	Linnaeus, 1758	CH		Neuchâtel	PRESENT		9661d20d-86b6-4485-8948-f3c86b022fa7			3535.0						1974-01-13	13	1	1974	55QS7	55QS7	PRESERVED_SPECIMEN	MHNN	MHNN-AVES	MHNN-92-13925				CC_BY_4_0					2026-09-28T16:58:44.069Z		TAXON_ID_NOT_FOUND
6187663542	729c66ce-74a9-447c-a94e-dc0ab23a0b33	92-13926	Animalia	Chordata	Aves	Galliformes	Phasianidae	Tetrao	Tetrao urogallus		SPECIES	Tetrao urogallus Linnaeus, 1758	Tetrao urogallus Linnaeus, 1758	Linnaeus, 1758	CH		Neuchâtel	PRESENT		9661d20d-86b6-4485-8948-f3c86b022fa7			3535.0						1974-01-06	6	1	1974	55QS7	55QS7	PRESERVED_SPECIMEN	MHNN	MHNN-AVES	MHNN-92-13926				CC_BY_4_0					2026-09-28T16:58:44.068Z		TAXON_ID_NOT_FOUND
6187663541	729c66ce-74a9-447c-a94e-dc0ab23a0b33	92-13927	Animalia	Chordata	Aves	Galliformes	Phasianidae	Tetrao	Tetrao urogallus		SPECIES	Tetrao urogallus Linnaeus, 1758	Tetrao urogallus Linnaeus, 1758	Linnaeus, 1758	CH		Neuchâtel	PRESENT		9661d20d-86b6-4485-8948-f3c86b022fa7			3535.0						1974-01-06	6	1	1974	55QS7	55QS7	PRESERVED_SPECIMEN	MHNN	MHNN-AVES	MHNN-92-13927				CC_BY_4_0					2026-09-28T16:58:44.059Z		TAXON_ID_NOT_FOUND
6187663540	729c66ce-74a9-447c-a94e-dc0ab23a0b33	92-13928	Animalia	Chordata	Aves	Galliformes	Phasianidae	Tetrao	Tetrao urogallus		SPECIES	Tetrao urogallus Linnaeus, 1758	Tetrao urogallus Linnaeus, 1758	Linnaeus, 1758	CH		Neuchâtel	PRESENT		9661d20d-86b6-4485-8948-f3c86b022fa7			3535.0						1974-01-01	1	1	1974	55QS7	55QS7	PRESERVED_SPECIMEN	MHNN	MHNN-AVES	MHNN-92-13928				CC_BY_4_0					2026-09-28T16:58:44.058Z		TAXON_ID_NOT_FOUND
6187663539	729c66ce-74a9-447c-a94e-dc0ab23a0b33	92-13929	Animalia	Chordata	Aves	Galliformes	Phasianidae	Tetrao	Tetrao urogallus		SPECIES	Tetrao urogallus Linnaeus, 1758	Tetrao urogallus Linnaeus, 1758	Linnaeus, 1758	CH		Neuchâtel	PRESENT		9661d20d-86b6-4485-8948-f3c86b022fa7			3535.0						1974-01-01	1	1	1974	55QS7	55QS7	PRESERVED_SPECIMEN	MHNN	MHNN-AVES	MHNN-92-13929				CC_BY_4_0					2026-09-28T16:58:44.055Z		TAXON_ID_NOT_FOUND
6187663528	729c66ce-74a9-447c-a94e-dc0ab23a0b33	92-13980	Animalia	Chordata	Aves	Galliformes	Phasianidae	Tetrao	Tetrao urogallus		SPECIES	Tetrao urogallus Linnaeus, 1758	Tetrao urogallus Linnaeus, 1758	Linnaeus, 1758	CH		Neuchâtel	PRESENT		9661d20d-86b6-4485-8948-f3c86b022fa7			3535.0						2002-07-12	12	7	2002	55QS7	55QS7	PRESERVED_SPECIMEN	MHNN	MHNN-AVES	MHNN-92-13980				CC_BY_4_0					2026-09-28T16:58:44.083Z		TAXON_ID_NOT_FOUND
6187663527	729c66ce-74a9-447c-a94e-dc0ab23a0b33	92-13981	Animalia	Chordata	Aves	Galliformes	Phasianidae	Tetrao	Tetrao urogallus		SPECIES	Tetrao urogallus Linnaeus, 1758	Tetrao urogallus Linnaeus, 1758	Linnaeus, 1758	CH		Neuchâtel	PRESENT		9661d20d-86b6-4485-8948-f3c86b022fa7			3535.0						2001-05-08	8	5	2001	55QS7	55QS7	PRESERVED_SPECIMEN	MHNN	MHNN-AVES	MHNN-92-13981				CC_BY_4_0					2026-09-28T16:58:44.057Z		TAXON_ID_NOT_FOUND
6187663526	729c66ce-74a9-447c-a94e-dc0ab23a0b33	92-13982	Animalia	Chordata	Aves	Galliformes	Phasianidae	Tetrao	Tetrao urogallus		SPECIES	Tetrao urogallus Linnaeus, 1758	Tetrao urogallus Linnaeus, 1758	Linnaeus, 1758	CH		Neuchâtel	PRESENT		9661d20d-86b6-4485-8948-f3c86b022fa7			3535.0						2001-05-21	21	5	2001	55QS7	55QS7	PRESERVED_SPECIMEN	MHNN	MHNN-AVES	MHNN-92-13982				CC_BY_4_0					2026-09-28T16:58:44.045Z		TAXON_ID_NOT_FOUND
6187663525	729c66ce-74a9-447c-a94e-dc0ab23a0b33	92-13983	Animalia	Chordata	Aves	Galliformes	Phasianidae	Tetrao	Tetrao urogallus		SPECIES	Tetrao urogallus Linnaeus, 1758	Tetrao urogallus Linnaeus, 1758	Linnaeus, 1758	CH		Neuchâtel	PRESENT		9661d20d-86b6-4485-8948-f3c86b022fa7			3535.0						2001-04-30	30	4	2001	55QS7	55QS7	PRESERVED_SPECIMEN	MHNN	MHNN-AVES	MHNN-92-13983				CC_BY_4_0					2026-09-28T16:58:44.044Z		TAXON_ID_NOT_FOUND
6187663524	729c66ce-74a9-447c-a94e-dc0ab23a0b33	92-13984	Animalia	Chordata	Aves	Galliformes	Phasianidae	Tetrao	Tetrao urogallus		SPECIES	Tetrao urogallus Linnaeus, 1758	Tetrao urogallus Linnaeus, 1758	Linnaeus, 1758	CH		Grisons	PRESENT		9661d20d-86b6-4485-8948-f3c86b022fa7			3535.0						1981-04-20	20	4	1981	55QS7	55QS7	PRESERVED_SPECIMEN	MHNN	MHNN-AVES	MHNN-92-13984				CC_BY_4_0					2026-09-28T16:58:44.079Z		TAXON_ID_NOT_FOUND
6187663523	729c66ce-74a9-447c-a94e-dc0ab23a0b33	92-13974	Animalia	Chordata	Aves	Galliformes	Phasianidae	Tetrao	Tetrao urogallus		SPECIES	Tetrao urogallus Linnaeus, 1758	Tetrao urogallus Linnaeus, 1758	Linnaeus, 1758	CH		Neuchâtel	PRESENT		9661d20d-86b6-4485-8948-f3c86b022fa7			3535.0						2000-02-01	1	2	2000	55QS7	55QS7	PRESERVED_SPECIMEN	MHNN	MHNN-AVES	MHNN-92-13974				CC_BY_4_0					2026-09-28T16:58:44.078Z		TAXON_ID_NOT_FOUND
6187663522	729c66ce-74a9-447c-a94e-dc0ab23a0b33	92-13975	Animalia	Chordata	Aves	Galliformes	Phasianidae	Tetrao	Tetrao urogallus		SPECIES	Tetrao urogallus Linnaeus, 1758	Tetrao urogallus Linnaeus, 1758	Linnaeus, 1758	CH		Neuchâtel	PRESENT		9661d20d-86b6-4485-8948-f3c86b022fa7			3535.0						2002-01-11	11	1	2002	55QS7	55QS7	PRESERVED_SPECIMEN	MHNN	MHNN-AVES	MHNN-92-13975				CC_BY_4_0					2026-09-28T16:58:44.055Z		TAXON_ID_NOT_FOUND
6187663521	729c66ce-74a9-447c-a94e-dc0ab23a0b33	92-13976	Animalia	Chordata	Aves	Galliformes	Phasianidae	Tetrao	Tetrao urogallus		SPECIES	Tetrao urogallus Linnaeus, 1758	Tetrao urogallus Linnaeus, 1758	Linnaeus, 1758	CH		Neuchâtel	PRESENT		9661d20d-86b6-4485-8948-f3c86b022fa7			3535.0						2002-01-11	11	1	2002	55QS7	55QS7	PRESERVED_SPECIMEN	MHNN	MHNN-AVES	MHNN-92-13976				CC_BY_4_0					2026-09-28T16:58:44.054Z		TAXON_ID_NOT_FOUND
6187663520	729c66ce-74a9-447c-a94e-dc0ab23a0b33	92-13977	Animalia	Chordata	Aves	Galliformes	Phasianidae	Tetrao	Tetrao urogallus		SPECIES	Tetrao urogallus Linnaeus, 1758	Tetrao urogallus Linnaeus, 1758	Linnaeus, 1758	CH		Neuchâtel	PRESENT		9661d20d-86b6-4485-8948-f3c86b022fa7			3535.0						2000-02-03	3	2	2000	55QS7	55QS7	PRESERVED_SPECIMEN	MHNN	MHNN-AVES	MHNN-92-13977				CC_BY_4_0					2026-09-28T16:58:44.077Z		TAXON_ID_NOT_FOUND
6187663519	729c66ce-74a9-447c-a94e-dc0ab23a0b33	92-13978	Animalia	Chordata	Aves	Galliformes	Phasianidae	Tetrao	Tetrao urogallus		SPECIES	Tetrao urogallus Linnaeus, 1758	Tetrao urogallus Linnaeus, 1758	Linnaeus, 1758	CH		Neuchâtel	PRESENT		9661d20d-86b6-4485-8948-f3c86b022fa7			3535.0						2001-05-05	5	5	2001	55QS7	55QS7	PRESERVED_SPECIMEN	MHNN	MHNN-AVES	MHNN-92-13978				CC_BY_4_0					2026-09-28T16:58:44.075Z		TAXON_ID_NOT_FOUND
6187663518	729c66ce-74a9-447c-a94e-dc0ab23a0b33	92-13979	Animalia	Chordata	Aves	Galliformes	Phasianidae	Tetrao	Tetrao urogallus		SPECIES	Tetrao urogallus Linnaeus, 1758	Tetrao urogallus Linnaeus, 1758	Linnaeus, 1758	CH		Neuchâtel	PRESENT		9661d20d-86b6-4485-8948-f3c86b022fa7			3535.0						2002-01-06	6	1	2002	55QS7	55QS7	PRESERVED_SPECIMEN	MHNN	MHNN-AVES	MHNN-92-13979				CC_BY_4_0					2026-09-28T16:58:44.053Z		TAXON_ID_NOT_FOUND
6187663507	729c66ce-74a9-447c-a94e-dc0ab23a0b33	92-13991	Animalia	Chordata	Aves	Galliformes	Phasianidae	Tetrao	Tetrao urogallus		SPECIES	Tetrao urogallus Linnaeus, 1758	Tetrao urogallus Linnaeus, 1758	Linnaeus, 1758	CH		Neuchâtel	PRESENT		9661d20d-86b6-4485-8948-f3c86b022fa7			3535.0						2001-05-12	12	5	2001	55QS7	55QS7	PRESERVED_SPECIMEN	MHNN	MHNN-AVES	MHNN-92-13991				CC_BY_4_0					2026-09-28T16:58:44.037Z		TAXON_ID_NOT_FOUND
6187663506	729c66ce-74a9-447c-a94e-dc0ab23a0b33	92-13992	Animalia	Chordata	Aves	Galliformes	Phasianidae	Tetrao	Tetrao urogallus		SPECIES	Tetrao urogallus Linnaeus, 1758	Tetrao urogallus Linnaeus, 1758	Linnaeus, 1758	CH		Neuchâtel	PRESENT		9661d20d-86b6-4485-8948-f3c86b022fa7			3535.0						2002-04-13	13	4	2002	55QS7	55QS7	PRESERVED_SPECIMEN	MHNN	MHNN-AVES	MHNN-92-13992				CC_BY_4_0					2026-09-28T16:58:44.069Z		TAXON_ID_NOT_FOUND
6187663504	729c66ce-74a9-447c-a94e-dc0ab23a0b33	92-13993	Animalia	Chordata	Aves	Galliformes	Phasianidae	Tetrao	Tetrao urogallus		SPECIES	Tetrao urogallus Linnaeus, 1758	Tetrao urogallus Linnaeus, 1758	Linnaeus, 1758	CH		Neuchâtel	PRESENT		9661d20d-86b6-4485-8948-f3c86b022fa7			3535.0						2002-04-13	13	4	2002	55QS7	55QS7	PRESERVED_SPECIMEN	MHNN	MHNN-AVES	MHNN-92-13993				CC_BY_4_0					2026-09-28T16:58:44.067Z		TAXON_ID_NOT_FOUND
6187663500	729c66ce-74a9-447c-a94e-dc0ab23a0b33	92-13994	Animalia	Chordata	Aves	Galliformes	Phasianidae	Tetrao	Tetrao urogallus		SPECIES	Tetrao urogallus Linnaeus, 1758	Tetrao urogallus Linnaeus, 1758	Linnaeus, 1758	CH		Neuchâtel	PRESENT		9661d20d-86b6-4485-8948-f3c86b022fa7			3535.0						2002-11-09	9	11	2002	55QS7	55QS7	PRESERVED_SPECIMEN	MHNN	MHNN-AVES	MHNN-92-13994				CC_BY_4_0					2026-09-28T16:58:44.035Z		TAXON_ID_NOT_FOUND
6187663499	729c66ce-74a9-447c-a94e-dc0ab23a0b33	92-13995	Animalia	Chordata	Aves	Galliformes	Phasianidae	Tetrao	Tetrao urogallus		SPECIES	Tetrao urogallus Linnaeus, 1758	Tetrao urogallus Linnaeus, 1758	Linnaeus, 1758	CH		Neuchâtel	PRESENT		9661d20d-86b6-4485-8948-f3c86b022fa7			3535.0						1999-06-12	12	6	1999	55QS7	55QS7	PRESERVED_SPECIMEN	MHNN	MHNN-AVES	MHNN-92-13995				CC_BY_4_0					2026-09-28T16:58:44.034Z		TAXON_ID_NOT_FOUND
6187663498	729c66ce-74a9-447c-a94e-dc0ab23a0b33	92-13985	Animalia	Chordata	Aves	Galliformes	Phasianidae	Tetrao	Tetrao urogallus		SPECIES	Tetrao urogallus Linnaeus, 1758	Tetrao urogallus Linnaeus, 1758	Linnaeus, 1758	CH		Neuchâtel	PRESENT		9661d20d-86b6-4485-8948-f3c86b022fa7			3535.0						1977-08-20	20	8	1977	55QS7	55QS7	PRESERVED_SPECIMEN	MHNN	MHNN-AVES	MHNN-92-13985				CC_BY_4_0					2026-09-28T16:58:44.032Z		TAXON_ID_NOT_FOUND
6187663497	729c66ce-74a9-447c-a94e-dc0ab23a0b33	92-13986	Animalia	Chordata	Aves	Galliformes	Phasianidae	Tetrao	Tetrao urogallus		SPECIES	Tetrao urogallus Linnaeus, 1758	Tetrao urogallus Linnaeus, 1758	Linnaeus, 1758	CH		Neuchâtel	PRESENT		9661d20d-86b6-4485-8948-f3c86b022fa7			3535.0						1977-08-20	20	8	1977	55QS7	55QS7	PRESERVED_SPECIMEN	MHNN	MHNN-AVES	MHNN-92-13986				CC_BY_4_0					2026-09-28T16:58:44.030Z		TAXON_ID_NOT_FOUND
6187663496	729c66ce-74a9-447c-a94e-dc0ab23a0b33	92-13987	Animalia	Chordata	Aves	Galliformes	Phasianidae	Tetrao	Tetrao urogallus		SPECIES	Tetrao urogallus Linnaeus, 1758	Tetrao urogallus Linnaeus, 1758	Linnaeus, 1758	CH		Neuchâtel	PRESENT		9661d20d-86b6-4485-8948-f3c86b022fa7			3535.0						1977-08-20	20	8	1977	55QS7	55QS7	PRESERVED_SPECIMEN	MHNN	MHNN-AVES	MHNN-92-13987				CC_BY_4_0					2026-09-28T16:58:44.059Z		TAXON_ID_NOT_FOUND
6187663495	729c66ce-74a9-447c-a94e-dc0ab23a0b33	92-13988	Animalia	Chordata	Aves	Galliformes	Phasianidae	Tetrao	Tetrao urogallus		SPECIES	Tetrao urogallus Linnaeus, 1758	Tetrao urogallus Linnaeus, 1758	Linnaeus, 1758	CH		Neuchâtel	PRESENT		9661d20d-86b6-4485-8948-f3c86b022fa7			3535.0						1974-03-10	10	3	1974	55QS7	55QS7	PRESERVED_SPECIMEN	MHNN	MHNN-AVES	MHNN-92-13988				CC_BY_4_0					2026-09-28T16:58:44.029Z		TAXON_ID_NOT_FOUND
6187663494	729c66ce-74a9-447c-a94e-dc0ab23a0b33	92-13989	Animalia	Chordata	Aves	Galliformes	Phasianidae	Tetrao	Tetrao urogallus		SPECIES	Tetrao urogallus Linnaeus, 1758	Tetrao urogallus Linnaeus, 1758	Linnaeus, 1758	CH		Neuchâtel	PRESENT		9661d20d-86b6-4485-8948-f3c86b022fa7			3535.0						1973-12-30	30	12	1973	55QS7	55QS7	PRESERVED_SPECIMEN	MHNN	MHNN-AVES	MHNN-92-13989				CC_BY_4_0					2026-09-28T16:58:44.028Z		TAXON_ID_NOT_FOUND
6187663481	729c66ce-74a9-447c-a94e-dc0ab23a0b33	92-13960	Animalia	Chordata	Aves	Galliformes	Phasianidae	Tetrao	Tetrao urogallus		SPECIES	Tetrao urogallus Linnaeus, 1758	Tetrao urogallus Linnaeus, 1758	Linnaeus, 1758	CH		Bern	PRESENT		9661d20d-86b6-4485-8948-f3c86b022fa7			3535.0										55QS7	55QS7	PRESERVED_SPECIMEN	MHNN	MHNN-AVES	MHNN-92-13960				CC_BY_4_0					2026-09-28T16:58:44.047Z		RECORDED_DATE_INVALID;TAXON_ID_NOT_FOUND
6187663480	729c66ce-74a9-447c-a94e-dc0ab23a0b33	92-13961	Animalia	Chordata	Aves	Galliformes	Phasianidae	Tetrao	Tetrao urogallus		SPECIES	Tetrao urogallus Linnaeus, 1758	Tetrao urogallus Linnaeus, 1758	Linnaeus, 1758	CH		Bern	PRESENT		9661d20d-86b6-4485-8948-f3c86b022fa7			3535.0										55QS7	55QS7	PRESERVED_SPECIMEN	MHNN	MHNN-AVES	MHNN-92-13961				CC_BY_4_0					2026-09-28T16:58:44.019Z		RECORDED_DATE_INVALID;TAXON_ID_NOT_FOUND
6187663479	729c66ce-74a9-447c-a94e-dc0ab23a0b33	92-13962	Animalia	Chordata	Aves	Galliformes	Phasianidae	Tetrao	Tetrao urogallus		SPECIES	Tetrao urogallus Linnaeus, 1758	Tetrao urogallus Linnaeus, 1758	Linnaeus, 1758	CH		Bern	PRESENT		9661d20d-86b6-4485-8948-f3c86b022fa7			3535.0										55QS7	55QS7	PRESERVED_SPECIMEN	MHNN	MHNN-AVES	MHNN-92-13962				CC_BY_4_0					2026-09-28T16:58:43.997Z		RECORDED_DATE_INVALID;TAXON_ID_NOT_FOUND
6187663478	729c66ce-74a9-447c-a94e-dc0ab23a0b33	92-13952	Animalia	Chordata	Aves	Galliformes	Phasianidae	Tetrao	Tetrao urogallus		SPECIES	Tetrao urogallus Linnaeus, 1758	Tetrao urogallus Linnaeus, 1758	Linnaeus, 1758	CH		Neuchâtel	PRESENT		9661d20d-86b6-4485-8948-f3c86b022fa7			3535.0						1977-12-25	25	12	1977	55QS7	55QS7	PRESERVED_SPECIMEN	MHNN	MHNN-AVES	MHNN-92-13952				CC_BY_4_0					2026-09-28T16:58:44.045Z		TAXON_ID_NOT_FOUND
6187663477	729c66ce-74a9-447c-a94e-dc0ab23a0b33	92-13953	Animalia	Chordata	Aves	Galliformes	Phasianidae	Tetrao	Tetrao urogallus		SPECIES	Tetrao urogallus Linnaeus, 1758	Tetrao urogallus Linnaeus, 1758	Linnaeus, 1758	CH		Neuchâtel	PRESENT		9661d20d-86b6-4485-8948-f3c86b022fa7			3535.0						1977-12-26	26	12	1977	55QS7	55QS7	PRESERVED_SPECIMEN	MHNN	MHNN-AVES	MHNN-92-13953				CC_BY_4_0					2026-09-28T16:58:43.996Z		TAXON_ID_NOT_FOUND
6187663476	729c66ce-74a9-447c-a94e-dc0ab23a0b33	92-13954	Animalia	Chordata	Aves	Galliformes	Phasianidae	Tetrao	Tetrao urogallus		SPECIES	Tetrao urogallus Linnaeus, 1758	Tetrao urogallus Linnaeus, 1758	Linnaeus, 1758	CH		Vaud	PRESENT		9661d20d-86b6-4485-8948-f3c86b022fa7			3535.0						1982-03-28	28	3	1982	55QS7	55QS7	PRESERVED_SPECIMEN	MHNN	MHNN-AVES	MHNN-92-13954				CC_BY_4_0					2026-09-28T16:58:44.018Z		TAXON_ID_NOT_FOUND
6187663475	729c66ce-74a9-447c-a94e-dc0ab23a0b33	92-13955	Animalia	Chordata	Aves	Galliformes	Phasianidae	Tetrao	Tetrao urogallus		SPECIES	Tetrao urogallus Linnaeus, 1758	Tetrao urogallus Linnaeus, 1758	Linnaeus, 1758	CH		Neuchâtel	PRESENT		9661d20d-86b6-4485-8948-f3c86b022fa7			3535.0						1976-01-10	10	1	1976	55QS7	55QS7	PRESERVED_SPECIMEN	MHNN	MHNN-AVES	MHNN-92-13955				CC_BY_4_0					2026-09-28T16:58:44.016Z		TAXON_ID_NOT_FOUND
6187663474	729c66ce-74a9-447c-a94e-dc0ab23a0b33	92-13956	Animalia	Chordata	Aves	Galliformes	Phasianidae	Tetrao	Tetrao urogallus		SPECIES	Tetrao urogallus Linnaeus, 1758	Tetrao urogallus Linnaeus, 1758	Linnaeus, 1758	CH		Neuchâtel	PRESENT		9661d20d-86b6-4485-8948-f3c86b022fa7			3535.0						1977-12-17	17	12	1977	55QS7	55QS7	PRESERVED_SPECIMEN	MHNN	MHNN-AVES	MHNN-92-13956				CC_BY_4_0					2026-09-28T16:58:43.995Z		TAXON_ID_NOT_FOUND
6187663473	729c66ce-74a9-447c-a94e-dc0ab23a0b33	92-13957	Animalia	Chordata	Aves	Galliformes	Phasianidae	Tetrao	Tetrao urogallus		SPECIES	Tetrao urogallus Linnaeus, 1758	Tetrao urogallus Linnaeus, 1758	Linnaeus, 1758	CH		Vaud	PRESENT		9661d20d-86b6-4485-8948-f3c86b022fa7			3535.0						1982-03-28	28	3	1982	55QS7	55QS7	PRESERVED_SPECIMEN	MHNN	MHNN-AVES	MHNN-92-13957				CC_BY_4_0					2026-09-28T16:58:44.044Z		TAXON_ID_NOT_FOUND
6187663472	729c66ce-74a9-447c-a94e-dc0ab23a0b33	92-13958	Animalia	Chordata	Aves	Galliformes	Phasianidae	Tetrao	Tetrao urogallus		SPECIES	Tetrao urogallus Linnaeus, 1758	Tetrao urogallus Linnaeus, 1758	Linnaeus, 1758	CH		Neuchâtel	PRESENT		9661d20d-86b6-4485-8948-f3c86b022fa7			3535.0						1977-12-17	17	12	1977	55QS7	55QS7	PRESERVED_SPECIMEN	MHNN	MHNN-AVES	MHNN-92-13958				CC_BY_4_0					2026-09-28T16:58:43.993Z		TAXON_ID_NOT_FOUND
6187663471	729c66ce-74a9-447c-a94e-dc0ab23a0b33	92-13959	Animalia	Chordata	Aves	Galliformes	Phasianidae	Tetrao	Tetrao urogallus		SPECIES	Tetrao urogallus Linnaeus, 1758	Tetrao urogallus Linnaeus, 1758	Linnaeus, 1758	CH		Bern	PRESENT		9661d20d-86b6-4485-8948-f3c86b022fa7			3535.0										55QS7	55QS7	PRESERVED_SPECIMEN	MHNN	MHNN-AVES	MHNN-92-13959				CC_BY_4_0					2026-09-28T16:58:44.043Z		RECORDED_DATE_INVALID;TAXON_ID_NOT_FOUND
6187663455	729c66ce-74a9-447c-a94e-dc0ab23a0b33	92-13970	Animalia	Chordata	Aves	Galliformes	Phasianidae	Tetrao	Tetrao urogallus		SPECIES	Tetrao urogallus Linnaeus, 1758	Tetrao urogallus Linnaeus, 1758	Linnaeus, 1758	CH		Neuchâtel	PRESENT		9661d20d-86b6-4485-8948-f3c86b022fa7			3535.0						1973-12-30	30	12	1973	55QS7	55QS7	PRESERVED_SPECIMEN	MHNN	MHNN-AVES	MHNN-92-13970				CC_BY_4_0					2026-09-28T16:58:43.940Z		TAXON_ID_NOT_FOUND
6187663454	729c66ce-74a9-447c-a94e-dc0ab23a0b33	92-13971	Animalia	Chordata	Aves	Galliformes	Phasianidae	Tetrao	Tetrao urogallus		SPECIES	Tetrao urogallus Linnaeus, 1758	Tetrao urogallus Linnaeus, 1758	Linnaeus, 1758	CH		Neuchâtel	PRESENT		9661d20d-86b6-4485-8948-f3c86b022fa7			3535.0						1974-02-16	16	2	1974	55QS7	55QS7	PRESERVED_SPECIMEN	MHNN	MHNN-AVES	MHNN-92-13971				CC_BY_4_0					2026-09-28T16:58:44.033Z		TAXON_ID_NOT_FOUND
6187663452	729c66ce-74a9-447c-a94e-dc0ab23a0b33	92-13972	Animalia	Chordata	Aves	Galliformes	Phasianidae	Tetrao	Tetrao urogallus		SPECIES	Tetrao urogallus Linnaeus, 1758	Tetrao urogallus Linnaeus, 1758	Linnaeus, 1758	CH		Neuchâtel	PRESENT		9661d20d-86b6-4485-8948-f3c86b022fa7			3535.0						1982-08-25	25	8	1982	55QS7	55QS7	PRESERVED_SPECIMEN	MHNN	MHNN-AVES	MHNN-92-13972				CC_BY_4_0					2026-09-28T16:58:43.937Z		TAXON_ID_NOT_FOUND
6187663451	729c66ce-74a9-447c-a94e-dc0ab23a0b33	92-13973	Animalia	Chordata	Aves	Galliformes	Phasianidae	Tetrao	Tetrao urogallus		SPECIES	Tetrao urogallus Linnaeus, 1758	Tetrao urogallus Linnaeus, 1758	Linnaeus, 1758	CH		Neuchâtel	PRESENT		9661d20d-86b6-4485-8948-f3c86b022fa7			3535.0						1978-01-07	7	1	1978	55QS7	55QS7	PRESERVED_SPECIMEN	MHNN	MHNN-AVES	MHNN-92-13973				CC_BY_4_0					2026-09-28T16:58:44.032Z		TAXON_ID_NOT_FOUND
6187663450	729c66ce-74a9-447c-a94e-dc0ab23a0b33	92-13963	Animalia	Chordata	Aves	Galliformes	Phasianidae	Tetrao	Tetrao urogallus		SPECIES	Tetrao urogallus Linnaeus, 1758	Tetrao urogallus Linnaeus, 1758	Linnaeus, 1758	CH		Grisons	PRESENT		9661d20d-86b6-4485-8948-f3c86b022fa7			3535.0						1981-04-19	19	4	1981	55QS7	55QS7	PRESERVED_SPECIMEN	MHNN	MHNN-AVES	MHNN-92-13963				CC_BY_4_0					2026-09-28T16:58:44.030Z		TAXON_ID_NOT_FOUND
6187663449	729c66ce-74a9-447c-a94e-dc0ab23a0b33	92-13964	Animalia	Chordata	Aves	Galliformes	Phasianidae	Tetrao	Tetrao urogallus		SPECIES	Tetrao urogallus Linnaeus, 1758	Tetrao urogallus Linnaeus, 1758	Linnaeus, 1758	CH		Neuchâtel	PRESENT		9661d20d-86b6-4485-8948-f3c86b022fa7			3535.0						1977-12-17	17	12	1977	55QS7	55QS7	PRESERVED_SPECIMEN	MHNN	MHNN-AVES	MHNN-92-13964				CC_BY_4_0					2026-09-28T16:58:44.029Z		TAXON_ID_NOT_FOUND
6187663448	729c66ce-74a9-447c-a94e-dc0ab23a0b33	92-13965	Animalia	Chordata	Aves	Galliformes	Phasianidae	Tetrao	Tetrao urogallus		SPECIES	Tetrao urogallus Linnaeus, 1758	Tetrao urogallus Linnaeus, 1758	Linnaeus, 1758	CH		Neuchâtel	PRESENT		9661d20d-86b6-4485-8948-f3c86b022fa7			3535.0						1978-01-07	7	1	1978	55QS7	55QS7	PRESERVED_SPECIMEN	MHNN	MHNN-AVES	MHNN-92-13965				CC_BY_4_0					2026-09-28T16:58:44.027Z		TAXON_ID_NOT_FOUND
6187663447	729c66ce-74a9-447c-a94e-dc0ab23a0b33	92-13966	Animalia	Chordata	Aves	Galliformes	Phasianidae	Tetrao	Tetrao urogallus		SPECIES	Tetrao urogallus Linnaeus, 1758	Tetrao urogallus Linnaeus, 1758	Linnaeus, 1758	CH		Neuchâtel	PRESENT		9661d20d-86b6-4485-8948-f3c86b022fa7			3535.0						1976-01-21	21	1	1976	55QS7	55QS7	PRESERVED_SPECIMEN	MHNN	MHNN-AVES	MHNN-92-13966				CC_BY_4_0					2026-09-28T16:58:44.026Z		TAXON_ID_NOT_FOUND
6187663446	729c66ce-74a9-447c-a94e-dc0ab23a0b33	92-13967	Animalia	Chordata	Aves	Galliformes	Phasianidae	Tetrao	Tetrao urogallus		SPECIES	Tetrao urogallus Linnaeus, 1758	Tetrao urogallus Linnaeus, 1758	Linnaeus, 1758	CH		Neuchâtel	PRESENT		9661d20d-86b6-4485-8948-f3c86b022fa7			3535.0						1976-01-18	18	1	1976	55QS7	55QS7	PRESERVED_SPECIMEN	MHNN	MHNN-AVES	MHNN-92-13967				CC_BY_4_0					2026-09-28T16:58:43.952Z		TAXON_ID_NOT_FOUND
6187663443	729c66ce-74a9-447c-a94e-dc0ab23a0b33	92-13968	Animalia	Chordata	Aves	Galliformes	Phasianidae	Tetrao	Tetrao urogallus		SPECIES	Tetrao urogallus Linnaeus, 1758	Tetrao urogallus Linnaeus, 1758	Linnaeus, 1758	CH		Neuchâtel	PRESENT		9661d20d-86b6-4485-8948-f3c86b022fa7			3535.0						1982-02-21	21	2	1982	55QS7	55QS7	PRESERVED_SPECIMEN	MHNN	MHNN-AVES	MHNN-92-13968				CC_BY_4_0					2026-09-28T16:58:43.936Z		TAXON_ID_NOT_FOUND
6187663442	729c66ce-74a9-447c-a94e-dc0ab23a0b33	92-13969	Animalia	Chordata	Aves	Galliformes	Phasianidae	Tetrao	Tetrao urogallus		SPECIES	Tetrao urogallus Linnaeus, 1758	Tetrao urogallus Linnaeus, 1758	Linnaeus, 1758	CH		Neuchâtel	PRESENT		9661d20d-86b6-4485-8948-f3c86b022fa7			3535.0						2002-02-03	3	2	2002	55QS7	55QS7	PRESERVED_SPECIMEN	MHNN	MHNN-AVES	MHNN-92-13969				CC_BY_4_0					2026-09-28T16:58:44.021Z		TAXON_ID_NOT_FOUND
6187663432	729c66ce-74a9-447c-a94e-dc0ab23a0b33	92-13897	Animalia	Chordata	Aves	Galliformes	Phasianidae	Tetrao	Tetrao urogallus		SPECIES	Tetrao urogallus Linnaeus, 1758	Tetrao urogallus Linnaeus, 1758	Linnaeus, 1758	CH		Neuchâtel	PRESENT		9661d20d-86b6-4485-8948-f3c86b022fa7			3535.0						2007-05-02	2	5	2007	55QS7	55QS7	PRESERVED_SPECIMEN	MHNN	MHNN-AVES	MHNN-92-13897				CC_BY_4_0					2026-09-28T16:58:44.002Z		TAXON_ID_NOT_FOUND
6187663431	729c66ce-74a9-447c-a94e-dc0ab23a0b33	92-13898	Animalia	Chordata	Aves	Galliformes	Phasianidae	Tetrao	Tetrao urogallus		SPECIES	Tetrao urogallus Linnaeus, 1758	Tetrao urogallus Linnaeus, 1758	Linnaeus, 1758	CH		Neuchâtel	PRESENT		9661d20d-86b6-4485-8948-f3c86b022fa7			3535.0						2007-05-02	2	5	2007	55QS7	55QS7	PRESERVED_SPECIMEN	MHNN	MHNN-AVES	MHNN-92-13898				CC_BY_4_0					2026-09-28T16:58:44.001Z		TAXON_ID_NOT_FOUND
6187663430	729c66ce-74a9-447c-a94e-dc0ab23a0b33	92-13899	Animalia	Chordata	Aves	Galliformes	Phasianidae	Tetrao	Tetrao urogallus		SPECIES	Tetrao urogallus Linnaeus, 1758	Tetrao urogallus Linnaeus, 1758	Linnaeus, 1758	CH		Neuchâtel	PRESENT		9661d20d-86b6-4485-8948-f3c86b022fa7			3535.0						2007-05-02	2	5	2007	55QS7	55QS7	PRESERVED_SPECIMEN	MHNN	MHNN-AVES	MHNN-92-13899				CC_BY_4_0					2026-09-28T16:58:43.945Z		TAXON_ID_NOT_FOUND
6187663415	729c66ce-74a9-447c-a94e-dc0ab23a0b33	92-13891	Animalia	Chordata	Aves	Galliformes	Phasianidae	Tetrao	Tetrao urogallus		SPECIES	Tetrao urogallus Linnaeus, 1758	Tetrao urogallus Linnaeus, 1758	Linnaeus, 1758	CH		Vaud	PRESENT		9661d20d-86b6-4485-8948-f3c86b022fa7	46.927798	7.011898	3535.0						2007-07		7	2007	55QS7	55QS7	PRESERVED_SPECIMEN	MHNN	MHNN-AVES	MHNN-92-13891				CC_BY_4_0					2026-09-28T16:58:43.922Z		COORDINATE_ROUNDED;RECORDED_DATE_INVALID;TAXON_ID_NOT_FOUND
6187663414	729c66ce-74a9-447c-a94e-dc0ab23a0b33	92-13892	Animalia	Chordata	Aves	Galliformes	Phasianidae	Tetrao	Tetrao urogallus		SPECIES	Tetrao urogallus Linnaeus, 1758	Tetrao urogallus Linnaeus, 1758	Linnaeus, 1758	CH		Neuchâtel	PRESENT		9661d20d-86b6-4485-8948-f3c86b022fa7			3535.0						2007-03-30	30	3	2007	55QS7	55QS7	PRESERVED_SPECIMEN	MHNN	MHNN-AVES	MHNN-92-13892				CC_BY_4_0					2026-09-28T16:58:43.937Z		TAXON_ID_NOT_FOUND
6187663413	729c66ce-74a9-447c-a94e-dc0ab23a0b33	92-13893	Animalia	Chordata	Aves	Galliformes	Phasianidae	Tetrao	Tetrao urogallus		SPECIES	Tetrao urogallus Linnaeus, 1758	Tetrao urogallus Linnaeus, 1758	Linnaeus, 1758	CH		Neuchâtel	PRESENT		9661d20d-86b6-4485-8948-f3c86b022fa7			3535.0						2007-03-30	30	3	2007	55QS7	55QS7	PRESERVED_SPECIMEN	MHNN	MHNN-AVES	MHNN-92-13893				CC_BY_4_0					2026-09-28T16:58:43.965Z		TAXON_ID_NOT_FOUND
6187663412	729c66ce-74a9-447c-a94e-dc0ab23a0b33	92-13894	Animalia	Chordata	Aves	Galliformes	Phasianidae	Tetrao	Tetrao urogallus		SPECIES	Tetrao urogallus Linnaeus, 1758	Tetrao urogallus Linnaeus, 1758	Linnaeus, 1758	CH		Neuchâtel	PRESENT		9661d20d-86b6-4485-8948-f3c86b022fa7			3535.0						2007-03-31	31	3	2007	55QS7	55QS7	PRESERVED_SPECIMEN	MHNN	MHNN-AVES	MHNN-92-13894				CC_BY_4_0					2026-09-28T16:58:43.936Z		TAXON_ID_NOT_FOUND
6187663410	729c66ce-74a9-447c-a94e-dc0ab23a0b33	92-13895	Animalia	Chordata	Aves	Galliformes	Phasianidae	Tetrao	Tetrao urogallus		SPECIES	Tetrao urogallus Linnaeus, 1758	Tetrao urogallus Linnaeus, 1758	Linnaeus, 1758	CH		Neuchâtel	PRESENT		9661d20d-86b6-4485-8948-f3c86b022fa7			3535.0						2007-05-02	2	5	2007	55QS7	55QS7	PRESERVED_SPECIMEN	MHNN	MHNN-AVES	MHNN-92-13895				CC_BY_4_0					2026-09-28T16:58:43.917Z		TAXON_ID_NOT_FOUND
6187663409	729c66ce-74a9-447c-a94e-dc0ab23a0b33	92-13896	Animalia	Chordata	Aves	Galliformes	Phasianidae	Tetrao	Tetrao urogallus		SPECIES	Tetrao urogallus Linnaeus, 1758	Tetrao urogallus Linnaeus, 1758	Linnaeus, 1758	CH		Neuchâtel	PRESENT		9661d20d-86b6-4485-8948-f3c86b022fa7			3535.0						2007-05-02	2	5	2007	55QS7	55QS7	PRESERVED_SPECIMEN	MHNN	MHNN-AVES	MHNN-92-13896				CC_BY_4_0					2026-09-28T16:58:43.928Z		TAXON_ID_NOT_FOUND
6187662949	729c66ce-74a9-447c-a94e-dc0ab23a0b33	92-13558	Animalia	Chordata	Aves	Galliformes	Phasianidae	Tetrao	Tetrao urogallus		SPECIES	Tetrao urogallus Linnaeus, 1758	Tetrao urogallus Linnaeus, 1758	Linnaeus, 1758	CH	Le Brasel	Neuchâtel	PRESENT		9661d20d-86b6-4485-8948-f3c86b022fa7	46.970138	6.551619	3535.0		1000.0	50.0			2011-10-26	26	10	2011	55QS7	55QS7	PRESERVED_SPECIMEN	MHNN	MHNN-AVES	MHNN-92-13558		Blaise Mulhauser		CC_BY_4_0					2026-09-28T16:58:43.328Z		COORDINATE_ROUNDED;TAXON_ID_NOT_FOUND
6187661233	729c66ce-74a9-447c-a94e-dc0ab23a0b33	92-14471	Animalia	Chordata	Aves	Galliformes	Phasianidae	Tetrao	Tetrao urogallus		SPECIES	Tetrao urogallus Linnaeus, 1758	Tetrao urogallus Linnaeus, 1758	Linnaeus, 1758	CH		Neuchâtel	PRESENT		9661d20d-86b6-4485-8948-f3c86b022fa7			3535.0						1985-06-26	26	6	1985	55QS7	55QS7	PRESERVED_SPECIMEN	MHNN	MHNN-AVES	MHNN-92-14471				CC_BY_4_0					2026-09-28T16:58:41.175Z		TAXON_ID_NOT_FOUND
6187661231	729c66ce-74a9-447c-a94e-dc0ab23a0b33	92-14472	Animalia	Chordata	Aves	Galliformes	Phasianidae	Tetrao	Tetrao urogallus		SPECIES	Tetrao urogallus Linnaeus, 1758	Tetrao urogallus Linnaeus, 1758	Linnaeus, 1758	CH		Neuchâtel	PRESENT		9661d20d-86b6-4485-8948-f3c86b022fa7			3535.0						1985-07-28	28	7	1985	55QS7	55QS7	PRESERVED_SPECIMEN	MHNN	MHNN-AVES	MHNN-92-14472				CC_BY_4_0					2026-09-28T16:58:41.242Z		TAXON_ID_NOT_FOUND
6187661230	729c66ce-74a9-447c-a94e-dc0ab23a0b33	92-14473	Animalia	Chordata	Aves	Galliformes	Phasianidae	Tetrao	Tetrao urogallus		SPECIES	Tetrao urogallus Linnaeus, 1758	Tetrao urogallus Linnaeus, 1758	Linnaeus, 1758	CH		Neuchâtel	PRESENT		9661d20d-86b6-4485-8948-f3c86b022fa7			3535.0						1985-07-23	23	7	1985	55QS7	55QS7	PRESERVED_SPECIMEN	MHNN	MHNN-AVES	MHNN-92-14473				CC_BY_4_0					2026-09-28T16:58:41.180Z		TAXON_ID_NOT_FOUND
6187661228	729c66ce-74a9-447c-a94e-dc0ab23a0b33	92-14474	Animalia	Chordata	Aves	Galliformes	Phasianidae	Tetrao	Tetrao urogallus		SPECIES	Tetrao urogallus Linnaeus, 1758	Tetrao urogallus Linnaeus, 1758	Linnaeus, 1758	CH		Neuchâtel	PRESENT		9661d20d-86b6-4485-8948-f3c86b022fa7			3535.0						1985-06-21	21	6	1985	55QS7	55QS7	PRESERVED_SPECIMEN	MHNN	MHNN-AVES	MHNN-92-14474				CC_BY_4_0					2026-09-28T16:58:41.170Z		TAXON_ID_NOT_FOUND
6187661225	729c66ce-74a9-447c-a94e-dc0ab23a0b33	92-14475	Animalia	Chordata	Aves	Galliformes	Phasianidae	Tetrao	Tetrao urogallus		SPECIES	Tetrao urogallus Linnaeus, 1758	Tetrao urogallus Linnaeus, 1758	Linnaeus, 1758	CH		Neuchâtel	PRESENT		9661d20d-86b6-4485-8948-f3c86b022fa7			3535.0						1985-06-04	4	6	1985	55QS7	55QS7	PRESERVED_SPECIMEN	MHNN	MHNN-AVES	MHNN-92-14475				CC_BY_4_0					2026-09-28T16:58:41.169Z		TAXON_ID_NOT_FOUND
6187661223	729c66ce-74a9-447c-a94e-dc0ab23a0b33	92-14476	Animalia	Chordata	Aves	Galliformes	Phasianidae	Tetrao	Tetrao urogallus		SPECIES	Tetrao urogallus Linnaeus, 1758	Tetrao urogallus Linnaeus, 1758	Linnaeus, 1758	CH		Neuchâtel	PRESENT		9661d20d-86b6-4485-8948-f3c86b022fa7			3535.0						1985-07-23	23	7	1985	55QS7	55QS7	PRESERVED_SPECIMEN	MHNN	MHNN-AVES	MHNN-92-14476				CC_BY_4_0					2026-09-28T16:58:41.153Z		TAXON_ID_NOT_FOUND
6187661221	729c66ce-74a9-447c-a94e-dc0ab23a0b33	92-14477	Animalia	Chordata	Aves	Galliformes	Phasianidae	Tetrao	Tetrao urogallus		SPECIES	Tetrao urogallus Linnaeus, 1758	Tetrao urogallus Linnaeus, 1758	Linnaeus, 1758	CH		Neuchâtel	PRESENT		9661d20d-86b6-4485-8948-f3c86b022fa7			3535.0						1984-04-24	24	4	1984	55QS7	55QS7	PRESERVED_SPECIMEN	MHNN	MHNN-AVES	MHNN-92-14477				CC_BY_4_0					2026-09-28T16:58:41.238Z		TAXON_ID_NOT_FOUND
6187661219	729c66ce-74a9-447c-a94e-dc0ab23a0b33	92-14478	Animalia	Chordata	Aves	Galliformes	Phasianidae	Tetrao	Tetrao urogallus		SPECIES	Tetrao urogallus Linnaeus, 1758	Tetrao urogallus Linnaeus, 1758	Linnaeus, 1758	CH		Neuchâtel	PRESENT		9661d20d-86b6-4485-8948-f3c86b022fa7			3535.0						1984-05-29	29	5	1984	55QS7	55QS7	PRESERVED_SPECIMEN	MHNN	MHNN-AVES	MHNN-92-14478				CC_BY_4_0					2026-09-28T16:58:41.178Z		TAXON_ID_NOT_FOUND
6187661218	729c66ce-74a9-447c-a94e-dc0ab23a0b33	92-14479	Animalia	Chordata	Aves	Galliformes	Phasianidae	Tetrao	Tetrao urogallus		SPECIES	Tetrao urogallus Linnaeus, 1758	Tetrao urogallus Linnaeus, 1758	Linnaeus, 1758	CH		Neuchâtel	PRESENT		9661d20d-86b6-4485-8948-f3c86b022fa7			3535.0						1984-06-06	6	6	1984	55QS7	55QS7	PRESERVED_SPECIMEN	MHNN	MHNN-AVES	MHNN-92-14479				CC_BY_4_0					2026-09-28T16:58:41.177Z		TAXON_ID_NOT_FOUND
6187661207	729c66ce-74a9-447c-a94e-dc0ab23a0b33	92-14480	Animalia	Chordata	Aves	Galliformes	Phasianidae	Tetrao	Tetrao urogallus		SPECIES	Tetrao urogallus Linnaeus, 1758	Tetrao urogallus Linnaeus, 1758	Linnaeus, 1758	CH		Neuchâtel	PRESENT		9661d20d-86b6-4485-8948-f3c86b022fa7			3535.0						1984-05-17	17	5	1984	55QS7	55QS7	PRESERVED_SPECIMEN	MHNN	MHNN-AVES	MHNN-92-14480				CC_BY_4_0					2026-09-28T16:58:41.141Z		TAXON_ID_NOT_FOUND
6187661206	729c66ce-74a9-447c-a94e-dc0ab23a0b33	92-14481	Animalia	Chordata	Aves	Galliformes	Phasianidae	Tetrao	Tetrao urogallus		SPECIES	Tetrao urogallus Linnaeus, 1758	Tetrao urogallus Linnaeus, 1758	Linnaeus, 1758	CH		Neuchâtel	PRESENT		9661d20d-86b6-4485-8948-f3c86b022fa7			3535.0						1984-05-29	29	5	1984	55QS7	55QS7	PRESERVED_SPECIMEN	MHNN	MHNN-AVES	MHNN-92-14481				CC_BY_4_0					2026-09-28T16:58:41.168Z		TAXON_ID_NOT_FOUND
6187661204	729c66ce-74a9-447c-a94e-dc0ab23a0b33	92-14482	Animalia	Chordata	Aves	Galliformes	Phasianidae	Tetrao	Tetrao urogallus		SPECIES	Tetrao urogallus Linnaeus, 1758	Tetrao urogallus Linnaeus, 1758	Linnaeus, 1758	CH		Neuchâtel	PRESENT		9661d20d-86b6-4485-8948-f3c86b022fa7			3535.0						1990-04-20	20	4	1990	55QS7	55QS7	PRESERVED_SPECIMEN	MHNN	MHNN-AVES	MHNN-92-14482				CC_BY_4_0					2026-09-28T16:58:41.167Z		TAXON_ID_NOT_FOUND
6187661203	729c66ce-74a9-447c-a94e-dc0ab23a0b33	92-14483	Animalia	Chordata	Aves	Galliformes	Phasianidae	Tetrao	Tetrao urogallus		SPECIES	Tetrao urogallus Linnaeus, 1758	Tetrao urogallus Linnaeus, 1758	Linnaeus, 1758	CH		Neuchâtel	PRESENT		9661d20d-86b6-4485-8948-f3c86b022fa7			3535.0						1990-04-20	20	4	1990	55QS7	55QS7	PRESERVED_SPECIMEN	MHNN	MHNN-AVES	MHNN-92-14483				CC_BY_4_0					2026-09-28T16:58:41.166Z		TAXON_ID_NOT_FOUND
6187661202	729c66ce-74a9-447c-a94e-dc0ab23a0b33	92-14484	Animalia	Chordata	Aves	Galliformes	Phasianidae	Tetrao	Tetrao urogallus		SPECIES	Tetrao urogallus Linnaeus, 1758	Tetrao urogallus Linnaeus, 1758	Linnaeus, 1758	CH		Neuchâtel	PRESENT		9661d20d-86b6-4485-8948-f3c86b022fa7			3535.0						1990-04-20	20	4	1990	55QS7	55QS7	PRESERVED_SPECIMEN	MHNN	MHNN-AVES	MHNN-92-14484				CC_BY_4_0					2026-09-28T16:58:41.231Z		TAXON_ID_NOT_FOUND
6187661200	729c66ce-74a9-447c-a94e-dc0ab23a0b33	92-14485	Animalia	Chordata	Aves	Galliformes	Phasianidae	Tetrao	Tetrao urogallus		SPECIES	Tetrao urogallus Linnaeus, 1758	Tetrao urogallus Linnaeus, 1758	Linnaeus, 1758	CH		Neuchâtel	PRESENT		9661d20d-86b6-4485-8948-f3c86b022fa7			3535.0						1981-04-25	25	4	1981	55QS7	55QS7	PRESERVED_SPECIMEN	MHNN	MHNN-AVES	MHNN-92-14485				CC_BY_4_0					2026-09-28T16:58:41.140Z		TAXON_ID_NOT_FOUND
6187661199	729c66ce-74a9-447c-a94e-dc0ab23a0b33	92-14486	Animalia	Chordata	Aves	Galliformes	Phasianidae	Tetrao	Tetrao urogallus		SPECIES	Tetrao urogallus Linnaeus, 1758	Tetrao urogallus Linnaeus, 1758	Linnaeus, 1758	CH		Neuchâtel	PRESENT		9661d20d-86b6-4485-8948-f3c86b022fa7			3535.0						1990-04-20	20	4	1990	55QS7	55QS7	PRESERVED_SPECIMEN	MHNN	MHNN-AVES	MHNN-92-14486				CC_BY_4_0					2026-09-28T16:58:41.229Z		TAXON_ID_NOT_FOUND
6187661198	729c66ce-74a9-447c-a94e-dc0ab23a0b33	92-14487	Animalia	Chordata	Aves	Galliformes	Phasianidae	Tetrao	Tetrao urogallus		SPECIES	Tetrao urogallus Linnaeus, 1758	Tetrao urogallus Linnaeus, 1758	Linnaeus, 1758	CH			PRESENT		9661d20d-86b6-4485-8948-f3c86b022fa7			3535.0						1984-05-12	12	5	1984	55QS7	55QS7	PRESERVED_SPECIMEN	MHNN	MHNN-AVES	MHNN-92-14487				CC_BY_4_0					2026-09-28T16:58:41.228Z		TAXON_ID_NOT_FOUND
6187661197	729c66ce-74a9-447c-a94e-dc0ab23a0b33	92-14488	Animalia	Chordata	Aves	Galliformes	Phasianidae	Tetrao	Tetrao urogallus		SPECIES	Tetrao urogallus Linnaeus, 1758	Tetrao urogallus Linnaeus, 1758	Linnaeus, 1758	CH			PRESENT		9661d20d-86b6-4485-8948-f3c86b022fa7			3535.0						1984-05-27	27	5	1984	55QS7	55QS7	PRESERVED_SPECIMEN	MHNN	MHNN-AVES	MHNN-92-14488				CC_BY_4_0					2026-09-28T16:58:41.138Z		TAXON_ID_NOT_FOUND
6187661196	729c66ce-74a9-447c-a94e-dc0ab23a0b33	92-14489	Animalia	Chordata	Aves	Galliformes	Phasianidae	Tetrao	Tetrao urogallus		SPECIES	Tetrao urogallus Linnaeus, 1758	Tetrao urogallus Linnaeus, 1758	Linnaeus, 1758	CH			PRESENT		9661d20d-86b6-4485-8948-f3c86b022fa7			3535.0						1985-06-10	10	6	1985	55QS7	55QS7	PRESERVED_SPECIMEN	MHNN	MHNN-AVES	MHNN-92-14489				CC_BY_4_0					2026-09-28T16:58:41.164Z		TAXON_ID_NOT_FOUND
6187661071	729c66ce-74a9-447c-a94e-dc0ab23a0b33	92-14490	Animalia	Chordata	Aves	Galliformes	Phasianidae	Tetrao	Tetrao urogallus		SPECIES	Tetrao urogallus Linnaeus, 1758	Tetrao urogallus Linnaeus, 1758	Linnaeus, 1758	CH		Bern	PRESENT		9661d20d-86b6-4485-8948-f3c86b022fa7			3535.0						1986-05-07	7	5	1986	55QS7	55QS7	PRESERVED_SPECIMEN	MHNN	MHNN-AVES	MHNN-92-14490				CC_BY_4_0					2026-09-28T16:58:41.048Z		TAXON_ID_NOT_FOUND
6187661067	729c66ce-74a9-447c-a94e-dc0ab23a0b33	92-14491	Animalia	Chordata	Aves	Galliformes	Phasianidae	Tetrao	Tetrao urogallus		SPECIES	Tetrao urogallus Linnaeus, 1758	Tetrao urogallus Linnaeus, 1758	Linnaeus, 1758	CH		Neuchâtel	PRESENT		9661d20d-86b6-4485-8948-f3c86b022fa7			3535.0						2001-06		6	2001	55QS7	55QS7	PRESERVED_SPECIMEN	MHNN	MHNN-AVES	MHNN-92-14491				CC_BY_4_0					2026-09-28T16:58:41.045Z		RECORDED_DATE_INVALID;TAXON_ID_NOT_FOUND
6187661061	729c66ce-74a9-447c-a94e-dc0ab23a0b33	92-14492	Animalia	Chordata	Aves	Galliformes	Phasianidae	Tetrao	Tetrao urogallus		SPECIES	Tetrao urogallus Linnaeus, 1758	Tetrao urogallus Linnaeus, 1758	Linnaeus, 1758	CH		Neuchâtel	PRESENT		9661d20d-86b6-4485-8948-f3c86b022fa7			3535.0						2001-06		6	2001	55QS7	55QS7	PRESERVED_SPECIMEN	MHNN	MHNN-AVES	MHNN-92-14492				CC_BY_4_0					2026-09-28T16:58:41.008Z		RECORDED_DATE_INVALID;TAXON_ID_NOT_FOUND
6187661060	729c66ce-74a9-447c-a94e-dc0ab23a0b33	92-14493	Animalia	Chordata	Aves	Galliformes	Phasianidae	Tetrao	Tetrao urogallus		SPECIES	Tetrao urogallus Linnaeus, 1758	Tetrao urogallus Linnaeus, 1758	Linnaeus, 1758	CH		Neuchâtel	PRESENT		9661d20d-86b6-4485-8948-f3c86b022fa7			3535.0						2001-06		6	2001	55QS7	55QS7	PRESERVED_SPECIMEN	MHNN	MHNN-AVES	MHNN-92-14493				CC_BY_4_0					2026-09-28T16:58:41.039Z		RECORDED_DATE_INVALID;TAXON_ID_NOT_FOUND
6187661057	729c66ce-74a9-447c-a94e-dc0ab23a0b33	92-14494	Animalia	Chordata	Aves	Galliformes	Phasianidae	Tetrao	Tetrao urogallus		SPECIES	Tetrao urogallus Linnaeus, 1758	Tetrao urogallus Linnaeus, 1758	Linnaeus, 1758	CH		Neuchâtel	PRESENT		9661d20d-86b6-4485-8948-f3c86b022fa7			3535.0						2001-06		6	2001	55QS7	55QS7	PRESERVED_SPECIMEN	MHNN	MHNN-AVES	MHNN-92-14494				CC_BY_4_0					2026-09-28T16:58:40.979Z		RECORDED_DATE_INVALID;TAXON_ID_NOT_FOUND
6187661056	729c66ce-74a9-447c-a94e-dc0ab23a0b33	92-14495	Animalia	Chordata	Aves	Galliformes	Phasianidae	Tetrao	Tetrao urogallus		SPECIES	Tetrao urogallus Linnaeus, 1758	Tetrao urogallus Linnaeus, 1758	Linnaeus, 1758	CH		Neuchâtel	PRESENT		9661d20d-86b6-4485-8948-f3c86b022fa7			3535.0						2001-06		6	2001	55QS7	55QS7	PRESERVED_SPECIMEN	MHNN	MHNN-AVES	MHNN-92-14495				CC_BY_4_0					2026-09-28T16:58:41.033Z		RECORDED_DATE_INVALID;TAXON_ID_NOT_FOUND
6187661055	729c66ce-74a9-447c-a94e-dc0ab23a0b33	92-14496	Animalia	Chordata	Aves	Galliformes	Phasianidae	Tetrao	Tetrao urogallus		SPECIES	Tetrao urogallus Linnaeus, 1758	Tetrao urogallus Linnaeus, 1758	Linnaeus, 1758	CH		Neuchâtel	PRESENT		9661d20d-86b6-4485-8948-f3c86b022fa7			3535.0						2001-06		6	2001	55QS7	55QS7	PRESERVED_SPECIMEN	MHNN	MHNN-AVES	MHNN-92-14496				CC_BY_4_0					2026-09-28T16:58:41.029Z		RECORDED_DATE_INVALID;TAXON_ID_NOT_FOUND
6187661054	729c66ce-74a9-447c-a94e-dc0ab23a0b33	92-14497	Animalia	Chordata	Aves	Galliformes	Phasianidae	Tetrao	Tetrao urogallus		SPECIES	Tetrao urogallus Linnaeus, 1758	Tetrao urogallus Linnaeus, 1758	Linnaeus, 1758	CH		Neuchâtel	PRESENT		9661d20d-86b6-4485-8948-f3c86b022fa7			3535.0						2001-06		6	2001	55QS7	55QS7	PRESERVED_SPECIMEN	MHNN	MHNN-AVES	MHNN-92-14497				CC_BY_4_0					2026-09-28T16:58:40.975Z		RECORDED_DATE_INVALID;TAXON_ID_NOT_FOUND
6187661052	729c66ce-74a9-447c-a94e-dc0ab23a0b33	92-14498	Animalia	Chordata	Aves	Galliformes	Phasianidae	Tetrao	Tetrao urogallus		SPECIES	Tetrao urogallus Linnaeus, 1758	Tetrao urogallus Linnaeus, 1758	Linnaeus, 1758	CH		Neuchâtel	PRESENT		9661d20d-86b6-4485-8948-f3c86b022fa7			3535.0						2001-06		6	2001	55QS7	55QS7	PRESERVED_SPECIMEN	MHNN	MHNN-AVES	MHNN-92-14498				CC_BY_4_0					2026-09-28T16:58:40.986Z		RECORDED_DATE_INVALID;TAXON_ID_NOT_FOUND
6187661050	729c66ce-74a9-447c-a94e-dc0ab23a0b33	92-14499	Animalia	Chordata	Aves	Galliformes	Phasianidae	Tetrao	Tetrao urogallus		SPECIES	Tetrao urogallus Linnaeus, 1758	Tetrao urogallus Linnaeus, 1758	Linnaeus, 1758	CH			PRESENT		9661d20d-86b6-4485-8948-f3c86b022fa7			3535.0						1984-07-09	9	7	1984	55QS7	55QS7	PRESERVED_SPECIMEN	MHNN	MHNN-AVES	MHNN-92-14499				CC_BY_4_0					2026-09-28T16:58:40.982Z		TAXON_ID_NOT_FOUND
6187660873	729c66ce-74a9-447c-a94e-dc0ab23a0b33	92-14502	Animalia	Chordata	Aves	Galliformes	Phasianidae	Tetrao	Tetrao urogallus		SPECIES	Tetrao urogallus Linnaeus, 1758	Tetrao urogallus Linnaeus, 1758	Linnaeus, 1758	CH			PRESENT		9661d20d-86b6-4485-8948-f3c86b022fa7			3535.0						1984-05-29	29	5	1984	55QS7	55QS7	PRESERVED_SPECIMEN	MHNN	MHNN-AVES	MHNN-92-14502				CC_BY_4_0					2026-09-28T16:58:40.737Z		TAXON_ID_NOT_FOUND
6187660872	729c66ce-74a9-447c-a94e-dc0ab23a0b33	92-14503	Animalia	Chordata	Aves	Galliformes	Phasianidae	Tetrao	Tetrao urogallus		SPECIES	Tetrao urogallus Linnaeus, 1758	Tetrao urogallus Linnaeus, 1758	Linnaeus, 1758	CH			PRESENT		9661d20d-86b6-4485-8948-f3c86b022fa7			3535.0						1984-06-23	23	6	1984	55QS7	55QS7	PRESERVED_SPECIMEN	MHNN	MHNN-AVES	MHNN-92-14503				CC_BY_4_0					2026-09-28T16:58:40.764Z		TAXON_ID_NOT_FOUND
6187660871	729c66ce-74a9-447c-a94e-dc0ab23a0b33	92-14504	Animalia	Chordata	Aves	Galliformes	Phasianidae	Tetrao	Tetrao urogallus		SPECIES	Tetrao urogallus Linnaeus, 1758	Tetrao urogallus Linnaeus, 1758	Linnaeus, 1758	CH			PRESENT		9661d20d-86b6-4485-8948-f3c86b022fa7			3535.0						1985			1985	55QS7	55QS7	PRESERVED_SPECIMEN	MHNN	MHNN-AVES	MHNN-92-14504				CC_BY_4_0					2026-09-28T16:58:40.759Z		RECORDED_DATE_INVALID;TAXON_ID_NOT_FOUND
6187660820	729c66ce-74a9-447c-a94e-dc0ab23a0b33	92-14500	Animalia	Chordata	Aves	Galliformes	Phasianidae	Tetrao	Tetrao urogallus		SPECIES	Tetrao urogallus Linnaeus, 1758	Tetrao urogallus Linnaeus, 1758	Linnaeus, 1758	CH			PRESENT		9661d20d-86b6-4485-8948-f3c86b022fa7			3535.0						1985-06-04	4	6	1985	55QS7	55QS7	PRESERVED_SPECIMEN	MHNN	MHNN-AVES	MHNN-92-14500				CC_BY_4_0					2026-09-28T16:58:40.709Z		TAXON_ID_NOT_FOUND
6187660816	729c66ce-74a9-447c-a94e-dc0ab23a0b33	92-14501	Animalia	Chordata	Aves	Galliformes	Phasianidae	Tetrao	Tetrao urogallus		SPECIES	Tetrao urogallus Linnaeus, 1758	Tetrao urogallus Linnaeus, 1758	Linnaeus, 1758	CH			PRESENT		9661d20d-86b6-4485-8948-f3c86b022fa7			3535.0						1985-09-05	5	9	1985	55QS7	55QS7	PRESERVED_SPECIMEN	MHNN	MHNN-AVES	MHNN-92-14501				CC_BY_4_0					2026-09-28T16:58:40.708Z		TAXON_ID_NOT_FOUND
6187660772	729c66ce-74a9-447c-a94e-dc0ab23a0b33	92-14534	Animalia	Chordata	Aves	Galliformes	Phasianidae	Tetrao	Tetrao urogallus		SPECIES	Tetrao urogallus Linnaeus, 1758	Tetrao urogallus Linnaeus, 1758	Linnaeus, 1758	CH		Vaud	PRESENT		9661d20d-86b6-4485-8948-f3c86b022fa7	46.927798	7.011898	3535.0						2007-07		7	2007	55QS7	55QS7	PRESERVED_SPECIMEN	MHNN	MHNN-AVES	MHNN-92-14534				CC_BY_4_0					2026-09-28T16:58:40.636Z		COORDINATE_ROUNDED;RECORDED_DATE_INVALID;TAXON_ID_NOT_FOUND
6187660754	729c66ce-74a9-447c-a94e-dc0ab23a0b33	92-14536	Animalia	Chordata	Aves	Galliformes	Phasianidae	Tetrao	Tetrao urogallus		SPECIES	Tetrao urogallus Linnaeus, 1758	Tetrao urogallus Linnaeus, 1758	Linnaeus, 1758	CH		Neuchâtel	PRESENT		9661d20d-86b6-4485-8948-f3c86b022fa7			3535.0						1981-06-19	19	6	1981	55QS7	55QS7	PRESERVED_SPECIMEN	MHNN	MHNN-AVES	MHNN-92-14536				CC_BY_4_0					2026-09-28T16:58:40.595Z		TAXON_ID_NOT_FOUND
6187660580	729c66ce-74a9-447c-a94e-dc0ab23a0b33	92-14290	Animalia	Chordata	Aves	Galliformes	Phasianidae	Tetrao	Tetrao urogallus		SPECIES	Tetrao urogallus Linnaeus, 1758	Tetrao urogallus Linnaeus, 1758	Linnaeus, 1758	CH		Neuchâtel	PRESENT		9661d20d-86b6-4485-8948-f3c86b022fa7			3535.0						1985-08-10	10	8	1985	55QS7	55QS7	PRESERVED_SPECIMEN	MHNN	MHNN-AVES	MHNN-92-14290				CC_BY_4_0					2026-09-28T16:58:40.357Z		TAXON_ID_NOT_FOUND
6187660579	729c66ce-74a9-447c-a94e-dc0ab23a0b33	92-14291	Animalia	Chordata	Aves	Galliformes	Phasianidae	Tetrao	Tetrao urogallus		SPECIES	Tetrao urogallus Linnaeus, 1758	Tetrao urogallus Linnaeus, 1758	Linnaeus, 1758	CH		Neuchâtel	PRESENT		9661d20d-86b6-4485-8948-f3c86b022fa7			3535.0						1985-08-11	11	8	1985	55QS7	55QS7	PRESERVED_SPECIMEN	MHNN	MHNN-AVES	MHNN-92-14291				CC_BY_4_0					2026-09-28T16:58:40.444Z		TAXON_ID_NOT_FOUND
6187660578	729c66ce-74a9-447c-a94e-dc0ab23a0b33	92-14292	Animalia	Chordata	Aves	Galliformes	Phasianidae	Tetrao	Tetrao urogallus		SPECIES	Tetrao urogallus Linnaeus, 1758	Tetrao urogallus Linnaeus, 1758	Linnaeus, 1758	CH		Neuchâtel	PRESENT		9661d20d-86b6-4485-8948-f3c86b022fa7			3535.0						1985-08-14	14	8	1985	55QS7	55QS7	PRESERVED_SPECIMEN	MHNN	MHNN-AVES	MHNN-92-14292				CC_BY_4_0					2026-09-28T16:58:40.355Z		TAXON_ID_NOT_FOUND
6187660577	729c66ce-74a9-447c-a94e-dc0ab23a0b33	92-14293	Animalia	Chordata	Aves	Galliformes	Phasianidae	Tetrao	Tetrao urogallus		SPECIES	Tetrao urogallus Linnaeus, 1758	Tetrao urogallus Linnaeus, 1758	Linnaeus, 1758	CH		Neuchâtel	PRESENT		9661d20d-86b6-4485-8948-f3c86b022fa7			3535.0						1985-08-16	16	8	1985	55QS7	55QS7	PRESERVED_SPECIMEN	MHNN	MHNN-AVES	MHNN-92-14293				CC_BY_4_0					2026-09-28T16:58:40.425Z		TAXON_ID_NOT_FOUND
6187660576	729c66ce-74a9-447c-a94e-dc0ab23a0b33	92-14294	Animalia	Chordata	Aves	Galliformes	Phasianidae	Tetrao	Tetrao urogallus		SPECIES	Tetrao urogallus Linnaeus, 1758	Tetrao urogallus Linnaeus, 1758	Linnaeus, 1758	CH		Neuchâtel	PRESENT		9661d20d-86b6-4485-8948-f3c86b022fa7			3535.0						1985-08-18	18	8	1985	55QS7	55QS7	PRESERVED_SPECIMEN	MHNN	MHNN-AVES	MHNN-92-14294				CC_BY_4_0					2026-09-28T16:58:40.443Z		TAXON_ID_NOT_FOUND
6187660575	729c66ce-74a9-447c-a94e-dc0ab23a0b33	92-14295	Animalia	Chordata	Aves	Galliformes	Phasianidae	Tetrao	Tetrao urogallus		SPECIES	Tetrao urogallus Linnaeus, 1758	Tetrao urogallus Linnaeus, 1758	Linnaeus, 1758	CH		Neuchâtel	PRESENT		9661d20d-86b6-4485-8948-f3c86b022fa7			3535.0						1985-08-01	1	8	1985	55QS7	55QS7	PRESERVED_SPECIMEN	MHNN	MHNN-AVES	MHNN-92-14295				CC_BY_4_0					2026-09-28T16:58:40.442Z		TAXON_ID_NOT_FOUND
6187660574	729c66ce-74a9-447c-a94e-dc0ab23a0b33	92-14296	Animalia	Chordata	Aves	Galliformes	Phasianidae	Tetrao	Tetrao urogallus		SPECIES	Tetrao urogallus Linnaeus, 1758	Tetrao urogallus Linnaeus, 1758	Linnaeus, 1758	CH		Neuchâtel	PRESENT		9661d20d-86b6-4485-8948-f3c86b022fa7			3535.0						1985-08-28	28	8	1985	55QS7	55QS7	PRESERVED_SPECIMEN	MHNN	MHNN-AVES	MHNN-92-14296				CC_BY_4_0					2026-09-28T16:58:40.441Z		TAXON_ID_NOT_FOUND
6187660573	729c66ce-74a9-447c-a94e-dc0ab23a0b33	92-14297	Animalia	Chordata	Aves	Galliformes	Phasianidae	Tetrao	Tetrao urogallus		SPECIES	Tetrao urogallus Linnaeus, 1758	Tetrao urogallus Linnaeus, 1758	Linnaeus, 1758	CH		Neuchâtel	PRESENT		9661d20d-86b6-4485-8948-f3c86b022fa7			3535.0						1985-08-30	30	8	1985	55QS7	55QS7	PRESERVED_SPECIMEN	MHNN	MHNN-AVES	MHNN-92-14297				CC_BY_4_0					2026-09-28T16:58:40.423Z		TAXON_ID_NOT_FOUND
6187660572	729c66ce-74a9-447c-a94e-dc0ab23a0b33	92-14298	Animalia	Chordata	Aves	Galliformes	Phasianidae	Tetrao	Tetrao urogallus		SPECIES	Tetrao urogallus Linnaeus, 1758	Tetrao urogallus Linnaeus, 1758	Linnaeus, 1758	CH		Neuchâtel	PRESENT		9661d20d-86b6-4485-8948-f3c86b022fa7			3535.0						1985-08-31	31	8	1985	55QS7	55QS7	PRESERVED_SPECIMEN	MHNN	MHNN-AVES	MHNN-92-14298				CC_BY_4_0					2026-09-28T16:58:40.440Z		TAXON_ID_NOT_FOUND
6187660571	729c66ce-74a9-447c-a94e-dc0ab23a0b33	92-14299	Animalia	Chordata	Aves	Galliformes	Phasianidae	Tetrao	Tetrao urogallus		SPECIES	Tetrao urogallus Linnaeus, 1758	Tetrao urogallus Linnaeus, 1758	Linnaeus, 1758	CH		Neuchâtel	PRESENT		9661d20d-86b6-4485-8948-f3c86b022fa7			3535.0						1985-09-01	1	9	1985	55QS7	55QS7	PRESERVED_SPECIMEN	MHNN	MHNN-AVES	MHNN-92-14299				CC_BY_4_0					2026-09-28T16:58:40.422Z		TAXON_ID_NOT_FOUND
6187660414	729c66ce-74a9-447c-a94e-dc0ab23a0b33	92-4532	Animalia	Chordata	Aves	Galliformes	Phasianidae	Tetrao	Tetrao urogallus		SPECIES	Tetrao urogallus Linnaeus, 1758	Tetrao urogallus Linnaeus, 1758	Linnaeus, 1758	CH			PRESENT		9661d20d-86b6-4485-8948-f3c86b022fa7			3535.0						1846			1846	55QS7	55QS7	PRESERVED_SPECIMEN	MHNN	MHNN-AVES	MHNN-92-4532		Desfayes,1991		CC_BY_4_0					2026-09-28T16:58:40.162Z		RECORDED_DATE_INVALID;TAXON_ID_NOT_FOUND
6187660411	729c66ce-74a9-447c-a94e-dc0ab23a0b33	92-4530	Animalia	Chordata	Aves	Galliformes	Phasianidae	Tetrao	Tetrao urogallus		SPECIES	Tetrao urogallus Linnaeus, 1758	Tetrao urogallus Linnaeus, 1758	Linnaeus, 1758	CH			PRESENT		9661d20d-86b6-4485-8948-f3c86b022fa7			3535.0						1846			1846	55QS7	55QS7	PRESERVED_SPECIMEN	MHNN	MHNN-AVES	MHNN-92-4530		Desfayes,1991		CC_BY_4_0					2026-09-28T16:58:40.087Z		RECORDED_DATE_INVALID;TAXON_ID_NOT_FOUND
6187660385	729c66ce-74a9-447c-a94e-dc0ab23a0b33	92-4533B	Animalia	Chordata	Aves	Galliformes	Phasianidae	Tetrao	Tetrao urogallus		SPECIES	Tetrao urogallus Linnaeus, 1758	Tetrao urogallus Linnaeus, 1758	Linnaeus, 1758	CH			PRESENT		9661d20d-86b6-4485-8948-f3c86b022fa7			3535.0										55QS7	55QS7	PRESERVED_SPECIMEN	MHNN	MHNN-AVES	MHNN-92-4533B		Desfayes,1991		CC_BY_4_0					2026-09-28T16:58:40.077Z		TAXON_ID_NOT_FOUND
6187660384	729c66ce-74a9-447c-a94e-dc0ab23a0b33	92-4533A	Animalia	Chordata	Aves	Galliformes	Phasianidae	Tetrao	Tetrao urogallus		SPECIES	Tetrao urogallus Linnaeus, 1758	Tetrao urogallus Linnaeus, 1758	Linnaeus, 1758	CH			PRESENT		9661d20d-86b6-4485-8948-f3c86b022fa7			3535.0										55QS7	55QS7	PRESERVED_SPECIMEN	MHNN	MHNN-AVES	MHNN-92-4533A		Desfayes,1991		CC_BY_4_0					2026-09-28T16:58:40.076Z		TAXON_ID_NOT_FOUND
6187660374	729c66ce-74a9-447c-a94e-dc0ab23a0b33	92-4510	Animalia	Chordata	Aves	Galliformes	Phasianidae	Tetrao	Tetrao urogallus		SPECIES	Tetrao urogallus Linnaeus, 1758	Tetrao urogallus Linnaeus, 1758	Linnaeus, 1758	CH			PRESENT		9661d20d-86b6-4485-8948-f3c86b022fa7			3535.0										55QS7	55QS7	PRESERVED_SPECIMEN	MHNN	MHNN-AVES	MHNN-92-4510		Desfayes,1991		CC_BY_4_0					2026-09-28T16:58:40.010Z		TAXON_ID_NOT_FOUND
6187660361	729c66ce-74a9-447c-a94e-dc0ab23a0b33	92-4527	Animalia	Chordata	Aves	Galliformes	Phasianidae	Tetrao	Tetrao urogallus		SPECIES	Tetrao urogallus Linnaeus, 1758	Tetrao urogallus Linnaeus, 1758	Linnaeus, 1758	CH			PRESENT		9661d20d-86b6-4485-8948-f3c86b022fa7			3535.0						1944			1944	55QS7	55QS7	PRESERVED_SPECIMEN	MHNN	MHNN-AVES	MHNN-92-4527		Desfayes,1991		CC_BY_4_0					2026-09-28T16:58:40.059Z		RECORDED_DATE_INVALID;TAXON_ID_NOT_FOUND
6187660360	729c66ce-74a9-447c-a94e-dc0ab23a0b33	92-4526	Animalia	Chordata	Aves	Galliformes	Phasianidae	Tetrao	Tetrao urogallus		SPECIES	Tetrao urogallus Linnaeus, 1758	Tetrao urogallus Linnaeus, 1758	Linnaeus, 1758	CH			PRESENT		9661d20d-86b6-4485-8948-f3c86b022fa7			3535.0						1971-10-15	15	10	1971	55QS7	55QS7	PRESERVED_SPECIMEN	MHNN	MHNN-AVES	MHNN-92-4526		Desfayes,1991		CC_BY_4_0		Reutter, Jean-Pierre			2026-09-28T16:58:40.056Z		TAXON_ID_NOT_FOUND
6187660329	729c66ce-74a9-447c-a94e-dc0ab23a0b33	92-4508	Animalia	Chordata	Aves	Galliformes	Phasianidae	Tetrao	Tetrao urogallus		SPECIES	Tetrao urogallus Linnaeus, 1758	Tetrao urogallus Linnaeus, 1758	Linnaeus, 1758	CH			PRESENT		9661d20d-86b6-4485-8948-f3c86b022fa7			3535.0										55QS7	55QS7	PRESERVED_SPECIMEN	MHNN	MHNN-AVES	MHNN-92-4508		Desfayes,1991		CC_BY_4_0					2026-09-28T16:58:39.999Z		TAXON_ID_NOT_FOUND
6187660256	729c66ce-74a9-447c-a94e-dc0ab23a0b33	92-14240	Animalia	Chordata	Aves	Galliformes	Phasianidae	Tetrao	Tetrao urogallus		SPECIES	Tetrao urogallus Linnaeus, 1758	Tetrao urogallus Linnaeus, 1758	Linnaeus, 1758	CH		Neuchâtel	PRESENT		9661d20d-86b6-4485-8948-f3c86b022fa7			3535.0						1984-05-25	25	5	1984	55QS7	55QS7	PRESERVED_SPECIMEN	MHNN	MHNN-AVES	MHNN-92-14240				CC_BY_4_0					2026-09-28T16:58:39.895Z		TAXON_ID_NOT_FOUND
6187660254	729c66ce-74a9-447c-a94e-dc0ab23a0b33	92-14241	Animalia	Chordata	Aves	Galliformes	Phasianidae	Tetrao	Tetrao urogallus		SPECIES	Tetrao urogallus Linnaeus, 1758	Tetrao urogallus Linnaeus, 1758	Linnaeus, 1758	CH		Neuchâtel	PRESENT		9661d20d-86b6-4485-8948-f3c86b022fa7			3535.0						1985-06-16	16	6	1985	55QS7	55QS7	PRESERVED_SPECIMEN	MHNN	MHNN-AVES	MHNN-92-14241				CC_BY_4_0					2026-09-28T16:58:39.894Z		TAXON_ID_NOT_FOUND
6187660252	729c66ce-74a9-447c-a94e-dc0ab23a0b33	92-14242	Animalia	Chordata	Aves	Galliformes	Phasianidae	Tetrao	Tetrao urogallus		SPECIES	Tetrao urogallus Linnaeus, 1758	Tetrao urogallus Linnaeus, 1758	Linnaeus, 1758	CH		Neuchâtel	PRESENT		9661d20d-86b6-4485-8948-f3c86b022fa7			3535.0						1984-06-06	6	6	1984	55QS7	55QS7	PRESERVED_SPECIMEN	MHNN	MHNN-AVES	MHNN-92-14242				CC_BY_4_0					2026-09-28T16:58:39.892Z		TAXON_ID_NOT_FOUND
6187660250	729c66ce-74a9-447c-a94e-dc0ab23a0b33	92-14243	Animalia	Chordata	Aves	Galliformes	Phasianidae	Tetrao	Tetrao urogallus		SPECIES	Tetrao urogallus Linnaeus, 1758	Tetrao urogallus Linnaeus, 1758	Linnaeus, 1758	CH		Neuchâtel	PRESENT		9661d20d-86b6-4485-8948-f3c86b022fa7			3535.0						1984-06-18	18	6	1984	55QS7	55QS7	PRESERVED_SPECIMEN	MHNN	MHNN-AVES	MHNN-92-14243				CC_BY_4_0					2026-09-28T16:58:39.891Z		TAXON_ID_NOT_FOUND
6187660248	729c66ce-74a9-447c-a94e-dc0ab23a0b33	92-14244	Animalia	Chordata	Aves	Galliformes	Phasianidae	Tetrao	Tetrao urogallus		SPECIES	Tetrao urogallus Linnaeus, 1758	Tetrao urogallus Linnaeus, 1758	Linnaeus, 1758	CH		Neuchâtel	PRESENT		9661d20d-86b6-4485-8948-f3c86b022fa7			3535.0						1984-06-12	12	6	1984	55QS7	55QS7	PRESERVED_SPECIMEN	MHNN	MHNN-AVES	MHNN-92-14244				CC_BY_4_0					2026-09-28T16:58:39.890Z		TAXON_ID_NOT_FOUND
6187660247	729c66ce-74a9-447c-a94e-dc0ab23a0b33	92-14245	Animalia	Chordata	Aves	Galliformes	Phasianidae	Tetrao	Tetrao urogallus		SPECIES	Tetrao urogallus Linnaeus, 1758	Tetrao urogallus Linnaeus, 1758	Linnaeus, 1758	CH		Neuchâtel	PRESENT		9661d20d-86b6-4485-8948-f3c86b022fa7			3535.0						1984-06-12	12	6	1984	55QS7	55QS7	PRESERVED_SPECIMEN	MHNN	MHNN-AVES	MHNN-92-14245				CC_BY_4_0					2026-09-28T16:58:39.948Z		TAXON_ID_NOT_FOUND
6187660246	729c66ce-74a9-447c-a94e-dc0ab23a0b33	92-14246	Animalia	Chordata	Aves	Galliformes	Phasianidae	Tetrao	Tetrao urogallus		SPECIES	Tetrao urogallus Linnaeus, 1758	Tetrao urogallus Linnaeus, 1758	Linnaeus, 1758	CH		Neuchâtel	PRESENT		9661d20d-86b6-4485-8948-f3c86b022fa7			3535.0						1984-05-12	12	5	1984	55QS7	55QS7	PRESERVED_SPECIMEN	MHNN	MHNN-AVES	MHNN-92-14246				CC_BY_4_0					2026-09-28T16:58:39.888Z		TAXON_ID_NOT_FOUND
6187660245	729c66ce-74a9-447c-a94e-dc0ab23a0b33	92-14247	Animalia	Chordata	Aves	Galliformes	Phasianidae	Tetrao	Tetrao urogallus		SPECIES	Tetrao urogallus Linnaeus, 1758	Tetrao urogallus Linnaeus, 1758	Linnaeus, 1758	CH		Neuchâtel	PRESENT		9661d20d-86b6-4485-8948-f3c86b022fa7			3535.0						1984-05-26	26	5	1984	55QS7	55QS7	PRESERVED_SPECIMEN	MHNN	MHNN-AVES	MHNN-92-14247				CC_BY_4_0					2026-09-28T16:58:39.947Z		TAXON_ID_NOT_FOUND
6187660244	729c66ce-74a9-447c-a94e-dc0ab23a0b33	92-14248	Animalia	Chordata	Aves	Galliformes	Phasianidae	Tetrao	Tetrao urogallus		SPECIES	Tetrao urogallus Linnaeus, 1758	Tetrao urogallus Linnaeus, 1758	Linnaeus, 1758	CH		Neuchâtel	PRESENT		9661d20d-86b6-4485-8948-f3c86b022fa7			3535.0						1984-05-27	27	5	1984	55QS7	55QS7	PRESERVED_SPECIMEN	MHNN	MHNN-AVES	MHNN-92-14248				CC_BY_4_0					2026-09-28T16:58:39.945Z		TAXON_ID_NOT_FOUND
6187660194	729c66ce-74a9-447c-a94e-dc0ab23a0b33	92-14270	Animalia	Chordata	Aves	Galliformes	Phasianidae	Tetrao	Tetrao urogallus		SPECIES	Tetrao urogallus Linnaeus, 1758	Tetrao urogallus Linnaeus, 1758	Linnaeus, 1758	CH		Neuchâtel	PRESENT		9661d20d-86b6-4485-8948-f3c86b022fa7			3535.0						1985-07-11	11	7	1985	55QS7	55QS7	PRESERVED_SPECIMEN	MHNN	MHNN-AVES	MHNN-92-14270				CC_BY_4_0					2026-09-28T16:58:39.830Z		TAXON_ID_NOT_FOUND
6187660192	729c66ce-74a9-447c-a94e-dc0ab23a0b33	92-14271	Animalia	Chordata	Aves	Galliformes	Phasianidae	Tetrao	Tetrao urogallus		SPECIES	Tetrao urogallus Linnaeus, 1758	Tetrao urogallus Linnaeus, 1758	Linnaeus, 1758	CH		Neuchâtel	PRESENT		9661d20d-86b6-4485-8948-f3c86b022fa7			3535.0						1985-07-13	13	7	1985	55QS7	55QS7	PRESERVED_SPECIMEN	MHNN	MHNN-AVES	MHNN-92-14271				CC_BY_4_0					2026-09-28T16:58:39.920Z		TAXON_ID_NOT_FOUND
6187660191	729c66ce-74a9-447c-a94e-dc0ab23a0b33	92-14272	Animalia	Chordata	Aves	Galliformes	Phasianidae	Tetrao	Tetrao urogallus		SPECIES	Tetrao urogallus Linnaeus, 1758	Tetrao urogallus Linnaeus, 1758	Linnaeus, 1758	CH		Neuchâtel	PRESENT		9661d20d-86b6-4485-8948-f3c86b022fa7			3535.0						1985-07-14	14	7	1985	55QS7	55QS7	PRESERVED_SPECIMEN	MHNN	MHNN-AVES	MHNN-92-14272				CC_BY_4_0					2026-09-28T16:58:39.828Z		TAXON_ID_NOT_FOUND
6187660189	729c66ce-74a9-447c-a94e-dc0ab23a0b33	92-14273	Animalia	Chordata	Aves	Galliformes	Phasianidae	Tetrao	Tetrao urogallus		SPECIES	Tetrao urogallus Linnaeus, 1758	Tetrao urogallus Linnaeus, 1758	Linnaeus, 1758	CH		Neuchâtel	PRESENT		9661d20d-86b6-4485-8948-f3c86b022fa7			3535.0						1985-07-15	15	7	1985	55QS7	55QS7	PRESERVED_SPECIMEN	MHNN	MHNN-AVES	MHNN-92-14273				CC_BY_4_0					2026-09-28T16:58:39.918Z		TAXON_ID_NOT_FOUND
6187660187	729c66ce-74a9-447c-a94e-dc0ab23a0b33	92-14274	Animalia	Chordata	Aves	Galliformes	Phasianidae	Tetrao	Tetrao urogallus		SPECIES	Tetrao urogallus Linnaeus, 1758	Tetrao urogallus Linnaeus, 1758	Linnaeus, 1758	CH		Neuchâtel	PRESENT		9661d20d-86b6-4485-8948-f3c86b022fa7			3535.0						1985-07-17	17	7	1985	55QS7	55QS7	PRESERVED_SPECIMEN	MHNN	MHNN-AVES	MHNN-92-14274				CC_BY_4_0					2026-09-28T16:58:39.917Z		TAXON_ID_NOT_FOUND
6187660186	729c66ce-74a9-447c-a94e-dc0ab23a0b33	92-14275	Animalia	Chordata	Aves	Galliformes	Phasianidae	Tetrao	Tetrao urogallus		SPECIES	Tetrao urogallus Linnaeus, 1758	Tetrao urogallus Linnaeus, 1758	Linnaeus, 1758	CH		Neuchâtel	PRESENT		9661d20d-86b6-4485-8948-f3c86b022fa7			3535.0						1985-07-18	18	7	1985	55QS7	55QS7	PRESERVED_SPECIMEN	MHNN	MHNN-AVES	MHNN-92-14275				CC_BY_4_0					2026-09-28T16:58:39.884Z		TAXON_ID_NOT_FOUND
6187660185	729c66ce-74a9-447c-a94e-dc0ab23a0b33	92-14276	Animalia	Chordata	Aves	Galliformes	Phasianidae	Tetrao	Tetrao urogallus		SPECIES	Tetrao urogallus Linnaeus, 1758	Tetrao urogallus Linnaeus, 1758	Linnaeus, 1758	CH		Neuchâtel	PRESENT		9661d20d-86b6-4485-8948-f3c86b022fa7			3535.0						1985-07-19	19	7	1985	55QS7	55QS7	PRESERVED_SPECIMEN	MHNN	MHNN-AVES	MHNN-92-14276				CC_BY_4_0					2026-09-28T16:58:39.916Z		TAXON_ID_NOT_FOUND
6187660181	729c66ce-74a9-447c-a94e-dc0ab23a0b33	92-14277	Animalia	Chordata	Aves	Galliformes	Phasianidae	Tetrao	Tetrao urogallus		SPECIES	Tetrao urogallus Linnaeus, 1758	Tetrao urogallus Linnaeus, 1758	Linnaeus, 1758	CH		Neuchâtel	PRESENT		9661d20d-86b6-4485-8948-f3c86b022fa7			3535.0						1985-07-21	21	7	1985	55QS7	55QS7	PRESERVED_SPECIMEN	MHNN	MHNN-AVES	MHNN-92-14277				CC_BY_4_0					2026-09-28T16:58:39.882Z		TAXON_ID_NOT_FOUND
6187660180	729c66ce-74a9-447c-a94e-dc0ab23a0b33	92-14278	Animalia	Chordata	Aves	Galliformes	Phasianidae	Tetrao	Tetrao urogallus		SPECIES	Tetrao urogallus Linnaeus, 1758	Tetrao urogallus Linnaeus, 1758	Linnaeus, 1758	CH		Neuchâtel	PRESENT		9661d20d-86b6-4485-8948-f3c86b022fa7			3535.0						1985-07-22	22	7	1985	55QS7	55QS7	PRESERVED_SPECIMEN	MHNN	MHNN-AVES	MHNN-92-14278				CC_BY_4_0					2026-09-28T16:58:39.821Z		TAXON_ID_NOT_FOUND
6187660179	729c66ce-74a9-447c-a94e-dc0ab23a0b33	92-14279	Animalia	Chordata	Aves	Galliformes	Phasianidae	Tetrao	Tetrao urogallus		SPECIES	Tetrao urogallus Linnaeus, 1758	Tetrao urogallus Linnaeus, 1758	Linnaeus, 1758	CH		Neuchâtel	PRESENT		9661d20d-86b6-4485-8948-f3c86b022fa7			3535.0						1985-07-23	23	7	1985	55QS7	55QS7	PRESERVED_SPECIMEN	MHNN	MHNN-AVES	MHNN-92-14279				CC_BY_4_0					2026-09-28T16:58:39.880Z		TAXON_ID_NOT_FOUND
6187660171	729c66ce-74a9-447c-a94e-dc0ab23a0b33	92-14280	Animalia	Chordata	Aves	Galliformes	Phasianidae	Tetrao	Tetrao urogallus		SPECIES	Tetrao urogallus Linnaeus, 1758	Tetrao urogallus Linnaeus, 1758	Linnaeus, 1758	CH		Neuchâtel	PRESENT		9661d20d-86b6-4485-8948-f3c86b022fa7			3535.0						1985-07-24	24	7	1985	55QS7	55QS7	PRESERVED_SPECIMEN	MHNN	MHNN-AVES	MHNN-92-14280				CC_BY_4_0					2026-09-28T16:58:39.899Z		TAXON_ID_NOT_FOUND
6187660169	729c66ce-74a9-447c-a94e-dc0ab23a0b33	92-14281	Animalia	Chordata	Aves	Galliformes	Phasianidae	Tetrao	Tetrao urogallus		SPECIES	Tetrao urogallus Linnaeus, 1758	Tetrao urogallus Linnaeus, 1758	Linnaeus, 1758	CH		Neuchâtel	PRESENT		9661d20d-86b6-4485-8948-f3c86b022fa7			3535.0						1985-07-26	26	7	1985	55QS7	55QS7	PRESERVED_SPECIMEN	MHNN	MHNN-AVES	MHNN-92-14281				CC_BY_4_0					2026-09-28T16:58:39.811Z		TAXON_ID_NOT_FOUND
6187660167	729c66ce-74a9-447c-a94e-dc0ab23a0b33	92-14282	Animalia	Chordata	Aves	Galliformes	Phasianidae	Tetrao	Tetrao urogallus		SPECIES	Tetrao urogallus Linnaeus, 1758	Tetrao urogallus Linnaeus, 1758	Linnaeus, 1758	CH		Neuchâtel	PRESENT		9661d20d-86b6-4485-8948-f3c86b022fa7			3535.0						1985-07-27	27	7	1985	55QS7	55QS7	PRESERVED_SPECIMEN	MHNN	MHNN-AVES	MHNN-92-14282				CC_BY_4_0					2026-09-28T16:58:39.897Z		TAXON_ID_NOT_FOUND
6187660164	729c66ce-74a9-447c-a94e-dc0ab23a0b33	92-14283	Animalia	Chordata	Aves	Galliformes	Phasianidae	Tetrao	Tetrao urogallus		SPECIES	Tetrao urogallus Linnaeus, 1758	Tetrao urogallus Linnaeus, 1758	Linnaeus, 1758	CH		Neuchâtel	PRESENT		9661d20d-86b6-4485-8948-f3c86b022fa7			3535.0						1985-07-29	29	7	1985	55QS7	55QS7	PRESERVED_SPECIMEN	MHNN	MHNN-AVES	MHNN-92-14283				CC_BY_4_0					2026-09-28T16:58:39.850Z		TAXON_ID_NOT_FOUND
6187660162	729c66ce-74a9-447c-a94e-dc0ab23a0b33	92-14284	Animalia	Chordata	Aves	Galliformes	Phasianidae	Tetrao	Tetrao urogallus		SPECIES	Tetrao urogallus Linnaeus, 1758	Tetrao urogallus Linnaeus, 1758	Linnaeus, 1758	CH		Neuchâtel	PRESENT		9661d20d-86b6-4485-8948-f3c86b022fa7			3535.0						1985-07-30	30	7	1985	55QS7	55QS7	PRESERVED_SPECIMEN	MHNN	MHNN-AVES	MHNN-92-14284				CC_BY_4_0					2026-09-28T16:58:39.807Z		TAXON_ID_NOT_FOUND
6187660160	729c66ce-74a9-447c-a94e-dc0ab23a0b33	92-14285	Animalia	Chordata	Aves	Galliformes	Phasianidae	Tetrao	Tetrao urogallus		SPECIES	Tetrao urogallus Linnaeus, 1758	Tetrao urogallus Linnaeus, 1758	Linnaeus, 1758	CH		Neuchâtel	PRESENT		9661d20d-86b6-4485-8948-f3c86b022fa7			3535.0						1985-08-01	1	8	1985	55QS7	55QS7	PRESERVED_SPECIMEN	MHNN	MHNN-AVES	MHNN-92-14285				CC_BY_4_0					2026-09-28T16:58:39.806Z		TAXON_ID_NOT_FOUND
6187660159	729c66ce-74a9-447c-a94e-dc0ab23a0b33	92-14286	Animalia	Chordata	Aves	Galliformes	Phasianidae	Tetrao	Tetrao urogallus		SPECIES	Tetrao urogallus Linnaeus, 1758	Tetrao urogallus Linnaeus, 1758	Linnaeus, 1758	CH		Neuchâtel	PRESENT		9661d20d-86b6-4485-8948-f3c86b022fa7			3535.0						1985-08-03	3	8	1985	55QS7	55QS7	PRESERVED_SPECIMEN	MHNN	MHNN-AVES	MHNN-92-14286				CC_BY_4_0					2026-09-28T16:58:39.847Z		TAXON_ID_NOT_FOUND
6187660158	729c66ce-74a9-447c-a94e-dc0ab23a0b33	92-14287	Animalia	Chordata	Aves	Galliformes	Phasianidae	Tetrao	Tetrao urogallus		SPECIES	Tetrao urogallus Linnaeus, 1758	Tetrao urogallus Linnaeus, 1758	Linnaeus, 1758	CH		Neuchâtel	PRESENT		9661d20d-86b6-4485-8948-f3c86b022fa7			3535.0						1985-08-04	4	8	1985	55QS7	55QS7	PRESERVED_SPECIMEN	MHNN	MHNN-AVES	MHNN-92-14287				CC_BY_4_0					2026-09-28T16:58:39.896Z		TAXON_ID_NOT_FOUND
6187660156	729c66ce-74a9-447c-a94e-dc0ab23a0b33	92-14288	Animalia	Chordata	Aves	Galliformes	Phasianidae	Tetrao	Tetrao urogallus		SPECIES	Tetrao urogallus Linnaeus, 1758	Tetrao urogallus Linnaeus, 1758	Linnaeus, 1758	CH		Neuchâtel	PRESENT		9661d20d-86b6-4485-8948-f3c86b022fa7			3535.0						1985-08-07	7	8	1985	55QS7	55QS7	PRESERVED_SPECIMEN	MHNN	MHNN-AVES	MHNN-92-14288				CC_BY_4_0					2026-09-28T16:58:39.894Z		TAXON_ID_NOT_FOUND
6187660155	729c66ce-74a9-447c-a94e-dc0ab23a0b33	92-14289	Animalia	Chordata	Aves	Galliformes	Phasianidae	Tetrao	Tetrao urogallus		SPECIES	Tetrao urogallus Linnaeus, 1758	Tetrao urogallus Linnaeus, 1758	Linnaeus, 1758	CH		Neuchâtel	PRESENT		9661d20d-86b6-4485-8948-f3c86b022fa7			3535.0						1985-08-09	9	8	1985	55QS7	55QS7	PRESERVED_SPECIMEN	MHNN	MHNN-AVES	MHNN-92-14289				CC_BY_4_0					2026-09-28T16:58:39.801Z		TAXON_ID_NOT_FOUND
6187660135	729c66ce-74a9-447c-a94e-dc0ab23a0b33	92-14250	Animalia	Chordata	Aves	Galliformes	Phasianidae	Tetrao	Tetrao urogallus		SPECIES	Tetrao urogallus Linnaeus, 1758	Tetrao urogallus Linnaeus, 1758	Linnaeus, 1758	CH		Neuchâtel	PRESENT		9661d20d-86b6-4485-8948-f3c86b022fa7			3535.0						1984-07-16	16	7	1984	55QS7	55QS7	PRESERVED_SPECIMEN	MHNN	MHNN-AVES	MHNN-92-14250				CC_BY_4_0					2026-09-28T16:58:39.804Z		TAXON_ID_NOT_FOUND
6187660132	729c66ce-74a9-447c-a94e-dc0ab23a0b33	92-14251	Animalia	Chordata	Aves	Galliformes	Phasianidae	Tetrao	Tetrao urogallus		SPECIES	Tetrao urogallus Linnaeus, 1758	Tetrao urogallus Linnaeus, 1758	Linnaeus, 1758	CH		Neuchâtel	PRESENT		9661d20d-86b6-4485-8948-f3c86b022fa7			3535.0						1984-05-17	17	5	1984	55QS7	55QS7	PRESERVED_SPECIMEN	MHNN	MHNN-AVES	MHNN-92-14251				CC_BY_4_0					2026-09-28T16:58:39.835Z		TAXON_ID_NOT_FOUND
6187660131	729c66ce-74a9-447c-a94e-dc0ab23a0b33	92-14252	Animalia	Chordata	Aves	Galliformes	Phasianidae	Tetrao	Tetrao urogallus		SPECIES	Tetrao urogallus Linnaeus, 1758	Tetrao urogallus Linnaeus, 1758	Linnaeus, 1758	CH		Neuchâtel	PRESENT		9661d20d-86b6-4485-8948-f3c86b022fa7			3535.0						1984-05-13	13	5	1984	55QS7	55QS7	PRESERVED_SPECIMEN	MHNN	MHNN-AVES	MHNN-92-14252				CC_BY_4_0					2026-09-28T16:58:39.833Z		TAXON_ID_NOT_FOUND
6187660130	729c66ce-74a9-447c-a94e-dc0ab23a0b33	92-14253	Animalia	Chordata	Aves	Galliformes	Phasianidae	Tetrao	Tetrao urogallus		SPECIES	Tetrao urogallus Linnaeus, 1758	Tetrao urogallus Linnaeus, 1758	Linnaeus, 1758	CH		Neuchâtel	PRESENT		9661d20d-86b6-4485-8948-f3c86b022fa7			3535.0						1984			1984	55QS7	55QS7	PRESERVED_SPECIMEN	MHNN	MHNN-AVES	MHNN-92-14253				CC_BY_4_0					2026-09-28T16:58:39.785Z		RECORDED_DATE_INVALID;TAXON_ID_NOT_FOUND
6187660128	729c66ce-74a9-447c-a94e-dc0ab23a0b33	92-14254	Animalia	Chordata	Aves	Galliformes	Phasianidae	Tetrao	Tetrao urogallus		SPECIES	Tetrao urogallus Linnaeus, 1758	Tetrao urogallus Linnaeus, 1758	Linnaeus, 1758	CH		Neuchâtel	PRESENT		9661d20d-86b6-4485-8948-f3c86b022fa7			3535.0						1986-05-07	7	5	1986	55QS7	55QS7	PRESERVED_SPECIMEN	MHNN	MHNN-AVES	MHNN-92-14254				CC_BY_4_0					2026-09-28T16:58:39.832Z		TAXON_ID_NOT_FOUND
6187660126	729c66ce-74a9-447c-a94e-dc0ab23a0b33	92-14255	Animalia	Chordata	Aves	Galliformes	Phasianidae	Tetrao	Tetrao urogallus		SPECIES	Tetrao urogallus Linnaeus, 1758	Tetrao urogallus Linnaeus, 1758	Linnaeus, 1758	CH		Neuchâtel	PRESENT		9661d20d-86b6-4485-8948-f3c86b022fa7			3535.0						1986-05-07	7	5	1986	55QS7	55QS7	PRESERVED_SPECIMEN	MHNN	MHNN-AVES	MHNN-92-14255				CC_BY_4_0					2026-09-28T16:58:39.800Z		TAXON_ID_NOT_FOUND
6187660123	729c66ce-74a9-447c-a94e-dc0ab23a0b33	92-14256	Animalia	Chordata	Aves	Galliformes	Phasianidae	Tetrao	Tetrao urogallus		SPECIES	Tetrao urogallus Linnaeus, 1758	Tetrao urogallus Linnaeus, 1758	Linnaeus, 1758	CH		Neuchâtel	PRESENT		9661d20d-86b6-4485-8948-f3c86b022fa7			3535.0						1985-06-09	9	6	1985	55QS7	55QS7	PRESERVED_SPECIMEN	MHNN	MHNN-AVES	MHNN-92-14256				CC_BY_4_0					2026-09-28T16:58:39.797Z		TAXON_ID_NOT_FOUND
6187660121	729c66ce-74a9-447c-a94e-dc0ab23a0b33	92-14257	Animalia	Chordata	Aves	Galliformes	Phasianidae	Tetrao	Tetrao urogallus		SPECIES	Tetrao urogallus Linnaeus, 1758	Tetrao urogallus Linnaeus, 1758	Linnaeus, 1758	CH		Neuchâtel	PRESENT		9661d20d-86b6-4485-8948-f3c86b022fa7			3535.0						1985-06-15	15	6	1985	55QS7	55QS7	PRESERVED_SPECIMEN	MHNN	MHNN-AVES	MHNN-92-14257				CC_BY_4_0					2026-09-28T16:58:39.828Z		TAXON_ID_NOT_FOUND
6187660120	729c66ce-74a9-447c-a94e-dc0ab23a0b33	92-14258	Animalia	Chordata	Aves	Galliformes	Phasianidae	Tetrao	Tetrao urogallus		SPECIES	Tetrao urogallus Linnaeus, 1758	Tetrao urogallus Linnaeus, 1758	Linnaeus, 1758	CH		Neuchâtel	PRESENT		9661d20d-86b6-4485-8948-f3c86b022fa7			3535.0						1985-06-16	16	6	1985	55QS7	55QS7	PRESERVED_SPECIMEN	MHNN	MHNN-AVES	MHNN-92-14258				CC_BY_4_0					2026-09-28T16:58:39.796Z		TAXON_ID_NOT_FOUND
6187660117	729c66ce-74a9-447c-a94e-dc0ab23a0b33	92-14259	Animalia	Chordata	Aves	Galliformes	Phasianidae	Tetrao	Tetrao urogallus		SPECIES	Tetrao urogallus Linnaeus, 1758	Tetrao urogallus Linnaeus, 1758	Linnaeus, 1758	CH		Neuchâtel	PRESENT		9661d20d-86b6-4485-8948-f3c86b022fa7			3535.0						1985-06-18	18	6	1985	55QS7	55QS7	PRESERVED_SPECIMEN	MHNN	MHNN-AVES	MHNN-92-14259				CC_BY_4_0					2026-09-28T16:58:39.827Z		TAXON_ID_NOT_FOUND
6187660112	729c66ce-74a9-447c-a94e-dc0ab23a0b33	92-14249	Animalia	Chordata	Aves	Galliformes	Phasianidae	Tetrao	Tetrao urogallus		SPECIES	Tetrao urogallus Linnaeus, 1758	Tetrao urogallus Linnaeus, 1758	Linnaeus, 1758	CH		Neuchâtel	PRESENT		9661d20d-86b6-4485-8948-f3c86b022fa7			3535.0						1985-06-04	4	6	1985	55QS7	55QS7	PRESERVED_SPECIMEN	MHNN	MHNN-AVES	MHNN-92-14249				CC_BY_4_0					2026-09-28T16:58:39.811Z		TAXON_ID_NOT_FOUND
6187660099	729c66ce-74a9-447c-a94e-dc0ab23a0b33	92-14260	Animalia	Chordata	Aves	Galliformes	Phasianidae	Tetrao	Tetrao urogallus		SPECIES	Tetrao urogallus Linnaeus, 1758	Tetrao urogallus Linnaeus, 1758	Linnaeus, 1758	CH		Neuchâtel	PRESENT		9661d20d-86b6-4485-8948-f3c86b022fa7			3535.0						1985-06-21	21	6	1985	55QS7	55QS7	PRESERVED_SPECIMEN	MHNN	MHNN-AVES	MHNN-92-14260				CC_BY_4_0					2026-09-28T16:58:39.768Z		TAXON_ID_NOT_FOUND
6187660091	729c66ce-74a9-447c-a94e-dc0ab23a0b33	92-14261	Animalia	Chordata	Aves	Galliformes	Phasianidae	Tetrao	Tetrao urogallus		SPECIES	Tetrao urogallus Linnaeus, 1758	Tetrao urogallus Linnaeus, 1758	Linnaeus, 1758	CH		Neuchâtel	PRESENT		9661d20d-86b6-4485-8948-f3c86b022fa7			3535.0						1985-06-23	23	6	1985	55QS7	55QS7	PRESERVED_SPECIMEN	MHNN	MHNN-AVES	MHNN-92-14261				CC_BY_4_0					2026-09-28T16:58:39.726Z		TAXON_ID_NOT_FOUND
6187660088	729c66ce-74a9-447c-a94e-dc0ab23a0b33	92-14262	Animalia	Chordata	Aves	Galliformes	Phasianidae	Tetrao	Tetrao urogallus		SPECIES	Tetrao urogallus Linnaeus, 1758	Tetrao urogallus Linnaeus, 1758	Linnaeus, 1758	CH		Neuchâtel	PRESENT		9661d20d-86b6-4485-8948-f3c86b022fa7			3535.0						1985-06-26	26	6	1985	55QS7	55QS7	PRESERVED_SPECIMEN	MHNN	MHNN-AVES	MHNN-92-14262				CC_BY_4_0					2026-09-28T16:58:39.803Z		TAXON_ID_NOT_FOUND
6187660084	729c66ce-74a9-447c-a94e-dc0ab23a0b33	92-14263	Animalia	Chordata	Aves	Galliformes	Phasianidae	Tetrao	Tetrao urogallus		SPECIES	Tetrao urogallus Linnaeus, 1758	Tetrao urogallus Linnaeus, 1758	Linnaeus, 1758	CH		Neuchâtel	PRESENT		9661d20d-86b6-4485-8948-f3c86b022fa7			3535.0						1985-06-28	28	6	1985	55QS7	55QS7	PRESERVED_SPECIMEN	MHNN	MHNN-AVES	MHNN-92-14263				CC_BY_4_0					2026-09-28T16:58:39.749Z		TAXON_ID_NOT_FOUND
6187660081	729c66ce-74a9-447c-a94e-dc0ab23a0b33	92-14264	Animalia	Chordata	Aves	Galliformes	Phasianidae	Tetrao	Tetrao urogallus		SPECIES	Tetrao urogallus Linnaeus, 1758	Tetrao urogallus Linnaeus, 1758	Linnaeus, 1758	CH		Neuchâtel	PRESENT		9661d20d-86b6-4485-8948-f3c86b022fa7			3535.0						1985-06-29	29	6	1985	55QS7	55QS7	PRESERVED_SPECIMEN	MHNN	MHNN-AVES	MHNN-92-14264				CC_BY_4_0					2026-09-28T16:58:39.799Z		TAXON_ID_NOT_FOUND
6187660079	729c66ce-74a9-447c-a94e-dc0ab23a0b33	92-14265	Animalia	Chordata	Aves	Galliformes	Phasianidae	Tetrao	Tetrao urogallus		SPECIES	Tetrao urogallus Linnaeus, 1758	Tetrao urogallus Linnaeus, 1758	Linnaeus, 1758	CH		Neuchâtel	PRESENT		9661d20d-86b6-4485-8948-f3c86b022fa7			3535.0						1985-07-03	3	7	1985	55QS7	55QS7	PRESERVED_SPECIMEN	MHNN	MHNN-AVES	MHNN-92-14265				CC_BY_4_0					2026-09-28T16:58:39.798Z		TAXON_ID_NOT_FOUND
6187660078	729c66ce-74a9-447c-a94e-dc0ab23a0b33	92-14266	Animalia	Chordata	Aves	Galliformes	Phasianidae	Tetrao	Tetrao urogallus		SPECIES	Tetrao urogallus Linnaeus, 1758	Tetrao urogallus Linnaeus, 1758	Linnaeus, 1758	CH		Neuchâtel	PRESENT		9661d20d-86b6-4485-8948-f3c86b022fa7			3535.0						1985-07-03	3	7	1985	55QS7	55QS7	PRESERVED_SPECIMEN	MHNN	MHNN-AVES	MHNN-92-14266				CC_BY_4_0					2026-09-28T16:58:39.747Z		TAXON_ID_NOT_FOUND
6187660073	729c66ce-74a9-447c-a94e-dc0ab23a0b33	92-14267	Animalia	Chordata	Aves	Galliformes	Phasianidae	Tetrao	Tetrao urogallus		SPECIES	Tetrao urogallus Linnaeus, 1758	Tetrao urogallus Linnaeus, 1758	Linnaeus, 1758	CH		Neuchâtel	PRESENT		9661d20d-86b6-4485-8948-f3c86b022fa7			3535.0						1985-07-05	5	7	1985	55QS7	55QS7	PRESERVED_SPECIMEN	MHNN	MHNN-AVES	MHNN-92-14267				CC_BY_4_0					2026-09-28T16:58:39.792Z		TAXON_ID_NOT_FOUND
6187660072	729c66ce-74a9-447c-a94e-dc0ab23a0b33	92-14268	Animalia	Chordata	Aves	Galliformes	Phasianidae	Tetrao	Tetrao urogallus		SPECIES	Tetrao urogallus Linnaeus, 1758	Tetrao urogallus Linnaeus, 1758	Linnaeus, 1758	CH		Neuchâtel	PRESENT		9661d20d-86b6-4485-8948-f3c86b022fa7			3535.0						1985-07-08	8	7	1985	55QS7	55QS7	PRESERVED_SPECIMEN	MHNN	MHNN-AVES	MHNN-92-14268				CC_BY_4_0					2026-09-28T16:58:39.746Z		TAXON_ID_NOT_FOUND
6187660069	729c66ce-74a9-447c-a94e-dc0ab23a0b33	92-14269	Animalia	Chordata	Aves	Galliformes	Phasianidae	Tetrao	Tetrao urogallus		SPECIES	Tetrao urogallus Linnaeus, 1758	Tetrao urogallus Linnaeus, 1758	Linnaeus, 1758	CH		Neuchâtel	PRESENT		9661d20d-86b6-4485-8948-f3c86b022fa7			3535.0						1985-07-10	10	7	1985	55QS7	55QS7	PRESERVED_SPECIMEN	MHNN	MHNN-AVES	MHNN-92-14269				CC_BY_4_0					2026-09-28T16:58:39.744Z		TAXON_ID_NOT_FOUND
6187659749	729c66ce-74a9-447c-a94e-dc0ab23a0b33	92-14310	Animalia	Chordata	Aves	Galliformes	Phasianidae	Tetrao	Tetrao urogallus		SPECIES	Tetrao urogallus Linnaeus, 1758	Tetrao urogallus Linnaeus, 1758	Linnaeus, 1758	CH		Neuchâtel	PRESENT		9661d20d-86b6-4485-8948-f3c86b022fa7			3535.0						1984-05-12	12	5	1984	55QS7	55QS7	PRESERVED_SPECIMEN	MHNN	MHNN-AVES	MHNN-92-14310				CC_BY_4_0					2026-09-28T16:58:39.334Z		TAXON_ID_NOT_FOUND
6187659748	729c66ce-74a9-447c-a94e-dc0ab23a0b33	92-14311	Animalia	Chordata	Aves	Galliformes	Phasianidae	Tetrao	Tetrao urogallus		SPECIES	Tetrao urogallus Linnaeus, 1758	Tetrao urogallus Linnaeus, 1758	Linnaeus, 1758	CH		Neuchâtel	PRESENT		9661d20d-86b6-4485-8948-f3c86b022fa7			3535.0						1984-06-01	1	6	1984	55QS7	55QS7	PRESERVED_SPECIMEN	MHNN	MHNN-AVES	MHNN-92-14311				CC_BY_4_0					2026-09-28T16:58:39.333Z		TAXON_ID_NOT_FOUND
6187659745	729c66ce-74a9-447c-a94e-dc0ab23a0b33	92-14312	Animalia	Chordata	Aves	Galliformes	Phasianidae	Tetrao	Tetrao urogallus		SPECIES	Tetrao urogallus Linnaeus, 1758	Tetrao urogallus Linnaeus, 1758	Linnaeus, 1758	CH		Neuchâtel	PRESENT		9661d20d-86b6-4485-8948-f3c86b022fa7			3535.0						1989-11-15	15	11	1989	55QS7	55QS7	PRESERVED_SPECIMEN	MHNN	MHNN-AVES	MHNN-92-14312				CC_BY_4_0					2026-09-28T16:58:39.309Z		TAXON_ID_NOT_FOUND
6187659743	729c66ce-74a9-447c-a94e-dc0ab23a0b33	92-14313	Animalia	Chordata	Aves	Galliformes	Phasianidae	Tetrao	Tetrao urogallus		SPECIES	Tetrao urogallus Linnaeus, 1758	Tetrao urogallus Linnaeus, 1758	Linnaeus, 1758	CH		Neuchâtel	PRESENT		9661d20d-86b6-4485-8948-f3c86b022fa7			3535.0						1971-10-15	15	10	1971	55QS7	55QS7	PRESERVED_SPECIMEN	MHNN	MHNN-AVES	MHNN-92-14313				CC_BY_4_0					2026-09-28T16:58:39.338Z		TAXON_ID_NOT_FOUND
6187659740	729c66ce-74a9-447c-a94e-dc0ab23a0b33	92-14314	Animalia	Chordata	Aves	Galliformes	Phasianidae	Tetrao	Tetrao urogallus		SPECIES	Tetrao urogallus Linnaeus, 1758	Tetrao urogallus Linnaeus, 1758	Linnaeus, 1758	CH		Neuchâtel	PRESENT		9661d20d-86b6-4485-8948-f3c86b022fa7			3535.0						1971-10-15	15	10	1971	55QS7	55QS7	PRESERVED_SPECIMEN	MHNN	MHNN-AVES	MHNN-92-14314				CC_BY_4_0					2026-09-28T16:58:39.335Z		TAXON_ID_NOT_FOUND
6187659738	729c66ce-74a9-447c-a94e-dc0ab23a0b33	92-14304	Animalia	Chordata	Aves	Galliformes	Phasianidae	Tetrao	Tetrao urogallus		SPECIES	Tetrao urogallus Linnaeus, 1758	Tetrao urogallus Linnaeus, 1758	Linnaeus, 1758	CH		Neuchâtel	PRESENT		9661d20d-86b6-4485-8948-f3c86b022fa7			3535.0						1984-02-18	18	2	1984	55QS7	55QS7	PRESERVED_SPECIMEN	MHNN	MHNN-AVES	MHNN-92-14304				CC_BY_4_0					2026-09-28T16:58:39.323Z		TAXON_ID_NOT_FOUND
6187659737	729c66ce-74a9-447c-a94e-dc0ab23a0b33	92-14305	Animalia	Chordata	Aves	Galliformes	Phasianidae	Tetrao	Tetrao urogallus		SPECIES	Tetrao urogallus Linnaeus, 1758	Tetrao urogallus Linnaeus, 1758	Linnaeus, 1758	CH		Neuchâtel	PRESENT		9661d20d-86b6-4485-8948-f3c86b022fa7			3535.0						1984-04-24	24	4	1984	55QS7	55QS7	PRESERVED_SPECIMEN	MHNN	MHNN-AVES	MHNN-92-14305				CC_BY_4_0					2026-09-28T16:58:39.322Z		TAXON_ID_NOT_FOUND
6187659736	729c66ce-74a9-447c-a94e-dc0ab23a0b33	92-14306	Animalia	Chordata	Aves	Galliformes	Phasianidae	Tetrao	Tetrao urogallus		SPECIES	Tetrao urogallus Linnaeus, 1758	Tetrao urogallus Linnaeus, 1758	Linnaeus, 1758	CH		Neuchâtel	PRESENT		9661d20d-86b6-4485-8948-f3c86b022fa7			3535.0						1984-05-04	4	5	1984	55QS7	55QS7	PRESERVED_SPECIMEN	MHNN	MHNN-AVES	MHNN-92-14306				CC_BY_4_0					2026-09-28T16:58:39.307Z		TAXON_ID_NOT_FOUND
6187659735	729c66ce-74a9-447c-a94e-dc0ab23a0b33	92-14307	Animalia	Chordata	Aves	Galliformes	Phasianidae	Tetrao	Tetrao urogallus		SPECIES	Tetrao urogallus Linnaeus, 1758	Tetrao urogallus Linnaeus, 1758	Linnaeus, 1758	CH		Neuchâtel	PRESENT		9661d20d-86b6-4485-8948-f3c86b022fa7			3535.0						1984-05-05	5	5	1984	55QS7	55QS7	PRESERVED_SPECIMEN	MHNN	MHNN-AVES	MHNN-92-14307				CC_BY_4_0					2026-09-28T16:58:39.320Z		TAXON_ID_NOT_FOUND
6187659734	729c66ce-74a9-447c-a94e-dc0ab23a0b33	92-14308	Animalia	Chordata	Aves	Galliformes	Phasianidae	Tetrao	Tetrao urogallus		SPECIES	Tetrao urogallus Linnaeus, 1758	Tetrao urogallus Linnaeus, 1758	Linnaeus, 1758	CH		Neuchâtel	PRESENT		9661d20d-86b6-4485-8948-f3c86b022fa7			3535.0						1984-05-06	6	5	1984	55QS7	55QS7	PRESERVED_SPECIMEN	MHNN	MHNN-AVES	MHNN-92-14308				CC_BY_4_0					2026-09-28T16:58:39.306Z		TAXON_ID_NOT_FOUND
6187659733	729c66ce-74a9-447c-a94e-dc0ab23a0b33	92-14309	Animalia	Chordata	Aves	Galliformes	Phasianidae	Tetrao	Tetrao urogallus		SPECIES	Tetrao urogallus Linnaeus, 1758	Tetrao urogallus Linnaeus, 1758	Linnaeus, 1758	CH		Neuchâtel	PRESENT		9661d20d-86b6-4485-8948-f3c86b022fa7			3535.0						1984-05-09	9	5	1984	55QS7	55QS7	PRESERVED_SPECIMEN	MHNN	MHNN-AVES	MHNN-92-14309				CC_BY_4_0					2026-09-28T16:58:39.304Z		TAXON_ID_NOT_FOUND
6187659723	729c66ce-74a9-447c-a94e-dc0ab23a0b33	92-14320	Animalia	Chordata	Aves	Galliformes	Phasianidae	Tetrao	Tetrao urogallus		SPECIES	Tetrao urogallus Linnaeus, 1758	Tetrao urogallus Linnaeus, 1758	Linnaeus, 1758	CH		Neuchâtel	PRESENT		9661d20d-86b6-4485-8948-f3c86b022fa7			3535.0						2002-04-15	15	4	2002	55QS7	55QS7	PRESERVED_SPECIMEN	MHNN	MHNN-AVES	MHNN-92-14320				CC_BY_4_0					2026-09-28T16:58:39.303Z		TAXON_ID_NOT_FOUND
6187659721	729c66ce-74a9-447c-a94e-dc0ab23a0b33	92-14321	Animalia	Chordata	Aves	Galliformes	Phasianidae	Tetrao	Tetrao urogallus		SPECIES	Tetrao urogallus Linnaeus, 1758	Tetrao urogallus Linnaeus, 1758	Linnaeus, 1758	CH		Neuchâtel	PRESENT		9661d20d-86b6-4485-8948-f3c86b022fa7			3535.0										55QS7	55QS7	PRESERVED_SPECIMEN	MHNN	MHNN-AVES	MHNN-92-14321				CC_BY_4_0					2026-09-28T16:58:39.302Z		TAXON_ID_NOT_FOUND
6187659718	729c66ce-74a9-447c-a94e-dc0ab23a0b33	92-14322	Animalia	Chordata	Aves	Galliformes	Phasianidae	Tetrao	Tetrao urogallus		SPECIES	Tetrao urogallus Linnaeus, 1758	Tetrao urogallus Linnaeus, 1758	Linnaeus, 1758	CH		Neuchâtel	PRESENT		9661d20d-86b6-4485-8948-f3c86b022fa7			3535.0										55QS7	55QS7	PRESERVED_SPECIMEN	MHNN	MHNN-AVES	MHNN-92-14322				CC_BY_4_0					2026-09-28T16:58:39.302Z		TAXON_ID_NOT_FOUND
6187659713	729c66ce-74a9-447c-a94e-dc0ab23a0b33	92-14323	Animalia	Chordata	Aves	Galliformes	Phasianidae	Tetrao	Tetrao urogallus		SPECIES	Tetrao urogallus Linnaeus, 1758	Tetrao urogallus Linnaeus, 1758	Linnaeus, 1758	CH		Neuchâtel	PRESENT		9661d20d-86b6-4485-8948-f3c86b022fa7			3535.0						2002-07-12	12	7	2002	55QS7	55QS7	PRESERVED_SPECIMEN	MHNN	MHNN-AVES	MHNN-92-14323				CC_BY_4_0					2026-09-28T16:58:39.290Z		TAXON_ID_NOT_FOUND
6187659711	729c66ce-74a9-447c-a94e-dc0ab23a0b33	92-14324	Animalia	Chordata	Aves	Galliformes	Phasianidae	Tetrao	Tetrao urogallus		SPECIES	Tetrao urogallus Linnaeus, 1758	Tetrao urogallus Linnaeus, 1758	Linnaeus, 1758	CH		Neuchâtel	PRESENT		9661d20d-86b6-4485-8948-f3c86b022fa7			3535.0						1983-09-04	4	9	1983	55QS7	55QS7	PRESERVED_SPECIMEN	MHNN	MHNN-AVES	MHNN-92-14324				CC_BY_4_0					2026-09-28T16:58:39.300Z		TAXON_ID_NOT_FOUND
6187659707	729c66ce-74a9-447c-a94e-dc0ab23a0b33	92-14325	Animalia	Chordata	Aves	Galliformes	Phasianidae	Tetrao	Tetrao urogallus		SPECIES	Tetrao urogallus Linnaeus, 1758	Tetrao urogallus Linnaeus, 1758	Linnaeus, 1758	CH		Neuchâtel	PRESENT		9661d20d-86b6-4485-8948-f3c86b022fa7			3535.0						1983-09-28	28	9	1983	55QS7	55QS7	PRESERVED_SPECIMEN	MHNN	MHNN-AVES	MHNN-92-14325				CC_BY_4_0					2026-09-28T16:58:39.286Z		TAXON_ID_NOT_FOUND
6187659706	729c66ce-74a9-447c-a94e-dc0ab23a0b33	92-14315	Animalia	Chordata	Aves	Galliformes	Phasianidae	Tetrao	Tetrao urogallus		SPECIES	Tetrao urogallus Linnaeus, 1758	Tetrao urogallus Linnaeus, 1758	Linnaeus, 1758	CH		Neuchâtel	PRESENT		9661d20d-86b6-4485-8948-f3c86b022fa7			3535.0						1971-10-15	15	10	1971	55QS7	55QS7	PRESERVED_SPECIMEN	MHNN	MHNN-AVES	MHNN-92-14315				CC_BY_4_0					2026-09-28T16:58:39.285Z		TAXON_ID_NOT_FOUND
6187659705	729c66ce-74a9-447c-a94e-dc0ab23a0b33	92-14316	Animalia	Chordata	Aves	Galliformes	Phasianidae	Tetrao	Tetrao urogallus		SPECIES	Tetrao urogallus Linnaeus, 1758	Tetrao urogallus Linnaeus, 1758	Linnaeus, 1758	CH		Neuchâtel	PRESENT		9661d20d-86b6-4485-8948-f3c86b022fa7			3535.0						1990-04-19	19	4	1990	55QS7	55QS7	PRESERVED_SPECIMEN	MHNN	MHNN-AVES	MHNN-92-14316				CC_BY_4_0					2026-09-28T16:58:39.263Z		TAXON_ID_NOT_FOUND
6187659704	729c66ce-74a9-447c-a94e-dc0ab23a0b33	92-14317	Animalia	Chordata	Aves	Galliformes	Phasianidae	Tetrao	Tetrao urogallus		SPECIES	Tetrao urogallus Linnaeus, 1758	Tetrao urogallus Linnaeus, 1758	Linnaeus, 1758	CH		Neuchâtel	PRESENT		9661d20d-86b6-4485-8948-f3c86b022fa7			3535.0						1981-04-25	25	4	1981	55QS7	55QS7	PRESERVED_SPECIMEN	MHNN	MHNN-AVES	MHNN-92-14317				CC_BY_4_0					2026-09-28T16:58:39.283Z		TAXON_ID_NOT_FOUND
6187659703	729c66ce-74a9-447c-a94e-dc0ab23a0b33	92-14318	Animalia	Chordata	Aves	Galliformes	Phasianidae	Tetrao	Tetrao urogallus		SPECIES	Tetrao urogallus Linnaeus, 1758	Tetrao urogallus Linnaeus, 1758	Linnaeus, 1758	CH		Neuchâtel	PRESENT		9661d20d-86b6-4485-8948-f3c86b022fa7			3535.0						2001-06-15	15	6	2001	55QS7	55QS7	PRESERVED_SPECIMEN	MHNN	MHNN-AVES	MHNN-92-14318				CC_BY_4_0					2026-09-28T16:58:39.261Z		TAXON_ID_NOT_FOUND
6187659702	729c66ce-74a9-447c-a94e-dc0ab23a0b33	92-14319	Animalia	Chordata	Aves	Galliformes	Phasianidae	Tetrao	Tetrao urogallus		SPECIES	Tetrao urogallus Linnaeus, 1758	Tetrao urogallus Linnaeus, 1758	Linnaeus, 1758	CH		Neuchâtel	PRESENT		9661d20d-86b6-4485-8948-f3c86b022fa7			3535.0						2001-07-19	19	7	2001	55QS7	55QS7	PRESERVED_SPECIMEN	MHNN	MHNN-AVES	MHNN-92-14319				CC_BY_4_0					2026-09-28T16:58:39.282Z		TAXON_ID_NOT_FOUND
6187659667	729c66ce-74a9-447c-a94e-dc0ab23a0b33	92-14300	Animalia	Chordata	Aves	Galliformes	Phasianidae	Tetrao	Tetrao urogallus		SPECIES	Tetrao urogallus Linnaeus, 1758	Tetrao urogallus Linnaeus, 1758	Linnaeus, 1758	CH		Neuchâtel	PRESENT		9661d20d-86b6-4485-8948-f3c86b022fa7			3535.0						1985-09-02	2	9	1985	55QS7	55QS7	PRESERVED_SPECIMEN	MHNN	MHNN-AVES	MHNN-92-14300				CC_BY_4_0					2026-09-28T16:58:39.246Z		TAXON_ID_NOT_FOUND
6187659664	729c66ce-74a9-447c-a94e-dc0ab23a0b33	92-14301	Animalia	Chordata	Aves	Galliformes	Phasianidae	Tetrao	Tetrao urogallus		SPECIES	Tetrao urogallus Linnaeus, 1758	Tetrao urogallus Linnaeus, 1758	Linnaeus, 1758	CH		Neuchâtel	PRESENT		9661d20d-86b6-4485-8948-f3c86b022fa7			3535.0						1985-09-03	3	9	1985	55QS7	55QS7	PRESERVED_SPECIMEN	MHNN	MHNN-AVES	MHNN-92-14301				CC_BY_4_0					2026-09-28T16:58:39.244Z		TAXON_ID_NOT_FOUND
6187659662	729c66ce-74a9-447c-a94e-dc0ab23a0b33	92-14302	Animalia	Chordata	Aves	Galliformes	Phasianidae	Tetrao	Tetrao urogallus		SPECIES	Tetrao urogallus Linnaeus, 1758	Tetrao urogallus Linnaeus, 1758	Linnaeus, 1758	CH		Neuchâtel	PRESENT		9661d20d-86b6-4485-8948-f3c86b022fa7			3535.0						1985-06-01	1	6	1985	55QS7	55QS7	PRESERVED_SPECIMEN	MHNN	MHNN-AVES	MHNN-92-14302				CC_BY_4_0					2026-09-28T16:58:39.164Z		TAXON_ID_NOT_FOUND
6187659658	729c66ce-74a9-447c-a94e-dc0ab23a0b33	92-14303	Animalia	Chordata	Aves	Galliformes	Phasianidae	Tetrao	Tetrao urogallus		SPECIES	Tetrao urogallus Linnaeus, 1758	Tetrao urogallus Linnaeus, 1758	Linnaeus, 1758	CH		Neuchâtel	PRESENT		9661d20d-86b6-4485-8948-f3c86b022fa7			3535.0						1985-06-01	1	6	1985	55QS7	55QS7	PRESERVED_SPECIMEN	MHNN	MHNN-AVES	MHNN-92-14303				CC_BY_4_0					2026-09-28T16:58:39.243Z		TAXON_ID_NOT_FOUND
6187659650	729c66ce-74a9-447c-a94e-dc0ab23a0b33	92-14350	Animalia	Chordata	Aves	Galliformes	Phasianidae	Tetrao	Tetrao urogallus		SPECIES	Tetrao urogallus Linnaeus, 1758	Tetrao urogallus Linnaeus, 1758	Linnaeus, 1758	CH		Neuchâtel	PRESENT		9661d20d-86b6-4485-8948-f3c86b022fa7			3535.0						1983			1983	55QS7	55QS7	PRESERVED_SPECIMEN	MHNN	MHNN-AVES	MHNN-92-14350				CC_BY_4_0					2026-09-28T16:58:39.192Z		RECORDED_DATE_INVALID;TAXON_ID_NOT_FOUND
6187659648	729c66ce-74a9-447c-a94e-dc0ab23a0b33	92-14351	Animalia	Chordata	Aves	Galliformes	Phasianidae	Tetrao	Tetrao urogallus		SPECIES	Tetrao urogallus Linnaeus, 1758	Tetrao urogallus Linnaeus, 1758	Linnaeus, 1758	CH		Neuchâtel	PRESENT		9661d20d-86b6-4485-8948-f3c86b022fa7			3535.0						1983			1983	55QS7	55QS7	PRESERVED_SPECIMEN	MHNN	MHNN-AVES	MHNN-92-14351				CC_BY_4_0					2026-09-28T16:58:39.235Z		RECORDED_DATE_INVALID;TAXON_ID_NOT_FOUND
6187659647	729c66ce-74a9-447c-a94e-dc0ab23a0b33	92-14352	Animalia	Chordata	Aves	Galliformes	Phasianidae	Tetrao	Tetrao urogallus		SPECIES	Tetrao urogallus Linnaeus, 1758	Tetrao urogallus Linnaeus, 1758	Linnaeus, 1758	CH		Neuchâtel	PRESENT		9661d20d-86b6-4485-8948-f3c86b022fa7			3535.0						1983			1983	55QS7	55QS7	PRESERVED_SPECIMEN	MHNN	MHNN-AVES	MHNN-92-14352				CC_BY_4_0					2026-09-28T16:58:39.188Z		RECORDED_DATE_INVALID;TAXON_ID_NOT_FOUND
6187659646	729c66ce-74a9-447c-a94e-dc0ab23a0b33	92-14353	Animalia	Chordata	Aves	Galliformes	Phasianidae	Tetrao	Tetrao urogallus		SPECIES	Tetrao urogallus Linnaeus, 1758	Tetrao urogallus Linnaeus, 1758	Linnaeus, 1758	CH		Neuchâtel	PRESENT		9661d20d-86b6-4485-8948-f3c86b022fa7			3535.0						1983			1983	55QS7	55QS7	PRESERVED_SPECIMEN	MHNN	MHNN-AVES	MHNN-92-14353				CC_BY_4_0					2026-09-28T16:58:39.231Z		RECORDED_DATE_INVALID;TAXON_ID_NOT_FOUND
6187659645	729c66ce-74a9-447c-a94e-dc0ab23a0b33	92-14354	Animalia	Chordata	Aves	Galliformes	Phasianidae	Tetrao	Tetrao urogallus		SPECIES	Tetrao urogallus Linnaeus, 1758	Tetrao urogallus Linnaeus, 1758	Linnaeus, 1758	CH		Neuchâtel	PRESENT		9661d20d-86b6-4485-8948-f3c86b022fa7			3535.0						1983			1983	55QS7	55QS7	PRESERVED_SPECIMEN	MHNN	MHNN-AVES	MHNN-92-14354				CC_BY_4_0					2026-09-28T16:58:39.154Z		RECORDED_DATE_INVALID;TAXON_ID_NOT_FOUND
6187659644	729c66ce-74a9-447c-a94e-dc0ab23a0b33	92-14355	Animalia	Chordata	Aves	Galliformes	Phasianidae	Tetrao	Tetrao urogallus		SPECIES	Tetrao urogallus Linnaeus, 1758	Tetrao urogallus Linnaeus, 1758	Linnaeus, 1758	CH		Neuchâtel	PRESENT		9661d20d-86b6-4485-8948-f3c86b022fa7			3535.0						1983			1983	55QS7	55QS7	PRESERVED_SPECIMEN	MHNN	MHNN-AVES	MHNN-92-14355				CC_BY_4_0					2026-09-28T16:58:39.185Z		RECORDED_DATE_INVALID;TAXON_ID_NOT_FOUND
6187659643	729c66ce-74a9-447c-a94e-dc0ab23a0b33	92-14356	Animalia	Chordata	Aves	Galliformes	Phasianidae	Tetrao	Tetrao urogallus		SPECIES	Tetrao urogallus Linnaeus, 1758	Tetrao urogallus Linnaeus, 1758	Linnaeus, 1758	CH		Neuchâtel	PRESENT		9661d20d-86b6-4485-8948-f3c86b022fa7			3535.0						1983			1983	55QS7	55QS7	PRESERVED_SPECIMEN	MHNN	MHNN-AVES	MHNN-92-14356				CC_BY_4_0					2026-09-28T16:58:39.228Z		RECORDED_DATE_INVALID;TAXON_ID_NOT_FOUND
6187659642	729c66ce-74a9-447c-a94e-dc0ab23a0b33	92-14357	Animalia	Chordata	Aves	Galliformes	Phasianidae	Tetrao	Tetrao urogallus		SPECIES	Tetrao urogallus Linnaeus, 1758	Tetrao urogallus Linnaeus, 1758	Linnaeus, 1758	CH		Neuchâtel	PRESENT		9661d20d-86b6-4485-8948-f3c86b022fa7			3535.0						1983			1983	55QS7	55QS7	PRESERVED_SPECIMEN	MHNN	MHNN-AVES	MHNN-92-14357				CC_BY_4_0					2026-09-28T16:58:39.224Z		RECORDED_DATE_INVALID;TAXON_ID_NOT_FOUND
6187659640	729c66ce-74a9-447c-a94e-dc0ab23a0b33	92-14348	Animalia	Chordata	Aves	Galliformes	Phasianidae	Tetrao	Tetrao urogallus		SPECIES	Tetrao urogallus Linnaeus, 1758	Tetrao urogallus Linnaeus, 1758	Linnaeus, 1758	CH		Neuchâtel	PRESENT		9661d20d-86b6-4485-8948-f3c86b022fa7			3535.0						1983			1983	55QS7	55QS7	PRESERVED_SPECIMEN	MHNN	MHNN-AVES	MHNN-92-14348				CC_BY_4_0					2026-09-28T16:58:39.217Z		RECORDED_DATE_INVALID;TAXON_ID_NOT_FOUND
6187659638	729c66ce-74a9-447c-a94e-dc0ab23a0b33	92-14349	Animalia	Chordata	Aves	Galliformes	Phasianidae	Tetrao	Tetrao urogallus		SPECIES	Tetrao urogallus Linnaeus, 1758	Tetrao urogallus Linnaeus, 1758	Linnaeus, 1758	CH		Neuchâtel	PRESENT		9661d20d-86b6-4485-8948-f3c86b022fa7			3535.0						1983			1983	55QS7	55QS7	PRESERVED_SPECIMEN	MHNN	MHNN-AVES	MHNN-92-14349				CC_BY_4_0					2026-09-28T16:58:39.179Z		RECORDED_DATE_INVALID;TAXON_ID_NOT_FOUND
6187659606	729c66ce-74a9-447c-a94e-dc0ab23a0b33	92-14330	Animalia	Chordata	Aves	Galliformes	Phasianidae	Tetrao	Tetrao urogallus		SPECIES	Tetrao urogallus Linnaeus, 1758	Tetrao urogallus Linnaeus, 1758	Linnaeus, 1758	CH		Neuchâtel	PRESENT		9661d20d-86b6-4485-8948-f3c86b022fa7			3535.0						1983-09-06	6	9	1983	55QS7	55QS7	PRESERVED_SPECIMEN	MHNN	MHNN-AVES	MHNN-92-14330				CC_BY_4_0					2026-09-28T16:58:39.206Z		TAXON_ID_NOT_FOUND
6187659603	729c66ce-74a9-447c-a94e-dc0ab23a0b33	92-14331	Animalia	Chordata	Aves	Galliformes	Phasianidae	Tetrao	Tetrao urogallus		SPECIES	Tetrao urogallus Linnaeus, 1758	Tetrao urogallus Linnaeus, 1758	Linnaeus, 1758	CH		Neuchâtel	PRESENT		9661d20d-86b6-4485-8948-f3c86b022fa7			3535.0						1983-09-15	15	9	1983	55QS7	55QS7	PRESERVED_SPECIMEN	MHNN	MHNN-AVES	MHNN-92-14331				CC_BY_4_0					2026-09-28T16:58:39.121Z		TAXON_ID_NOT_FOUND
6187659601	729c66ce-74a9-447c-a94e-dc0ab23a0b33	92-14332	Animalia	Chordata	Aves	Galliformes	Phasianidae	Tetrao	Tetrao urogallus		SPECIES	Tetrao urogallus Linnaeus, 1758	Tetrao urogallus Linnaeus, 1758	Linnaeus, 1758	CH		Neuchâtel	PRESENT		9661d20d-86b6-4485-8948-f3c86b022fa7			3535.0						1983-09-20	20	9	1983	55QS7	55QS7	PRESERVED_SPECIMEN	MHNN	MHNN-AVES	MHNN-92-14332				CC_BY_4_0					2026-09-28T16:58:39.108Z		TAXON_ID_NOT_FOUND
6187659600	729c66ce-74a9-447c-a94e-dc0ab23a0b33	92-14333	Animalia	Chordata	Aves	Galliformes	Phasianidae	Tetrao	Tetrao urogallus		SPECIES	Tetrao urogallus Linnaeus, 1758	Tetrao urogallus Linnaeus, 1758	Linnaeus, 1758	CH		Neuchâtel	PRESENT		9661d20d-86b6-4485-8948-f3c86b022fa7			3535.0						1983-08-17	17	8	1983	55QS7	55QS7	PRESERVED_SPECIMEN	MHNN	MHNN-AVES	MHNN-92-14333				CC_BY_4_0					2026-09-28T16:58:39.119Z		TAXON_ID_NOT_FOUND
6187659599	729c66ce-74a9-447c-a94e-dc0ab23a0b33	92-14334	Animalia	Chordata	Aves	Galliformes	Phasianidae	Tetrao	Tetrao urogallus		SPECIES	Tetrao urogallus Linnaeus, 1758	Tetrao urogallus Linnaeus, 1758	Linnaeus, 1758	CH		Neuchâtel	PRESENT		9661d20d-86b6-4485-8948-f3c86b022fa7			3535.0						1983-09-23	23	9	1983	55QS7	55QS7	PRESERVED_SPECIMEN	MHNN	MHNN-AVES	MHNN-92-14334				CC_BY_4_0					2026-09-28T16:58:39.199Z		TAXON_ID_NOT_FOUND
6187659597	729c66ce-74a9-447c-a94e-dc0ab23a0b33	92-14335	Animalia	Chordata	Aves	Galliformes	Phasianidae	Tetrao	Tetrao urogallus		SPECIES	Tetrao urogallus Linnaeus, 1758	Tetrao urogallus Linnaeus, 1758	Linnaeus, 1758	CH		Neuchâtel	PRESENT		9661d20d-86b6-4485-8948-f3c86b022fa7			3535.0						1983-07		7	1983	55QS7	55QS7	PRESERVED_SPECIMEN	MHNN	MHNN-AVES	MHNN-92-14335				CC_BY_4_0					2026-09-28T16:58:39.116Z		RECORDED_DATE_INVALID;TAXON_ID_NOT_FOUND
6187659596	729c66ce-74a9-447c-a94e-dc0ab23a0b33	92-14336	Animalia	Chordata	Aves	Galliformes	Phasianidae	Tetrao	Tetrao urogallus		SPECIES	Tetrao urogallus Linnaeus, 1758	Tetrao urogallus Linnaeus, 1758	Linnaeus, 1758	CH		Neuchâtel	PRESENT		9661d20d-86b6-4485-8948-f3c86b022fa7			3535.0						1983-07		7	1983	55QS7	55QS7	PRESERVED_SPECIMEN	MHNN	MHNN-AVES	MHNN-92-14336				CC_BY_4_0					2026-09-28T16:58:39.110Z		RECORDED_DATE_INVALID;TAXON_ID_NOT_FOUND
6187659595	729c66ce-74a9-447c-a94e-dc0ab23a0b33	92-14326	Animalia	Chordata	Aves	Galliformes	Phasianidae	Tetrao	Tetrao urogallus		SPECIES	Tetrao urogallus Linnaeus, 1758	Tetrao urogallus Linnaeus, 1758	Linnaeus, 1758	CH		Neuchâtel	PRESENT		9661d20d-86b6-4485-8948-f3c86b022fa7			3535.0						1983-10-23	23	10	1983	55QS7	55QS7	PRESERVED_SPECIMEN	MHNN	MHNN-AVES	MHNN-92-14326				CC_BY_4_0					2026-09-28T16:58:39.197Z		TAXON_ID_NOT_FOUND
6187659594	729c66ce-74a9-447c-a94e-dc0ab23a0b33	92-14327	Animalia	Chordata	Aves	Galliformes	Phasianidae	Tetrao	Tetrao urogallus		SPECIES	Tetrao urogallus Linnaeus, 1758	Tetrao urogallus Linnaeus, 1758	Linnaeus, 1758	CH		Neuchâtel	PRESENT		9661d20d-86b6-4485-8948-f3c86b022fa7			3535.0						1983-09-03	3	9	1983	55QS7	55QS7	PRESERVED_SPECIMEN	MHNN	MHNN-AVES	MHNN-92-14327				CC_BY_4_0					2026-09-28T16:58:39.106Z		TAXON_ID_NOT_FOUND
6187659593	729c66ce-74a9-447c-a94e-dc0ab23a0b33	92-14328	Animalia	Chordata	Aves	Galliformes	Phasianidae	Tetrao	Tetrao urogallus		SPECIES	Tetrao urogallus Linnaeus, 1758	Tetrao urogallus Linnaeus, 1758	Linnaeus, 1758	CH		Neuchâtel	PRESENT		9661d20d-86b6-4485-8948-f3c86b022fa7			3535.0										55QS7	55QS7	PRESERVED_SPECIMEN	MHNN	MHNN-AVES	MHNN-92-14328				CC_BY_4_0					2026-09-28T16:58:39.105Z		TAXON_ID_NOT_FOUND
6187659592	729c66ce-74a9-447c-a94e-dc0ab23a0b33	92-14329	Animalia	Chordata	Aves	Galliformes	Phasianidae	Tetrao	Tetrao urogallus		SPECIES	Tetrao urogallus Linnaeus, 1758	Tetrao urogallus Linnaeus, 1758	Linnaeus, 1758	CH		Neuchâtel	PRESENT		9661d20d-86b6-4485-8948-f3c86b022fa7			3535.0						1983-09-05	5	9	1983	55QS7	55QS7	PRESERVED_SPECIMEN	MHNN	MHNN-AVES	MHNN-92-14329				CC_BY_4_0					2026-09-28T16:58:39.103Z		TAXON_ID_NOT_FOUND
6187659588	729c66ce-74a9-447c-a94e-dc0ab23a0b33	92-14340	Animalia	Chordata	Aves	Galliformes	Phasianidae	Tetrao	Tetrao urogallus		SPECIES	Tetrao urogallus Linnaeus, 1758	Tetrao urogallus Linnaeus, 1758	Linnaeus, 1758	CH		Neuchâtel	PRESENT		9661d20d-86b6-4485-8948-f3c86b022fa7			3535.0						1983-08-04	4	8	1983	55QS7	55QS7	PRESERVED_SPECIMEN	MHNN	MHNN-AVES	MHNN-92-14340				CC_BY_4_0					2026-09-28T16:58:39.105Z		TAXON_ID_NOT_FOUND
6187659587	729c66ce-74a9-447c-a94e-dc0ab23a0b33	92-14341	Animalia	Chordata	Aves	Galliformes	Phasianidae	Tetrao	Tetrao urogallus		SPECIES	Tetrao urogallus Linnaeus, 1758	Tetrao urogallus Linnaeus, 1758	Linnaeus, 1758	CH		Neuchâtel	PRESENT		9661d20d-86b6-4485-8948-f3c86b022fa7			3535.0						1983-08-06	6	8	1983	55QS7	55QS7	PRESERVED_SPECIMEN	MHNN	MHNN-AVES	MHNN-92-14341				CC_BY_4_0					2026-09-28T16:58:39.196Z		TAXON_ID_NOT_FOUND
6187659585	729c66ce-74a9-447c-a94e-dc0ab23a0b33	92-14342	Animalia	Chordata	Aves	Galliformes	Phasianidae	Tetrao	Tetrao urogallus		SPECIES	Tetrao urogallus Linnaeus, 1758	Tetrao urogallus Linnaeus, 1758	Linnaeus, 1758	CH		Neuchâtel	PRESENT		9661d20d-86b6-4485-8948-f3c86b022fa7			3535.0						1983-08		8	1983	55QS7	55QS7	PRESERVED_SPECIMEN	MHNN	MHNN-AVES	MHNN-92-14342				CC_BY_4_0					2026-09-28T16:58:39.194Z		RECORDED_DATE_INVALID;TAXON_ID_NOT_FOUND
6187659583	729c66ce-74a9-447c-a94e-dc0ab23a0b33	92-14343	Animalia	Chordata	Aves	Galliformes	Phasianidae	Tetrao	Tetrao urogallus		SPECIES	Tetrao urogallus Linnaeus, 1758	Tetrao urogallus Linnaeus, 1758	Linnaeus, 1758	CH		Neuchâtel	PRESENT		9661d20d-86b6-4485-8948-f3c86b022fa7			3535.0						1983-08-15	15	8	1983	55QS7	55QS7	PRESERVED_SPECIMEN	MHNN	MHNN-AVES	MHNN-92-14343				CC_BY_4_0					2026-09-28T16:58:39.092Z		TAXON_ID_NOT_FOUND
6187659581	729c66ce-74a9-447c-a94e-dc0ab23a0b33	92-14344	Animalia	Chordata	Aves	Galliformes	Phasianidae	Tetrao	Tetrao urogallus		SPECIES	Tetrao urogallus Linnaeus, 1758	Tetrao urogallus Linnaeus, 1758	Linnaeus, 1758	CH		Neuchâtel	PRESENT		9661d20d-86b6-4485-8948-f3c86b022fa7			3535.0						1983-08-17	17	8	1983	55QS7	55QS7	PRESERVED_SPECIMEN	MHNN	MHNN-AVES	MHNN-92-14344				CC_BY_4_0					2026-09-28T16:58:39.103Z		TAXON_ID_NOT_FOUND
6187659579	729c66ce-74a9-447c-a94e-dc0ab23a0b33	92-14345	Animalia	Chordata	Aves	Galliformes	Phasianidae	Tetrao	Tetrao urogallus		SPECIES	Tetrao urogallus Linnaeus, 1758	Tetrao urogallus Linnaeus, 1758	Linnaeus, 1758	CH		Neuchâtel	PRESENT		9661d20d-86b6-4485-8948-f3c86b022fa7			3535.0						1983			1983	55QS7	55QS7	PRESERVED_SPECIMEN	MHNN	MHNN-AVES	MHNN-92-14345				CC_BY_4_0					2026-09-28T16:58:39.090Z		RECORDED_DATE_INVALID;TAXON_ID_NOT_FOUND
6187659578	729c66ce-74a9-447c-a94e-dc0ab23a0b33	92-14346	Animalia	Chordata	Aves	Galliformes	Phasianidae	Tetrao	Tetrao urogallus		SPECIES	Tetrao urogallus Linnaeus, 1758	Tetrao urogallus Linnaeus, 1758	Linnaeus, 1758	CH		Neuchâtel	PRESENT		9661d20d-86b6-4485-8948-f3c86b022fa7			3535.0						1983-10-07	7	10	1983	55QS7	55QS7	PRESERVED_SPECIMEN	MHNN	MHNN-AVES	MHNN-92-14346				CC_BY_4_0					2026-09-28T16:58:39.086Z		TAXON_ID_NOT_FOUND
6187659577	729c66ce-74a9-447c-a94e-dc0ab23a0b33	92-14347	Animalia	Chordata	Aves	Galliformes	Phasianidae	Tetrao	Tetrao urogallus		SPECIES	Tetrao urogallus Linnaeus, 1758	Tetrao urogallus Linnaeus, 1758	Linnaeus, 1758	CH		Neuchâtel	PRESENT		9661d20d-86b6-4485-8948-f3c86b022fa7			3535.0						1983			1983	55QS7	55QS7	PRESERVED_SPECIMEN	MHNN	MHNN-AVES	MHNN-92-14347				CC_BY_4_0					2026-09-28T16:58:39.084Z		RECORDED_DATE_INVALID;TAXON_ID_NOT_FOUND
6187659576	729c66ce-74a9-447c-a94e-dc0ab23a0b33	92-14337	Animalia	Chordata	Aves	Galliformes	Phasianidae	Tetrao	Tetrao urogallus		SPECIES	Tetrao urogallus Linnaeus, 1758	Tetrao urogallus Linnaeus, 1758	Linnaeus, 1758	CH		Neuchâtel	PRESENT		9661d20d-86b6-4485-8948-f3c86b022fa7			3535.0						1983-07		7	1983	55QS7	55QS7	PRESERVED_SPECIMEN	MHNN	MHNN-AVES	MHNN-92-14337				CC_BY_4_0					2026-09-28T16:58:39.189Z		RECORDED_DATE_INVALID;TAXON_ID_NOT_FOUND
6187659575	729c66ce-74a9-447c-a94e-dc0ab23a0b33	92-14338	Animalia	Chordata	Aves	Galliformes	Phasianidae	Tetrao	Tetrao urogallus		SPECIES	Tetrao urogallus Linnaeus, 1758	Tetrao urogallus Linnaeus, 1758	Linnaeus, 1758	CH		Neuchâtel	PRESENT		9661d20d-86b6-4485-8948-f3c86b022fa7			3535.0						1983			1983	55QS7	55QS7	PRESERVED_SPECIMEN	MHNN	MHNN-AVES	MHNN-92-14338				CC_BY_4_0					2026-09-28T16:58:39.100Z		RECORDED_DATE_INVALID;TAXON_ID_NOT_FOUND
6187659574	729c66ce-74a9-447c-a94e-dc0ab23a0b33	92-14339	Animalia	Chordata	Aves	Galliformes	Phasianidae	Tetrao	Tetrao urogallus		SPECIES	Tetrao urogallus Linnaeus, 1758	Tetrao urogallus Linnaeus, 1758	Linnaeus, 1758	CH		Neuchâtel	PRESENT		9661d20d-86b6-4485-8948-f3c86b022fa7			3535.0						1983-08-02	2	8	1983	55QS7	55QS7	PRESERVED_SPECIMEN	MHNN	MHNN-AVES	MHNN-92-14339				CC_BY_4_0					2026-09-28T16:58:39.095Z		TAXON_ID_NOT_FOUND
6187659398	729c66ce-74a9-447c-a94e-dc0ab23a0b33	92-14051	Animalia	Chordata	Aves	Galliformes	Phasianidae	Tetrao	Tetrao urogallus		SPECIES	Tetrao urogallus Linnaeus, 1758	Tetrao urogallus Linnaeus, 1758	Linnaeus, 1758	CH		Grisons	PRESENT		9661d20d-86b6-4485-8948-f3c86b022fa7			3535.0						1988-06-04	4	6	1988	55QS7	55QS7	PRESERVED_SPECIMEN	MHNN	MHNN-AVES	MHNN-92-14051				CC_BY_4_0					2026-09-28T16:58:38.832Z		TAXON_ID_NOT_FOUND
6187659396	729c66ce-74a9-447c-a94e-dc0ab23a0b33	92-14052	Animalia	Chordata	Aves	Galliformes	Phasianidae	Tetrao	Tetrao urogallus		SPECIES	Tetrao urogallus Linnaeus, 1758	Tetrao urogallus Linnaeus, 1758	Linnaeus, 1758	CH			PRESENT		9661d20d-86b6-4485-8948-f3c86b022fa7			3535.0										55QS7	55QS7	PRESERVED_SPECIMEN	MHNN	MHNN-AVES	MHNN-92-14052				CC_BY_4_0					2026-09-28T16:58:38.831Z		TAXON_ID_NOT_FOUND
6187659394	729c66ce-74a9-447c-a94e-dc0ab23a0b33	92-14053	Animalia	Chordata	Aves	Galliformes	Phasianidae	Tetrao	Tetrao urogallus		SPECIES	Tetrao urogallus Linnaeus, 1758	Tetrao urogallus Linnaeus, 1758	Linnaeus, 1758	CH		Neuchâtel	PRESENT		9661d20d-86b6-4485-8948-f3c86b022fa7			3535.0						1974-10-27	27	10	1974	55QS7	55QS7	PRESERVED_SPECIMEN	MHNN	MHNN-AVES	MHNN-92-14053				CC_BY_4_0					2026-09-28T16:58:38.829Z		TAXON_ID_NOT_FOUND
6187659392	729c66ce-74a9-447c-a94e-dc0ab23a0b33	92-14054	Animalia	Chordata	Aves	Galliformes	Phasianidae	Tetrao	Tetrao urogallus		SPECIES	Tetrao urogallus Linnaeus, 1758	Tetrao urogallus Linnaeus, 1758	Linnaeus, 1758	CH		Neuchâtel	PRESENT		9661d20d-86b6-4485-8948-f3c86b022fa7			3535.0						2001-05-02	2	5	2001	55QS7	55QS7	PRESERVED_SPECIMEN	MHNN	MHNN-AVES	MHNN-92-14054				CC_BY_4_0					2026-09-28T16:58:38.932Z		TAXON_ID_NOT_FOUND
6187659391	729c66ce-74a9-447c-a94e-dc0ab23a0b33	92-14055	Animalia	Chordata	Aves	Galliformes	Phasianidae	Tetrao	Tetrao urogallus		SPECIES	Tetrao urogallus Linnaeus, 1758	Tetrao urogallus Linnaeus, 1758	Linnaeus, 1758	CH		Neuchâtel	PRESENT		9661d20d-86b6-4485-8948-f3c86b022fa7			3535.0						1974-10-27	27	10	1974	55QS7	55QS7	PRESERVED_SPECIMEN	MHNN	MHNN-AVES	MHNN-92-14055				CC_BY_4_0					2026-09-28T16:58:38.930Z		TAXON_ID_NOT_FOUND
6187659390	729c66ce-74a9-447c-a94e-dc0ab23a0b33	92-14056	Animalia	Chordata	Aves	Galliformes	Phasianidae	Tetrao	Tetrao urogallus		SPECIES	Tetrao urogallus Linnaeus, 1758	Tetrao urogallus Linnaeus, 1758	Linnaeus, 1758	CH		Bern	PRESENT		9661d20d-86b6-4485-8948-f3c86b022fa7			3535.0						1976-01-17	17	1	1976	55QS7	55QS7	PRESERVED_SPECIMEN	MHNN	MHNN-AVES	MHNN-92-14056				CC_BY_4_0					2026-09-28T16:58:38.928Z		TAXON_ID_NOT_FOUND
6187659072	729c66ce-74a9-447c-a94e-dc0ab23a0b33	92-14000	Animalia	Chordata	Aves	Galliformes	Phasianidae	Tetrao	Tetrao urogallus		SPECIES	Tetrao urogallus Linnaeus, 1758	Tetrao urogallus Linnaeus, 1758	Linnaeus, 1758	CH		Neuchâtel	PRESENT		9661d20d-86b6-4485-8948-f3c86b022fa7			3535.0						2002-01-11	11	1	2002	55QS7	55QS7	PRESERVED_SPECIMEN	MHNN	MHNN-AVES	MHNN-92-14000				CC_BY_4_0					2026-09-28T16:58:38.143Z		TAXON_ID_NOT_FOUND
6187659071	729c66ce-74a9-447c-a94e-dc0ab23a0b33	92-14001	Animalia	Chordata	Aves	Galliformes	Phasianidae	Tetrao	Tetrao urogallus		SPECIES	Tetrao urogallus Linnaeus, 1758	Tetrao urogallus Linnaeus, 1758	Linnaeus, 1758	CH		Neuchâtel	PRESENT		9661d20d-86b6-4485-8948-f3c86b022fa7			3535.0						2001-05-12	12	5	2001	55QS7	55QS7	PRESERVED_SPECIMEN	MHNN	MHNN-AVES	MHNN-92-14001				CC_BY_4_0					2026-09-28T16:58:38.122Z		TAXON_ID_NOT_FOUND
6187659070	729c66ce-74a9-447c-a94e-dc0ab23a0b33	92-14002	Animalia	Chordata	Aves	Galliformes	Phasianidae	Tetrao	Tetrao urogallus		SPECIES	Tetrao urogallus Linnaeus, 1758	Tetrao urogallus Linnaeus, 1758	Linnaeus, 1758	CH		Neuchâtel	PRESENT		9661d20d-86b6-4485-8948-f3c86b022fa7			3535.0						2001-05-12	12	5	2001	55QS7	55QS7	PRESERVED_SPECIMEN	MHNN	MHNN-AVES	MHNN-92-14002				CC_BY_4_0					2026-09-28T16:58:38.141Z		TAXON_ID_NOT_FOUND
6187659069	729c66ce-74a9-447c-a94e-dc0ab23a0b33	92-14003	Animalia	Chordata	Aves	Galliformes	Phasianidae	Tetrao	Tetrao urogallus		SPECIES	Tetrao urogallus Linnaeus, 1758	Tetrao urogallus Linnaeus, 1758	Linnaeus, 1758	CH		Neuchâtel	PRESENT		9661d20d-86b6-4485-8948-f3c86b022fa7			3535.0						2001-05-12	12	5	2001	55QS7	55QS7	PRESERVED_SPECIMEN	MHNN	MHNN-AVES	MHNN-92-14003				CC_BY_4_0					2026-09-28T16:58:38.120Z		TAXON_ID_NOT_FOUND
6187659068	729c66ce-74a9-447c-a94e-dc0ab23a0b33	92-14004	Animalia	Chordata	Aves	Galliformes	Phasianidae	Tetrao	Tetrao urogallus		SPECIES	Tetrao urogallus Linnaeus, 1758	Tetrao urogallus Linnaeus, 1758	Linnaeus, 1758	CH		Neuchâtel	PRESENT		9661d20d-86b6-4485-8948-f3c86b022fa7	46.924638	6.486717	3535.0						2002-10-20	20	10	2002	55QS7	55QS7	PRESERVED_SPECIMEN	MHNN	MHNN-AVES	MHNN-92-14004				CC_BY_4_0					2026-09-28T16:58:38.139Z		COORDINATE_ROUNDED;TAXON_ID_NOT_FOUND
6187659067	729c66ce-74a9-447c-a94e-dc0ab23a0b33	92-14005	Animalia	Chordata	Aves	Galliformes	Phasianidae	Tetrao	Tetrao urogallus		SPECIES	Tetrao urogallus Linnaeus, 1758	Tetrao urogallus Linnaeus, 1758	Linnaeus, 1758	CH		Neuchâtel	PRESENT		9661d20d-86b6-4485-8948-f3c86b022fa7	46.924638	6.486717	3535.0						2002-10-20	20	10	2002	55QS7	55QS7	PRESERVED_SPECIMEN	MHNN	MHNN-AVES	MHNN-92-14005				CC_BY_4_0					2026-09-28T16:58:38.210Z		COORDINATE_ROUNDED;TAXON_ID_NOT_FOUND
6187659066	729c66ce-74a9-447c-a94e-dc0ab23a0b33	92-14006	Animalia	Chordata	Aves	Galliformes	Phasianidae	Tetrao	Tetrao urogallus		SPECIES	Tetrao urogallus Linnaeus, 1758	Tetrao urogallus Linnaeus, 1758	Linnaeus, 1758	CH		Neuchâtel	PRESENT		9661d20d-86b6-4485-8948-f3c86b022fa7	46.969611	6.48592	3535.0						2002-10-18	18	10	2002	55QS7	55QS7	PRESERVED_SPECIMEN	MHNN	MHNN-AVES	MHNN-92-14006				CC_BY_4_0					2026-09-28T16:58:38.209Z		COORDINATE_ROUNDED;TAXON_ID_NOT_FOUND
6187659041	729c66ce-74a9-447c-a94e-dc0ab23a0b33	92-14030	Animalia	Chordata	Aves	Galliformes	Phasianidae	Tetrao	Tetrao urogallus		SPECIES	Tetrao urogallus Linnaeus, 1758	Tetrao urogallus Linnaeus, 1758	Linnaeus, 1758	CH		Bern	PRESENT		9661d20d-86b6-4485-8948-f3c86b022fa7			3535.0						1976-04-16	16	4	1976	55QS7	55QS7	PRESERVED_SPECIMEN	MHNN	MHNN-AVES	MHNN-92-14030				CC_BY_4_0					2026-09-28T16:58:38.106Z		TAXON_ID_NOT_FOUND
6187659039	729c66ce-74a9-447c-a94e-dc0ab23a0b33	92-14031	Animalia	Chordata	Aves	Galliformes	Phasianidae	Tetrao	Tetrao urogallus		SPECIES	Tetrao urogallus Linnaeus, 1758	Tetrao urogallus Linnaeus, 1758	Linnaeus, 1758	CH		Neuchâtel	PRESENT		9661d20d-86b6-4485-8948-f3c86b022fa7			3535.0						1974-04-15	15	4	1974	55QS7	55QS7	PRESERVED_SPECIMEN	MHNN	MHNN-AVES	MHNN-92-14031				CC_BY_4_0					2026-09-28T16:58:38.103Z		TAXON_ID_NOT_FOUND
6187659037	729c66ce-74a9-447c-a94e-dc0ab23a0b33	92-14032	Animalia	Chordata	Aves	Galliformes	Phasianidae	Tetrao	Tetrao urogallus		SPECIES	Tetrao urogallus Linnaeus, 1758	Tetrao urogallus Linnaeus, 1758	Linnaeus, 1758	CH		Neuchâtel	PRESENT		9661d20d-86b6-4485-8948-f3c86b022fa7			3535.0						1977-08-20	20	8	1977	55QS7	55QS7	PRESERVED_SPECIMEN	MHNN	MHNN-AVES	MHNN-92-14032				CC_BY_4_0					2026-09-28T16:58:38.179Z		TAXON_ID_NOT_FOUND
6187659035	729c66ce-74a9-447c-a94e-dc0ab23a0b33	92-14033	Animalia	Chordata	Aves	Galliformes	Phasianidae	Tetrao	Tetrao urogallus		SPECIES	Tetrao urogallus Linnaeus, 1758	Tetrao urogallus Linnaeus, 1758	Linnaeus, 1758	CH		Neuchâtel	PRESENT		9661d20d-86b6-4485-8948-f3c86b022fa7			3535.0						1983-07-15	15	7	1983	55QS7	55QS7	PRESERVED_SPECIMEN	MHNN	MHNN-AVES	MHNN-92-14033				CC_BY_4_0					2026-09-28T16:58:38.106Z		TAXON_ID_NOT_FOUND
6187659032	729c66ce-74a9-447c-a94e-dc0ab23a0b33	92-14034	Animalia	Chordata	Aves	Galliformes	Phasianidae	Tetrao	Tetrao urogallus		SPECIES	Tetrao urogallus Linnaeus, 1758	Tetrao urogallus Linnaeus, 1758	Linnaeus, 1758	CH			PRESENT		9661d20d-86b6-4485-8948-f3c86b022fa7			3535.0						1980-05-18	18	5	1980	55QS7	55QS7	PRESERVED_SPECIMEN	MHNN	MHNN-AVES	MHNN-92-14034				CC_BY_4_0					2026-09-28T16:58:38.175Z		TAXON_ID_NOT_FOUND
6187659031	729c66ce-74a9-447c-a94e-dc0ab23a0b33	92-14035	Animalia	Chordata	Aves	Galliformes	Phasianidae	Tetrao	Tetrao urogallus		SPECIES	Tetrao urogallus Linnaeus, 1758	Tetrao urogallus Linnaeus, 1758	Linnaeus, 1758	CH		Neuchâtel	PRESENT		9661d20d-86b6-4485-8948-f3c86b022fa7			3535.0						2001-05-09	9	5	2001	55QS7	55QS7	PRESERVED_SPECIMEN	MHNN	MHNN-AVES	MHNN-92-14035				CC_BY_4_0					2026-09-28T16:58:38.104Z		TAXON_ID_NOT_FOUND
6187659028	729c66ce-74a9-447c-a94e-dc0ab23a0b33	92-14036	Animalia	Chordata	Aves	Galliformes	Phasianidae	Tetrao	Tetrao urogallus		SPECIES	Tetrao urogallus Linnaeus, 1758	Tetrao urogallus Linnaeus, 1758	Linnaeus, 1758	CH		Neuchâtel	PRESENT		9661d20d-86b6-4485-8948-f3c86b022fa7			3535.0						2001-05-09	9	5	2001	55QS7	55QS7	PRESERVED_SPECIMEN	MHNN	MHNN-AVES	MHNN-92-14036				CC_BY_4_0					2026-09-28T16:58:38.092Z		TAXON_ID_NOT_FOUND
6187659026	729c66ce-74a9-447c-a94e-dc0ab23a0b33	92-14037	Animalia	Chordata	Aves	Galliformes	Phasianidae	Tetrao	Tetrao urogallus		SPECIES	Tetrao urogallus Linnaeus, 1758	Tetrao urogallus Linnaeus, 1758	Linnaeus, 1758	CH		Neuchâtel	PRESENT		9661d20d-86b6-4485-8948-f3c86b022fa7			3535.0						2001-05-09	9	5	2001	55QS7	55QS7	PRESERVED_SPECIMEN	MHNN	MHNN-AVES	MHNN-92-14037				CC_BY_4_0					2026-09-28T16:58:38.173Z		TAXON_ID_NOT_FOUND
6187659022	729c66ce-74a9-447c-a94e-dc0ab23a0b33	92-14038	Animalia	Chordata	Aves	Galliformes	Phasianidae	Tetrao	Tetrao urogallus		SPECIES	Tetrao urogallus Linnaeus, 1758	Tetrao urogallus Linnaeus, 1758	Linnaeus, 1758	CH		Neuchâtel	PRESENT		9661d20d-86b6-4485-8948-f3c86b022fa7			3535.0						2001-05-06	6	5	2001	55QS7	55QS7	PRESERVED_SPECIMEN	MHNN	MHNN-AVES	MHNN-92-14038				CC_BY_4_0					2026-09-28T16:58:38.170Z		TAXON_ID_NOT_FOUND
6187659021	729c66ce-74a9-447c-a94e-dc0ab23a0b33	92-14039	Animalia	Chordata	Aves	Galliformes	Phasianidae	Tetrao	Tetrao urogallus		SPECIES	Tetrao urogallus Linnaeus, 1758	Tetrao urogallus Linnaeus, 1758	Linnaeus, 1758	CH		Neuchâtel	PRESENT		9661d20d-86b6-4485-8948-f3c86b022fa7			3535.0						2001-05-06	6	5	2001	55QS7	55QS7	PRESERVED_SPECIMEN	MHNN	MHNN-AVES	MHNN-92-14039				CC_BY_4_0					2026-09-28T16:58:38.088Z		TAXON_ID_NOT_FOUND
6187659020	729c66ce-74a9-447c-a94e-dc0ab23a0b33	92-14029	Animalia	Chordata	Aves	Galliformes	Phasianidae	Tetrao	Tetrao urogallus		SPECIES	Tetrao urogallus Linnaeus, 1758	Tetrao urogallus Linnaeus, 1758	Linnaeus, 1758	CH		Neuchâtel	PRESENT		9661d20d-86b6-4485-8948-f3c86b022fa7			3535.0						1979-07-04	4	7	1979	55QS7	55QS7	PRESERVED_SPECIMEN	MHNN	MHNN-AVES	MHNN-92-14029				CC_BY_4_0					2026-09-28T16:58:38.086Z		TAXON_ID_NOT_FOUND
6187659015	729c66ce-74a9-447c-a94e-dc0ab23a0b33	92-14040	Animalia	Chordata	Aves	Galliformes	Phasianidae	Tetrao	Tetrao urogallus		SPECIES	Tetrao urogallus Linnaeus, 1758	Tetrao urogallus Linnaeus, 1758	Linnaeus, 1758	CH		Neuchâtel	PRESENT		9661d20d-86b6-4485-8948-f3c86b022fa7			3535.0						2001-05-06	6	5	2001	55QS7	55QS7	PRESERVED_SPECIMEN	MHNN	MHNN-AVES	MHNN-92-14040				CC_BY_4_0					2026-09-28T16:58:38.081Z		TAXON_ID_NOT_FOUND
6187659014	729c66ce-74a9-447c-a94e-dc0ab23a0b33	92-14041	Animalia	Chordata	Aves	Galliformes	Phasianidae	Tetrao	Tetrao urogallus		SPECIES	Tetrao urogallus Linnaeus, 1758	Tetrao urogallus Linnaeus, 1758	Linnaeus, 1758	CH		Neuchâtel	PRESENT		9661d20d-86b6-4485-8948-f3c86b022fa7			3535.0						2001-05-05	5	5	2001	55QS7	55QS7	PRESERVED_SPECIMEN	MHNN	MHNN-AVES	MHNN-92-14041				CC_BY_4_0					2026-09-28T16:58:38.169Z		TAXON_ID_NOT_FOUND
6187659013	729c66ce-74a9-447c-a94e-dc0ab23a0b33	92-14042	Animalia	Chordata	Aves	Galliformes	Phasianidae	Tetrao	Tetrao urogallus		SPECIES	Tetrao urogallus Linnaeus, 1758	Tetrao urogallus Linnaeus, 1758	Linnaeus, 1758	CH		Neuchâtel	PRESENT		9661d20d-86b6-4485-8948-f3c86b022fa7			3535.0						2001-05-05	5	5	2001	55QS7	55QS7	PRESERVED_SPECIMEN	MHNN	MHNN-AVES	MHNN-92-14042				CC_BY_4_0					2026-09-28T16:58:38.167Z		TAXON_ID_NOT_FOUND
6187659010	729c66ce-74a9-447c-a94e-dc0ab23a0b33	92-14043	Animalia	Chordata	Aves	Galliformes	Phasianidae	Tetrao	Tetrao urogallus		SPECIES	Tetrao urogallus Linnaeus, 1758	Tetrao urogallus Linnaeus, 1758	Linnaeus, 1758	CH		Neuchâtel	PRESENT		9661d20d-86b6-4485-8948-f3c86b022fa7			3535.0						2000-02-03	3	2	2000	55QS7	55QS7	PRESERVED_SPECIMEN	MHNN	MHNN-AVES	MHNN-92-14043				CC_BY_4_0					2026-09-28T16:58:38.076Z		TAXON_ID_NOT_FOUND
6187659008	729c66ce-74a9-447c-a94e-dc0ab23a0b33	92-14044	Animalia	Chordata	Aves	Galliformes	Phasianidae	Tetrao	Tetrao urogallus		SPECIES	Tetrao urogallus Linnaeus, 1758	Tetrao urogallus Linnaeus, 1758	Linnaeus, 1758	CH			PRESENT		9661d20d-86b6-4485-8948-f3c86b022fa7			3535.0						2000-02-02	2	2	2000	55QS7	55QS7	PRESERVED_SPECIMEN	MHNN	MHNN-AVES	MHNN-92-14044				CC_BY_4_0					2026-09-28T16:58:38.164Z		TAXON_ID_NOT_FOUND
6187659006	729c66ce-74a9-447c-a94e-dc0ab23a0b33	92-14045	Animalia	Chordata	Aves	Galliformes	Phasianidae	Tetrao	Tetrao urogallus		SPECIES	Tetrao urogallus Linnaeus, 1758	Tetrao urogallus Linnaeus, 1758	Linnaeus, 1758	CH		Bern	PRESENT		9661d20d-86b6-4485-8948-f3c86b022fa7			3535.0						1975-05-22	22	5	1975	55QS7	55QS7	PRESERVED_SPECIMEN	MHNN	MHNN-AVES	MHNN-92-14045				CC_BY_4_0					2026-09-28T16:58:38.066Z		TAXON_ID_NOT_FOUND
6187659005	729c66ce-74a9-447c-a94e-dc0ab23a0b33	92-14046	Animalia	Chordata	Aves	Galliformes	Phasianidae	Tetrao	Tetrao urogallus		SPECIES	Tetrao urogallus Linnaeus, 1758	Tetrao urogallus Linnaeus, 1758	Linnaeus, 1758	CH		Bern	PRESENT		9661d20d-86b6-4485-8948-f3c86b022fa7			3535.0										55QS7	55QS7	PRESERVED_SPECIMEN	MHNN	MHNN-AVES	MHNN-92-14046				CC_BY_4_0					2026-09-28T16:58:38.064Z		RECORDED_DATE_INVALID;TAXON_ID_NOT_FOUND
6187659000	729c66ce-74a9-447c-a94e-dc0ab23a0b33	92-14048	Animalia	Chordata	Aves	Galliformes	Phasianidae	Tetrao	Tetrao urogallus		SPECIES	Tetrao urogallus Linnaeus, 1758	Tetrao urogallus Linnaeus, 1758	Linnaeus, 1758	CH		Neuchâtel	PRESENT		9661d20d-86b6-4485-8948-f3c86b022fa7			3535.0						2002-05-07	7	5	2002	55QS7	55QS7	PRESERVED_SPECIMEN	MHNN	MHNN-AVES	MHNN-92-14048				CC_BY_4_0					2026-09-28T16:58:38.162Z		TAXON_ID_NOT_FOUND
6187658999	729c66ce-74a9-447c-a94e-dc0ab23a0b33	92-14049	Animalia	Chordata	Aves	Galliformes	Phasianidae	Tetrao	Tetrao urogallus		SPECIES	Tetrao urogallus Linnaeus, 1758	Tetrao urogallus Linnaeus, 1758	Linnaeus, 1758	CH		Neuchâtel	PRESENT		9661d20d-86b6-4485-8948-f3c86b022fa7			3535.0						1976-05-02	2	5	1976	55QS7	55QS7	PRESERVED_SPECIMEN	MHNN	MHNN-AVES	MHNN-92-14049				CC_BY_4_0					2026-09-28T16:58:38.063Z		TAXON_ID_NOT_FOUND
6187658985	729c66ce-74a9-447c-a94e-dc0ab23a0b33	92-14010	Animalia	Chordata	Aves	Galliformes	Phasianidae	Tetrao	Tetrao urogallus		SPECIES	Tetrao urogallus Linnaeus, 1758	Tetrao urogallus Linnaeus, 1758	Linnaeus, 1758	CH		Neuchâtel	PRESENT		9661d20d-86b6-4485-8948-f3c86b022fa7			3535.0						2002-07-12	12	7	2002	55QS7	55QS7	PRESERVED_SPECIMEN	MHNN	MHNN-AVES	MHNN-92-14010				CC_BY_4_0					2026-09-28T16:58:38.141Z		TAXON_ID_NOT_FOUND
6187658983	729c66ce-74a9-447c-a94e-dc0ab23a0b33	92-14011	Animalia	Chordata	Aves	Galliformes	Phasianidae	Tetrao	Tetrao urogallus		SPECIES	Tetrao urogallus Linnaeus, 1758	Tetrao urogallus Linnaeus, 1758	Linnaeus, 1758	CH		Neuchâtel	PRESENT		9661d20d-86b6-4485-8948-f3c86b022fa7			3535.0						2001-07-23	23	7	2001	55QS7	55QS7	PRESERVED_SPECIMEN	MHNN	MHNN-AVES	MHNN-92-14011				CC_BY_4_0					2026-09-28T16:58:38.036Z		TAXON_ID_NOT_FOUND
6187658979	729c66ce-74a9-447c-a94e-dc0ab23a0b33	92-14012	Animalia	Chordata	Aves	Galliformes	Phasianidae	Tetrao	Tetrao urogallus		SPECIES	Tetrao urogallus Linnaeus, 1758	Tetrao urogallus Linnaeus, 1758	Linnaeus, 1758	CH		Neuchâtel	PRESENT		9661d20d-86b6-4485-8948-f3c86b022fa7			3535.0						2002-04-13	13	4	2002	55QS7	55QS7	PRESERVED_SPECIMEN	MHNN	MHNN-AVES	MHNN-92-14012				CC_BY_4_0					2026-09-28T16:58:38.137Z		TAXON_ID_NOT_FOUND
6187658978	729c66ce-74a9-447c-a94e-dc0ab23a0b33	92-14013	Animalia	Chordata	Aves	Galliformes	Phasianidae	Tetrao	Tetrao urogallus		SPECIES	Tetrao urogallus Linnaeus, 1758	Tetrao urogallus Linnaeus, 1758	Linnaeus, 1758	CH		Neuchâtel	PRESENT		9661d20d-86b6-4485-8948-f3c86b022fa7			3535.0						2001-02-02	2	2	2001	55QS7	55QS7	PRESERVED_SPECIMEN	MHNN	MHNN-AVES	MHNN-92-14013				CC_BY_4_0					2026-09-28T16:58:38.033Z		TAXON_ID_NOT_FOUND
6187658975	729c66ce-74a9-447c-a94e-dc0ab23a0b33	92-14014	Animalia	Chordata	Aves	Galliformes	Phasianidae	Tetrao	Tetrao urogallus		SPECIES	Tetrao urogallus Linnaeus, 1758	Tetrao urogallus Linnaeus, 1758	Linnaeus, 1758	CH		Neuchâtel	PRESENT		9661d20d-86b6-4485-8948-f3c86b022fa7	46.924638	6.486717	3535.0						2001-02-02	2	2	2001	55QS7	55QS7	PRESERVED_SPECIMEN	MHNN	MHNN-AVES	MHNN-92-14014				CC_BY_4_0					2026-09-28T16:58:38.050Z		COORDINATE_ROUNDED;TAXON_ID_NOT_FOUND
6187658972	729c66ce-74a9-447c-a94e-dc0ab23a0b33	92-14015	Animalia	Chordata	Aves	Galliformes	Phasianidae	Tetrao	Tetrao urogallus		SPECIES	Tetrao urogallus Linnaeus, 1758	Tetrao urogallus Linnaeus, 1758	Linnaeus, 1758	CH		Neuchâtel	PRESENT		9661d20d-86b6-4485-8948-f3c86b022fa7			3535.0						2001-05-08	8	5	2001	55QS7	55QS7	PRESERVED_SPECIMEN	MHNN	MHNN-AVES	MHNN-92-14015				CC_BY_4_0					2026-09-28T16:58:38.135Z		TAXON_ID_NOT_FOUND
6187658969	729c66ce-74a9-447c-a94e-dc0ab23a0b33	92-14016	Animalia	Chordata	Aves	Galliformes	Phasianidae	Tetrao	Tetrao urogallus		SPECIES	Tetrao urogallus Linnaeus, 1758	Tetrao urogallus Linnaeus, 1758	Linnaeus, 1758	CH		Neuchâtel	PRESENT		9661d20d-86b6-4485-8948-f3c86b022fa7			3535.0						2001-05-07	7	5	2001	55QS7	55QS7	PRESERVED_SPECIMEN	MHNN	MHNN-AVES	MHNN-92-14016				CC_BY_4_0					2026-09-28T16:58:38.045Z		TAXON_ID_NOT_FOUND
6187658968	729c66ce-74a9-447c-a94e-dc0ab23a0b33	92-14017	Animalia	Chordata	Aves	Galliformes	Phasianidae	Tetrao	Tetrao urogallus		SPECIES	Tetrao urogallus Linnaeus, 1758	Tetrao urogallus Linnaeus, 1758	Linnaeus, 1758	CH		Neuchâtel	PRESENT		9661d20d-86b6-4485-8948-f3c86b022fa7			3535.0						2001-05-10	10	5	2001	55QS7	55QS7	PRESERVED_SPECIMEN	MHNN	MHNN-AVES	MHNN-92-14017				CC_BY_4_0					2026-09-28T16:58:38.026Z		TAXON_ID_NOT_FOUND
6187658965	729c66ce-74a9-447c-a94e-dc0ab23a0b33	92-14007	Animalia	Chordata	Aves	Galliformes	Phasianidae	Tetrao	Tetrao urogallus		SPECIES	Tetrao urogallus Linnaeus, 1758	Tetrao urogallus Linnaeus, 1758	Linnaeus, 1758	CH		Neuchâtel	PRESENT		9661d20d-86b6-4485-8948-f3c86b022fa7	46.924638	6.486717	3535.0						2002-10-20	20	10	2002	55QS7	55QS7	PRESERVED_SPECIMEN	MHNN	MHNN-AVES	MHNN-92-14007				CC_BY_4_0					2026-09-28T16:58:38.043Z		COORDINATE_ROUNDED;TAXON_ID_NOT_FOUND
6187658964	729c66ce-74a9-447c-a94e-dc0ab23a0b33	92-14008	Animalia	Chordata	Aves	Galliformes	Phasianidae	Tetrao	Tetrao urogallus		SPECIES	Tetrao urogallus Linnaeus, 1758	Tetrao urogallus Linnaeus, 1758	Linnaeus, 1758	CH		Neuchâtel	PRESENT		9661d20d-86b6-4485-8948-f3c86b022fa7			3535.0						2001-05-21	21	5	2001	55QS7	55QS7	PRESERVED_SPECIMEN	MHNN	MHNN-AVES	MHNN-92-14008				CC_BY_4_0					2026-09-28T16:58:38.039Z		TAXON_ID_NOT_FOUND
6187658963	729c66ce-74a9-447c-a94e-dc0ab23a0b33	92-14009	Animalia	Chordata	Aves	Galliformes	Phasianidae	Tetrao	Tetrao urogallus		SPECIES	Tetrao urogallus Linnaeus, 1758	Tetrao urogallus Linnaeus, 1758	Linnaeus, 1758	CH		Neuchâtel	PRESENT		9661d20d-86b6-4485-8948-f3c86b022fa7			3535.0										55QS7	55QS7	PRESERVED_SPECIMEN	MHNN	MHNN-AVES	MHNN-92-14009				CC_BY_4_0					2026-09-28T16:58:38.037Z		RECORDED_DATE_INVALID;TAXON_ID_NOT_FOUND
6187658957	729c66ce-74a9-447c-a94e-dc0ab23a0b33	92-14020	Animalia	Chordata	Aves	Galliformes	Phasianidae	Tetrao	Tetrao urogallus		SPECIES	Tetrao urogallus Linnaeus, 1758	Tetrao urogallus Linnaeus, 1758	Linnaeus, 1758	CH		Neuchâtel	PRESENT		9661d20d-86b6-4485-8948-f3c86b022fa7			3535.0						2000-02-03	3	2	2000	55QS7	55QS7	PRESERVED_SPECIMEN	MHNN	MHNN-AVES	MHNN-92-14020				CC_BY_4_0					2026-09-28T16:58:38.029Z		TAXON_ID_NOT_FOUND
6187658953	729c66ce-74a9-447c-a94e-dc0ab23a0b33	92-14021	Animalia	Chordata	Aves	Galliformes	Phasianidae	Tetrao	Tetrao urogallus		SPECIES	Tetrao urogallus Linnaeus, 1758	Tetrao urogallus Linnaeus, 1758	Linnaeus, 1758	CH		Neuchâtel	PRESENT		9661d20d-86b6-4485-8948-f3c86b022fa7			3535.0						2001-05-10	10	5	2001	55QS7	55QS7	PRESERVED_SPECIMEN	MHNN	MHNN-AVES	MHNN-92-14021				CC_BY_4_0					2026-09-28T16:58:38.017Z		TAXON_ID_NOT_FOUND
6187658952	729c66ce-74a9-447c-a94e-dc0ab23a0b33	92-14022	Animalia	Chordata	Aves	Galliformes	Phasianidae	Tetrao	Tetrao urogallus		SPECIES	Tetrao urogallus Linnaeus, 1758	Tetrao urogallus Linnaeus, 1758	Linnaeus, 1758	CH		Neuchâtel	PRESENT		9661d20d-86b6-4485-8948-f3c86b022fa7			3535.0						2001-05-10	10	5	2001	55QS7	55QS7	PRESERVED_SPECIMEN	MHNN	MHNN-AVES	MHNN-92-14022				CC_BY_4_0					2026-09-28T16:58:38.015Z		TAXON_ID_NOT_FOUND
6187658948	729c66ce-74a9-447c-a94e-dc0ab23a0b33	92-14023	Animalia	Chordata	Aves	Galliformes	Phasianidae	Tetrao	Tetrao urogallus		SPECIES	Tetrao urogallus Linnaeus, 1758	Tetrao urogallus Linnaeus, 1758	Linnaeus, 1758	CH		Neuchâtel	PRESENT		9661d20d-86b6-4485-8948-f3c86b022fa7			3535.0						2001-04-14	14	4	2001	55QS7	55QS7	PRESERVED_SPECIMEN	MHNN	MHNN-AVES	MHNN-92-14023				CC_BY_4_0					2026-09-28T16:58:38.021Z		TAXON_ID_NOT_FOUND
6187658946	729c66ce-74a9-447c-a94e-dc0ab23a0b33	92-14024	Animalia	Chordata	Aves	Galliformes	Phasianidae	Tetrao	Tetrao urogallus		SPECIES	Tetrao urogallus Linnaeus, 1758	Tetrao urogallus Linnaeus, 1758	Linnaeus, 1758	CH		Neuchâtel	PRESENT		9661d20d-86b6-4485-8948-f3c86b022fa7			3535.0						2001-06-22	22	6	2001	55QS7	55QS7	PRESERVED_SPECIMEN	MHNN	MHNN-AVES	MHNN-92-14024				CC_BY_4_0					2026-09-28T16:58:38.070Z		TAXON_ID_NOT_FOUND
6187658945	729c66ce-74a9-447c-a94e-dc0ab23a0b33	92-14025	Animalia	Chordata	Aves	Galliformes	Phasianidae	Tetrao	Tetrao urogallus		SPECIES	Tetrao urogallus Linnaeus, 1758	Tetrao urogallus Linnaeus, 1758	Linnaeus, 1758	CH		Bern	PRESENT		9661d20d-86b6-4485-8948-f3c86b022fa7			3535.0						1975-05-22	22	5	1975	55QS7	55QS7	PRESERVED_SPECIMEN	MHNN	MHNN-AVES	MHNN-92-14025				CC_BY_4_0					2026-09-28T16:58:38.068Z		TAXON_ID_NOT_FOUND
6187658940	729c66ce-74a9-447c-a94e-dc0ab23a0b33	92-14026	Animalia	Chordata	Aves	Galliformes	Phasianidae	Tetrao	Tetrao urogallus		SPECIES	Tetrao urogallus Linnaeus, 1758	Tetrao urogallus Linnaeus, 1758	Linnaeus, 1758	CH		Neuchâtel	PRESENT		9661d20d-86b6-4485-8948-f3c86b022fa7			3535.0						1977-09-28	28	9	1977	55QS7	55QS7	PRESERVED_SPECIMEN	MHNN	MHNN-AVES	MHNN-92-14026				CC_BY_4_0					2026-09-28T16:58:38.003Z		TAXON_ID_NOT_FOUND
6187658937	729c66ce-74a9-447c-a94e-dc0ab23a0b33	92-14027	Animalia	Chordata	Aves	Galliformes	Phasianidae	Tetrao	Tetrao urogallus		SPECIES	Tetrao urogallus Linnaeus, 1758	Tetrao urogallus Linnaeus, 1758	Linnaeus, 1758	CH		Neuchâtel	PRESENT		9661d20d-86b6-4485-8948-f3c86b022fa7			3535.0						1974-11		11	1974	55QS7	55QS7	PRESERVED_SPECIMEN	MHNN	MHNN-AVES	MHNN-92-14027				CC_BY_4_0					2026-09-28T16:58:38.011Z		RECORDED_DATE_INVALID;TAXON_ID_NOT_FOUND
6187658935	729c66ce-74a9-447c-a94e-dc0ab23a0b33	92-14028	Animalia	Chordata	Aves	Galliformes	Phasianidae	Tetrao	Tetrao urogallus		SPECIES	Tetrao urogallus Linnaeus, 1758	Tetrao urogallus Linnaeus, 1758	Linnaeus, 1758	CH		Neuchâtel	PRESENT		9661d20d-86b6-4485-8948-f3c86b022fa7			3535.0						1975-10-19	19	10	1975	55QS7	55QS7	PRESERVED_SPECIMEN	MHNN	MHNN-AVES	MHNN-92-14028				CC_BY_4_0					2026-09-28T16:58:38.006Z		TAXON_ID_NOT_FOUND
6187658934	729c66ce-74a9-447c-a94e-dc0ab23a0b33	92-14018	Animalia	Chordata	Aves	Galliformes	Phasianidae	Tetrao	Tetrao urogallus		SPECIES	Tetrao urogallus Linnaeus, 1758	Tetrao urogallus Linnaeus, 1758	Linnaeus, 1758	CH		Neuchâtel	PRESENT		9661d20d-86b6-4485-8948-f3c86b022fa7			3535.0						2000-02-03	3	2	2000	55QS7	55QS7	PRESERVED_SPECIMEN	MHNN	MHNN-AVES	MHNN-92-14018				CC_BY_4_0					2026-09-28T16:58:38.048Z		TAXON_ID_NOT_FOUND
6187658933	729c66ce-74a9-447c-a94e-dc0ab23a0b33	92-14019	Animalia	Chordata	Aves	Galliformes	Phasianidae	Tetrao	Tetrao urogallus		SPECIES	Tetrao urogallus Linnaeus, 1758	Tetrao urogallus Linnaeus, 1758	Linnaeus, 1758	CH		Neuchâtel	PRESENT		9661d20d-86b6-4485-8948-f3c86b022fa7			3535.0						2001-05-10	10	5	2001	55QS7	55QS7	PRESERVED_SPECIMEN	MHNN	MHNN-AVES	MHNN-92-14019				CC_BY_4_0					2026-09-28T16:58:37.995Z		TAXON_ID_NOT_FOUND
6187658419	729c66ce-74a9-447c-a94e-dc0ab23a0b33	92-4529A	Animalia	Chordata	Aves	Galliformes	Phasianidae	Tetrao	Tetrao urogallus		SPECIES	Tetrao urogallus Linnaeus, 1758	Tetrao urogallus Linnaeus, 1758	Linnaeus, 1758	CH			PRESENT		9661d20d-86b6-4485-8948-f3c86b022fa7			3535.0						1962-10-17	17	10	1962	55QS7	55QS7	PRESERVED_SPECIMEN	MHNN	MHNN-AVES	MHNN-92-4529A		Gehringer, rev. Desfayes,1991		CC_BY_4_0					2026-09-28T16:58:36.758Z		TAXON_ID_NOT_FOUND
6187658418	729c66ce-74a9-447c-a94e-dc0ab23a0b33	92-4529C	Animalia	Chordata	Aves	Galliformes	Phasianidae	Tetrao	Tetrao urogallus		SPECIES	Tetrao urogallus Linnaeus, 1758	Tetrao urogallus Linnaeus, 1758	Linnaeus, 1758	CH			PRESENT		9661d20d-86b6-4485-8948-f3c86b022fa7			3535.0						1977-10-12	12	10	1977	55QS7	55QS7	PRESERVED_SPECIMEN	MHNN	MHNN-AVES	MHNN-92-4529C		Gehringer, rev. Desfayes,1991		CC_BY_4_0					2026-09-28T16:58:36.756Z		TAXON_ID_NOT_FOUND
6187658416	729c66ce-74a9-447c-a94e-dc0ab23a0b33	92-4529H	Animalia	Chordata	Aves	Galliformes	Phasianidae	Tetrao	Tetrao urogallus		SPECIES	Tetrao urogallus Linnaeus, 1758	Tetrao urogallus Linnaeus, 1758	Linnaeus, 1758	CH			PRESENT		9661d20d-86b6-4485-8948-f3c86b022fa7			3535.0						1983-03-18	18	3	1983	55QS7	55QS7	PRESERVED_SPECIMEN	MHNN	MHNN-AVES	MHNN-92-4529H		Gehringer, rev. Desfayes,1991		CC_BY_4_0					2026-09-28T16:58:37.235Z		TAXON_ID_NOT_FOUND
6187658414	729c66ce-74a9-447c-a94e-dc0ab23a0b33	92-4529K	Animalia	Chordata	Aves	Galliformes	Phasianidae	Tetrao	Tetrao urogallus		SPECIES	Tetrao urogallus Linnaeus, 1758	Tetrao urogallus Linnaeus, 1758	Linnaeus, 1758	CH			PRESENT		9661d20d-86b6-4485-8948-f3c86b022fa7			3535.0						1983-06-27	27	6	1983	55QS7	55QS7	PRESERVED_SPECIMEN	MHNN	MHNN-AVES	MHNN-92-4529K		Gehringer, rev. Desfayes,1991		CC_BY_4_0					2026-09-28T16:58:37.232Z		TAXON_ID_NOT_FOUND
6187658412	729c66ce-74a9-447c-a94e-dc0ab23a0b33	92-4529J	Animalia	Chordata	Aves	Galliformes	Phasianidae	Tetrao	Tetrao urogallus		SPECIES	Tetrao urogallus Linnaeus, 1758	Tetrao urogallus Linnaeus, 1758	Linnaeus, 1758	CH			PRESENT		9661d20d-86b6-4485-8948-f3c86b022fa7			3535.0						1983-03-18	18	3	1983	55QS7	55QS7	PRESERVED_SPECIMEN	MHNN	MHNN-AVES	MHNN-92-4529J		Gehringer, rev. Desfayes,1991		CC_BY_4_0					2026-09-28T16:58:36.750Z		TAXON_ID_NOT_FOUND
6187658408	729c66ce-74a9-447c-a94e-dc0ab23a0b33	92-4529E	Animalia	Chordata	Aves	Galliformes	Phasianidae	Tetrao	Tetrao urogallus		SPECIES	Tetrao urogallus Linnaeus, 1758	Tetrao urogallus Linnaeus, 1758	Linnaeus, 1758	CH			PRESENT		9661d20d-86b6-4485-8948-f3c86b022fa7			3535.0						1979-10-12	12	10	1979	55QS7	55QS7	PRESERVED_SPECIMEN	MHNN	MHNN-AVES	MHNN-92-4529E		Gehringer, rev. Desfayes,1991		CC_BY_4_0					2026-09-28T16:58:36.748Z		TAXON_ID_NOT_FOUND
6187658405	729c66ce-74a9-447c-a94e-dc0ab23a0b33	92-4529G	Animalia	Chordata	Aves	Galliformes	Phasianidae	Tetrao	Tetrao urogallus		SPECIES	Tetrao urogallus Linnaeus, 1758	Tetrao urogallus Linnaeus, 1758	Linnaeus, 1758	CH			PRESENT		9661d20d-86b6-4485-8948-f3c86b022fa7			3535.0						1983-03-18	18	3	1983	55QS7	55QS7	PRESERVED_SPECIMEN	MHNN	MHNN-AVES	MHNN-92-4529G		Gehringer, rev. Desfayes,1991		CC_BY_4_0					2026-09-28T16:58:36.743Z		TAXON_ID_NOT_FOUND
6187658400	729c66ce-74a9-447c-a94e-dc0ab23a0b33	92-4529P	Animalia	Chordata	Aves	Galliformes	Phasianidae	Tetrao	Tetrao urogallus		SPECIES	Tetrao urogallus Linnaeus, 1758	Tetrao urogallus Linnaeus, 1758	Linnaeus, 1758	CH			PRESENT		9661d20d-86b6-4485-8948-f3c86b022fa7			3535.0						1986-06-11	11	6	1986	55QS7	55QS7	PRESERVED_SPECIMEN	MHNN	MHNN-AVES	MHNN-92-4529P		Gehringer, rev. Desfayes,1991		CC_BY_4_0					2026-09-28T16:58:36.805Z		TAXON_ID_NOT_FOUND
6187658398	729c66ce-74a9-447c-a94e-dc0ab23a0b33	92-4529M	Animalia	Chordata	Aves	Galliformes	Phasianidae	Tetrao	Tetrao urogallus		SPECIES	Tetrao urogallus Linnaeus, 1758	Tetrao urogallus Linnaeus, 1758	Linnaeus, 1758	CH			PRESENT		9661d20d-86b6-4485-8948-f3c86b022fa7			3535.0						1985-09-30	30	9	1985	55QS7	55QS7	PRESERVED_SPECIMEN	MHNN	MHNN-AVES	MHNN-92-4529M		Gehringer, rev. Desfayes,1991		CC_BY_4_0					2026-09-28T16:58:37.226Z		TAXON_ID_NOT_FOUND
6187658397	729c66ce-74a9-447c-a94e-dc0ab23a0b33	92-4529L	Animalia	Chordata	Aves	Galliformes	Phasianidae	Tetrao	Tetrao urogallus		SPECIES	Tetrao urogallus Linnaeus, 1758	Tetrao urogallus Linnaeus, 1758	Linnaeus, 1758	CH			PRESENT		9661d20d-86b6-4485-8948-f3c86b022fa7			3535.0						1983-06-18	18	6	1983	55QS7	55QS7	PRESERVED_SPECIMEN	MHNN	MHNN-AVES	MHNN-92-4529L		Gehringer, rev. Desfayes,1991		CC_BY_4_0					2026-09-28T16:58:36.737Z		TAXON_ID_NOT_FOUND
6187658396	729c66ce-74a9-447c-a94e-dc0ab23a0b33	92-4529O	Animalia	Chordata	Aves	Galliformes	Phasianidae	Tetrao	Tetrao urogallus		SPECIES	Tetrao urogallus Linnaeus, 1758	Tetrao urogallus Linnaeus, 1758	Linnaeus, 1758	CH			PRESENT		9661d20d-86b6-4485-8948-f3c86b022fa7			3535.0						1986-05-09	9	5	1986	55QS7	55QS7	PRESERVED_SPECIMEN	MHNN	MHNN-AVES	MHNN-92-4529O		Gehringer, rev. Desfayes,1991		CC_BY_4_0					2026-09-28T16:58:36.734Z		TAXON_ID_NOT_FOUND
6170727633	74739c3f-12b5-4250-88cc-7529c3ef6285	NSUR-543	Animalia	Chordata	Aves	Galliformes	Phasianidae	Tetrao	Tetrao urogallus		SPECIES	Tetrao urogallus Linnaeus, 1758	Tetrao urogallus Linnaeus, 1758		CH	Kanton Uri		PRESENT		9661d20d-86b6-4485-8948-f3c86b022fa7			3535.0										55QS7	55QS7	PRESERVED_SPECIMEN	NSUR	NSUR-Zoology	NSUR-543				CC_BY_4_0					2026-09-28T17:00:00.347Z		TAXON_ID_NOT_FOUND
6170727628	74739c3f-12b5-4250-88cc-7529c3ef6285	NSUR-547	Animalia	Chordata	Aves	Galliformes	Phasianidae	Tetrao	Tetrao urogallus		SPECIES	Tetrao urogallus Linnaeus, 1758	Tetrao urogallus Linnaeus, 1758		CH	Stanserhorn		PRESENT	1	9661d20d-86b6-4485-8948-f3c86b022fa7			3535.0										55QS7	55QS7	PRESERVED_SPECIMEN	NSUR	NSUR-Zoology	NSUR-547				CC_BY_4_0					2026-09-28T17:00:00.341Z		OCCURRENCE_STATUS_INFERRED_FROM_INDIVIDUAL_COUNT;TAXON_ID_NOT_FOUND
6170727620	74739c3f-12b5-4250-88cc-7529c3ef6285	NSUR-541	Animalia	Chordata	Aves	Galliformes	Phasianidae	Tetrao	Tetrao urogallus		SPECIES	Tetrao urogallus Linnaeus, 1758	Tetrao urogallus Linnaeus, 1758		CH	Kanton Uri		PRESENT	1	9661d20d-86b6-4485-8948-f3c86b022fa7			3535.0										55QS7	55QS7	PRESERVED_SPECIMEN	NSUR	NSUR-Zoology	NSUR-541				CC_BY_4_0					2026-09-28T17:00:00.318Z		OCCURRENCE_STATUS_INFERRED_FROM_INDIVIDUAL_COUNT;TAXON_ID_NOT_FOUND
6163514979	387840f5-7fc8-4274-b096-3a662ace4a35	SB2-1718	Animalia	Chordata	Aves	Galliformes	Phasianidae	Tetrao	Tetrao urogallus		SPECIES	Tetrao urogallus Linnaeus, 1758	Tetrao urogallus Linnaeus, 1758		CH	Saint-Brais II	Jura	PRESENT		9661d20d-86b6-4485-8948-f3c86b022fa7	47.332978	7.14096	3535.0						1969			1969	55QS7	55QS7	FOSSIL_SPECIMEN	MJSN	MJSN-VERTPAL	SB2-1718		Tifanie Duprat		CC_BY_NC_4_0		F.-E. Koby			2026-09-28T17:00:21.342Z		COORDINATE_ROUNDED;GEODETIC_DATUM_ASSUMED_WGS84;TAXON_ID_NOT_FOUND
6150206286	456ca04c-f878-4b8e-8873-9b3c4d4dd716	NAAG-00014403	Animalia	Chordata	Aves	Galliformes	Phasianidae	Tetrao	Tetrao urogallus		SPECIES	Tetrao urogallus Linnaeus, 1758	Tetrao urogallus Linnaeus, 1758		CH			PRESENT		9661d20d-86b6-4485-8948-f3c86b022fa7			3535.0						1938-05		5	1938	55QS7	55QS7	PRESERVED_SPECIMEN	NAAG	NAAG-Zool	NAAG-00014403				CC_BY_NC_4_0					2026-09-28T17:04:32.690Z		TAXON_ID_NOT_FOUND
6130494401	50c9509d-22c7-4a22-a47d-8c48425ef4a7	https://www.inaturalist.org/observations/286042773	Animalia	Chordata	Aves	Galliformes	Phasianidae	Tetrao	Tetrao urogallus		SPECIES	Tetrao urogallus Linnaeus, 1758	Tetrao urogallus		CH		Graubünden	PRESENT		28eb1a3f-1c15-4a95-931a-4af90ecb574d	47.187767	9.418708	26903.0						2025-06-01T13:14	1	6	2025	55QS7	55QS7	HUMAN_OBSERVATION	iNaturalist	Observations	286042773		Gergely Nigg	2025-06-01T18:50:24	CC_BY_4_0	Gergely Nigg	Gergely Nigg			2026-09-11T05:21:29.526Z	StillImage	COORDINATE_ROUNDED;CONTINENT_DERIVED_FROM_COORDINATES;TAXON_ID_NOT_FOUND
6061946589	e47b30f3-e957-460f-8c5f-d299a76fc080	MHNG-AVES-570.045	Animalia	Chordata	Aves	Galliformes	Phasianidae	Tetrao	Tetrao urogallus	urogallus	SUBSPECIES	Tetrao urogallus urogallus Linnaeus, 1758	Tetrao urogallus urogallus		CH		Bern	PRESENT		9661d20d-86b6-4485-8948-f3c86b022fa7	46.94	7.5											5LGHX	55QS7	PRESERVED_SPECIMEN	MHNG	MHNG-AVES	MHNG-AVES-570.045				CC_BY_4_0		Revilliod de Muralt, Aloys			2026-09-28T17:19:03.590Z		GEODETIC_DATUM_ASSUMED_WGS84;TAXON_ID_NOT_FOUND
6061946555	e47b30f3-e957-460f-8c5f-d299a76fc080	MHNG-AVES-701.080	Animalia	Chordata	Aves	Galliformes	Phasianidae	Tetrao	Tetrao urogallus	urogallus	SUBSPECIES	Tetrao urogallus urogallus Linnaeus, 1758	Tetrao urogallus urogallus		CH		Bern	PRESENT		9661d20d-86b6-4485-8948-f3c86b022fa7	46.94	7.5							1843-05		5	1843	5LGHX	55QS7	PRESERVED_SPECIMEN	MHNG	MHNG-AVES	MHNG-AVES-701.080				CC_BY_4_0		Fatio-Beaumont, Gustave			2026-09-28T17:19:03.638Z		GEODETIC_DATUM_ASSUMED_WGS84;TAXON_ID_NOT_FOUND
6061944044	e47b30f3-e957-460f-8c5f-d299a76fc080	MHNG-AVES-204.027	Animalia	Chordata	Aves	Galliformes	Phasianidae	Tetrao	Tetrao urogallus	urogallus	SUBSPECIES	Tetrao urogallus urogallus Linnaeus, 1758	Tetrao urogallus urogallus		CH	Jura		PRESENT		9661d20d-86b6-4485-8948-f3c86b022fa7													5LGHX	55QS7	PRESERVED_SPECIMEN	MHNG	MHNG-AVES	MHNG-AVES-204.027				CC_BY_4_0		Pictet Delarive, E.			2026-09-28T17:19:01.616Z		TAXON_ID_NOT_FOUND
6061943240	e47b30f3-e957-460f-8c5f-d299a76fc080	MHNG-AVES-3024.034	Animalia	Chordata	Aves	Galliformes	Phasianidae	Tetrao	Tetrao urogallus		SPECIES	Tetrao urogallus Linnaeus, 1758	Tetrao urogallus Linnaeus, 1758		CH	Risoux	Vaud	PRESENT		9661d20d-86b6-4485-8948-f3c86b022fa7	46.606642	6.165972	3535.0										55QS7	55QS7	PRESERVED_SPECIMEN	MHNG	MHNG-AVES	MHNG-AVES-3024.034				CC_BY_4_0		Morel, Jacques			2026-09-28T17:19:01.175Z		COORDINATE_ROUNDED;GEODETIC_DATUM_ASSUMED_WGS84;TAXON_ID_NOT_FOUND
6061940671	e47b30f3-e957-460f-8c5f-d299a76fc080	MHNG-AVES-821.011	Animalia	Chordata	Aves	Galliformes	Phasianidae	Tetrao	Tetrao urogallus		SPECIES	Tetrao urogallus Linnaeus, 1758	Tetrao urogallus Linnaeus, 1758		CH	chaîne du Jura		PRESENT		9661d20d-86b6-4485-8948-f3c86b022fa7			3535.0										55QS7	55QS7	PRESERVED_SPECIMEN	MHNG	MHNG-AVES	MHNG-AVES-821.011				CC_BY_4_0		Loche, Victor Jean François			2026-09-28T17:18:59.229Z		TAXON_ID_NOT_FOUND
6061940221	e47b30f3-e957-460f-8c5f-d299a76fc080	MHNG-AVES-616.018	Animalia	Chordata	Aves	Galliformes	Phasianidae	Tetrao	Tetrao urogallus	urogallus	SUBSPECIES	Tetrao urogallus urogallus Linnaeus, 1758	Tetrao urogallus urogallus		CH		Bern	PRESENT		9661d20d-86b6-4485-8948-f3c86b022fa7	46.94	7.5											5LGHX	55QS7	PRESERVED_SPECIMEN	MHNG	MHNG-AVES	MHNG-AVES-616.018				CC_BY_4_0		Nicoud, L.			2026-09-28T17:18:59.194Z		GEODETIC_DATUM_ASSUMED_WGS84;TAXON_ID_NOT_FOUND
6061936598	e47b30f3-e957-460f-8c5f-d299a76fc080	MHNG-AVES-3010.013	Animalia	Chordata	Aves	Galliformes	Phasianidae	Tetrao	Tetrao urogallus		SPECIES	Tetrao urogallus Linnaeus, 1758	Tetrao urogallus Linnaeus, 1758		CH	Collex-Bossy, Route des Fayards 85	Geneva	PRESENT		9661d20d-86b6-4485-8948-f3c86b022fa7	46.246122	6.109563	3535.0										55QS7	55QS7	PRESERVED_SPECIMEN	MHNG	MHNG-AVES	MHNG-AVES-3010.013				CC_BY_4_0		Delabays, Jean-Louis			2026-09-28T17:18:55.845Z	StillImage	COORDINATE_ROUNDED;GEODETIC_DATUM_ASSUMED_WGS84;TAXON_ID_NOT_FOUND
6061936411	e47b30f3-e957-460f-8c5f-d299a76fc080	MHNG-AVES-840.078	Animalia	Chordata	Aves	Galliformes	Phasianidae	Tetrao	Tetrao urogallus		SPECIES	Tetrao urogallus Linnaeus, 1758	Tetrao urogallus Linnaeus, 1758		CH		Bern	PRESENT		9661d20d-86b6-4485-8948-f3c86b022fa7	46.928588	7.471464	3535.0						1878-05-09	9	5	1878	55QS7	55QS7	PRESERVED_SPECIMEN	MHNG	MHNG-AVES	MHNG-AVES-840.078				CC_BY_4_0		Grenier			2026-09-28T17:18:55.914Z		COORDINATE_ROUNDED;GEODETIC_DATUM_ASSUMED_WGS84;TAXON_ID_NOT_FOUND
6061935997	e47b30f3-e957-460f-8c5f-d299a76fc080	MHNG-AVES-1604.099	Animalia	Chordata	Aves	Galliformes	Phasianidae	Tetrao	Tetrao urogallus	urogallus	SUBSPECIES	Tetrao urogallus urogallus Linnaeus, 1758	Tetrao urogallus urogallus		CH		Aargau	PRESENT		9661d20d-86b6-4485-8948-f3c86b022fa7	47.333314	8.166667											5LGHX	55QS7	PRESERVED_SPECIMEN	MHNG	MHNG-AVES	MHNG-AVES-1604.099				CC_BY_4_0					2026-09-28T17:18:55.749Z		GEODETIC_DATUM_ASSUMED_WGS84;TAXON_ID_NOT_FOUND
6061933064	e47b30f3-e957-460f-8c5f-d299a76fc080	MHNG-AVES-767.010	Animalia	Chordata	Aves	Galliformes	Phasianidae	Tetrao	Tetrao urogallus	urogallus	SUBSPECIES	Tetrao urogallus urogallus Linnaeus, 1758	Tetrao urogallus urogallus		CH		Grisons	PRESENT		9661d20d-86b6-4485-8948-f3c86b022fa7	46.7	9.5							1915-11		11	1915	5LGHX	55QS7	PRESERVED_SPECIMEN	MHNG	MHNG-AVES	MHNG-AVES-767.010				CC_BY_4_0					2026-09-28T17:18:53.404Z		GEODETIC_DATUM_ASSUMED_WGS84;TAXON_ID_NOT_FOUND
6061931946	e47b30f3-e957-460f-8c5f-d299a76fc080	MHNG-AVES-876.022	Animalia	Chordata	Aves	Galliformes	Phasianidae	Tetrao	Tetrao urogallus		SPECIES	Tetrao urogallus Linnaeus, 1758	Tetrao urogallus Linnaeus, 1758		CH	Alpes Vaudoises	Vaud	PRESENT		9661d20d-86b6-4485-8948-f3c86b022fa7	46.388076	7.016139	3535.0										55QS7	55QS7	PRESERVED_SPECIMEN	MHNG	MHNG-AVES	MHNG-AVES-876.022				CC_BY_4_0		Vaucher, Charles			2026-09-28T17:18:53.142Z		COORDINATE_ROUNDED;GEODETIC_DATUM_ASSUMED_WGS84;TAXON_ID_NOT_FOUND
6061927930	e47b30f3-e957-460f-8c5f-d299a76fc080	MHNG-AVES-3022.053	Animalia	Chordata	Aves	Galliformes	Phasianidae	Tetrao	Tetrao urogallus		SPECIES	Tetrao urogallus Linnaeus, 1758	Tetrao urogallus Linnaeus, 1758		CH	Risoux	Vaud	PRESENT		9661d20d-86b6-4485-8948-f3c86b022fa7	46.606642	6.165972	3535.0										55QS7	55QS7	PRESERVED_SPECIMEN	MHNG	MHNG-AVES	MHNG-AVES-3022.053				CC_BY_4_0		Guex, Marie-Laure			2026-09-28T17:18:49.173Z		COORDINATE_ROUNDED;GEODETIC_DATUM_ASSUMED_WGS84;TAXON_ID_NOT_FOUND
6061923359	e47b30f3-e957-460f-8c5f-d299a76fc080	MHNG-AVES-3029.027	Animalia	Chordata	Aves	Galliformes	Phasianidae	Tetrao	Tetrao urogallus		SPECIES	Tetrao urogallus Linnaeus, 1758	Tetrao urogallus Linnaeus, 1758		CH	Le Chenit, Bois de la Barre, Chemin des Illanches	Vaud	PRESENT		9661d20d-86b6-4485-8948-f3c86b022fa7	46.516698	6.168086	3535.0										55QS7	55QS7	PRESERVED_SPECIMEN	MHNG	MHNG-AVES	MHNG-AVES-3029.027				CC_BY_4_0		Thélin, Mireille			2026-09-28T17:18:45.277Z		COORDINATE_ROUNDED;GEODETIC_DATUM_ASSUMED_WGS84;TAXON_ID_NOT_FOUND
6061923332	e47b30f3-e957-460f-8c5f-d299a76fc080	MHNG-AVES-3029.040	Animalia	Chordata	Aves	Galliformes	Phasianidae	Tetrao	Tetrao urogallus		SPECIES	Tetrao urogallus Linnaeus, 1758	Tetrao urogallus Linnaeus, 1758		CH	Jura	Vaud	PRESENT		9661d20d-86b6-4485-8948-f3c86b022fa7	46.607353	6.231227	3535.0						1994			1994	55QS7	55QS7	PRESERVED_SPECIMEN	MHNG	MHNG-AVES	MHNG-AVES-3029.040				CC_BY_4_0		Thélin, Mireille			2026-09-28T17:18:45.801Z		COORDINATE_ROUNDED;GEODETIC_DATUM_ASSUMED_WGS84;TAXON_ID_NOT_FOUND
6061922053	e47b30f3-e957-460f-8c5f-d299a76fc080	MHNG-AVES-850.021	Animalia	Chordata	Aves	Galliformes	Phasianidae	Tetrao	Tetrao urogallus	urogallus	SUBSPECIES	Tetrao urogallus urogallus Linnaeus, 1758	Tetrao urogallus urogallus		CH	Gruyères	Fribourg	PRESENT		9661d20d-86b6-4485-8948-f3c86b022fa7	46.581368	7.076197											5LGHX	55QS7	PRESERVED_SPECIMEN	MHNG	MHNG-AVES	MHNG-AVES-850.021				CC_BY_4_0					2026-09-28T17:18:44.435Z		GEODETIC_DATUM_ASSUMED_WGS84;TAXON_ID_NOT_FOUND
6061914971	e47b30f3-e957-460f-8c5f-d299a76fc080	MHNG-AVES-1906.053	Animalia	Chordata	Aves	Galliformes	Phasianidae	Tetrao	Tetrao urogallus		SPECIES	Tetrao urogallus Linnaeus, 1758	Tetrao urogallus Linnaeus, 1758		CH	Le Chenit, Chalet à Roch	Vaud	PRESENT		9661d20d-86b6-4485-8948-f3c86b022fa7	46.516698	6.168086	3535.0										55QS7	55QS7	PRESERVED_SPECIMEN	MHNG	MHNG-AVES	MHNG-AVES-1906.053				CC_BY_4_0		Gilliéron, Jacques			2026-09-28T17:18:37.235Z		COORDINATE_ROUNDED;GEODETIC_DATUM_ASSUMED_WGS84;TAXON_ID_NOT_FOUND
6061913586	e47b30f3-e957-460f-8c5f-d299a76fc080	MHNG-AVES-649.034	Animalia	Chordata	Aves	Galliformes	Phasianidae	Tetrao	Tetrao urogallus		SPECIES	Tetrao urogallus Linnaeus, 1758	Tetrao urogallus Linnaeus, 1758		CH		Jura	PRESENT		9661d20d-86b6-4485-8948-f3c86b022fa7	47.332978	7.14096	3535.0										55QS7	55QS7	PRESERVED_SPECIMEN	MHNG	MHNG-AVES	MHNG-AVES-649.034				CC_BY_4_0		Grosclaude des Verrien			2026-09-28T17:18:34.799Z		COORDINATE_ROUNDED;GEODETIC_DATUM_ASSUMED_WGS84;TAXON_ID_NOT_FOUND
6061911351	e47b30f3-e957-460f-8c5f-d299a76fc080	MHNG-AVES-797.071	Animalia	Chordata	Aves	Galliformes	Phasianidae	Tetrao	Tetrao urogallus	urogallus	SUBSPECIES	Tetrao urogallus urogallus Linnaeus, 1758	Tetrao urogallus urogallus		CH	Frutigen, Ried	Bern	PRESENT		9661d20d-86b6-4485-8948-f3c86b022fa7	46.564491	7.615245							1918-12		12	1918	5LGHX	55QS7	PRESERVED_SPECIMEN	MHNG	MHNG-AVES	MHNG-AVES-797.071				CC_BY_4_0		Larsen, Henry			2026-09-28T17:18:31.694Z		GEODETIC_DATUM_ASSUMED_WGS84;TAXON_ID_NOT_FOUND
5213622172	4ca64b78-c613-406d-bc31-d7b6cd8e948f	66	Animalia	Chordata	Aves	Galliformes	Phasianidae	Tetrao	Tetrao urogallus		SPECIES	Tetrao urogallus Linnaeus, 1758	Tetrao urogallus Linnaeus, 1758		CH	Schauenberg, Tösstal	Zurich	PRESENT		9661d20d-86b6-4485-8948-f3c86b022fa7			3535.0						1916-11-13	13	11	1916	55QS7	55QS7	PRESERVED_SPECIMEN	NMWIN	NMWIN-VERTEBRATA	66				CC_BY_NC_4_0		Museumsgesellschaft Winterthur			2026-09-28T17:56:52.172Z		TAXON_ID_NOT_FOUND
5213622171	4ca64b78-c613-406d-bc31-d7b6cd8e948f	65	Animalia	Chordata	Aves	Galliformes	Phasianidae	Tetrao	Tetrao urogallus		SPECIES	Tetrao urogallus Linnaeus, 1758	Tetrao urogallus Linnaeus, 1758		CH	Bauma, Stoffel	Zurich	PRESENT		9661d20d-86b6-4485-8948-f3c86b022fa7			3535.0										55QS7	55QS7	PRESERVED_SPECIMEN	NMWIN	NMWIN-VERTEBRATA	65				CC_BY_NC_4_0		Bertschinger, Wallisellen			2026-09-28T17:56:52.171Z		TAXON_ID_NOT_FOUND
5206053930	50c9509d-22c7-4a22-a47d-8c48425ef4a7	https://www.inaturalist.org/observations/290880789	Animalia	Chordata	Aves	Galliformes	Phasianidae	Tetrao	Tetrao urogallus		SPECIES	Tetrao urogallus Linnaeus, 1758	Tetrao urogallus		CH		Graubünden	PRESENT		28eb1a3f-1c15-4a95-931a-4af90ecb574d	46.841164	9.504469	114097.0						2025-06-19T09:06	19	6	2025	55QS7	55QS7	HUMAN_OBSERVATION	iNaturalist	Observations	290880789		zzzzz	2025-06-19T09:05:28	CC_BY_NC_4_0	zzzzz	zzzzz			2026-09-11T05:19:17.496Z	StillImage	COORDINATE_ROUNDED;CONTINENT_DERIVED_FROM_COORDINATES;TAXON_ID_NOT_FOUND
5198995501	50c9509d-22c7-4a22-a47d-8c48425ef4a7	https://www.inaturalist.org/observations/274483627	Animalia	Chordata	Aves	Galliformes	Phasianidae	Tetrao	Tetrao urogallus		SPECIES	Tetrao urogallus Linnaeus, 1758	Tetrao urogallus		CH		Graubünden	PRESENT		28eb1a3f-1c15-4a95-931a-4af90ecb574d	46.713891	9.092123	26967.0						2025-04-11T10:14:03	11	4	2025	55QS7	55QS7	HUMAN_OBSERVATION	iNaturalist	Observations	274483627		Simon Crameri	2025-04-27T08:01:00	CC_BY_NC_4_0	Simon Crameri	Simon Crameri			2026-09-11T05:19:16.304Z	StillImage	COORDINATE_ROUNDED;CONTINENT_DERIVED_FROM_COORDINATES;TAXON_ID_NOT_FOUND
5087097580	50c9509d-22c7-4a22-a47d-8c48425ef4a7	https://www.inaturalist.org/observations/255915103	Animalia	Chordata	Aves	Galliformes	Phasianidae	Tetrao	Tetrao urogallus		SPECIES	Tetrao urogallus Linnaeus, 1758	Tetrao urogallus		CH		Graubünden	PRESENT		28eb1a3f-1c15-4a95-931a-4af90ecb574d	46.975451	9.065043	26935.0						2018-12-29T09:50	29	12	2018	55QS7	55QS7	HUMAN_OBSERVATION	iNaturalist	Observations	255915103		Peter Wijnsouw	2024-12-23T13:34:31	CC_BY_NC_4_0	Dominic Tinner	Dominic Tinner			2026-09-11T05:56:14.953Z	StillImage	COORDINATE_ROUNDED;CONTINENT_DERIVED_FROM_COORDINATES;TAXON_ID_NOT_FOUND
5026344223	6ac3f774-d9fb-4796-b3e9-92bf6c81c084		Animalia	Chordata	Aves	Galliformes	Phasianidae	Tetrao	Tetrao urogallus		SPECIES	Tetrao urogallus Linnaeus, 1758	Tetrao urogallus		CH	Sunnbüel bis Arvewald		PRESENT		bb646dff-a905-4403-a49b-6d378c2cf0d9	46.452049	7.645369	250.0						2015-08-02T00:00	2	8	2015	55QS7	55QS7	HUMAN_OBSERVATION	NABU|naturgucker	NABU|naturgucker	788766305				CC_BY_4_0		341725260			2026-09-10T18:04:55.131Z		COORDINATE_ROUNDED;GEODETIC_DATUM_ASSUMED_WGS84;CONTINENT_DERIVED_FROM_COORDINATES
5025300337	6ac3f774-d9fb-4796-b3e9-92bf6c81c084		Animalia	Chordata	Aves	Galliformes	Phasianidae	Tetrao	Tetrao urogallus		SPECIES	Tetrao urogallus Linnaeus, 1758	Tetrao urogallus		CH	Scuol und Umgebung		PRESENT		bb646dff-a905-4403-a49b-6d378c2cf0d9	46.78791	10.304254	25.0						2021-05-20T00:00	20	5	2021	55QS7	55QS7	HUMAN_OBSERVATION	NABU|naturgucker	NABU|naturgucker	573187445				CC_BY_4_0		70776056			2026-09-10T18:06:02.873Z	StillImage	COORDINATE_ROUNDED;GEODETIC_DATUM_ASSUMED_WGS84;CONTINENT_DERIVED_FROM_COORDINATES
5020657743	6ac3f774-d9fb-4796-b3e9-92bf6c81c084		Animalia	Chordata	Aves	Galliformes	Phasianidae	Tetrao	Tetrao urogallus		SPECIES	Tetrao urogallus Linnaeus, 1758	Tetrao urogallus		CH	Gadmen - Wendenalb		PRESENT		bb646dff-a905-4403-a49b-6d378c2cf0d9	46.74733	8.373556	250.0						2009-05-25T00:00	25	5	2009	55QS7	55QS7	HUMAN_OBSERVATION	NABU|naturgucker	NABU|naturgucker	1959817240				CC_BY_4_0		-1950247279			2026-09-10T18:03:11.418Z		COORDINATE_ROUNDED;GEODETIC_DATUM_ASSUMED_WGS84;CONTINENT_DERIVED_FROM_COORDINATES
4980459049	50c9509d-22c7-4a22-a47d-8c48425ef4a7	https://www.inaturalist.org/observations/250815228	Animalia	Chordata	Aves	Galliformes	Phasianidae	Tetrao	Tetrao urogallus		SPECIES	Tetrao urogallus Linnaeus, 1758	Tetrao urogallus		CH		Graubünden	PRESENT		28eb1a3f-1c15-4a95-931a-4af90ecb574d	46.602058	9.700714	26967.0						2024-08-02T18:29:31	2	8	2024	55QS7	55QS7	HUMAN_OBSERVATION	iNaturalist	Observations	250815228		Samuel Beyertt	2024-11-07T18:25:56	CC_BY_NC_4_0	Samuel Beyertt	Samuel Beyertt			2026-09-11T05:55:45.168Z	StillImage	COORDINATE_ROUNDED;CONTINENT_DERIVED_FROM_COORDINATES;TAXON_ID_NOT_FOUND
4922031721	50c9509d-22c7-4a22-a47d-8c48425ef4a7	https://www.inaturalist.org/observations/233295784	Animalia	Chordata	Aves	Galliformes	Phasianidae	Tetrao	Tetrao urogallus		SPECIES	Tetrao urogallus Linnaeus, 1758	Tetrao urogallus		CH		Graubünden	PRESENT		28eb1a3f-1c15-4a95-931a-4af90ecb574d	46.653807	9.446329	26967.0						2024-08-02T17:15:26	2	8	2024	55QS7	55QS7	HUMAN_OBSERVATION	iNaturalist	Observations	233295784		Tobias Polzer	2024-08-02T15:17:02	CC_BY_NC_4_0	Tobias Polzer	Tobias Polzer			2026-09-11T06:11:24.139Z	StillImage	COORDINATE_ROUNDED;CONTINENT_DERIVED_FROM_COORDINATES;TAXON_ID_NOT_FOUND
4855820602	8642bfd0-f762-11e1-a439-00145eb45e9a		Animalia	Chordata	Aves	Galliformes	Phasianidae	Tetrao	Tetrao urogallus		SPECIES	Tetrao urogallus Linnaeus, 1758	Tetrao urogallus Linnaeus		CH	Fundort Birdlife		PRESENT		fccc6740-bbb1-11d9-839f-b8a03c50a862	46.975	9.875											55QS7	55QS7	OCCURRENCE	inatura                                                                                                                                                                                                                                                   	inatura - Erlebnis Naturschau Dornbirn                                                                                                                                                                                                                    	6723				CC_BY_4_0		Birdlife Österreich			2026-08-24T16:25:06.842Z		GEODETIC_DATUM_ASSUMED_WGS84;COORDINATE_PRECISION_INVALID;COUNTRY_DERIVED_FROM_COORDINATES;CONTINENT_DERIVED_FROM_COORDINATES;BASIS_OF_RECORD_INVALID
4597545521	50c9509d-22c7-4a22-a47d-8c48425ef4a7	https://www.inaturalist.org/observations/202643935	Animalia	Chordata	Aves	Galliformes	Phasianidae	Tetrao	Tetrao urogallus		SPECIES	Tetrao urogallus Linnaeus, 1758	Tetrao urogallus		CH		Vaud	PRESENT		28eb1a3f-1c15-4a95-931a-4af90ecb574d	46.586723	6.019515	26999.0						2003-05-04T15:46	4	5	2003	55QS7	55QS7	HUMAN_OBSERVATION	iNaturalist	Observations	202643935		pieco	2024-03-16T12:30:37	CC_BY_NC_4_0	pieco	pieco			2026-09-11T05:30:30.554Z	StillImage	COORDINATE_ROUNDED;CONTINENT_DERIVED_FROM_COORDINATES;TAXON_ID_NOT_FOUND
4455672761	63f077c9-96a0-49de-b3ea-2aa565ee1098	SOI-AVES-4288748679	Animalia	Chordata	Aves	Galliformes	Phasianidae	Tetrao	Tetrao urogallus		SPECIES	Tetrao urogallus Linnaeus, 1758	Tetrao urogallus Linnaeus, 1758	Linnaeus, 1758	CH		Gr	PRESENT		64ee55c9-570a-42af-b7da-3f13c6b4e5a9	46.52072	9.84988	7070.0						2023			2023	55QS7	55QS7	HUMAN_OBSERVATION	SOI		SOI-AVES-4288748679				CC_BY_4_0	Schweizerische Vogelwarte				2026-07-18T15:05:06.814Z		TAXON_ID_NOT_FOUND
4455672494	63f077c9-96a0-49de-b3ea-2aa565ee1098	SOI-AVES-4256182168	Animalia	Chordata	Aves	Galliformes	Phasianidae	Tetrao	Tetrao urogallus		SPECIES	Tetrao urogallus Linnaeus, 1758	Tetrao urogallus Linnaeus, 1758	Linnaeus, 1758	CH		Gr	PRESENT		64ee55c9-570a-42af-b7da-3f13c6b4e5a9	46.69769	9.9886	7070.0						2016			2016	55QS7	55QS7	HUMAN_OBSERVATION	SOI		SOI-AVES-4256182168				CC_BY_4_0	Schweizerische Vogelwarte				2026-07-18T15:05:04.486Z		TAXON_ID_NOT_FOUND
4455669711	63f077c9-96a0-49de-b3ea-2aa565ee1098	SOI-AVES-4282261117	Animalia	Chordata	Aves	Galliformes	Phasianidae	Tetrao	Tetrao urogallus		SPECIES	Tetrao urogallus Linnaeus, 1758	Tetrao urogallus Linnaeus, 1758	Linnaeus, 1758	CH		Nw	PRESENT		64ee55c9-570a-42af-b7da-3f13c6b4e5a9	46.99288	8.29316	7070.0						2014			2014	55QS7	55QS7	HUMAN_OBSERVATION	SOI		SOI-AVES-4282261117				CC_BY_4_0	Schweizerische Vogelwarte				2026-07-18T15:05:04.218Z		TAXON_ID_NOT_FOUND
4455669062	63f077c9-96a0-49de-b3ea-2aa565ee1098	SOI-AVES-4197269537	Animalia	Chordata	Aves	Galliformes	Phasianidae	Tetrao	Tetrao urogallus		SPECIES	Tetrao urogallus Linnaeus, 1758	Tetrao urogallus Linnaeus, 1758	Linnaeus, 1758	CH		Gl	PRESENT		64ee55c9-570a-42af-b7da-3f13c6b4e5a9	46.98429	9.08178	7070.0						2016			2016	55QS7	55QS7	HUMAN_OBSERVATION	SOI		SOI-AVES-4197269537				CC_BY_4_0	Schweizerische Vogelwarte				2026-07-18T15:05:06.792Z		TAXON_ID_NOT_FOUND
4455666901	63f077c9-96a0-49de-b3ea-2aa565ee1098	SOI-AVES-4204701581	Animalia	Chordata	Aves	Galliformes	Phasianidae	Tetrao	Tetrao urogallus		SPECIES	Tetrao urogallus Linnaeus, 1758	Tetrao urogallus Linnaeus, 1758	Linnaeus, 1758	CH		Gr	PRESENT		64ee55c9-570a-42af-b7da-3f13c6b4e5a9	47.0629	9.74258	7070.0						2020			2020	55QS7	55QS7	HUMAN_OBSERVATION	SOI		SOI-AVES-4204701581				CC_BY_4_0	Schweizerische Vogelwarte				2026-07-18T15:05:04.182Z		TAXON_ID_NOT_FOUND
4455665701	63f077c9-96a0-49de-b3ea-2aa565ee1098	SOI-AVES-4151107591	Animalia	Chordata	Aves	Galliformes	Phasianidae	Tetrao	Tetrao urogallus		SPECIES	Tetrao urogallus Linnaeus, 1758	Tetrao urogallus Linnaeus, 1758	Linnaeus, 1758	CH		Gl	PRESENT		64ee55c9-570a-42af-b7da-3f13c6b4e5a9	46.9861	8.95037	7070.0						1996			1996	55QS7	55QS7	HUMAN_OBSERVATION	SOI		SOI-AVES-4151107591				CC_BY_4_0	Schweizerische Vogelwarte				2026-07-18T15:05:07.068Z		TAXON_ID_NOT_FOUND
4455665658	63f077c9-96a0-49de-b3ea-2aa565ee1098	SOI-AVES-4146382929	Animalia	Chordata	Aves	Galliformes	Phasianidae	Tetrao	Tetrao urogallus		SPECIES	Tetrao urogallus Linnaeus, 1758	Tetrao urogallus Linnaeus, 1758	Linnaeus, 1758	CH		Gr	PRESENT		64ee55c9-570a-42af-b7da-3f13c6b4e5a9	46.3461	9.58222	7070.0						2011			2011	55QS7	55QS7	HUMAN_OBSERVATION	SOI		SOI-AVES-4146382929				CC_BY_4_0	Schweizerische Vogelwarte				2026-07-18T15:05:04.293Z		TAXON_ID_NOT_FOUND
4455665335	63f077c9-96a0-49de-b3ea-2aa565ee1098	SOI-AVES-4106889778	Animalia	Chordata	Aves	Galliformes	Phasianidae	Tetrao	Tetrao urogallus		SPECIES	Tetrao urogallus Linnaeus, 1758	Tetrao urogallus Linnaeus, 1758	Linnaeus, 1758	CH		Be	PRESENT		64ee55c9-570a-42af-b7da-3f13c6b4e5a9	47.17548	7.10885	7070.0						2006			2006	55QS7	55QS7	HUMAN_OBSERVATION	SOI		SOI-AVES-4106889778				CC_BY_4_0	Schweizerische Vogelwarte				2026-07-18T15:05:07.063Z		TAXON_ID_NOT_FOUND
4455665028	63f077c9-96a0-49de-b3ea-2aa565ee1098	SOI-AVES-4060274598	Animalia	Chordata	Aves	Galliformes	Phasianidae	Tetrao	Tetrao urogallus		SPECIES	Tetrao urogallus Linnaeus, 1758	Tetrao urogallus Linnaeus, 1758	Linnaeus, 1758	CH		Gr	PRESENT		64ee55c9-570a-42af-b7da-3f13c6b4e5a9	46.78144	10.25461	7070.0						2016			2016	55QS7	55QS7	HUMAN_OBSERVATION	SOI		SOI-AVES-4060274598				CC_BY_4_0	Schweizerische Vogelwarte				2026-07-18T15:05:07.059Z		TAXON_ID_NOT_FOUND
4455664252	63f077c9-96a0-49de-b3ea-2aa565ee1098	SOI-AVES-4100955786	Animalia	Chordata	Aves	Galliformes	Phasianidae	Tetrao	Tetrao urogallus		SPECIES	Tetrao urogallus Linnaeus, 1758	Tetrao urogallus Linnaeus, 1758	Linnaeus, 1758	CH		Ur	PRESENT		64ee55c9-570a-42af-b7da-3f13c6b4e5a9	46.89616	8.94784	7070.0						2007			2007	55QS7	55QS7	HUMAN_OBSERVATION	SOI		SOI-AVES-4100955786				CC_BY_4_0	Schweizerische Vogelwarte				2026-07-18T15:05:05.784Z		TAXON_ID_NOT_FOUND
4455664216	63f077c9-96a0-49de-b3ea-2aa565ee1098	SOI-AVES-4096933119	Animalia	Chordata	Aves	Galliformes	Phasianidae	Tetrao	Tetrao urogallus		SPECIES	Tetrao urogallus Linnaeus, 1758	Tetrao urogallus Linnaeus, 1758	Linnaeus, 1758	CH		Lu	PRESENT		64ee55c9-570a-42af-b7da-3f13c6b4e5a9	46.99454	8.03024	7070.0						1991			1991	55QS7	55QS7	HUMAN_OBSERVATION	SOI		SOI-AVES-4096933119				CC_BY_4_0	Schweizerische Vogelwarte				2026-07-18T15:05:07.049Z		TAXON_ID_NOT_FOUND
4455662404	63f077c9-96a0-49de-b3ea-2aa565ee1098	SOI-AVES-4012012206	Animalia	Chordata	Aves	Galliformes	Phasianidae	Tetrao	Tetrao urogallus		SPECIES	Tetrao urogallus Linnaeus, 1758	Tetrao urogallus Linnaeus, 1758	Linnaeus, 1758	CH		Ur	PRESENT		64ee55c9-570a-42af-b7da-3f13c6b4e5a9	46.89932	8.68542	7070.0						1996			1996	55QS7	55QS7	HUMAN_OBSERVATION	SOI		SOI-AVES-4012012206				CC_BY_4_0	Schweizerische Vogelwarte				2026-07-18T15:05:04.256Z		TAXON_ID_NOT_FOUND
4455661027	63f077c9-96a0-49de-b3ea-2aa565ee1098	SOI-AVES-3931635322	Animalia	Chordata	Aves	Galliformes	Phasianidae	Tetrao	Tetrao urogallus		SPECIES	Tetrao urogallus Linnaeus, 1758	Tetrao urogallus Linnaeus, 1758	Linnaeus, 1758	CH		Vd	PRESENT		64ee55c9-570a-42af-b7da-3f13c6b4e5a9	46.53953	6.20015	7070.0						2022			2022	55QS7	55QS7	HUMAN_OBSERVATION	SOI		SOI-AVES-3931635322				CC_BY_4_0	Schweizerische Vogelwarte				2026-07-18T15:05:04.328Z		TAXON_ID_NOT_FOUND
4455660974	63f077c9-96a0-49de-b3ea-2aa565ee1098	SOI-AVES-3924745634	Animalia	Chordata	Aves	Galliformes	Phasianidae	Tetrao	Tetrao urogallus		SPECIES	Tetrao urogallus Linnaeus, 1758	Tetrao urogallus Linnaeus, 1758	Linnaeus, 1758	CH		Ne	PRESENT		64ee55c9-570a-42af-b7da-3f13c6b4e5a9	47.08508	6.97771	7070.0						2006			2006	55QS7	55QS7	HUMAN_OBSERVATION	SOI		SOI-AVES-3924745634				CC_BY_4_0	Schweizerische Vogelwarte				2026-07-18T15:05:06.998Z		TAXON_ID_NOT_FOUND
4455660787	63f077c9-96a0-49de-b3ea-2aa565ee1098	SOI-AVES-3904106257	Animalia	Chordata	Aves	Galliformes	Phasianidae	Tetrao	Tetrao urogallus		SPECIES	Tetrao urogallus Linnaeus, 1758	Tetrao urogallus Linnaeus, 1758	Linnaeus, 1758	CH		Gr	PRESENT		64ee55c9-570a-42af-b7da-3f13c6b4e5a9	46.80037	9.33823	7070.0						2023			2023	55QS7	55QS7	HUMAN_OBSERVATION	SOI		SOI-AVES-3904106257				CC_BY_4_0	Schweizerische Vogelwarte				2026-07-18T15:05:05.743Z		TAXON_ID_NOT_FOUND
4455659975	63f077c9-96a0-49de-b3ea-2aa565ee1098	SOI-AVES-3939007701	Animalia	Chordata	Aves	Galliformes	Phasianidae	Tetrao	Tetrao urogallus		SPECIES	Tetrao urogallus Linnaeus, 1758	Tetrao urogallus Linnaeus, 1758	Linnaeus, 1758	CH		Sg	PRESENT		64ee55c9-570a-42af-b7da-3f13c6b4e5a9	47.25211	9.22216	7070.0						2023			2023	55QS7	55QS7	HUMAN_OBSERVATION	SOI		SOI-AVES-3939007701				CC_BY_4_0	Schweizerische Vogelwarte				2026-07-18T15:05:04.314Z		TAXON_ID_NOT_FOUND
4455658669	63f077c9-96a0-49de-b3ea-2aa565ee1098	SOI-AVES-3899835399	Animalia	Chordata	Aves	Galliformes	Phasianidae	Tetrao	Tetrao urogallus		SPECIES	Tetrao urogallus Linnaeus, 1758	Tetrao urogallus Linnaeus, 1758	Linnaeus, 1758	CH		Gr	PRESENT		64ee55c9-570a-42af-b7da-3f13c6b4e5a9	46.97027	9.87007	7070.0						1996			1996	55QS7	55QS7	HUMAN_OBSERVATION	SOI		SOI-AVES-3899835399				CC_BY_4_0	Schweizerische Vogelwarte				2026-07-18T15:05:06.655Z		TAXON_ID_NOT_FOUND
4455658135	63f077c9-96a0-49de-b3ea-2aa565ee1098	SOI-AVES-3976684999	Animalia	Chordata	Aves	Galliformes	Phasianidae	Tetrao	Tetrao urogallus		SPECIES	Tetrao urogallus Linnaeus, 1758	Tetrao urogallus Linnaeus, 1758	Linnaeus, 1758	CH		Gl	PRESENT		64ee55c9-570a-42af-b7da-3f13c6b4e5a9	46.8924	9.21022	7070.0						2013			2013	55QS7	55QS7	HUMAN_OBSERVATION	SOI		SOI-AVES-3976684999				CC_BY_4_0	Schweizerische Vogelwarte				2026-07-18T15:05:04.051Z		TAXON_ID_NOT_FOUND
4455657518	63f077c9-96a0-49de-b3ea-2aa565ee1098	SOI-AVES-3896594644	Animalia	Chordata	Aves	Galliformes	Phasianidae	Tetrao	Tetrao urogallus		SPECIES	Tetrao urogallus Linnaeus, 1758	Tetrao urogallus Linnaeus, 1758	Linnaeus, 1758	CH		Gr	PRESENT		64ee55c9-570a-42af-b7da-3f13c6b4e5a9	46.71044	9.33506	7070.0						2016			2016	55QS7	55QS7	HUMAN_OBSERVATION	SOI		SOI-AVES-3896594644				CC_BY_4_0	Schweizerische Vogelwarte				2026-07-18T15:05:04.042Z		TAXON_ID_NOT_FOUND
4455656923	63f077c9-96a0-49de-b3ea-2aa565ee1098	SOI-AVES-3796322243	Animalia	Chordata	Aves	Galliformes	Phasianidae	Tetrao	Tetrao urogallus		SPECIES	Tetrao urogallus Linnaeus, 1758	Tetrao urogallus Linnaeus, 1758	Linnaeus, 1758	CH		Gr	PRESENT		64ee55c9-570a-42af-b7da-3f13c6b4e5a9	46.77814	10.38547	7070.0						2016			2016	55QS7	55QS7	HUMAN_OBSERVATION	SOI		SOI-AVES-3796322243				CC_BY_4_0	Schweizerische Vogelwarte				2026-07-18T15:05:04.036Z		TAXON_ID_NOT_FOUND
4455656567	63f077c9-96a0-49de-b3ea-2aa565ee1098	SOI-AVES-3749884505	Animalia	Chordata	Aves	Galliformes	Phasianidae	Tetrao	Tetrao urogallus		SPECIES	Tetrao urogallus Linnaeus, 1758	Tetrao urogallus Linnaeus, 1758	Linnaeus, 1758	CH		Sz	PRESENT		64ee55c9-570a-42af-b7da-3f13c6b4e5a9	47.16596	8.95545	7070.0						2001			2001	55QS7	55QS7	HUMAN_OBSERVATION	SOI		SOI-AVES-3749884505				CC_BY_4_0	Schweizerische Vogelwarte				2026-07-18T15:05:06.625Z		TAXON_ID_NOT_FOUND
4455655739	63f077c9-96a0-49de-b3ea-2aa565ee1098	SOI-AVES-3787809872	Animalia	Chordata	Aves	Galliformes	Phasianidae	Tetrao	Tetrao urogallus		SPECIES	Tetrao urogallus Linnaeus, 1758	Tetrao urogallus Linnaeus, 1758	Linnaeus, 1758	CH		Fr	PRESENT		64ee55c9-570a-42af-b7da-3f13c6b4e5a9	46.54537	6.98232	7070.0						1994			1994	55QS7	55QS7	HUMAN_OBSERVATION	SOI		SOI-AVES-3787809872				CC_BY_4_0	Schweizerische Vogelwarte				2026-07-18T15:05:04.164Z		TAXON_ID_NOT_FOUND
4455655195	63f077c9-96a0-49de-b3ea-2aa565ee1098	SOI-AVES-3839343470	Animalia	Chordata	Aves	Galliformes	Phasianidae	Tetrao	Tetrao urogallus		SPECIES	Tetrao urogallus Linnaeus, 1758	Tetrao urogallus Linnaeus, 1758	Linnaeus, 1758	CH		Be	PRESENT		64ee55c9-570a-42af-b7da-3f13c6b4e5a9	46.45631	7.37356	7070.0						2016			2016	55QS7	55QS7	HUMAN_OBSERVATION	SOI		SOI-AVES-3839343470				CC_BY_4_0	Schweizerische Vogelwarte				2026-07-18T15:05:04.013Z		TAXON_ID_NOT_FOUND
4455653924	63f077c9-96a0-49de-b3ea-2aa565ee1098	SOI-AVES-3827323035	Animalia	Chordata	Aves	Galliformes	Phasianidae	Tetrao	Tetrao urogallus		SPECIES	Tetrao urogallus Linnaeus, 1758	Tetrao urogallus Linnaeus, 1758	Linnaeus, 1758	CH		Sg	PRESENT		64ee55c9-570a-42af-b7da-3f13c6b4e5a9	47.24771	9.48627	7070.0						1996			1996	55QS7	55QS7	HUMAN_OBSERVATION	SOI		SOI-AVES-3827323035				CC_BY_4_0	Schweizerische Vogelwarte				2026-07-18T15:05:05.659Z		TAXON_ID_NOT_FOUND
4455653505	63f077c9-96a0-49de-b3ea-2aa565ee1098	SOI-AVES-3774704769	Animalia	Chordata	Aves	Galliformes	Phasianidae	Tetrao	Tetrao urogallus		SPECIES	Tetrao urogallus Linnaeus, 1758	Tetrao urogallus Linnaeus, 1758	Linnaeus, 1758	CH		Gr	PRESENT		64ee55c9-570a-42af-b7da-3f13c6b4e5a9	46.7876	9.99286	7070.0						1996			1996	55QS7	55QS7	HUMAN_OBSERVATION	SOI		SOI-AVES-3774704769				CC_BY_4_0	Schweizerische Vogelwarte				2026-07-18T15:05:06.588Z		TAXON_ID_NOT_FOUND
4455651782	63f077c9-96a0-49de-b3ea-2aa565ee1098	SOI-AVES-3668650438	Animalia	Chordata	Aves	Galliformes	Phasianidae	Tetrao	Tetrao urogallus		SPECIES	Tetrao urogallus Linnaeus, 1758	Tetrao urogallus Linnaeus, 1758	Linnaeus, 1758	CH		Be	PRESENT		64ee55c9-570a-42af-b7da-3f13c6b4e5a9	46.72618	7.50404	7070.0						2019			2019	55QS7	55QS7	HUMAN_OBSERVATION	SOI		SOI-AVES-3668650438				CC_BY_4_0	Schweizerische Vogelwarte				2026-07-18T15:05:03.971Z		TAXON_ID_NOT_FOUND
4455649984	63f077c9-96a0-49de-b3ea-2aa565ee1098	SOI-AVES-3711298658	Animalia	Chordata	Aves	Galliformes	Phasianidae	Tetrao	Tetrao urogallus		SPECIES	Tetrao urogallus Linnaeus, 1758	Tetrao urogallus Linnaeus, 1758	Linnaeus, 1758	CH		Lu	PRESENT		64ee55c9-570a-42af-b7da-3f13c6b4e5a9	46.90459	8.02925	7070.0						2021			2021	55QS7	55QS7	HUMAN_OBSERVATION	SOI		SOI-AVES-3711298658				CC_BY_4_0	Schweizerische Vogelwarte				2026-07-18T15:05:03.939Z		TAXON_ID_NOT_FOUND
4455648487	63f077c9-96a0-49de-b3ea-2aa565ee1098	SOI-AVES-1788727229	Animalia	Chordata	Aves	Galliformes	Phasianidae	Tetrao	Tetrao urogallus		SPECIES	Tetrao urogallus Linnaeus, 1758	Tetrao urogallus Linnaeus, 1758	Linnaeus, 1758	CH		Be	PRESENT		64ee55c9-570a-42af-b7da-3f13c6b4e5a9	46.63473	8.02631	7070.0						2015			2015	55QS7	55QS7	HUMAN_OBSERVATION	SOI		SOI-AVES-1788727229				CC_BY_4_0	Schweizerische Vogelwarte				2026-07-18T15:05:03.922Z		TAXON_ID_NOT_FOUND
4455647313	63f077c9-96a0-49de-b3ea-2aa565ee1098	SOI-AVES-1785720925	Animalia	Chordata	Aves	Galliformes	Phasianidae	Tetrao	Tetrao urogallus		SPECIES	Tetrao urogallus Linnaeus, 1758	Tetrao urogallus Linnaeus, 1758	Linnaeus, 1758	CH		Gr	PRESENT		64ee55c9-570a-42af-b7da-3f13c6b4e5a9	46.79316	9.73104	7070.0						2017			2017	55QS7	55QS7	HUMAN_OBSERVATION	SOI		SOI-AVES-1785720925				CC_BY_4_0	Schweizerische Vogelwarte				2026-07-18T15:05:05.595Z		TAXON_ID_NOT_FOUND
4455646252	63f077c9-96a0-49de-b3ea-2aa565ee1098	SOI-AVES-3589870999	Animalia	Chordata	Aves	Galliformes	Phasianidae	Tetrao	Tetrao urogallus		SPECIES	Tetrao urogallus Linnaeus, 1758	Tetrao urogallus Linnaeus, 1758	Linnaeus, 1758	CH		Vd	PRESENT		64ee55c9-570a-42af-b7da-3f13c6b4e5a9	46.63202	6.45922	7070.0						1995			1995	55QS7	55QS7	HUMAN_OBSERVATION	SOI		SOI-AVES-3589870999				CC_BY_4_0	Schweizerische Vogelwarte				2026-07-18T15:05:06.916Z		TAXON_ID_NOT_FOUND
4455644087	63f077c9-96a0-49de-b3ea-2aa565ee1098	SOI-AVES-3577208027	Animalia	Chordata	Aves	Galliformes	Phasianidae	Tetrao	Tetrao urogallus		SPECIES	Tetrao urogallus Linnaeus, 1758	Tetrao urogallus Linnaeus, 1758	Linnaeus, 1758	CH		Sg	PRESENT		64ee55c9-570a-42af-b7da-3f13c6b4e5a9	47.07226	9.21617	7070.0						2023			2023	55QS7	55QS7	HUMAN_OBSERVATION	SOI		SOI-AVES-3577208027				CC_BY_4_0	Schweizerische Vogelwarte				2026-07-18T15:05:03.842Z		TAXON_ID_NOT_FOUND
4455644003	63f077c9-96a0-49de-b3ea-2aa565ee1098	SOI-AVES-3566611926	Animalia	Chordata	Aves	Galliformes	Phasianidae	Tetrao	Tetrao urogallus		SPECIES	Tetrao urogallus Linnaeus, 1758	Tetrao urogallus Linnaeus, 1758	Linnaeus, 1758	CH		Gr	PRESENT		64ee55c9-570a-42af-b7da-3f13c6b4e5a9	46.60779	9.98436	7070.0						2022			2022	55QS7	55QS7	HUMAN_OBSERVATION	SOI		SOI-AVES-3566611926				CC_BY_4_0	Schweizerische Vogelwarte				2026-07-18T15:05:06.900Z		TAXON_ID_NOT_FOUND
4455643901	63f077c9-96a0-49de-b3ea-2aa565ee1098	SOI-AVES-3551802056	Animalia	Chordata	Aves	Galliformes	Phasianidae	Tetrao	Tetrao urogallus		SPECIES	Tetrao urogallus Linnaeus, 1758	Tetrao urogallus Linnaeus, 1758	Linnaeus, 1758	CH		Gr	PRESENT		64ee55c9-570a-42af-b7da-3f13c6b4e5a9	46.71449	9.07357	7070.0						2020			2020	55QS7	55QS7	HUMAN_OBSERVATION	SOI		SOI-AVES-3551802056				CC_BY_4_0	Schweizerische Vogelwarte				2026-07-18T15:05:05.574Z		TAXON_ID_NOT_FOUND
4455643338	63f077c9-96a0-49de-b3ea-2aa565ee1098	SOI-AVES-3480862950	Animalia	Chordata	Aves	Galliformes	Phasianidae	Tetrao	Tetrao urogallus		SPECIES	Tetrao urogallus Linnaeus, 1758	Tetrao urogallus Linnaeus, 1758	Linnaeus, 1758	CH		Vd	PRESENT		64ee55c9-570a-42af-b7da-3f13c6b4e5a9	46.62947	6.19809	7070.0						2023			2023	55QS7	55QS7	HUMAN_OBSERVATION	SOI		SOI-AVES-3480862950				CC_BY_4_0	Schweizerische Vogelwarte				2026-07-18T15:05:06.893Z		TAXON_ID_NOT_FOUND
4455642746	63f077c9-96a0-49de-b3ea-2aa565ee1098	SOI-AVES-3523560794	Animalia	Chordata	Aves	Galliformes	Phasianidae	Tetrao	Tetrao urogallus		SPECIES	Tetrao urogallus Linnaeus, 1758	Tetrao urogallus Linnaeus, 1758	Linnaeus, 1758	CH		Gr	PRESENT		64ee55c9-570a-42af-b7da-3f13c6b4e5a9	46.79046	9.86196	7070.0						2022			2022	55QS7	55QS7	HUMAN_OBSERVATION	SOI		SOI-AVES-3523560794				CC_BY_4_0	Schweizerische Vogelwarte				2026-07-18T15:05:05.564Z		TAXON_ID_NOT_FOUND
4455642317	63f077c9-96a0-49de-b3ea-2aa565ee1098	SOI-AVES-3470100067	Animalia	Chordata	Aves	Galliformes	Phasianidae	Tetrao	Tetrao urogallus		SPECIES	Tetrao urogallus Linnaeus, 1758	Tetrao urogallus Linnaeus, 1758	Linnaeus, 1758	CH		Gr	PRESENT		64ee55c9-570a-42af-b7da-3f13c6b4e5a9	46.8903	9.3414	7070.0						2023			2023	55QS7	55QS7	HUMAN_OBSERVATION	SOI		SOI-AVES-3470100067				CC_BY_4_0	Schweizerische Vogelwarte				2026-07-18T15:05:05.560Z		TAXON_ID_NOT_FOUND
4455637778	63f077c9-96a0-49de-b3ea-2aa565ee1098	SOI-AVES-3395173165	Animalia	Chordata	Aves	Galliformes	Phasianidae	Tetrao	Tetrao urogallus		SPECIES	Tetrao urogallus Linnaeus, 1758	Tetrao urogallus Linnaeus, 1758	Linnaeus, 1758	CH		Sz	PRESENT		64ee55c9-570a-42af-b7da-3f13c6b4e5a9	46.98926	8.6875	7070.0						2019			2019	55QS7	55QS7	HUMAN_OBSERVATION	SOI		SOI-AVES-3395173165				CC_BY_4_0	Schweizerische Vogelwarte				2026-07-18T15:05:05.516Z		TAXON_ID_NOT_FOUND
4455637711	63f077c9-96a0-49de-b3ea-2aa565ee1098	SOI-AVES-3386581344	Animalia	Chordata	Aves	Galliformes	Phasianidae	Tetrao	Tetrao urogallus		SPECIES	Tetrao urogallus Linnaeus, 1758	Tetrao urogallus Linnaeus, 1758	Linnaeus, 1758	CH		Ur	PRESENT		64ee55c9-570a-42af-b7da-3f13c6b4e5a9	46.72079	8.55048	7070.0						2023			2023	55QS7	55QS7	HUMAN_OBSERVATION	SOI		SOI-AVES-3386581344				CC_BY_4_0	Schweizerische Vogelwarte				2026-07-18T15:05:05.515Z		TAXON_ID_NOT_FOUND
4455637478	63f077c9-96a0-49de-b3ea-2aa565ee1098	SOI-AVES-3359592764	Animalia	Chordata	Aves	Galliformes	Phasianidae	Tetrao	Tetrao urogallus		SPECIES	Tetrao urogallus Linnaeus, 1758	Tetrao urogallus Linnaeus, 1758	Linnaeus, 1758	CH		So	PRESENT		64ee55c9-570a-42af-b7da-3f13c6b4e5a9	47.35568	7.63716	7070.0						1996			1996	55QS7	55QS7	HUMAN_OBSERVATION	SOI		SOI-AVES-3359592764				CC_BY_4_0	Schweizerische Vogelwarte				2026-07-18T15:05:06.287Z		TAXON_ID_NOT_FOUND
4455637199	63f077c9-96a0-49de-b3ea-2aa565ee1098	SOI-AVES-1759264076	Animalia	Chordata	Aves	Galliformes	Phasianidae	Tetrao	Tetrao urogallus		SPECIES	Tetrao urogallus Linnaeus, 1758	Tetrao urogallus Linnaeus, 1758	Linnaeus, 1758	CH		Gr	PRESENT		64ee55c9-570a-42af-b7da-3f13c6b4e5a9	46.97299	9.73872	7070.0						2023			2023	55QS7	55QS7	HUMAN_OBSERVATION	SOI		SOI-AVES-1759264076				CC_BY_4_0	Schweizerische Vogelwarte				2026-07-18T15:05:05.495Z		TAXON_ID_NOT_FOUND
4455636714	63f077c9-96a0-49de-b3ea-2aa565ee1098	SOI-AVES-1698160480	Animalia	Chordata	Aves	Galliformes	Phasianidae	Tetrao	Tetrao urogallus		SPECIES	Tetrao urogallus Linnaeus, 1758	Tetrao urogallus Linnaeus, 1758	Linnaeus, 1758	CH		Be	PRESENT		64ee55c9-570a-42af-b7da-3f13c6b4e5a9	46.99589	7.63584	7070.0						2010			2010	55QS7	55QS7	HUMAN_OBSERVATION	SOI		SOI-AVES-1698160480				CC_BY_4_0	Schweizerische Vogelwarte				2026-07-18T15:05:03.835Z		TAXON_ID_NOT_FOUND
4455635697	63f077c9-96a0-49de-b3ea-2aa565ee1098	SOI-AVES-3397226474	Animalia	Chordata	Aves	Galliformes	Phasianidae	Tetrao	Tetrao urogallus		SPECIES	Tetrao urogallus Linnaeus, 1758	Tetrao urogallus Linnaeus, 1758	Linnaeus, 1758	CH		Lu	PRESENT		64ee55c9-570a-42af-b7da-3f13c6b4e5a9	46.81464	8.02827	7070.0						2022			2022	55QS7	55QS7	HUMAN_OBSERVATION	SOI		SOI-AVES-3397226474				CC_BY_4_0	Schweizerische Vogelwarte				2026-07-18T15:05:05.481Z		TAXON_ID_NOT_FOUND
4455635657	63f077c9-96a0-49de-b3ea-2aa565ee1098	SOI-AVES-3392514022	Animalia	Chordata	Aves	Galliformes	Phasianidae	Tetrao	Tetrao urogallus		SPECIES	Tetrao urogallus Linnaeus, 1758	Tetrao urogallus Linnaeus, 1758	Linnaeus, 1758	CH		Sg	PRESENT		64ee55c9-570a-42af-b7da-3f13c6b4e5a9	47.07014	9.34779	7070.0						2023			2023	55QS7	55QS7	HUMAN_OBSERVATION	SOI		SOI-AVES-3392514022				CC_BY_4_0	Schweizerische Vogelwarte				2026-07-18T15:05:03.760Z		TAXON_ID_NOT_FOUND
4455633986	63f077c9-96a0-49de-b3ea-2aa565ee1098	SOI-AVES-3458520076	Animalia	Chordata	Aves	Galliformes	Phasianidae	Tetrao	Tetrao urogallus		SPECIES	Tetrao urogallus Linnaeus, 1758	Tetrao urogallus Linnaeus, 1758	Linnaeus, 1758	CH		Vd	PRESENT		64ee55c9-570a-42af-b7da-3f13c6b4e5a9	46.63082	6.32865	7070.0						2023			2023	55QS7	55QS7	HUMAN_OBSERVATION	SOI		SOI-AVES-3458520076				CC_BY_4_0	Schweizerische Vogelwarte				2026-07-18T15:05:03.722Z		TAXON_ID_NOT_FOUND
4455632874	63f077c9-96a0-49de-b3ea-2aa565ee1098	SOI-AVES-1605618144	Animalia	Chordata	Aves	Galliformes	Phasianidae	Tetrao	Tetrao urogallus		SPECIES	Tetrao urogallus Linnaeus, 1758	Tetrao urogallus Linnaeus, 1758	Linnaeus, 1758	CH		Be	PRESENT		64ee55c9-570a-42af-b7da-3f13c6b4e5a9	46.81569	7.76621	7070.0						2008			2008	55QS7	55QS7	HUMAN_OBSERVATION	SOI		SOI-AVES-1605618144				CC_BY_4_0	Schweizerische Vogelwarte				2026-07-18T15:05:06.677Z		TAXON_ID_NOT_FOUND
4455632825	63f077c9-96a0-49de-b3ea-2aa565ee1098	SOI-AVES-1600032529	Animalia	Chordata	Aves	Galliformes	Phasianidae	Tetrao	Tetrao urogallus		SPECIES	Tetrao urogallus Linnaeus, 1758	Tetrao urogallus Linnaeus, 1758	Linnaeus, 1758	CH		Sz	PRESENT		64ee55c9-570a-42af-b7da-3f13c6b4e5a9	47.07603	8.9529	7070.0						2022			2022	55QS7	55QS7	HUMAN_OBSERVATION	SOI		SOI-AVES-1600032529				CC_BY_4_0	Schweizerische Vogelwarte				2026-07-18T15:05:03.660Z		TAXON_ID_NOT_FOUND
4455632507	63f077c9-96a0-49de-b3ea-2aa565ee1098	SOI-AVES-1559335832	Animalia	Chordata	Aves	Galliformes	Phasianidae	Tetrao	Tetrao urogallus		SPECIES	Tetrao urogallus Linnaeus, 1758	Tetrao urogallus Linnaeus, 1758	Linnaeus, 1758	CH		Sg	PRESENT		64ee55c9-570a-42af-b7da-3f13c6b4e5a9	46.98022	9.34459	7070.0						2007			2007	55QS7	55QS7	HUMAN_OBSERVATION	SOI		SOI-AVES-1559335832				CC_BY_4_0	Schweizerische Vogelwarte				2026-07-18T15:05:03.719Z		TAXON_ID_NOT_FOUND
4455631888	63f077c9-96a0-49de-b3ea-2aa565ee1098	SOI-AVES-1607744715	Animalia	Chordata	Aves	Galliformes	Phasianidae	Tetrao	Tetrao urogallus		SPECIES	Tetrao urogallus Linnaeus, 1758	Tetrao urogallus Linnaeus, 1758	Linnaeus, 1758	CH		Sz	PRESENT		64ee55c9-570a-42af-b7da-3f13c6b4e5a9	47.0792	8.6896	7070.0						2023			2023	55QS7	55QS7	HUMAN_OBSERVATION	SOI		SOI-AVES-1607744715				CC_BY_4_0	Schweizerische Vogelwarte				2026-07-18T15:05:03.865Z		TAXON_ID_NOT_FOUND
4455631061	63f077c9-96a0-49de-b3ea-2aa565ee1098	SOI-AVES-1611560977	Animalia	Chordata	Aves	Galliformes	Phasianidae	Tetrao	Tetrao urogallus		SPECIES	Tetrao urogallus Linnaeus, 1758	Tetrao urogallus Linnaeus, 1758	Linnaeus, 1758	CH		Gr	PRESENT		64ee55c9-570a-42af-b7da-3f13c6b4e5a9	46.7846	10.12374	7070.0						2010			2010	55QS7	55QS7	HUMAN_OBSERVATION	SOI		SOI-AVES-1611560977				CC_BY_4_0	Schweizerische Vogelwarte				2026-07-18T15:05:06.743Z		TAXON_ID_NOT_FOUND
4455629045	63f077c9-96a0-49de-b3ea-2aa565ee1098	SOI-AVES-1614091368	Animalia	Chordata	Aves	Galliformes	Phasianidae	Tetrao	Tetrao urogallus		SPECIES	Tetrao urogallus Linnaeus, 1758	Tetrao urogallus Linnaeus, 1758	Linnaeus, 1758	CH		Gr	PRESENT		64ee55c9-570a-42af-b7da-3f13c6b4e5a9	46.69155	10.24992	7070.0						2020			2020	55QS7	55QS7	HUMAN_OBSERVATION	SOI		SOI-AVES-1614091368				CC_BY_4_0	Schweizerische Vogelwarte				2026-07-18T15:05:06.086Z		TAXON_ID_NOT_FOUND
4455628454	63f077c9-96a0-49de-b3ea-2aa565ee1098	SOI-AVES-1536996686	Animalia	Chordata	Aves	Galliformes	Phasianidae	Tetrao	Tetrao urogallus		SPECIES	Tetrao urogallus Linnaeus, 1758	Tetrao urogallus Linnaeus, 1758	Linnaeus, 1758	CH		Be	PRESENT		64ee55c9-570a-42af-b7da-3f13c6b4e5a9	46.63623	7.50394	7070.0						1995			1995	55QS7	55QS7	HUMAN_OBSERVATION	SOI		SOI-AVES-1536996686				CC_BY_4_0	Schweizerische Vogelwarte				2026-07-18T15:05:06.078Z		TAXON_ID_NOT_FOUND
4455627465	63f077c9-96a0-49de-b3ea-2aa565ee1098	SOI-AVES-3235278854	Animalia	Chordata	Aves	Galliformes	Phasianidae	Tetrao	Tetrao urogallus		SPECIES	Tetrao urogallus Linnaeus, 1758	Tetrao urogallus Linnaeus, 1758	Linnaeus, 1758	CH		Gr	PRESENT		64ee55c9-570a-42af-b7da-3f13c6b4e5a9	46.61827	9.46242	7070.0						2021			2021	55QS7	55QS7	HUMAN_OBSERVATION	SOI		SOI-AVES-3235278854				CC_BY_4_0	Schweizerische Vogelwarte				2026-07-18T15:05:03.650Z		TAXON_ID_NOT_FOUND
4455626208	63f077c9-96a0-49de-b3ea-2aa565ee1098	SOI-AVES-3361859302	Animalia	Chordata	Aves	Galliformes	Phasianidae	Tetrao	Tetrao urogallus		SPECIES	Tetrao urogallus Linnaeus, 1758	Tetrao urogallus Linnaeus, 1758	Linnaeus, 1758	CH		Be	PRESENT		64ee55c9-570a-42af-b7da-3f13c6b4e5a9	46.54627	7.50383	7070.0						2010			2010	55QS7	55QS7	HUMAN_OBSERVATION	SOI		SOI-AVES-3361859302				CC_BY_4_0	Schweizerische Vogelwarte				2026-07-18T15:05:06.661Z		TAXON_ID_NOT_FOUND
4455625734	63f077c9-96a0-49de-b3ea-2aa565ee1098	SOI-AVES-3295341108	Animalia	Chordata	Aves	Galliformes	Phasianidae	Tetrao	Tetrao urogallus		SPECIES	Tetrao urogallus Linnaeus, 1758	Tetrao urogallus Linnaeus, 1758	Linnaeus, 1758	CH		Sg	PRESENT		64ee55c9-570a-42af-b7da-3f13c6b4e5a9	47.25589	8.958	7070.0						2022			2022	55QS7	55QS7	HUMAN_OBSERVATION	SOI		SOI-AVES-3295341108				CC_BY_4_0	Schweizerische Vogelwarte				2026-07-18T15:05:06.655Z		TAXON_ID_NOT_FOUND
4455624742	63f077c9-96a0-49de-b3ea-2aa565ee1098	SOI-AVES-1456149143	Animalia	Chordata	Aves	Galliformes	Phasianidae	Tetrao	Tetrao urogallus		SPECIES	Tetrao urogallus Linnaeus, 1758	Tetrao urogallus Linnaeus, 1758	Linnaeus, 1758	CH		Gr	PRESENT		64ee55c9-570a-42af-b7da-3f13c6b4e5a9	46.79812	9.46918	7070.0						2023			2023	55QS7	55QS7	HUMAN_OBSERVATION	SOI		SOI-AVES-1456149143				CC_BY_4_0	Schweizerische Vogelwarte				2026-07-18T15:05:03.746Z		TAXON_ID_NOT_FOUND
4455623943	63f077c9-96a0-49de-b3ea-2aa565ee1098	SOI-AVES-1488721847	Animalia	Chordata	Aves	Galliformes	Phasianidae	Tetrao	Tetrao urogallus		SPECIES	Tetrao urogallus Linnaeus, 1758	Tetrao urogallus Linnaeus, 1758	Linnaeus, 1758	CH		Ow	PRESENT		64ee55c9-570a-42af-b7da-3f13c6b4e5a9	46.90384	8.16049	7070.0						2023			2023	55QS7	55QS7	HUMAN_OBSERVATION	SOI		SOI-AVES-1488721847				CC_BY_4_0	Schweizerische Vogelwarte				2026-07-18T15:05:05.970Z		TAXON_ID_NOT_FOUND
4455621642	63f077c9-96a0-49de-b3ea-2aa565ee1098	SOI-AVES-3128931703	Animalia	Chordata	Aves	Galliformes	Phasianidae	Tetrao	Tetrao urogallus		SPECIES	Tetrao urogallus Linnaeus, 1758	Tetrao urogallus Linnaeus, 1758	Linnaeus, 1758	CH		Gr	PRESENT		64ee55c9-570a-42af-b7da-3f13c6b4e5a9	46.97555	9.60736	7070.0						2022			2022	55QS7	55QS7	HUMAN_OBSERVATION	SOI		SOI-AVES-3128931703				CC_BY_4_0	Schweizerische Vogelwarte				2026-07-18T15:05:06.597Z		TAXON_ID_NOT_FOUND
4455620235	63f077c9-96a0-49de-b3ea-2aa565ee1098	SOI-AVES-3203165616	Animalia	Chordata	Aves	Galliformes	Phasianidae	Tetrao	Tetrao urogallus		SPECIES	Tetrao urogallus Linnaeus, 1758	Tetrao urogallus Linnaeus, 1758	Linnaeus, 1758	CH		Gr	PRESENT		64ee55c9-570a-42af-b7da-3f13c6b4e5a9	46.43349	9.71583	7070.0						2015			2015	55QS7	55QS7	HUMAN_OBSERVATION	SOI		SOI-AVES-3203165616				CC_BY_4_0	Schweizerische Vogelwarte				2026-07-18T15:05:05.891Z		TAXON_ID_NOT_FOUND
4455619609	63f077c9-96a0-49de-b3ea-2aa565ee1098	SOI-AVES-3126083509	Animalia	Chordata	Aves	Galliformes	Phasianidae	Tetrao	Tetrao urogallus		SPECIES	Tetrao urogallus Linnaeus, 1758	Tetrao urogallus Linnaeus, 1758	Linnaeus, 1758	CH		Gr	PRESENT		64ee55c9-570a-42af-b7da-3f13c6b4e5a9	46.62261	9.20138	7070.0						2016			2016	55QS7	55QS7	HUMAN_OBSERVATION	SOI		SOI-AVES-3126083509				CC_BY_4_0	Schweizerische Vogelwarte				2026-07-18T15:05:06.571Z		TAXON_ID_NOT_FOUND
4455619558	63f077c9-96a0-49de-b3ea-2aa565ee1098	SOI-AVES-3120930054	Animalia	Chordata	Aves	Galliformes	Phasianidae	Tetrao	Tetrao urogallus		SPECIES	Tetrao urogallus Linnaeus, 1758	Tetrao urogallus Linnaeus, 1758	Linnaeus, 1758	CH		Fr	PRESENT		64ee55c9-570a-42af-b7da-3f13c6b4e5a9	46.72573	7.11161	7070.0						1995			1995	55QS7	55QS7	HUMAN_OBSERVATION	SOI		SOI-AVES-3120930054				CC_BY_4_0	Schweizerische Vogelwarte				2026-07-18T15:05:05.279Z		TAXON_ID_NOT_FOUND
4455618932	63f077c9-96a0-49de-b3ea-2aa565ee1098	SOI-AVES-3169524620	Animalia	Chordata	Aves	Galliformes	Phasianidae	Tetrao	Tetrao urogallus		SPECIES	Tetrao urogallus Linnaeus, 1758	Tetrao urogallus Linnaeus, 1758	Linnaeus, 1758	CH		Gr	PRESENT		64ee55c9-570a-42af-b7da-3f13c6b4e5a9	46.79571	9.60012	7070.0						2017			2017	55QS7	55QS7	HUMAN_OBSERVATION	SOI		SOI-AVES-3169524620				CC_BY_4_0	Schweizerische Vogelwarte				2026-07-18T15:05:03.604Z		TAXON_ID_NOT_FOUND
4455616779	63f077c9-96a0-49de-b3ea-2aa565ee1098	SOI-AVES-1345557352	Animalia	Chordata	Aves	Galliformes	Phasianidae	Tetrao	Tetrao urogallus		SPECIES	Tetrao urogallus Linnaeus, 1758	Tetrao urogallus Linnaeus, 1758	Linnaeus, 1758	CH		Gr	PRESENT		64ee55c9-570a-42af-b7da-3f13c6b4e5a9	46.86803	10.39039	7070.0						2023			2023	55QS7	55QS7	HUMAN_OBSERVATION	SOI		SOI-AVES-1345557352				CC_BY_4_0	Schweizerische Vogelwarte				2026-07-18T15:05:03.575Z		TAXON_ID_NOT_FOUND
4455616044	63f077c9-96a0-49de-b3ea-2aa565ee1098	SOI-AVES-1366385804	Animalia	Chordata	Aves	Galliformes	Phasianidae	Tetrao	Tetrao urogallus		SPECIES	Tetrao urogallus Linnaeus, 1758	Tetrao urogallus Linnaeus, 1758	Linnaeus, 1758	CH		Gr	PRESENT		64ee55c9-570a-42af-b7da-3f13c6b4e5a9	46.61587	9.59292	7070.0						2023			2023	55QS7	55QS7	HUMAN_OBSERVATION	SOI		SOI-AVES-1366385804				CC_BY_4_0	Schweizerische Vogelwarte				2026-07-18T15:05:05.826Z		TAXON_ID_NOT_FOUND
4455614408	63f077c9-96a0-49de-b3ea-2aa565ee1098	SOI-AVES-1266882246	Animalia	Chordata	Aves	Galliformes	Phasianidae	Tetrao	Tetrao urogallus		SPECIES	Tetrao urogallus Linnaeus, 1758	Tetrao urogallus Linnaeus, 1758	Linnaeus, 1758	CH		Gr	PRESENT		64ee55c9-570a-42af-b7da-3f13c6b4e5a9	46.52834	9.45906	7070.0						2021			2021	55QS7	55QS7	HUMAN_OBSERVATION	SOI		SOI-AVES-1266882246				CC_BY_4_0	Schweizerische Vogelwarte				2026-07-18T15:05:03.384Z		TAXON_ID_NOT_FOUND
4455614223	63f077c9-96a0-49de-b3ea-2aa565ee1098	SOI-AVES-3075063870	Animalia	Chordata	Aves	Galliformes	Phasianidae	Tetrao	Tetrao urogallus		SPECIES	Tetrao urogallus Linnaeus, 1758	Tetrao urogallus Linnaeus, 1758	Linnaeus, 1758	CH		Vd	PRESENT		64ee55c9-570a-42af-b7da-3f13c6b4e5a9	46.44809	6.07208	7070.0						2022			2022	55QS7	55QS7	HUMAN_OBSERVATION	SOI		SOI-AVES-3075063870				CC_BY_4_0	Schweizerische Vogelwarte				2026-07-18T15:05:05.787Z		TAXON_ID_NOT_FOUND
4455612989	63f077c9-96a0-49de-b3ea-2aa565ee1098	SOI-AVES-1352201911	Animalia	Chordata	Aves	Galliformes	Phasianidae	Tetrao	Tetrao urogallus		SPECIES	Tetrao urogallus Linnaeus, 1758	Tetrao urogallus Linnaeus, 1758	Linnaeus, 1758	CH		Ow	PRESENT		64ee55c9-570a-42af-b7da-3f13c6b4e5a9	46.90293	8.29173	7070.0						2015			2015	55QS7	55QS7	HUMAN_OBSERVATION	SOI		SOI-AVES-1352201911				CC_BY_4_0	Schweizerische Vogelwarte				2026-07-18T15:05:06.287Z		TAXON_ID_NOT_FOUND
4455612972	63f077c9-96a0-49de-b3ea-2aa565ee1098	SOI-AVES-1349984197	Animalia	Chordata	Aves	Galliformes	Phasianidae	Tetrao	Tetrao urogallus		SPECIES	Tetrao urogallus Linnaeus, 1758	Tetrao urogallus Linnaeus, 1758	Linnaeus, 1758	CH		Gr	PRESENT		64ee55c9-570a-42af-b7da-3f13c6b4e5a9	46.43841	9.45571	7070.0						1992			1992	55QS7	55QS7	HUMAN_OBSERVATION	SOI		SOI-AVES-1349984197				CC_BY_4_0	Schweizerische Vogelwarte				2026-07-18T15:05:06.286Z		TAXON_ID_NOT_FOUND
4455612471	63f077c9-96a0-49de-b3ea-2aa565ee1098	SOI-AVES-1289391086	Animalia	Chordata	Aves	Galliformes	Phasianidae	Tetrao	Tetrao urogallus		SPECIES	Tetrao urogallus Linnaeus, 1758	Tetrao urogallus Linnaeus, 1758	Linnaeus, 1758	CH		Vd	PRESENT		64ee55c9-570a-42af-b7da-3f13c6b4e5a9	46.81192	6.45595	7070.0						2013			2013	55QS7	55QS7	HUMAN_OBSERVATION	SOI		SOI-AVES-1289391086				CC_BY_4_0	Schweizerische Vogelwarte				2026-07-18T15:05:06.277Z		TAXON_ID_NOT_FOUND
4455611386	63f077c9-96a0-49de-b3ea-2aa565ee1098	SOI-AVES-2974021819	Animalia	Chordata	Aves	Galliformes	Phasianidae	Tetrao	Tetrao urogallus		SPECIES	Tetrao urogallus Linnaeus, 1758	Tetrao urogallus Linnaeus, 1758	Linnaeus, 1758	CH		Ne	PRESENT		64ee55c9-570a-42af-b7da-3f13c6b4e5a9	46.99453	6.84702	7070.0						1997			1997	55QS7	55QS7	HUMAN_OBSERVATION	SOI		SOI-AVES-2974021819				CC_BY_4_0	Schweizerische Vogelwarte				2026-07-18T15:05:06.261Z		TAXON_ID_NOT_FOUND
4455610288	63f077c9-96a0-49de-b3ea-2aa565ee1098	SOI-AVES-3117432362	Animalia	Chordata	Aves	Galliformes	Phasianidae	Tetrao	Tetrao urogallus		SPECIES	Tetrao urogallus Linnaeus, 1758	Tetrao urogallus Linnaeus, 1758	Linnaeus, 1758	CH		Sz	PRESENT		64ee55c9-570a-42af-b7da-3f13c6b4e5a9	47.16914	8.6917	7070.0						2020			2020	55QS7	55QS7	HUMAN_OBSERVATION	SOI		SOI-AVES-3117432362				CC_BY_4_0	Schweizerische Vogelwarte				2026-07-18T15:05:06.229Z		TAXON_ID_NOT_FOUND
4455609806	63f077c9-96a0-49de-b3ea-2aa565ee1098	SOI-AVES-3058753984	Animalia	Chordata	Aves	Galliformes	Phasianidae	Tetrao	Tetrao urogallus		SPECIES	Tetrao urogallus Linnaeus, 1758	Tetrao urogallus Linnaeus, 1758	Linnaeus, 1758	CH		Zh	PRESENT		64ee55c9-570a-42af-b7da-3f13c6b4e5a9	47.34582	8.96056	7070.0						2015			2015	55QS7	55QS7	HUMAN_OBSERVATION	SOI		SOI-AVES-3058753984				CC_BY_4_0	Schweizerische Vogelwarte				2026-07-18T15:05:03.414Z		TAXON_ID_NOT_FOUND
4455608152	63f077c9-96a0-49de-b3ea-2aa565ee1098	SOI-AVES-1251851353	Animalia	Chordata	Aves	Galliformes	Phasianidae	Tetrao	Tetrao urogallus		SPECIES	Tetrao urogallus Linnaeus, 1758	Tetrao urogallus Linnaeus, 1758	Linnaeus, 1758	CH		Be	PRESENT		64ee55c9-570a-42af-b7da-3f13c6b4e5a9	47.17579	7.24076	7070.0						2008			2008	55QS7	55QS7	HUMAN_OBSERVATION	SOI		SOI-AVES-1251851353				CC_BY_4_0	Schweizerische Vogelwarte				2026-07-18T15:05:06.171Z		TAXON_ID_NOT_FOUND
4455607737	63f077c9-96a0-49de-b3ea-2aa565ee1098	SOI-AVES-1192231306	Animalia	Chordata	Aves	Galliformes	Phasianidae	Tetrao	Tetrao urogallus		SPECIES	Tetrao urogallus Linnaeus, 1758	Tetrao urogallus Linnaeus, 1758	Linnaeus, 1758	CH		Sg	PRESENT		64ee55c9-570a-42af-b7da-3f13c6b4e5a9	47.16218	9.21916	7070.0						2023			2023	55QS7	55QS7	HUMAN_OBSERVATION	SOI		SOI-AVES-1192231306				CC_BY_4_0	Schweizerische Vogelwarte				2026-07-18T15:05:05.671Z		TAXON_ID_NOT_FOUND
4455606837	63f077c9-96a0-49de-b3ea-2aa565ee1098	SOI-AVES-1198784153	Animalia	Chordata	Aves	Galliformes	Phasianidae	Tetrao	Tetrao urogallus		SPECIES	Tetrao urogallus Linnaeus, 1758	Tetrao urogallus Linnaeus, 1758	Linnaeus, 1758	CH		Sz	PRESENT		64ee55c9-570a-42af-b7da-3f13c6b4e5a9	47.08177	8.42627	7070.0						1997			1997	55QS7	55QS7	HUMAN_OBSERVATION	SOI		SOI-AVES-1198784153				CC_BY_4_0	Schweizerische Vogelwarte				2026-07-18T15:05:06.277Z		TAXON_ID_NOT_FOUND
4455606675	63f077c9-96a0-49de-b3ea-2aa565ee1098	SOI-AVES-1180377790	Animalia	Chordata	Aves	Galliformes	Phasianidae	Tetrao	Tetrao urogallus		SPECIES	Tetrao urogallus Linnaeus, 1758	Tetrao urogallus Linnaeus, 1758	Linnaeus, 1758	CH		Sz	PRESENT		64ee55c9-570a-42af-b7da-3f13c6b4e5a9	46.99062	8.55606	7070.0						1996			1996	55QS7	55QS7	HUMAN_OBSERVATION	SOI		SOI-AVES-1180377790				CC_BY_4_0	Schweizerische Vogelwarte				2026-07-18T15:05:06.273Z		TAXON_ID_NOT_FOUND
4455606039	63f077c9-96a0-49de-b3ea-2aa565ee1098	SOI-AVES-1232041482	Animalia	Chordata	Aves	Galliformes	Phasianidae	Tetrao	Tetrao urogallus		SPECIES	Tetrao urogallus Linnaeus, 1758	Tetrao urogallus Linnaeus, 1758	Linnaeus, 1758	CH		Ur	PRESENT		64ee55c9-570a-42af-b7da-3f13c6b4e5a9	46.81073	8.55233	7070.0						1995			1995	55QS7	55QS7	HUMAN_OBSERVATION	SOI		SOI-AVES-1232041482				CC_BY_4_0	Schweizerische Vogelwarte				2026-07-18T15:05:03.385Z		TAXON_ID_NOT_FOUND
4455604570	63f077c9-96a0-49de-b3ea-2aa565ee1098	SOI-AVES-2862867802	Animalia	Chordata	Aves	Galliformes	Phasianidae	Tetrao	Tetrao urogallus		SPECIES	Tetrao urogallus Linnaeus, 1758	Tetrao urogallus Linnaeus, 1758	Linnaeus, 1758	CH		Be	PRESENT		64ee55c9-570a-42af-b7da-3f13c6b4e5a9	46.72304	8.28889	7070.0						1996			1996	55QS7	55QS7	HUMAN_OBSERVATION	SOI		SOI-AVES-2862867802				CC_BY_4_0	Schweizerische Vogelwarte				2026-07-18T15:05:03.253Z		TAXON_ID_NOT_FOUND
4455604528	63f077c9-96a0-49de-b3ea-2aa565ee1098	SOI-AVES-2859160385	Animalia	Chordata	Aves	Galliformes	Phasianidae	Tetrao	Tetrao urogallus		SPECIES	Tetrao urogallus Linnaeus, 1758	Tetrao urogallus Linnaeus, 1758	Linnaeus, 1758	CH		Gl	PRESENT		64ee55c9-570a-42af-b7da-3f13c6b4e5a9	46.80623	8.94532	7070.0						2015			2015	55QS7	55QS7	HUMAN_OBSERVATION	SOI		SOI-AVES-2859160385				CC_BY_4_0	Schweizerische Vogelwarte				2026-07-18T15:05:06.077Z		TAXON_ID_NOT_FOUND
4455604334	63f077c9-96a0-49de-b3ea-2aa565ee1098	SOI-AVES-2836140616	Animalia	Chordata	Aves	Galliformes	Phasianidae	Tetrao	Tetrao urogallus		SPECIES	Tetrao urogallus Linnaeus, 1758	Tetrao urogallus Linnaeus, 1758	Linnaeus, 1758	CH		Ju	PRESENT		64ee55c9-570a-42af-b7da-3f13c6b4e5a9	47.17503	6.97694	7070.0						2008			2008	55QS7	55QS7	HUMAN_OBSERVATION	SOI		SOI-AVES-2836140616				CC_BY_4_0	Schweizerische Vogelwarte				2026-07-18T15:05:06.227Z		TAXON_ID_NOT_FOUND
4455601777	63f077c9-96a0-49de-b3ea-2aa565ee1098	SOI-AVES-2923984977	Animalia	Chordata	Aves	Galliformes	Phasianidae	Tetrao	Tetrao urogallus		SPECIES	Tetrao urogallus Linnaeus, 1758	Tetrao urogallus Linnaeus, 1758	Linnaeus, 1758	CH		Gr	PRESENT		64ee55c9-570a-42af-b7da-3f13c6b4e5a9	46.60165	10.24524	7070.0						2022			2022	55QS7	55QS7	HUMAN_OBSERVATION	SOI		SOI-AVES-2923984977				CC_BY_4_0	Schweizerische Vogelwarte				2026-07-18T15:05:06.025Z		TAXON_ID_NOT_FOUND
4455601410	63f077c9-96a0-49de-b3ea-2aa565ee1098	SOI-AVES-2877405847	Animalia	Chordata	Aves	Galliformes	Phasianidae	Tetrao	Tetrao urogallus		SPECIES	Tetrao urogallus Linnaeus, 1758	Tetrao urogallus Linnaeus, 1758	Linnaeus, 1758	CH		Gr	PRESENT		64ee55c9-570a-42af-b7da-3f13c6b4e5a9	46.71794	8.81204	7070.0						2023			2023	55QS7	55QS7	HUMAN_OBSERVATION	SOI		SOI-AVES-2877405847				CC_BY_4_0	Schweizerische Vogelwarte				2026-07-18T15:05:03.212Z		TAXON_ID_NOT_FOUND
4455600574	63f077c9-96a0-49de-b3ea-2aa565ee1098	SOI-AVES-1074470654	Animalia	Chordata	Aves	Galliformes	Phasianidae	Tetrao	Tetrao urogallus		SPECIES	Tetrao urogallus Linnaeus, 1758	Tetrao urogallus Linnaeus, 1758	Linnaeus, 1758	CH		Ur	PRESENT		64ee55c9-570a-42af-b7da-3f13c6b4e5a9	46.80788	8.81433	7070.0						1999			1999	55QS7	55QS7	HUMAN_OBSERVATION	SOI		SOI-AVES-1074470654				CC_BY_4_0	Schweizerische Vogelwarte				2026-07-18T15:05:05.076Z		TAXON_ID_NOT_FOUND
4455595930	63f077c9-96a0-49de-b3ea-2aa565ee1098	SOI-AVES-2789385627	Animalia	Chordata	Aves	Galliformes	Phasianidae	Tetrao	Tetrao urogallus		SPECIES	Tetrao urogallus Linnaeus, 1758	Tetrao urogallus Linnaeus, 1758	Linnaeus, 1758	CH		Be	PRESENT		64ee55c9-570a-42af-b7da-3f13c6b4e5a9	46.72573	7.76567	7070.0						2020			2020	55QS7	55QS7	HUMAN_OBSERVATION	SOI		SOI-AVES-2789385627				CC_BY_4_0	Schweizerische Vogelwarte				2026-07-18T15:05:04.978Z		TAXON_ID_NOT_FOUND
4455595373	63f077c9-96a0-49de-b3ea-2aa565ee1098	SOI-AVES-2716821468	Animalia	Chordata	Aves	Galliformes	Phasianidae	Tetrao	Tetrao urogallus		SPECIES	Tetrao urogallus Linnaeus, 1758	Tetrao urogallus Linnaeus, 1758	Linnaeus, 1758	CH		Gr	PRESENT		64ee55c9-570a-42af-b7da-3f13c6b4e5a9	46.71629	8.94281	7070.0						2020			2020	55QS7	55QS7	HUMAN_OBSERVATION	SOI		SOI-AVES-2716821468				CC_BY_4_0	Schweizerische Vogelwarte				2026-07-18T15:05:03.220Z		TAXON_ID_NOT_FOUND
4455595326	63f077c9-96a0-49de-b3ea-2aa565ee1098	SOI-AVES-2711336361	Animalia	Chordata	Aves	Galliformes	Phasianidae	Tetrao	Tetrao urogallus		SPECIES	Tetrao urogallus Linnaeus, 1758	Tetrao urogallus Linnaeus, 1758	Linnaeus, 1758	CH		Be	PRESENT		64ee55c9-570a-42af-b7da-3f13c6b4e5a9	46.72528	7.89648	7070.0						2023			2023	55QS7	55QS7	HUMAN_OBSERVATION	SOI		SOI-AVES-2711336361				CC_BY_4_0	Schweizerische Vogelwarte				2026-07-18T15:05:05.448Z		TAXON_ID_NOT_FOUND
4455595209	63f077c9-96a0-49de-b3ea-2aa565ee1098	SOI-AVES-2854448337	Animalia	Chordata	Aves	Galliformes	Phasianidae	Tetrao	Tetrao urogallus		SPECIES	Tetrao urogallus Linnaeus, 1758	Tetrao urogallus Linnaeus, 1758	Linnaeus, 1758	CH		Be	PRESENT		64ee55c9-570a-42af-b7da-3f13c6b4e5a9	46.72468	8.02729	7070.0						1996			1996	55QS7	55QS7	HUMAN_OBSERVATION	SOI		SOI-AVES-2854448337				CC_BY_4_0	Schweizerische Vogelwarte				2026-07-18T15:05:03.118Z		TAXON_ID_NOT_FOUND
4455594140	63f077c9-96a0-49de-b3ea-2aa565ee1098	SOI-AVES-2817570741	Animalia	Chordata	Aves	Galliformes	Phasianidae	Tetrao	Tetrao urogallus		SPECIES	Tetrao urogallus Linnaeus, 1758	Tetrao urogallus Linnaeus, 1758	Linnaeus, 1758	CH		Gr	PRESENT		64ee55c9-570a-42af-b7da-3f13c6b4e5a9	46.628	8.80975	7070.0						2023			2023	55QS7	55QS7	HUMAN_OBSERVATION	SOI		SOI-AVES-2817570741				CC_BY_4_0	Schweizerische Vogelwarte				2026-07-18T15:05:05.879Z		TAXON_ID_NOT_FOUND
4455594135	63f077c9-96a0-49de-b3ea-2aa565ee1098	SOI-AVES-2817212456	Animalia	Chordata	Aves	Galliformes	Phasianidae	Tetrao	Tetrao urogallus		SPECIES	Tetrao urogallus Linnaeus, 1758	Tetrao urogallus Linnaeus, 1758	Linnaeus, 1758	CH		Gr	PRESENT		64ee55c9-570a-42af-b7da-3f13c6b4e5a9	46.88563	9.60373	7070.0						2017			2017	55QS7	55QS7	HUMAN_OBSERVATION	SOI		SOI-AVES-2817212456				CC_BY_4_0	Schweizerische Vogelwarte				2026-07-18T15:05:03.106Z		TAXON_ID_NOT_FOUND
4455593172	63f077c9-96a0-49de-b3ea-2aa565ee1098	SOI-AVES-1023795186	Animalia	Chordata	Aves	Galliformes	Phasianidae	Tetrao	Tetrao urogallus		SPECIES	Tetrao urogallus Linnaeus, 1758	Tetrao urogallus Linnaeus, 1758	Linnaeus, 1758	CH		Be	PRESENT		64ee55c9-570a-42af-b7da-3f13c6b4e5a9	46.54612	7.63421	7070.0						2001			2001	55QS7	55QS7	HUMAN_OBSERVATION	SOI		SOI-AVES-1023795186				CC_BY_4_0	Schweizerische Vogelwarte				2026-07-18T15:05:03.088Z		TAXON_ID_NOT_FOUND
4455589786	63f077c9-96a0-49de-b3ea-2aa565ee1098	SOI-AVES-954014049	Animalia	Chordata	Aves	Galliformes	Phasianidae	Tetrao	Tetrao urogallus		SPECIES	Tetrao urogallus Linnaeus, 1758	Tetrao urogallus Linnaeus, 1758	Linnaeus, 1758	CH		Gr	PRESENT		64ee55c9-570a-42af-b7da-3f13c6b4e5a9	46.71254	9.20432	7070.0						2023			2023	55QS7	55QS7	HUMAN_OBSERVATION	SOI		SOI-AVES-954014049				CC_BY_4_0	Schweizerische Vogelwarte				2026-07-18T15:05:03.115Z		TAXON_ID_NOT_FOUND
4455589386	63f077c9-96a0-49de-b3ea-2aa565ee1098	SOI-AVES-900972012	Animalia	Chordata	Aves	Galliformes	Phasianidae	Tetrao	Tetrao urogallus		SPECIES	Tetrao urogallus Linnaeus, 1758	Tetrao urogallus Linnaeus, 1758	Linnaeus, 1758	CH		Gr	PRESENT		64ee55c9-570a-42af-b7da-3f13c6b4e5a9	46.87134	10.25932	7070.0						2005			2005	55QS7	55QS7	HUMAN_OBSERVATION	SOI		SOI-AVES-900972012				CC_BY_4_0	Schweizerische Vogelwarte				2026-07-18T15:05:05.296Z		TAXON_ID_NOT_FOUND
4455586625	63f077c9-96a0-49de-b3ea-2aa565ee1098	SOI-AVES-2624633989	Animalia	Chordata	Aves	Galliformes	Phasianidae	Tetrao	Tetrao urogallus		SPECIES	Tetrao urogallus Linnaeus, 1758	Tetrao urogallus Linnaeus, 1758	Linnaeus, 1758	CH		Vd	PRESENT		64ee55c9-570a-42af-b7da-3f13c6b4e5a9	46.54088	6.3305	7070.0						2023			2023	55QS7	55QS7	HUMAN_OBSERVATION	SOI		SOI-AVES-2624633989				CC_BY_4_0	Schweizerische Vogelwarte				2026-07-18T15:05:05.721Z		TAXON_ID_NOT_FOUND
4455586383	63f077c9-96a0-49de-b3ea-2aa565ee1098	SOI-AVES-2593274800	Animalia	Chordata	Aves	Galliformes	Phasianidae	Tetrao	Tetrao urogallus		SPECIES	Tetrao urogallus Linnaeus, 1758	Tetrao urogallus Linnaeus, 1758	Linnaeus, 1758	CH		Sg	PRESENT		64ee55c9-570a-42af-b7da-3f13c6b4e5a9	47.16415	9.08731	7070.0						2020			2020	55QS7	55QS7	HUMAN_OBSERVATION	SOI		SOI-AVES-2593274800				CC_BY_4_0	Schweizerische Vogelwarte				2026-07-18T15:05:02.999Z		TAXON_ID_NOT_FOUND
4455586329	63f077c9-96a0-49de-b3ea-2aa565ee1098	SOI-AVES-2586849655	Animalia	Chordata	Aves	Galliformes	Phasianidae	Tetrao	Tetrao urogallus		SPECIES	Tetrao urogallus Linnaeus, 1758	Tetrao urogallus Linnaeus, 1758	Linnaeus, 1758	CH		Gr	PRESENT		64ee55c9-570a-42af-b7da-3f13c6b4e5a9	46.61333	9.72341	7070.0						2023			2023	55QS7	55QS7	HUMAN_OBSERVATION	SOI		SOI-AVES-2586849655				CC_BY_4_0	Schweizerische Vogelwarte				2026-07-18T15:05:04.841Z		TAXON_ID_NOT_FOUND
4455584870	63f077c9-96a0-49de-b3ea-2aa565ee1098	SOI-AVES-852402783	Animalia	Chordata	Aves	Galliformes	Phasianidae	Tetrao	Tetrao urogallus		SPECIES	Tetrao urogallus Linnaeus, 1758	Tetrao urogallus Linnaeus, 1758	Linnaeus, 1758	CH		Vd	PRESENT		64ee55c9-570a-42af-b7da-3f13c6b4e5a9	46.72077	6.3268	7070.0						2012			2012	55QS7	55QS7	HUMAN_OBSERVATION	SOI		SOI-AVES-852402783				CC_BY_4_0	Schweizerische Vogelwarte				2026-07-18T15:05:02.904Z		TAXON_ID_NOT_FOUND
4455582029	63f077c9-96a0-49de-b3ea-2aa565ee1098	SOI-AVES-850655676	Animalia	Chordata	Aves	Galliformes	Phasianidae	Tetrao	Tetrao urogallus		SPECIES	Tetrao urogallus Linnaeus, 1758	Tetrao urogallus Linnaeus, 1758	Linnaeus, 1758	CH		Gr	PRESENT		64ee55c9-570a-42af-b7da-3f13c6b4e5a9	46.70324	9.72722	7070.0						2023			2023	55QS7	55QS7	HUMAN_OBSERVATION	SOI		SOI-AVES-850655676				CC_BY_4_0	Schweizerische Vogelwarte				2026-07-18T15:05:02.868Z		TAXON_ID_NOT_FOUND
4455581741	63f077c9-96a0-49de-b3ea-2aa565ee1098	SOI-AVES-812674231	Animalia	Chordata	Aves	Galliformes	Phasianidae	Tetrao	Tetrao urogallus		SPECIES	Tetrao urogallus Linnaeus, 1758	Tetrao urogallus Linnaeus, 1758	Linnaeus, 1758	CH		Ne	PRESENT		64ee55c9-570a-42af-b7da-3f13c6b4e5a9	46.90186	6.4543	7070.0						2013			2013	55QS7	55QS7	HUMAN_OBSERVATION	SOI		SOI-AVES-812674231				CC_BY_4_0	Schweizerische Vogelwarte				2026-07-18T15:05:05.163Z		TAXON_ID_NOT_FOUND
4455580164	63f077c9-96a0-49de-b3ea-2aa565ee1098	SOI-AVES-2564346533	Animalia	Chordata	Aves	Galliformes	Phasianidae	Tetrao	Tetrao urogallus		SPECIES	Tetrao urogallus Linnaeus, 1758	Tetrao urogallus Linnaeus, 1758	Linnaeus, 1758	CH		Ur	PRESENT		64ee55c9-570a-42af-b7da-3f13c6b4e5a9	46.89782	8.81663	7070.0						1996			1996	55QS7	55QS7	HUMAN_OBSERVATION	SOI		SOI-AVES-2564346533				CC_BY_4_0	Schweizerische Vogelwarte				2026-07-18T15:05:04.753Z		TAXON_ID_NOT_FOUND
4455579552	63f077c9-96a0-49de-b3ea-2aa565ee1098	SOI-AVES-2486753860	Animalia	Chordata	Aves	Galliformes	Phasianidae	Tetrao	Tetrao urogallus		SPECIES	Tetrao urogallus Linnaeus, 1758	Tetrao urogallus Linnaeus, 1758	Linnaeus, 1758	CH		Ne	PRESENT		64ee55c9-570a-42af-b7da-3f13c6b4e5a9	46.90292	6.58553	7070.0						2021			2021	55QS7	55QS7	HUMAN_OBSERVATION	SOI		SOI-AVES-2486753860				CC_BY_4_0	Schweizerische Vogelwarte				2026-07-18T15:05:05.617Z		TAXON_ID_NOT_FOUND
4455577345	63f077c9-96a0-49de-b3ea-2aa565ee1098	SOI-AVES-2486131630	Animalia	Chordata	Aves	Galliformes	Phasianidae	Tetrao	Tetrao urogallus		SPECIES	Tetrao urogallus Linnaeus, 1758	Tetrao urogallus Linnaeus, 1758	Linnaeus, 1758	CH		Ai	PRESENT		64ee55c9-570a-42af-b7da-3f13c6b4e5a9	47.33763	9.48972	7070.0						1996			1996	55QS7	55QS7	HUMAN_OBSERVATION	SOI		SOI-AVES-2486131630				CC_BY_4_0	Schweizerische Vogelwarte				2026-07-18T15:05:02.836Z		TAXON_ID_NOT_FOUND
4455574988	63f077c9-96a0-49de-b3ea-2aa565ee1098	SOI-AVES-727445749	Animalia	Chordata	Aves	Galliformes	Phasianidae	Tetrao	Tetrao urogallus		SPECIES	Tetrao urogallus Linnaeus, 1758	Tetrao urogallus Linnaeus, 1758	Linnaeus, 1758	CH		Gl	PRESENT		64ee55c9-570a-42af-b7da-3f13c6b4e5a9	47.07422	9.08454	7070.0						2021			2021	55QS7	55QS7	HUMAN_OBSERVATION	SOI		SOI-AVES-727445749				CC_BY_4_0	Schweizerische Vogelwarte				2026-07-18T15:05:04.670Z		TAXON_ID_NOT_FOUND
4455574900	63f077c9-96a0-49de-b3ea-2aa565ee1098	SOI-AVES-716958652	Animalia	Chordata	Aves	Galliformes	Phasianidae	Tetrao	Tetrao urogallus		SPECIES	Tetrao urogallus Linnaeus, 1758	Tetrao urogallus Linnaeus, 1758	Linnaeus, 1758	CH		Gr	PRESENT		64ee55c9-570a-42af-b7da-3f13c6b4e5a9	46.59836	10.37567	7070.0						2021			2021	55QS7	55QS7	HUMAN_OBSERVATION	SOI		SOI-AVES-716958652				CC_BY_4_0	Schweizerische Vogelwarte				2026-07-18T15:05:04.670Z		TAXON_ID_NOT_FOUND
4455574737	63f077c9-96a0-49de-b3ea-2aa565ee1098	SOI-AVES-696972206	Animalia	Chordata	Aves	Galliformes	Phasianidae	Tetrao	Tetrao urogallus		SPECIES	Tetrao urogallus Linnaeus, 1758	Tetrao urogallus Linnaeus, 1758	Linnaeus, 1758	CH		Vd	PRESENT		64ee55c9-570a-42af-b7da-3f13c6b4e5a9	46.72197	6.45759	7070.0						2013			2013	55QS7	55QS7	HUMAN_OBSERVATION	SOI		SOI-AVES-696972206				CC_BY_4_0	Schweizerische Vogelwarte				2026-07-18T15:05:02.783Z		TAXON_ID_NOT_FOUND
4455574454	63f077c9-96a0-49de-b3ea-2aa565ee1098	SOI-AVES-659858400	Animalia	Chordata	Aves	Galliformes	Phasianidae	Tetrao	Tetrao urogallus		SPECIES	Tetrao urogallus Linnaeus, 1758	Tetrao urogallus Linnaeus, 1758	Linnaeus, 1758	CH		Lu	PRESENT		64ee55c9-570a-42af-b7da-3f13c6b4e5a9	46.99378	8.1617	7070.0						2023			2023	55QS7	55QS7	HUMAN_OBSERVATION	SOI		SOI-AVES-659858400				CC_BY_4_0	Schweizerische Vogelwarte				2026-07-18T15:05:05.047Z		TAXON_ID_NOT_FOUND
4455573759	63f077c9-96a0-49de-b3ea-2aa565ee1098	SOI-AVES-687614046	Animalia	Chordata	Aves	Galliformes	Phasianidae	Tetrao	Tetrao urogallus		SPECIES	Tetrao urogallus Linnaeus, 1758	Tetrao urogallus Linnaeus, 1758	Linnaeus, 1758	CH		Vd	PRESENT		64ee55c9-570a-42af-b7da-3f13c6b4e5a9	46.36591	7.11378	7070.0						1994			1994	55QS7	55QS7	HUMAN_OBSERVATION	SOI		SOI-AVES-687614046				CC_BY_4_0	Schweizerische Vogelwarte				2026-07-18T15:05:02.832Z		TAXON_ID_NOT_FOUND
4455573181	63f077c9-96a0-49de-b3ea-2aa565ee1098	SOI-AVES-2433823417	Animalia	Chordata	Aves	Galliformes	Phasianidae	Tetrao	Tetrao urogallus		SPECIES	Tetrao urogallus Linnaeus, 1758	Tetrao urogallus Linnaeus, 1758	Linnaeus, 1758	CH		Gr	PRESENT		64ee55c9-570a-42af-b7da-3f13c6b4e5a9	46.88804	9.47257	7070.0						2023			2023	55QS7	55QS7	HUMAN_OBSERVATION	SOI		SOI-AVES-2433823417				CC_BY_4_0	Schweizerische Vogelwarte				2026-07-18T15:05:02.804Z		TAXON_ID_NOT_FOUND
4455572924	63f077c9-96a0-49de-b3ea-2aa565ee1098	SOI-AVES-2402190069	Animalia	Chordata	Aves	Galliformes	Phasianidae	Tetrao	Tetrao urogallus		SPECIES	Tetrao urogallus Linnaeus, 1758	Tetrao urogallus Linnaeus, 1758	Linnaeus, 1758	CH		Gr	PRESENT		64ee55c9-570a-42af-b7da-3f13c6b4e5a9	46.4308	9.84588	7070.0						2015			2015	55QS7	55QS7	HUMAN_OBSERVATION	SOI		SOI-AVES-2402190069				CC_BY_4_0	Schweizerische Vogelwarte				2026-07-18T15:05:04.996Z		TAXON_ID_NOT_FOUND
4455572540	63f077c9-96a0-49de-b3ea-2aa565ee1098	SOI-AVES-2354507076	Animalia	Chordata	Aves	Galliformes	Phasianidae	Tetrao	Tetrao urogallus		SPECIES	Tetrao urogallus Linnaeus, 1758	Tetrao urogallus Linnaeus, 1758	Linnaeus, 1758	CH		Gr	PRESENT		64ee55c9-570a-42af-b7da-3f13c6b4e5a9	46.88307	9.73487	7070.0						2022			2022	55QS7	55QS7	HUMAN_OBSERVATION	SOI		SOI-AVES-2354507076				CC_BY_4_0	Schweizerische Vogelwarte				2026-07-18T15:05:02.795Z		TAXON_ID_NOT_FOUND
4455570944	63f077c9-96a0-49de-b3ea-2aa565ee1098	SOI-AVES-2436978379	Animalia	Chordata	Aves	Galliformes	Phasianidae	Tetrao	Tetrao urogallus		SPECIES	Tetrao urogallus Linnaeus, 1758	Tetrao urogallus Linnaeus, 1758	Linnaeus, 1758	CH		Gr	PRESENT		64ee55c9-570a-42af-b7da-3f13c6b4e5a9	46.88037	9.86601	7070.0						2023			2023	55QS7	55QS7	HUMAN_OBSERVATION	SOI		SOI-AVES-2436978379				CC_BY_4_0	Schweizerische Vogelwarte				2026-07-18T15:05:04.633Z		TAXON_ID_NOT_FOUND
4455570685	63f077c9-96a0-49de-b3ea-2aa565ee1098	SOI-AVES-2405180057	Animalia	Chordata	Aves	Galliformes	Phasianidae	Tetrao	Tetrao urogallus		SPECIES	Tetrao urogallus Linnaeus, 1758	Tetrao urogallus Linnaeus, 1758	Linnaeus, 1758	CH		Gr	PRESENT		64ee55c9-570a-42af-b7da-3f13c6b4e5a9	46.60479	10.11481	7070.0						2016			2016	55QS7	55QS7	HUMAN_OBSERVATION	SOI		SOI-AVES-2405180057				CC_BY_4_0	Schweizerische Vogelwarte				2026-07-18T15:05:02.766Z		TAXON_ID_NOT_FOUND
4455569472	63f077c9-96a0-49de-b3ea-2aa565ee1098	SOI-AVES-2363582212	Animalia	Chordata	Aves	Galliformes	Phasianidae	Tetrao	Tetrao urogallus		SPECIES	Tetrao urogallus Linnaeus, 1758	Tetrao urogallus Linnaeus, 1758	Linnaeus, 1758	CH		Vd	PRESENT		64ee55c9-570a-42af-b7da-3f13c6b4e5a9	46.90382	6.71677	7070.0						2013			2013	55QS7	55QS7	HUMAN_OBSERVATION	SOI		SOI-AVES-2363582212				CC_BY_4_0	Schweizerische Vogelwarte				2026-07-18T15:05:04.919Z		TAXON_ID_NOT_FOUND
4455568970	63f077c9-96a0-49de-b3ea-2aa565ee1098	SOI-AVES-613610651	Animalia	Chordata	Aves	Galliformes	Phasianidae	Tetrao	Tetrao urogallus		SPECIES	Tetrao urogallus Linnaeus, 1758	Tetrao urogallus Linnaeus, 1758	Linnaeus, 1758	CH		Sg	PRESENT		64ee55c9-570a-42af-b7da-3f13c6b4e5a9	47.25408	9.09008	7070.0						2023			2023	55QS7	55QS7	HUMAN_OBSERVATION	SOI		SOI-AVES-613610651				CC_BY_4_0	Schweizerische Vogelwarte				2026-07-18T15:05:02.742Z		TAXON_ID_NOT_FOUND
4455568594	63f077c9-96a0-49de-b3ea-2aa565ee1098	SOI-AVES-565113381	Animalia	Chordata	Aves	Galliformes	Phasianidae	Tetrao	Tetrao urogallus		SPECIES	Tetrao urogallus Linnaeus, 1758	Tetrao urogallus Linnaeus, 1758	Linnaeus, 1758	CH		Nw	PRESENT		64ee55c9-570a-42af-b7da-3f13c6b4e5a9	46.90188	8.42297	7070.0						1994			1994	55QS7	55QS7	HUMAN_OBSERVATION	SOI		SOI-AVES-565113381				CC_BY_4_0	Schweizerische Vogelwarte				2026-07-18T15:05:02.738Z		TAXON_ID_NOT_FOUND
4455568283	63f077c9-96a0-49de-b3ea-2aa565ee1098	SOI-AVES-649326004	Animalia	Chordata	Aves	Galliformes	Phasianidae	Tetrao	Tetrao urogallus		SPECIES	Tetrao urogallus Linnaeus, 1758	Tetrao urogallus Linnaeus, 1758	Linnaeus, 1758	CH		Be	PRESENT		64ee55c9-570a-42af-b7da-3f13c6b4e5a9	46.72199	8.41969	7070.0						2015			2015	55QS7	55QS7	HUMAN_OBSERVATION	SOI		SOI-AVES-649326004				CC_BY_4_0	Schweizerische Vogelwarte				2026-07-18T15:05:02.656Z		TAXON_ID_NOT_FOUND
4455567435	63f077c9-96a0-49de-b3ea-2aa565ee1098	SOI-AVES-539737547	Animalia	Chordata	Aves	Galliformes	Phasianidae	Tetrao	Tetrao urogallus		SPECIES	Tetrao urogallus Linnaeus, 1758	Tetrao urogallus Linnaeus, 1758	Linnaeus, 1758	CH		Gr	PRESENT		64ee55c9-570a-42af-b7da-3f13c6b4e5a9	46.52595	9.58934	7070.0						2021			2021	55QS7	55QS7	HUMAN_OBSERVATION	SOI		SOI-AVES-539737547				CC_BY_4_0	Schweizerische Vogelwarte				2026-07-18T15:05:02.635Z		TAXON_ID_NOT_FOUND
4455566808	63f077c9-96a0-49de-b3ea-2aa565ee1098	SOI-AVES-576651108	Animalia	Chordata	Aves	Galliformes	Phasianidae	Tetrao	Tetrao urogallus		SPECIES	Tetrao urogallus Linnaeus, 1758	Tetrao urogallus Linnaeus, 1758	Linnaeus, 1758	CH		Ne	PRESENT		64ee55c9-570a-42af-b7da-3f13c6b4e5a9	46.90458	6.84801	7070.0						1999			1999	55QS7	55QS7	HUMAN_OBSERVATION	SOI		SOI-AVES-576651108				CC_BY_4_0	Schweizerische Vogelwarte				2026-07-18T15:05:05.354Z		TAXON_ID_NOT_FOUND
4455566768	63f077c9-96a0-49de-b3ea-2aa565ee1098	SOI-AVES-572951415	Animalia	Chordata	Aves	Galliformes	Phasianidae	Tetrao	Tetrao urogallus		SPECIES	Tetrao urogallus Linnaeus, 1758	Tetrao urogallus Linnaeus, 1758	Linnaeus, 1758	CH		Sz	PRESENT		64ee55c9-570a-42af-b7da-3f13c6b4e5a9	47.08056	8.55794	7070.0						2022			2022	55QS7	55QS7	HUMAN_OBSERVATION	SOI		SOI-AVES-572951415				CC_BY_4_0	Schweizerische Vogelwarte				2026-07-18T15:05:02.709Z		TAXON_ID_NOT_FOUND
4455566731	63f077c9-96a0-49de-b3ea-2aa565ee1098	SOI-AVES-568007807	Animalia	Chordata	Aves	Galliformes	Phasianidae	Tetrao	Tetrao urogallus		SPECIES	Tetrao urogallus Linnaeus, 1758	Tetrao urogallus Linnaeus, 1758	Linnaeus, 1758	CH		Gr	PRESENT		64ee55c9-570a-42af-b7da-3f13c6b4e5a9	46.6947	10.11927	7070.0						2022			2022	55QS7	55QS7	HUMAN_OBSERVATION	SOI		SOI-AVES-568007807				CC_BY_4_0	Schweizerische Vogelwarte				2026-07-18T15:05:04.556Z		TAXON_ID_NOT_FOUND
4455565975	63f077c9-96a0-49de-b3ea-2aa565ee1098	SOI-AVES-586224391	Animalia	Chordata	Aves	Galliformes	Phasianidae	Tetrao	Tetrao urogallus		SPECIES	Tetrao urogallus Linnaeus, 1758	Tetrao urogallus Linnaeus, 1758	Linnaeus, 1758	CH		Vd	PRESENT		64ee55c9-570a-42af-b7da-3f13c6b4e5a9	46.44958	6.20221	7070.0						2023			2023	55QS7	55QS7	HUMAN_OBSERVATION	SOI		SOI-AVES-586224391				CC_BY_4_0	Schweizerische Vogelwarte				2026-07-18T15:05:05.338Z		TAXON_ID_NOT_FOUND
4455565878	63f077c9-96a0-49de-b3ea-2aa565ee1098	SOI-AVES-575900037	Animalia	Chordata	Aves	Galliformes	Phasianidae	Tetrao	Tetrao urogallus		SPECIES	Tetrao urogallus Linnaeus, 1758	Tetrao urogallus Linnaeus, 1758	Linnaeus, 1758	CH		Sg	PRESENT		64ee55c9-570a-42af-b7da-3f13c6b4e5a9	46.97796	9.47598	7070.0						2023			2023	55QS7	55QS7	HUMAN_OBSERVATION	SOI		SOI-AVES-575900037				CC_BY_4_0	Schweizerische Vogelwarte				2026-07-18T15:05:05.336Z		TAXON_ID_NOT_FOUND
4455564639	63f077c9-96a0-49de-b3ea-2aa565ee1098	SOI-AVES-2237060252	Animalia	Chordata	Aves	Galliformes	Phasianidae	Tetrao	Tetrao urogallus		SPECIES	Tetrao urogallus Linnaeus, 1758	Tetrao urogallus Linnaeus, 1758	Linnaeus, 1758	CH		Sz	PRESENT		64ee55c9-570a-42af-b7da-3f13c6b4e5a9	47.07769	8.82125	7070.0						2023			2023	55QS7	55QS7	HUMAN_OBSERVATION	SOI		SOI-AVES-2237060252				CC_BY_4_0	Schweizerische Vogelwarte				2026-07-18T15:05:02.582Z		TAXON_ID_NOT_FOUND
4455560642	63f077c9-96a0-49de-b3ea-2aa565ee1098	SOI-AVES-438748597	Animalia	Chordata	Aves	Galliformes	Phasianidae	Tetrao	Tetrao urogallus		SPECIES	Tetrao urogallus Linnaeus, 1758	Tetrao urogallus Linnaeus, 1758	Linnaeus, 1758	CH		Sg	PRESENT		64ee55c9-570a-42af-b7da-3f13c6b4e5a9	47.16007	9.351	7070.0						2023			2023	55QS7	55QS7	HUMAN_OBSERVATION	SOI		SOI-AVES-438748597				CC_BY_4_0	Schweizerische Vogelwarte				2026-07-18T15:05:02.545Z		TAXON_ID_NOT_FOUND
4455560044	63f077c9-96a0-49de-b3ea-2aa565ee1098	SOI-AVES-476973595	Animalia	Chordata	Aves	Galliformes	Phasianidae	Tetrao	Tetrao urogallus		SPECIES	Tetrao urogallus Linnaeus, 1758	Tetrao urogallus Linnaeus, 1758	Linnaeus, 1758	CH		Be	PRESENT		64ee55c9-570a-42af-b7da-3f13c6b4e5a9	46.63533	7.89572	7070.0						2023			2023	55QS7	55QS7	HUMAN_OBSERVATION	SOI		SOI-AVES-476973595				CC_BY_4_0	Schweizerische Vogelwarte				2026-07-18T15:05:02.535Z		TAXON_ID_NOT_FOUND
4455558439	63f077c9-96a0-49de-b3ea-2aa565ee1098	SOI-AVES-416158171	Animalia	Chordata	Aves	Galliformes	Phasianidae	Tetrao	Tetrao urogallus		SPECIES	Tetrao urogallus Linnaeus, 1758	Tetrao urogallus Linnaeus, 1758	Linnaeus, 1758	CH		Fr	PRESENT		64ee55c9-570a-42af-b7da-3f13c6b4e5a9	46.72603	7.24242	7070.0						1993			1993	55QS7	55QS7	HUMAN_OBSERVATION	SOI		SOI-AVES-416158171				CC_BY_4_0	Schweizerische Vogelwarte				2026-07-18T15:05:05.091Z		TAXON_ID_NOT_FOUND
4455555571	63f077c9-96a0-49de-b3ea-2aa565ee1098	SOI-AVES-2108644141	Animalia	Chordata	Aves	Galliformes	Phasianidae	Tetrao	Tetrao urogallus		SPECIES	Tetrao urogallus Linnaeus, 1758	Tetrao urogallus Linnaeus, 1758	Linnaeus, 1758	CH		Ne	PRESENT		64ee55c9-570a-42af-b7da-3f13c6b4e5a9	46.99287	6.5841	7070.0						1994			1994	55QS7	55QS7	HUMAN_OBSERVATION	SOI		SOI-AVES-2108644141				CC_BY_4_0	Schweizerische Vogelwarte				2026-07-18T15:05:02.451Z		TAXON_ID_NOT_FOUND
4455554867	63f077c9-96a0-49de-b3ea-2aa565ee1098	SOI-AVES-2165657497	Animalia	Chordata	Aves	Galliformes	Phasianidae	Tetrao	Tetrao urogallus		SPECIES	Tetrao urogallus Linnaeus, 1758	Tetrao urogallus Linnaeus, 1758	Linnaeus, 1758	CH		Ow	PRESENT		64ee55c9-570a-42af-b7da-3f13c6b4e5a9	46.81389	8.15929	7070.0						2021			2021	55QS7	55QS7	HUMAN_OBSERVATION	SOI		SOI-AVES-2165657497				CC_BY_4_0	Schweizerische Vogelwarte				2026-07-18T15:05:05.039Z		TAXON_ID_NOT_FOUND
4455551347	63f077c9-96a0-49de-b3ea-2aa565ee1098	SOI-AVES-262458466	Animalia	Chordata	Aves	Galliformes	Phasianidae	Tetrao	Tetrao urogallus		SPECIES	Tetrao urogallus Linnaeus, 1758	Tetrao urogallus Linnaeus, 1758	Linnaeus, 1758	CH		So	PRESENT		64ee55c9-570a-42af-b7da-3f13c6b4e5a9	47.26589	7.50469	7070.0						2007			2007	55QS7	55QS7	HUMAN_OBSERVATION	SOI		SOI-AVES-262458466				CC_BY_4_0	Schweizerische Vogelwarte				2026-07-18T15:05:04.959Z		TAXON_ID_NOT_FOUND
4455551225	63f077c9-96a0-49de-b3ea-2aa565ee1098	SOI-AVES-2201249693	Animalia	Chordata	Aves	Galliformes	Phasianidae	Tetrao	Tetrao urogallus		SPECIES	Tetrao urogallus Linnaeus, 1758	Tetrao urogallus Linnaeus, 1758	Linnaeus, 1758	CH		Ai	PRESENT		64ee55c9-570a-42af-b7da-3f13c6b4e5a9	47.24999	9.35422	7070.0						2022			2022	55QS7	55QS7	HUMAN_OBSERVATION	SOI		SOI-AVES-2201249693				CC_BY_4_0	Schweizerische Vogelwarte				2026-07-18T15:05:04.368Z		TAXON_ID_NOT_FOUND
4455551037	63f077c9-96a0-49de-b3ea-2aa565ee1098	SOI-AVES-2178939739	Animalia	Chordata	Aves	Galliformes	Phasianidae	Tetrao	Tetrao urogallus		SPECIES	Tetrao urogallus Linnaeus, 1758	Tetrao urogallus Linnaeus, 1758	Linnaeus, 1758	CH		Gr	PRESENT		64ee55c9-570a-42af-b7da-3f13c6b4e5a9	46.70819	9.46579	7070.0						2023			2023	55QS7	55QS7	HUMAN_OBSERVATION	SOI		SOI-AVES-2178939739				CC_BY_4_0	Schweizerische Vogelwarte				2026-07-18T15:05:04.477Z		TAXON_ID_NOT_FOUND
4455549221	63f077c9-96a0-49de-b3ea-2aa565ee1098	SOI-AVES-253611354	Animalia	Chordata	Aves	Galliformes	Phasianidae	Tetrao	Tetrao urogallus		SPECIES	Tetrao urogallus Linnaeus, 1758	Tetrao urogallus Linnaeus, 1758	Linnaeus, 1758	CH		Gr	PRESENT		64ee55c9-570a-42af-b7da-3f13c6b4e5a9	46.62455	9.07085	7070.0						2020			2020	55QS7	55QS7	HUMAN_OBSERVATION	SOI		SOI-AVES-253611354				CC_BY_4_0	Schweizerische Vogelwarte				2026-07-18T15:05:02.337Z		TAXON_ID_NOT_FOUND
4455545769	63f077c9-96a0-49de-b3ea-2aa565ee1098	SOI-AVES-184969222	Animalia	Chordata	Aves	Galliformes	Phasianidae	Tetrao	Tetrao urogallus		SPECIES	Tetrao urogallus Linnaeus, 1758	Tetrao urogallus Linnaeus, 1758	Linnaeus, 1758	CH		Be	PRESENT		64ee55c9-570a-42af-b7da-3f13c6b4e5a9	46.72618	7.37323	7070.0						2023			2023	55QS7	55QS7	HUMAN_OBSERVATION	SOI		SOI-AVES-184969222				CC_BY_4_0	Schweizerische Vogelwarte				2026-07-18T15:05:02.283Z		TAXON_ID_NOT_FOUND
4455545514	63f077c9-96a0-49de-b3ea-2aa565ee1098	SOI-AVES-153568755	Animalia	Chordata	Aves	Galliformes	Phasianidae	Tetrao	Tetrao urogallus		SPECIES	Tetrao urogallus Linnaeus, 1758	Tetrao urogallus Linnaeus, 1758	Linnaeus, 1758	CH		Ai	PRESENT		64ee55c9-570a-42af-b7da-3f13c6b4e5a9	47.3399	9.35745	7070.0						2008			2008	55QS7	55QS7	HUMAN_OBSERVATION	SOI		SOI-AVES-153568755				CC_BY_4_0	Schweizerische Vogelwarte				2026-07-18T15:05:02.280Z		TAXON_ID_NOT_FOUND
4455544680	63f077c9-96a0-49de-b3ea-2aa565ee1098	SOI-AVES-183048210	Animalia	Chordata	Aves	Galliformes	Phasianidae	Tetrao	Tetrao urogallus		SPECIES	Tetrao urogallus Linnaeus, 1758	Tetrao urogallus Linnaeus, 1758	Linnaeus, 1758	CH		Gr	PRESENT		64ee55c9-570a-42af-b7da-3f13c6b4e5a9	46.62051	9.3319	7070.0						2022			2022	55QS7	55QS7	HUMAN_OBSERVATION	SOI		SOI-AVES-183048210				CC_BY_4_0	Schweizerische Vogelwarte				2026-07-18T15:05:04.683Z		TAXON_ID_NOT_FOUND
4455544189	63f077c9-96a0-49de-b3ea-2aa565ee1098	SOI-AVES-241580297	Animalia	Chordata	Aves	Galliformes	Phasianidae	Tetrao	Tetrao urogallus		SPECIES	Tetrao urogallus Linnaeus, 1758	Tetrao urogallus Linnaeus, 1758	Linnaeus, 1758	CH		Be	PRESENT		64ee55c9-570a-42af-b7da-3f13c6b4e5a9	46.81524	7.89724	7070.0						2023			2023	55QS7	55QS7	HUMAN_OBSERVATION	SOI		SOI-AVES-241580297				CC_BY_4_0	Schweizerische Vogelwarte				2026-07-18T15:05:02.284Z		TAXON_ID_NOT_FOUND
4455544133	63f077c9-96a0-49de-b3ea-2aa565ee1098	SOI-AVES-233350842	Animalia	Chordata	Aves	Galliformes	Phasianidae	Tetrao	Tetrao urogallus		SPECIES	Tetrao urogallus Linnaeus, 1758	Tetrao urogallus Linnaeus, 1758	Linnaeus, 1758	CH		Be	PRESENT		64ee55c9-570a-42af-b7da-3f13c6b4e5a9	47.08553	7.1094	7070.0						1996			1996	55QS7	55QS7	HUMAN_OBSERVATION	SOI		SOI-AVES-233350842				CC_BY_4_0	Schweizerische Vogelwarte				2026-07-18T15:05:04.364Z		TAXON_ID_NOT_FOUND
4455543532	63f077c9-96a0-49de-b3ea-2aa565ee1098	SOI-AVES-159036242	Animalia	Chordata	Aves	Galliformes	Phasianidae	Tetrao	Tetrao urogallus		SPECIES	Tetrao urogallus Linnaeus, 1758	Tetrao urogallus Linnaeus, 1758	Linnaeus, 1758	CH		Ur	PRESENT		64ee55c9-570a-42af-b7da-3f13c6b4e5a9	46.90068	8.55419	7070.0						1994			1994	55QS7	55QS7	HUMAN_OBSERVATION	SOI		SOI-AVES-159036242				CC_BY_4_0	Schweizerische Vogelwarte				2026-07-18T15:05:04.357Z		TAXON_ID_NOT_FOUND
4455543332	63f077c9-96a0-49de-b3ea-2aa565ee1098	SOI-AVES-134914495	Animalia	Chordata	Aves	Galliformes	Phasianidae	Tetrao	Tetrao urogallus		SPECIES	Tetrao urogallus Linnaeus, 1758	Tetrao urogallus Linnaeus, 1758	Linnaeus, 1758	CH		Be	PRESENT		64ee55c9-570a-42af-b7da-3f13c6b4e5a9	46.99514	7.89878	7070.0						2000			2000	55QS7	55QS7	HUMAN_OBSERVATION	SOI		SOI-AVES-134914495				CC_BY_4_0	Schweizerische Vogelwarte				2026-07-18T15:05:04.592Z		TAXON_ID_NOT_FOUND
4455541581	63f077c9-96a0-49de-b3ea-2aa565ee1098	SOI-AVES-1991518101	Animalia	Chordata	Aves	Galliformes	Phasianidae	Tetrao	Tetrao urogallus		SPECIES	Tetrao urogallus Linnaeus, 1758	Tetrao urogallus Linnaeus, 1758	Linnaeus, 1758	CH		Gl	PRESENT		64ee55c9-570a-42af-b7da-3f13c6b4e5a9	46.98233	9.21319	7070.0						2001			2001	55QS7	55QS7	HUMAN_OBSERVATION	SOI		SOI-AVES-1991518101				CC_BY_4_0	Schweizerische Vogelwarte				2026-07-18T15:05:04.332Z		TAXON_ID_NOT_FOUND
4455541505	63f077c9-96a0-49de-b3ea-2aa565ee1098	SOI-AVES-1982897608	Animalia	Chordata	Aves	Galliformes	Phasianidae	Tetrao	Tetrao urogallus		SPECIES	Tetrao urogallus Linnaeus, 1758	Tetrao urogallus Linnaeus, 1758	Linnaeus, 1758	CH		Gr	PRESENT		64ee55c9-570a-42af-b7da-3f13c6b4e5a9	46.87751	9.99713	7070.0						2022			2022	55QS7	55QS7	HUMAN_OBSERVATION	SOI		SOI-AVES-1982897608				CC_BY_4_0	Schweizerische Vogelwarte				2026-07-18T15:05:02.185Z		TAXON_ID_NOT_FOUND
4455540084	63f077c9-96a0-49de-b3ea-2aa565ee1098	SOI-AVES-97519365	Animalia	Chordata	Aves	Galliformes	Phasianidae	Tetrao	Tetrao urogallus		SPECIES	Tetrao urogallus Linnaeus, 1758	Tetrao urogallus Linnaeus, 1758	Linnaeus, 1758	CH		Gr	PRESENT		64ee55c9-570a-42af-b7da-3f13c6b4e5a9	46.70579	9.59651	7070.0						2019			2019	55QS7	55QS7	HUMAN_OBSERVATION	SOI		SOI-AVES-97519365				CC_BY_4_0	Schweizerische Vogelwarte				2026-07-18T15:05:04.617Z		TAXON_ID_NOT_FOUND
4455540081	63f077c9-96a0-49de-b3ea-2aa565ee1098	SOI-AVES-97079018	Animalia	Chordata	Aves	Galliformes	Phasianidae	Tetrao	Tetrao urogallus		SPECIES	Tetrao urogallus Linnaeus, 1758	Tetrao urogallus Linnaeus, 1758	Linnaeus, 1758	CH		Gr	PRESENT		64ee55c9-570a-42af-b7da-3f13c6b4e5a9	46.80247	9.20727	7070.0						2023			2023	55QS7	55QS7	HUMAN_OBSERVATION	SOI		SOI-AVES-97079018				CC_BY_4_0	Schweizerische Vogelwarte				2026-07-18T15:05:04.499Z		TAXON_ID_NOT_FOUND
4455538619	63f077c9-96a0-49de-b3ea-2aa565ee1098	SOI-AVES-42976186	Animalia	Chordata	Aves	Galliformes	Phasianidae	Tetrao	Tetrao urogallus		SPECIES	Tetrao urogallus Linnaeus, 1758	Tetrao urogallus Linnaeus, 1758	Linnaeus, 1758	CH		Gr	PRESENT		64ee55c9-570a-42af-b7da-3f13c6b4e5a9	46.61063	9.85389	7070.0						1995			1995	55QS7	55QS7	HUMAN_OBSERVATION	SOI		SOI-AVES-42976186				CC_BY_4_0	Schweizerische Vogelwarte				2026-07-18T15:05:04.251Z		TAXON_ID_NOT_FOUND
4455538530	63f077c9-96a0-49de-b3ea-2aa565ee1098	SOI-AVES-30934082	Animalia	Chordata	Aves	Galliformes	Phasianidae	Tetrao	Tetrao urogallus		SPECIES	Tetrao urogallus Linnaeus, 1758	Tetrao urogallus Linnaeus, 1758	Linnaeus, 1758	CH		Sg	PRESENT		64ee55c9-570a-42af-b7da-3f13c6b4e5a9	47.1578	9.48283	7070.0						2017			2017	55QS7	55QS7	HUMAN_OBSERVATION	SOI		SOI-AVES-30934082				CC_BY_4_0	Schweizerische Vogelwarte				2026-07-18T15:05:04.297Z		TAXON_ID_NOT_FOUND
4455538416	63f077c9-96a0-49de-b3ea-2aa565ee1098	SOI-AVES-15601958	Animalia	Chordata	Aves	Galliformes	Phasianidae	Tetrao	Tetrao urogallus		SPECIES	Tetrao urogallus Linnaeus, 1758	Tetrao urogallus Linnaeus, 1758	Linnaeus, 1758	CH		Be	PRESENT		64ee55c9-570a-42af-b7da-3f13c6b4e5a9	46.63578	7.76512	7070.0						2022			2022	55QS7	55QS7	HUMAN_OBSERVATION	SOI		SOI-AVES-15601958				CC_BY_4_0	Schweizerische Vogelwarte				2026-07-18T15:05:02.072Z		TAXON_ID_NOT_FOUND
4455537970	63f077c9-96a0-49de-b3ea-2aa565ee1098	SOI-AVES-80455514	Animalia	Chordata	Aves	Galliformes	Phasianidae	Tetrao	Tetrao urogallus		SPECIES	Tetrao urogallus Linnaeus, 1758	Tetrao urogallus Linnaeus, 1758	Linnaeus, 1758	CH		Gl	PRESENT		64ee55c9-570a-42af-b7da-3f13c6b4e5a9	46.89436	9.07904	7070.0						2003			2003	55QS7	55QS7	HUMAN_OBSERVATION	SOI		SOI-AVES-80455514				CC_BY_4_0	Schweizerische Vogelwarte				2026-07-18T15:05:04.579Z		TAXON_ID_NOT_FOUND
4455537738	63f077c9-96a0-49de-b3ea-2aa565ee1098	SOI-AVES-55546788	Animalia	Chordata	Aves	Galliformes	Phasianidae	Tetrao	Tetrao urogallus		SPECIES	Tetrao urogallus Linnaeus, 1758	Tetrao urogallus Linnaeus, 1758	Linnaeus, 1758	CH		Be	PRESENT		64ee55c9-570a-42af-b7da-3f13c6b4e5a9	47.26588	7.37256	7070.0						2010			2010	55QS7	55QS7	HUMAN_OBSERVATION	SOI		SOI-AVES-55546788				CC_BY_4_0	Schweizerische Vogelwarte				2026-07-18T15:05:04.576Z		TAXON_ID_NOT_FOUND
4455534984	63f077c9-96a0-49de-b3ea-2aa565ee1098	SOI-AVES-1920292311	Animalia	Chordata	Aves	Galliformes	Phasianidae	Tetrao	Tetrao urogallus		SPECIES	Tetrao urogallus Linnaeus, 1758	Tetrao urogallus Linnaeus, 1758	Linnaeus, 1758	CH		Sz	PRESENT		64ee55c9-570a-42af-b7da-3f13c6b4e5a9	46.98776	8.81894	7070.0						2015			2015	55QS7	55QS7	HUMAN_OBSERVATION	SOI		SOI-AVES-1920292311				CC_BY_4_0	Schweizerische Vogelwarte				2026-07-18T15:05:04.254Z		TAXON_ID_NOT_FOUND
4455534698	63f077c9-96a0-49de-b3ea-2aa565ee1098	SOI-AVES-1885101587	Animalia	Chordata	Aves	Galliformes	Phasianidae	Tetrao	Tetrao urogallus		SPECIES	Tetrao urogallus Linnaeus, 1758	Tetrao urogallus Linnaeus, 1758	Linnaeus, 1758	CH		Be	PRESENT		64ee55c9-570a-42af-b7da-3f13c6b4e5a9	46.36636	7.37367	7070.0						1993			1993	55QS7	55QS7	HUMAN_OBSERVATION	SOI		SOI-AVES-1885101587				CC_BY_4_0	Schweizerische Vogelwarte				2026-07-18T15:05:01.902Z		TAXON_ID_NOT_FOUND
4455534532	63f077c9-96a0-49de-b3ea-2aa565ee1098	SOI-AVES-1863336954	Animalia	Chordata	Aves	Galliformes	Phasianidae	Tetrao	Tetrao urogallus		SPECIES	Tetrao urogallus Linnaeus, 1758	Tetrao urogallus Linnaeus, 1758	Linnaeus, 1758	CH		Gr	PRESENT		64ee55c9-570a-42af-b7da-3f13c6b4e5a9	46.80442	9.0763	7070.0						2023			2023	55QS7	55QS7	HUMAN_OBSERVATION	SOI		SOI-AVES-1863336954				CC_BY_4_0	Schweizerische Vogelwarte				2026-07-18T15:05:01.907Z		TAXON_ID_NOT_FOUND
4455534271	63f077c9-96a0-49de-b3ea-2aa565ee1098	SOI-AVES-1941329624	Animalia	Chordata	Aves	Galliformes	Phasianidae	Tetrao	Tetrao urogallus		SPECIES	Tetrao urogallus Linnaeus, 1758	Tetrao urogallus Linnaeus, 1758	Linnaeus, 1758	CH		Vd	PRESENT		64ee55c9-570a-42af-b7da-3f13c6b4e5a9	46.81297	6.58696	7070.0						1992			1992	55QS7	55QS7	HUMAN_OBSERVATION	SOI		SOI-AVES-1941329624				CC_BY_4_0	Schweizerische Vogelwarte				2026-07-18T15:05:04.211Z		TAXON_ID_NOT_FOUND
4455533782	63f077c9-96a0-49de-b3ea-2aa565ee1098	SOI-AVES-1875842242	Animalia	Chordata	Aves	Galliformes	Phasianidae	Tetrao	Tetrao urogallus		SPECIES	Tetrao urogallus Linnaeus, 1758	Tetrao urogallus Linnaeus, 1758	Linnaeus, 1758	CH		Sz	PRESENT		64ee55c9-570a-42af-b7da-3f13c6b4e5a9	47.16763	8.82358	7070.0						2018			2018	55QS7	55QS7	HUMAN_OBSERVATION	SOI		SOI-AVES-1875842242				CC_BY_4_0	Schweizerische Vogelwarte				2026-07-18T15:05:01.535Z		TAXON_ID_NOT_FOUND
4165468248	50c9509d-22c7-4a22-a47d-8c48425ef4a7	https://www.inaturalist.org/observations/174496846	Animalia	Chordata	Aves	Galliformes	Phasianidae	Tetrao	Tetrao urogallus		SPECIES	Tetrao urogallus Linnaeus, 1758	Tetrao urogallus		CH		Uri	PRESENT		28eb1a3f-1c15-4a95-931a-4af90ecb574d	46.67267	8.552324	26967.0						2023-07-23T09:43:04	23	7	2023	55QS7	55QS7	HUMAN_OBSERVATION	iNaturalist	Observations	174496846		Arno	2023-07-23T16:01:23	CC_BY_NC_4_0	Arno	Arno			2026-09-11T06:09:00.195Z	StillImage	COORDINATE_ROUNDED;CONTINENT_DERIVED_FROM_COORDINATES;TAXON_ID_NOT_FOUND
3704487478	b1047888-ae52-4179-9dd5-5448ea342a24	https://data.biodiversitydata.nl/xeno-canto/observation/XC704281	Animalia	Chordata	Aves	Galliformes	Phasianidae	Tetrao	Tetrao urogallus		SPECIES	Tetrao urogallus Linnaeus, 1758	Tetrao urogallus		CH	Arzier-Le Muids, Nyon District, Vaud		PRESENT		1f00d75c-f6fc-4224-a595-975e82d7689c	46.4908	6.1534							2021-04-25	25	4	2021	55QS7	55QS7	HUMAN_OBSERVATION		Wildlife sounds - Birds	XC704281				CC_BY_NC_4_0	Pierre Mollet	Pierre Mollet			2026-09-09T21:22:53.633Z	StillImage;Sound	CONTINENT_DERIVED_FROM_COORDINATES
3704484479	b1047888-ae52-4179-9dd5-5448ea342a24	https://data.biodiversitydata.nl/xeno-canto/observation/XC704283	Animalia	Chordata	Aves	Galliformes	Phasianidae	Tetrao	Tetrao urogallus		SPECIES	Tetrao urogallus Linnaeus, 1758	Tetrao urogallus		CH	Arzier-Le Muids, Nyon District, Vaud		PRESENT		1f00d75c-f6fc-4224-a595-975e82d7689c	46.4908	6.1534							2021-04-25	25	4	2021	55QS7	55QS7	HUMAN_OBSERVATION		Wildlife sounds - Birds	XC704283				CC_BY_NC_4_0	Pierre Mollet	Pierre Mollet			2026-09-09T21:22:35.459Z	StillImage;Sound	CONTINENT_DERIVED_FROM_COORDINATES
3704481473	b1047888-ae52-4179-9dd5-5448ea342a24	https://data.biodiversitydata.nl/xeno-canto/observation/XC704282	Animalia	Chordata	Aves	Galliformes	Phasianidae	Tetrao	Tetrao urogallus		SPECIES	Tetrao urogallus Linnaeus, 1758	Tetrao urogallus		CH	Arzier-Le Muids, Nyon District, Vaud		PRESENT		1f00d75c-f6fc-4224-a595-975e82d7689c	46.4908	6.1534							2021-04-25	25	4	2021	55QS7	55QS7	HUMAN_OBSERVATION		Wildlife sounds - Birds	XC704282				CC_BY_NC_4_0	Pierre Mollet	Pierre Mollet			2026-09-09T21:22:49.669Z	StillImage;Sound	CONTINENT_DERIVED_FROM_COORDINATES
3704473480	b1047888-ae52-4179-9dd5-5448ea342a24	https://data.biodiversitydata.nl/xeno-canto/observation/XC704284	Animalia	Chordata	Aves	Galliformes	Phasianidae	Tetrao	Tetrao urogallus		SPECIES	Tetrao urogallus Linnaeus, 1758	Tetrao urogallus		CH	Arzier-Le Muids, Nyon District, Vaud		PRESENT		1f00d75c-f6fc-4224-a595-975e82d7689c	46.4908	6.1534							2021-04-25	25	4	2021	55QS7	55QS7	HUMAN_OBSERVATION		Wildlife sounds - Birds	XC704284				CC_BY_NC_4_0	Pierre Mollet	Pierre Mollet			2026-09-09T21:22:55.115Z	StillImage;Sound	CONTINENT_DERIVED_FROM_COORDINATES
3314375578	50c9509d-22c7-4a22-a47d-8c48425ef4a7	https://www.inaturalist.org/observations/84331350	Animalia	Chordata	Aves	Galliformes	Phasianidae	Tetrao	Tetrao urogallus		SPECIES	Tetrao urogallus Linnaeus, 1758	Tetrao urogallus		CH		Graubünden	PRESENT		28eb1a3f-1c15-4a95-931a-4af90ecb574d	46.759771	8.906435	26967.0						2021-06-24T09:36	24	6	2021	55QS7	55QS7	HUMAN_OBSERVATION	iNaturalist	Observations	84331350		Amanda Janusz	2021-06-26T04:52:06	CC_BY_NC_4_0	Mirko Tomasi	Mirko Tomasi			2026-09-11T05:42:49.508Z	StillImage	COORDINATE_ROUNDED;CONTINENT_DERIVED_FROM_COORDINATES;TAXON_ID_NOT_FOUND
3097192701	50c9509d-22c7-4a22-a47d-8c48425ef4a7	https://www.inaturalist.org/observations/74865908	Animalia	Chordata	Aves	Galliformes	Phasianidae	Tetrao	Tetrao urogallus		SPECIES	Tetrao urogallus Linnaeus, 1758	Tetrao urogallus		CH		Lucerne	PRESENT		28eb1a3f-1c15-4a95-931a-4af90ecb574d	47.197165	7.930922	26903.0						2021-04-21T15:01:22	21	4	2021	55QS7	55QS7	HUMAN_OBSERVATION	iNaturalist	Observations	74865908		Romain Dupraz	2021-04-22T19:41:30	CC_BY_NC_4_0	resch1	resch1			2026-09-11T05:26:17.018Z	StillImage	COORDINATE_ROUNDED;CONTINENT_DERIVED_FROM_COORDINATES;TAXON_ID_NOT_FOUND
3039436910	50c9509d-22c7-4a22-a47d-8c48425ef4a7	https://www.inaturalist.org/observations/69317452	Animalia	Chordata	Aves	Galliformes	Phasianidae	Tetrao	Tetrao urogallus		SPECIES	Tetrao urogallus Linnaeus, 1758	Tetrao urogallus		CH		Graubünden	PRESENT		28eb1a3f-1c15-4a95-931a-4af90ecb574d	46.789087	9.346865	26967.0						2009-05-04T16:55Z	4	5	2009	55QS7	55QS7	HUMAN_OBSERVATION	iNaturalist	Observations	69317452		chorthippus	2021-02-09T19:43:15	CC_BY_NC_4_0	chorthippus	chorthippus			2026-09-11T05:51:10.313Z	StillImage	COORDINATE_ROUNDED;CONTINENT_DERIVED_FROM_COORDINATES;TAXON_ID_NOT_FOUND
3025564302	8138eb72-f762-11e1-a439-00145eb45e9a	https://darwin.naturalsciences.be/uri/object/17fc572f-ac8a-40de-a5ad-cda8ec2c29a8	Animalia	Chordata	Aves	Galliformes	Phasianidae	Tetrao	Tetrao urogallus	major	SUBSPECIES	Tetrao urogallus major C.L.Brehm, 1831	Tetrao urogallus major Brehm, 1844		CH			PRESENT		e88c96a3-5884-4e51-a580-e417ca4c9eed									1891-05		5	1891	5LGHT	55QS7	PRESERVED_SPECIMEN	RBINS-Scientific Heritage	urn:catalog:RBINS:ave	7587B		Orts M.	1956-01-01T00:00:00	CC_BY_NC_4_0	Royal Belgian Institute of Natural Sciences				2026-08-24T21:01:50.394Z		CONTINENT_DERIVED_FROM_COUNTRY;TYPE_STATUS_INVALID;INSTITUTION_MATCH_NONE
3025533756	8138eb72-f762-11e1-a439-00145eb45e9a	https://darwin.naturalsciences.be/uri/object/03dd0f4b-f633-44bf-9ec4-e9ad1124e290	Animalia	Chordata	Aves	Galliformes	Phasianidae	Tetrao	Tetrao urogallus	major	SUBSPECIES	Tetrao urogallus major C.L.Brehm, 1831	Tetrao urogallus major Brehm, 1844		CH			PRESENT		e88c96a3-5884-4e51-a580-e417ca4c9eed									1891-05		5	1891	5LGHT	55QS7	PRESERVED_SPECIMEN	RBINS-Scientific Heritage	urn:catalog:RBINS:ave	7587D		Orts M.	1956-01-01T00:00:00	CC_BY_NC_4_0	Royal Belgian Institute of Natural Sciences				2026-08-24T21:02:01.456Z		CONTINENT_DERIVED_FROM_COUNTRY;TYPE_STATUS_INVALID;INSTITUTION_MATCH_NONE
3024479785	0c4bf92b-95c9-4a2a-9756-67d98195459f	https://darwin.naturalsciences.be/uri/object/17fc572f-ac8a-40de-a5ad-cda8ec2c29a8	Animalia	Chordata	Aves	Galliformes	Phasianidae	Tetrao	Tetrao urogallus	major	SUBSPECIES	Tetrao urogallus major C.L.Brehm, 1831	Tetrao urogallus major Brehm, 1844		CH			PRESENT	5	e88c96a3-5884-4e51-a580-e417ca4c9eed									1891-05		5	1891	5LGHT	55QS7	PRESERVED_SPECIMEN	RBINS	VER-BIR	7587B	urn:catalog:RBINS:IG:10072	Orts M.	1956-01-01T00:00:00	CC_BY_NC_4_0	Royal Belgian Institute of Natural Sciences				2026-09-01T18:18:31.528Z		CONTINENT_DERIVED_FROM_COUNTRY
3024472492	0c4bf92b-95c9-4a2a-9756-67d98195459f	https://darwin.naturalsciences.be/uri/object/03dd0f4b-f633-44bf-9ec4-e9ad1124e290	Animalia	Chordata	Aves	Galliformes	Phasianidae	Tetrao	Tetrao urogallus	major	SUBSPECIES	Tetrao urogallus major C.L.Brehm, 1831	Tetrao urogallus major Brehm, 1844		CH			PRESENT	7	e88c96a3-5884-4e51-a580-e417ca4c9eed									1891-05		5	1891	5LGHT	55QS7	PRESERVED_SPECIMEN	RBINS	VER-BIR	7587D	urn:catalog:RBINS:IG:10072	Orts M.	1956-01-01T00:00:00	CC_BY_NC_4_0	Royal Belgian Institute of Natural Sciences				2026-09-01T18:18:30.943Z		CONTINENT_DERIVED_FROM_COUNTRY
2862914426	d740f242-6c26-4229-9a8f-b63bfab63dc6	154550	Animalia	Chordata	Aves	Galliformes	Phasianidae	Tetrao	Tetrao urogallus		SPECIES	Tetrao urogallus Linnaeus, 1758	Tetrao urogallus		CH	KT. SCHWYZ		PRESENT	1	2963d877-8230-45bd-a223-544376275120	47.05	8.733333	36947.0						1900			1900	55QS7	55QS7	PRESERVED_SPECIMEN	Zoologisches Museum der Universitat Zurich-Irchel, Switzerland						CC_BY_4_0					2026-09-09T15:23:12.454Z		COORDINATE_ROUNDED;CONTINENT_DERIVED_FROM_COORDINATES;INSTITUTION_MATCH_NONE
2862910476	d740f242-6c26-4229-9a8f-b63bfab63dc6	155396	Animalia	Chordata	Aves	Galliformes	Phasianidae	Tetrao	Tetrao urogallus		SPECIES	Tetrao urogallus Linnaeus, 1758	Tetrao urogallus		CH	Thun (near)		PRESENT	1	2963d877-8230-45bd-a223-544376275120	46.683333	7.7	18479.0										55QS7	55QS7	PRESERVED_SPECIMEN	National Museum of Natural History, Leiden, Netherlands						CC_BY_4_0					2026-09-09T15:23:10.612Z		COORDINATE_ROUNDED;CONTINENT_DERIVED_FROM_COORDINATES;RECORDED_DATE_INVALID;INSTITUTION_MATCH_NONE
2862901455	d740f242-6c26-4229-9a8f-b63bfab63dc6	154546	Animalia	Chordata	Aves	Galliformes	Phasianidae	Tetrao	Tetrao urogallus		SPECIES	Tetrao urogallus Linnaeus, 1758	Tetrao urogallus		CH	Simmental		PRESENT	1	2963d877-8230-45bd-a223-544376275120	46.65	7.5	1330.0						1870			1870	55QS7	55QS7	PRESERVED_SPECIMEN	Zoologisches Museum der Universitat Zurich-Irchel, Switzerland						CC_BY_4_0					2026-09-09T15:23:07Z		CONTINENT_DERIVED_FROM_COORDINATES;INSTITUTION_MATCH_NONE
2862892896	d740f242-6c26-4229-9a8f-b63bfab63dc6	116193	Animalia	Chordata	Aves	Galliformes	Phasianidae	Tetrao	Tetrao urogallus		SPECIES	Tetrao urogallus Linnaeus, 1758	Tetrao urogallus		CH	Saint Gall  , 05/1891		PRESENT	7	2963d877-8230-45bd-a223-544376275120	47.416667	9.366667	1848.0						1891			1891	55QS7	55QS7	PRESERVED_SPECIMEN	Institut Royal des Sciences Naturelles de Belgique, Belgium						CC_BY_4_0		Spas			2026-09-09T15:23:03.573Z		COORDINATE_ROUNDED;CONTINENT_DERIVED_FROM_COORDINATES;INSTITUTION_MATCH_NONE
2862892866	d740f242-6c26-4229-9a8f-b63bfab63dc6	114654	Animalia	Chordata	Aves	Galliformes	Phasianidae	Tetrao	Tetrao urogallus		SPECIES	Tetrao urogallus Linnaeus, 1758	Tetrao urogallus		CH			PRESENT	1	2963d877-8230-45bd-a223-544376275120													55QS7	55QS7	PRESERVED_SPECIMEN	Museum d'Histoire Naturelle de la Ville de Geneve, Switzerland						CC_BY_4_0					2026-09-09T15:23:04.677Z		CONTINENT_DERIVED_FROM_COUNTRY;RECORDED_DATE_INVALID;INSTITUTION_MATCH_NONE
2862889883	d740f242-6c26-4229-9a8f-b63bfab63dc6	114634	Animalia	Chordata	Aves	Galliformes	Phasianidae	Tetrao	Tetrao urogallus		SPECIES	Tetrao urogallus Linnaeus, 1758	Tetrao urogallus		CH			PRESENT	1	2963d877-8230-45bd-a223-544376275120									1843-05		5	1843	55QS7	55QS7	PRESERVED_SPECIMEN	Museum d'Histoire Naturelle de la Ville de Geneve, Switzerland						CC_BY_4_0					2026-09-09T15:23:02.387Z		CONTINENT_DERIVED_FROM_COUNTRY;INSTITUTION_MATCH_NONE
2862888883	d740f242-6c26-4229-9a8f-b63bfab63dc6	114633	Animalia	Chordata	Aves	Galliformes	Phasianidae	Tetrao	Tetrao urogallus		SPECIES	Tetrao urogallus Linnaeus, 1758	Tetrao urogallus		CH			PRESENT	1	2963d877-8230-45bd-a223-544376275120									1918-12		12	1918	55QS7	55QS7	PRESERVED_SPECIMEN	Museum d'Histoire Naturelle de la Ville de Geneve, Switzerland						CC_BY_4_0					2026-09-09T15:23:02.277Z		CONTINENT_DERIVED_FROM_COUNTRY;INSTITUTION_MATCH_NONE
2862887923	d740f242-6c26-4229-9a8f-b63bfab63dc6	116189	Animalia	Chordata	Aves	Galliformes	Phasianidae	Tetrao	Tetrao urogallus		SPECIES	Tetrao urogallus Linnaeus, 1758	Tetrao urogallus		CH	Saint Gall  , 05/1891		PRESENT	5	2963d877-8230-45bd-a223-544376275120	47.416667	9.366667	1848.0						1891			1891	55QS7	55QS7	PRESERVED_SPECIMEN	Institut Royal des Sciences Naturelles de Belgique, Belgium						CC_BY_4_0		Spas			2026-09-09T15:23:03.028Z		COORDINATE_ROUNDED;CONTINENT_DERIVED_FROM_COORDINATES;INSTITUTION_MATCH_NONE
2862886881	d740f242-6c26-4229-9a8f-b63bfab63dc6	114353	Animalia	Chordata	Aves	Galliformes	Phasianidae	Tetrao	Tetrao urogallus		SPECIES	Tetrao urogallus Linnaeus, 1758	Tetrao urogallus		CH			PRESENT	1	2963d877-8230-45bd-a223-544376275120									2004-05-20	20	5	2004	55QS7	55QS7	PRESERVED_SPECIMEN	Museum d'Histoire Naturelle de la Ville de Geneve, Switzerland						CC_BY_4_0					2026-09-09T15:23:02.630Z		CONTINENT_DERIVED_FROM_COUNTRY;INSTITUTION_MATCH_NONE
2862885938	d740f242-6c26-4229-9a8f-b63bfab63dc6	95612	Animalia	Chordata	Aves	Galliformes	Phasianidae	Tetrao	Tetrao urogallus		SPECIES	Tetrao urogallus Linnaeus, 1758	Tetrao urogallus		CH	Trachselwald		PRESENT	1	2963d877-8230-45bd-a223-544376275120	47.016667	7.733333	1848.0						1989-11-24	24	11	1989	55QS7	55QS7	PRESERVED_SPECIMEN	Naturhistorisches Museum Bern, Switzerland						CC_BY_4_0		Tierspital Bern			2026-09-09T15:23:01.135Z		COORDINATE_ROUNDED;CONTINENT_DERIVED_FROM_COORDINATES;INSTITUTION_MATCH_NONE
2862885937	d740f242-6c26-4229-9a8f-b63bfab63dc6	95568	Animalia	Chordata	Aves	Galliformes	Phasianidae	Tetrao	Tetrao urogallus		SPECIES	Tetrao urogallus Linnaeus, 1758	Tetrao urogallus		CH	Huttwil		PRESENT	1	2963d877-8230-45bd-a223-544376275120	47.116667	7.833333	1848.0						1988-03-15	15	3	1988	55QS7	55QS7	PRESERVED_SPECIMEN	Naturhistorisches Museum Bern, Switzerland						CC_BY_4_0					2026-09-09T15:23:01.133Z		COORDINATE_ROUNDED;CONTINENT_DERIVED_FROM_COORDINATES;INSTITUTION_MATCH_NONE
2862884881	d740f242-6c26-4229-9a8f-b63bfab63dc6	114666	Animalia	Chordata	Aves	Galliformes	Phasianidae	Tetrao	Tetrao urogallus		SPECIES	Tetrao urogallus Linnaeus, 1758	Tetrao urogallus		CH			PRESENT	1	2963d877-8230-45bd-a223-544376275120													55QS7	55QS7	PRESERVED_SPECIMEN	Museum d'Histoire Naturelle de la Ville de Geneve, Switzerland						CC_BY_4_0					2026-09-09T15:23:00.849Z		CONTINENT_DERIVED_FROM_COUNTRY;RECORDED_DATE_INVALID;INSTITUTION_MATCH_NONE
2862884872	d740f242-6c26-4229-9a8f-b63bfab63dc6	114332	Animalia	Chordata	Aves	Galliformes	Phasianidae	Tetrao	Tetrao urogallus		SPECIES	Tetrao urogallus Linnaeus, 1758	Tetrao urogallus		CH			PRESENT	1	2963d877-8230-45bd-a223-544376275120									1929-11-12	12	11	1929	55QS7	55QS7	PRESERVED_SPECIMEN	Museum d'Histoire Naturelle de la Ville de Geneve, Switzerland						CC_BY_4_0					2026-09-09T15:23:01.994Z		CONTINENT_DERIVED_FROM_COUNTRY;INSTITUTION_MATCH_NONE
2862883921	d740f242-6c26-4229-9a8f-b63bfab63dc6	95214	Animalia	Chordata	Aves	Galliformes	Phasianidae	Tetrao	Tetrao urogallus		SPECIES	Tetrao urogallus Linnaeus, 1758	Tetrao urogallus		CH	Eggiwil		PRESENT	1	2963d877-8230-45bd-a223-544376275120	46.866667	7.783333	1848.0						1983-04-17	17	4	1983	55QS7	55QS7	PRESERVED_SPECIMEN	Naturhistorisches Museum Bern, Switzerland						CC_BY_4_0		Trachsel, WH			2026-09-09T15:23:00.453Z		COORDINATE_ROUNDED;CONTINENT_DERIVED_FROM_COORDINATES;INSTITUTION_MATCH_NONE
2862882807	d740f242-6c26-4229-9a8f-b63bfab63dc6	92047	Animalia	Chordata	Aves	Galliformes	Phasianidae	Tetrao	Tetrao urogallus		SPECIES	Tetrao urogallus Linnaeus, 1758	Tetrao urogallus		CH			PRESENT		2963d877-8230-45bd-a223-544376275120									1977-03-30	30	3	1977	55QS7	55QS7	PRESERVED_SPECIMEN	Natural History Musuem, Vienna, Austria						CC_BY_4_0		Bauer, K.			2026-09-09T15:23:00.040Z		CONTINENT_DERIVED_FROM_COUNTRY;INSTITUTION_MATCH_NONE
2862880947	d740f242-6c26-4229-9a8f-b63bfab63dc6	95682	Animalia	Chordata	Aves	Galliformes	Phasianidae	Tetrao	Tetrao urogallus		SPECIES	Tetrao urogallus Linnaeus, 1758	Tetrao urogallus		CH	Weissenbach		PRESENT	1	2963d877-8230-45bd-a223-544376275120	46.6	7.366667	1848.0						1960-08		8	1960	55QS7	55QS7	PRESERVED_SPECIMEN	Naturhistorisches Museum Bern, Switzerland						CC_BY_4_0		Sägesser Hannes, Dr.			2026-09-09T15:22:59.291Z		COORDINATE_ROUNDED;CONTINENT_DERIVED_FROM_COORDINATES;INSTITUTION_MATCH_NONE
2862880931	d740f242-6c26-4229-9a8f-b63bfab63dc6	95088	Animalia	Chordata	Aves	Galliformes	Phasianidae	Tetrao	Tetrao urogallus		SPECIES	Tetrao urogallus Linnaeus, 1758	Tetrao urogallus		CH	Interlaken		PRESENT	1	2963d877-8230-45bd-a223-544376275120	46.833333	7.85	1848.0						1954-12-29	29	12	1954	55QS7	55QS7	PRESERVED_SPECIMEN	Naturhistorisches Museum Bern, Switzerland						CC_BY_4_0		Brunner			2026-09-09T15:22:59.282Z		COORDINATE_ROUNDED;CONTINENT_DERIVED_FROM_COORDINATES;INSTITUTION_MATCH_NONE
2862880930	d740f242-6c26-4229-9a8f-b63bfab63dc6	95015	Animalia	Chordata	Aves	Galliformes	Phasianidae	Tetrao	Tetrao urogallus		SPECIES	Tetrao urogallus Linnaeus, 1758	Tetrao urogallus		CH	Niederhorn		PRESENT	1	2963d877-8230-45bd-a223-544376275120	46.7	7.766667	18479.0										55QS7	55QS7	PRESERVED_SPECIMEN	Naturhistorisches Museum Bern, Switzerland						CC_BY_4_0		Zurbuchen Gottfried, WH			2026-09-09T15:23:00.228Z		COORDINATE_ROUNDED;CONTINENT_DERIVED_FROM_COORDINATES;INSTITUTION_MATCH_NONE
2862879891	d740f242-6c26-4229-9a8f-b63bfab63dc6	114629	Animalia	Chordata	Aves	Galliformes	Phasianidae	Tetrao	Tetrao urogallus		SPECIES	Tetrao urogallus Linnaeus, 1758	Tetrao urogallus		CH			PRESENT	1	2963d877-8230-45bd-a223-544376275120									1915-11		11	1915	55QS7	55QS7	PRESERVED_SPECIMEN	Museum d'Histoire Naturelle de la Ville de Geneve, Switzerland						CC_BY_4_0					2026-09-09T15:22:58.884Z		CONTINENT_DERIVED_FROM_COUNTRY;INSTITUTION_MATCH_NONE
2862878946	d740f242-6c26-4229-9a8f-b63bfab63dc6	95663	Animalia	Chordata	Aves	Galliformes	Phasianidae	Tetrao	Tetrao urogallus		SPECIES	Tetrao urogallus Linnaeus, 1758	Tetrao urogallus		CH	Ranflüh		PRESENT	1	2963d877-8230-45bd-a223-544376275120	46.983333	7.733333	1848.0						1993-09		9	1993	55QS7	55QS7	PRESERVED_SPECIMEN	Naturhistorisches Museum Bern, Switzerland						CC_BY_4_0		Wittwer H.			2026-09-09T15:22:59.455Z		COORDINATE_ROUNDED;CONTINENT_DERIVED_FROM_COORDINATES;INSTITUTION_MATCH_NONE
2862878941	d740f242-6c26-4229-9a8f-b63bfab63dc6	95447	Animalia	Chordata	Aves	Galliformes	Phasianidae	Tetrao	Tetrao urogallus		SPECIES	Tetrao urogallus Linnaeus, 1758	Tetrao urogallus		CH	Pilatus		PRESENT	1	2963d877-8230-45bd-a223-544376275120	46.966667	8.25	1848.0						1896-08		8	1896	55QS7	55QS7	PRESERVED_SPECIMEN	Naturhistorisches Museum Bern, Switzerland						CC_BY_4_0		Stauffer			2026-09-09T15:22:58.426Z		COORDINATE_ROUNDED;CONTINENT_DERIVED_FROM_COORDINATES;INSTITUTION_MATCH_NONE
2862877957	d740f242-6c26-4229-9a8f-b63bfab63dc6	95563	Animalia	Chordata	Aves	Galliformes	Phasianidae	Tetrao	Tetrao urogallus		SPECIES	Tetrao urogallus Linnaeus, 1758	Tetrao urogallus		CH	Dürrenroth		PRESENT	1	2963d877-8230-45bd-a223-544376275120	47.083333	7.783333	1848.0						1979-05-26	26	5	1979	55QS7	55QS7	PRESERVED_SPECIMEN	Naturhistorisches Museum Bern, Switzerland						CC_BY_4_0		Appenzeller Ernst, WH			2026-09-09T15:22:58.135Z		COORDINATE_ROUNDED;CONTINENT_DERIVED_FROM_COORDINATES;INSTITUTION_MATCH_NONE
2862877248	d740f242-6c26-4229-9a8f-b63bfab63dc6	79313	Animalia	Chordata	Aves	Galliformes	Phasianidae	Tetrao	Tetrao urogallus		SPECIES	Tetrao urogallus Linnaeus, 1758	Tetrao urogallus		CH	Fruitière de Bevaix		PRESENT	1	2963d877-8230-45bd-a223-544376275120									1988			1988	55QS7	55QS7	PRESERVED_SPECIMEN	Museum d'Histoire Naturelle de Neuchatel, Switzerland						CC_BY_4_0					2026-09-09T15:22:58.862Z		CONTINENT_DERIVED_FROM_COUNTRY;INSTITUTION_MATCH_NONE
2862876634	d740f242-6c26-4229-9a8f-b63bfab63dc6	62447	Animalia	Chordata	Aves	Galliformes	Phasianidae	Tetrao	Tetrao urogallus		SPECIES	Tetrao urogallus Linnaeus, 1758	Tetrao urogallus		CH	Langendorf bei Solothurn		PRESENT	1	2963d877-8230-45bd-a223-544376275120	47.2	7.533333	18479.0						1953-10-18	18	10	1953	55QS7	55QS7	PRESERVED_SPECIMEN	Naturhistorisches Museum, Basel, Switzerland						CC_BY_4_0					2026-09-09T15:22:58.957Z		COORDINATE_ROUNDED;CONTINENT_DERIVED_FROM_COORDINATES;INSTITUTION_MATCH_NONE
2862876591	d740f242-6c26-4229-9a8f-b63bfab63dc6	59946	Animalia	Chordata	Aves	Galliformes	Phasianidae	Tetrao	Tetrao urogallus		SPECIES	Tetrao urogallus Linnaeus, 1758	Tetrao urogallus		CH	Nozal des Begnignes		PRESENT	1	2963d877-8230-45bd-a223-544376275120									1961-10-07	7	10	1961	55QS7	55QS7	PRESERVED_SPECIMEN	Musee Zoologie, Lausanne, Switzerland						CC_BY_4_0					2026-09-09T15:22:58.945Z		CONTINENT_DERIVED_FROM_COUNTRY;INSTITUTION_MATCH_NONE
2862875953	d740f242-6c26-4229-9a8f-b63bfab63dc6	95443	Animalia	Chordata	Aves	Galliformes	Phasianidae	Tetrao	Tetrao urogallus		SPECIES	Tetrao urogallus Linnaeus, 1758	Tetrao urogallus		CH			PRESENT	1	2963d877-8230-45bd-a223-544376275120	47.366667	7.2	18479.0										55QS7	55QS7	PRESERVED_SPECIMEN	Naturhistorisches Museum Bern, Switzerland						CC_BY_4_0		Schwab, Dr.			2026-09-09T15:22:58.673Z		COORDINATE_ROUNDED;CONTINENT_DERIVED_FROM_COORDINATES;INSTITUTION_MATCH_NONE
2862875940	d740f242-6c26-4229-9a8f-b63bfab63dc6	95047	Animalia	Chordata	Aves	Galliformes	Phasianidae	Tetrao	Tetrao urogallus		SPECIES	Tetrao urogallus Linnaeus, 1758	Tetrao urogallus		CH	Gurnigel		PRESENT	1	2963d877-8230-45bd-a223-544376275120	46.766667	7.45	18479.0						1976-06-17	17	6	1976	55QS7	55QS7	PRESERVED_SPECIMEN	Naturhistorisches Museum Bern, Switzerland						CC_BY_4_0		Maurer F.			2026-09-09T15:22:57.350Z		COORDINATE_ROUNDED;CONTINENT_DERIVED_FROM_COORDINATES;INSTITUTION_MATCH_NONE
2862875939	d740f242-6c26-4229-9a8f-b63bfab63dc6	95010	Animalia	Chordata	Aves	Galliformes	Phasianidae	Tetrao	Tetrao urogallus		SPECIES	Tetrao urogallus Linnaeus, 1758	Tetrao urogallus		CH	Schwyz		PRESENT	1	2963d877-8230-45bd-a223-544376275120	47.016667	8.616667	1848.0						1983-10-20	20	10	1983	55QS7	55QS7	PRESERVED_SPECIMEN	Naturhistorisches Museum Bern, Switzerland						CC_BY_4_0		Tierspital Bern			2026-09-09T15:22:57.349Z		COORDINATE_ROUNDED;CONTINENT_DERIVED_FROM_COORDINATES;INSTITUTION_MATCH_NONE
2862874955	d740f242-6c26-4229-9a8f-b63bfab63dc6	95562	Animalia	Chordata	Aves	Galliformes	Phasianidae	Tetrao	Tetrao urogallus		SPECIES	Tetrao urogallus Linnaeus, 1758	Tetrao urogallus		CH	Trogenmoos		PRESENT	1	2963d877-8230-45bd-a223-544376275120	46.716667	7.85	18479.0						1973-05-05	5	5	1973	55QS7	55QS7	PRESERVED_SPECIMEN	Naturhistorisches Museum Bern, Switzerland						CC_BY_4_0		Zurbuchen Gottfried, WH			2026-09-09T15:22:57.004Z		COORDINATE_ROUNDED;CONTINENT_DERIVED_FROM_COORDINATES;INSTITUTION_MATCH_NONE
2862874953	d740f242-6c26-4229-9a8f-b63bfab63dc6	95508	Animalia	Chordata	Aves	Galliformes	Phasianidae	Tetrao	Tetrao urogallus		SPECIES	Tetrao urogallus Linnaeus, 1758	Tetrao urogallus		CH	Bönigen		PRESENT	1	2963d877-8230-45bd-a223-544376275120	46.683333	7.883333	1848.0						1970-04-24	24	4	1970	55QS7	55QS7	PRESERVED_SPECIMEN	Naturhistorisches Museum Bern, Switzerland						CC_BY_4_0		Kaufmann Christian, WH			2026-09-09T15:22:57.002Z		COORDINATE_ROUNDED;CONTINENT_DERIVED_FROM_COORDINATES;INSTITUTION_MATCH_NONE
2862874951	d740f242-6c26-4229-9a8f-b63bfab63dc6	95463	Animalia	Chordata	Aves	Galliformes	Phasianidae	Tetrao	Tetrao urogallus		SPECIES	Tetrao urogallus Linnaeus, 1758	Tetrao urogallus		CH	Lauterbrunnen		PRESENT	1	2963d877-8230-45bd-a223-544376275120	46.6	7.883333	1848.0						1977-01-02	2	1	1977	55QS7	55QS7	PRESERVED_SPECIMEN	Naturhistorisches Museum Bern, Switzerland						CC_BY_4_0		Tierpark Dählhölzli			2026-09-09T15:22:58.043Z		COORDINATE_ROUNDED;CONTINENT_DERIVED_FROM_COORDINATES;INSTITUTION_MATCH_NONE
2862874941	d740f242-6c26-4229-9a8f-b63bfab63dc6	95085	Animalia	Chordata	Aves	Galliformes	Phasianidae	Tetrao	Tetrao urogallus		SPECIES	Tetrao urogallus Linnaeus, 1758	Tetrao urogallus		CH	Switzerland		PRESENT	1	2963d877-8230-45bd-a223-544376275120	46.85	8.266667	221704.0						1988-12-15	15	12	1988	55QS7	55QS7	PRESERVED_SPECIMEN	Naturhistorisches Museum Bern, Switzerland						CC_BY_4_0		Ambühl Christian, WH			2026-09-09T15:22:56.997Z		COORDINATE_ROUNDED;CONTINENT_DERIVED_FROM_COORDINATES;INSTITUTION_MATCH_NONE
2862874241	d740f242-6c26-4229-9a8f-b63bfab63dc6	79312	Animalia	Chordata	Aves	Galliformes	Phasianidae	Tetrao	Tetrao urogallus		SPECIES	Tetrao urogallus Linnaeus, 1758	Tetrao urogallus		CH	Boudry		PRESENT	1	2963d877-8230-45bd-a223-544376275120	46.95	6.816667	1848.0						1986			1986	55QS7	55QS7	PRESERVED_SPECIMEN	Museum d'Histoire Naturelle de Neuchatel, Switzerland						CC_BY_4_0		Insp. chasse NE			2026-09-09T15:22:56.782Z		COORDINATE_ROUNDED;CONTINENT_DERIVED_FROM_COORDINATES;INSTITUTION_MATCH_NONE
2862874240	d740f242-6c26-4229-9a8f-b63bfab63dc6	79286	Animalia	Chordata	Aves	Galliformes	Phasianidae	Tetrao	Tetrao urogallus		SPECIES	Tetrao urogallus Linnaeus, 1758	Tetrao urogallus		CH	Les Geneveys sur Coffrane		PRESENT	8	2963d877-8230-45bd-a223-544376275120	47.016667	6.866667	1848.0						1983			1983	55QS7	55QS7	PRESERVED_SPECIMEN	Museum d'Histoire Naturelle de Neuchatel, Switzerland						CC_BY_4_0		Gehringer F.			2026-09-09T15:22:56.780Z		COORDINATE_ROUNDED;CONTINENT_DERIVED_FROM_COORDINATES;INSTITUTION_MATCH_NONE
2862873622	d740f242-6c26-4229-9a8f-b63bfab63dc6	62446	Animalia	Chordata	Aves	Galliformes	Phasianidae	Tetrao	Tetrao urogallus		SPECIES	Tetrao urogallus Linnaeus, 1758	Tetrao urogallus		CH	Gaitenkopf		PRESENT	1	2963d877-8230-45bd-a223-544376275120									1907			1907	55QS7	55QS7	PRESERVED_SPECIMEN	Naturhistorisches Museum, Basel, Switzerland						CC_BY_4_0					2026-09-09T15:22:56.580Z		CONTINENT_DERIVED_FROM_COUNTRY;INSTITUTION_MATCH_NONE
2862873589	d740f242-6c26-4229-9a8f-b63bfab63dc6	59981	Animalia	Chordata	Aves	Galliformes	Phasianidae	Tetrao	Tetrao urogallus		SPECIES	Tetrao urogallus Linnaeus, 1758	Tetrao urogallus		CH	Frenières sur Bex		PRESENT		2963d877-8230-45bd-a223-544376275120	46.266667	7.05	1848.0										55QS7	55QS7	PRESERVED_SPECIMEN	Musee Zoologie, Lausanne, Switzerland						CC_BY_4_0					2026-09-09T15:22:57.559Z		COORDINATE_ROUNDED;CONTINENT_DERIVED_FROM_COORDINATES;RECORDED_DATE_INVALID;INSTITUTION_MATCH_NONE
2862873587	d740f242-6c26-4229-9a8f-b63bfab63dc6	59945	Animalia	Chordata	Aves	Galliformes	Phasianidae	Tetrao	Tetrao urogallus		SPECIES	Tetrao urogallus Linnaeus, 1758	Tetrao urogallus		CH			PRESENT	1	2963d877-8230-45bd-a223-544376275120	47.366667	7.2	18479.0						1959			1959	55QS7	55QS7	PRESERVED_SPECIMEN	Musee Zoologie, Lausanne, Switzerland						CC_BY_4_0					2026-09-09T15:22:57.756Z		COORDINATE_ROUNDED;CONTINENT_DERIVED_FROM_COORDINATES;INSTITUTION_MATCH_NONE
2862872581	d740f242-6c26-4229-9a8f-b63bfab63dc6	59944	Animalia	Chordata	Aves	Galliformes	Phasianidae	Tetrao	Tetrao urogallus		SPECIES	Tetrao urogallus Linnaeus, 1758	Tetrao urogallus		CH	Pré Anselme		PRESENT	1	2963d877-8230-45bd-a223-544376275120	47.366667	7.2	18479.0						1958			1958	55QS7	55QS7	PRESERVED_SPECIMEN	Musee Zoologie, Lausanne, Switzerland						CC_BY_4_0					2026-09-09T15:22:57.138Z		COORDINATE_ROUNDED;CONTINENT_DERIVED_FROM_COORDINATES;INSTITUTION_MATCH_NONE
2862872580	d740f242-6c26-4229-9a8f-b63bfab63dc6	59926	Animalia	Chordata	Aves	Galliformes	Phasianidae	Tetrao	Tetrao urogallus		SPECIES	Tetrao urogallus Linnaeus, 1758	Tetrao urogallus		CH	Forêt du Risoux, au poste des “mines”, à 100 m de la frontière		PRESENT	1	2963d877-8230-45bd-a223-544376275120													55QS7	55QS7	PRESERVED_SPECIMEN	Musee Zoologie, Lausanne, Switzerland						CC_BY_4_0					2026-09-09T15:22:57.353Z		CONTINENT_DERIVED_FROM_COUNTRY;RECORDED_DATE_INVALID;INSTITUTION_MATCH_NONE
2862871624	d740f242-6c26-4229-9a8f-b63bfab63dc6	62444	Animalia	Chordata	Aves	Galliformes	Phasianidae	Tetrao	Tetrao urogallus		SPECIES	Tetrao urogallus Linnaeus, 1758	Tetrao urogallus		CH	Langenbruck		PRESENT	1	2963d877-8230-45bd-a223-544376275120	47.35	7.766667	1848.0										55QS7	55QS7	PRESERVED_SPECIMEN	Naturhistorisches Museum, Basel, Switzerland						CC_BY_4_0					2026-09-09T15:22:55.670Z		COORDINATE_ROUNDED;CONTINENT_DERIVED_FROM_COORDINATES;RECORDED_DATE_INVALID;INSTITUTION_MATCH_NONE
2862871581	d740f242-6c26-4229-9a8f-b63bfab63dc6	59961	Animalia	Chordata	Aves	Galliformes	Phasianidae	Tetrao	Tetrao urogallus		SPECIES	Tetrao urogallus Linnaeus, 1758	Tetrao urogallus		CH	Haut du Sentier des Begnines		PRESENT	1	2963d877-8230-45bd-a223-544376275120													55QS7	55QS7	PRESERVED_SPECIMEN	Musee Zoologie, Lausanne, Switzerland						CC_BY_4_0					2026-09-09T15:22:56.773Z		CONTINENT_DERIVED_FROM_COUNTRY;RECORDED_DATE_INVALID;INSTITUTION_MATCH_NONE
2862871580	d740f242-6c26-4229-9a8f-b63bfab63dc6	59943	Animalia	Chordata	Aves	Galliformes	Phasianidae	Tetrao	Tetrao urogallus		SPECIES	Tetrao urogallus Linnaeus, 1758	Tetrao urogallus		CH	La Bassine		PRESENT	1	2963d877-8230-45bd-a223-544376275120									1955-10-25	25	10	1955	55QS7	55QS7	PRESERVED_SPECIMEN	Musee Zoologie, Lausanne, Switzerland						CC_BY_4_0					2026-09-09T15:22:55.658Z		CONTINENT_DERIVED_FROM_COUNTRY;INSTITUTION_MATCH_NONE
2862870968	d740f242-6c26-4229-9a8f-b63bfab63dc6	95462	Animalia	Chordata	Aves	Galliformes	Phasianidae	Tetrao	Tetrao urogallus		SPECIES	Tetrao urogallus Linnaeus, 1758	Tetrao urogallus		CH	Switzerland		PRESENT	1	2963d877-8230-45bd-a223-544376275120	46.85	8.266667	221704.0										55QS7	55QS7	PRESERVED_SPECIMEN	Naturhistorisches Museum Bern, Switzerland						CC_BY_4_0					2026-09-09T15:22:55.425Z		COORDINATE_ROUNDED;CONTINENT_DERIVED_FROM_COORDINATES;INSTITUTION_MATCH_NONE
2862870966	d740f242-6c26-4229-9a8f-b63bfab63dc6	95327	Animalia	Chordata	Aves	Galliformes	Phasianidae	Tetrao	Tetrao urogallus		SPECIES	Tetrao urogallus Linnaeus, 1758	Tetrao urogallus		CH	Chasseral		PRESENT	1	2963d877-8230-45bd-a223-544376275120	47.133333	7.05	18479.0						1983-06-25	25	6	1983	55QS7	55QS7	PRESERVED_SPECIMEN	Naturhistorisches Museum Bern, Switzerland						CC_BY_4_0		Balmer Eric, WH			2026-09-09T15:22:55.558Z		COORDINATE_ROUNDED;CONTINENT_DERIVED_FROM_COORDINATES;INSTITUTION_MATCH_NONE
2862869977	d740f242-6c26-4229-9a8f-b63bfab63dc6	95523	Animalia	Chordata	Aves	Galliformes	Phasianidae	Tetrao	Tetrao urogallus		SPECIES	Tetrao urogallus Linnaeus, 1758	Tetrao urogallus		CH	Gadmen		PRESENT	1	2963d877-8230-45bd-a223-544376275120	46.733333	8.35	1848.0						1892			1892	55QS7	55QS7	PRESERVED_SPECIMEN	Naturhistorisches Museum Bern, Switzerland						CC_BY_4_0		Rätzer			2026-09-09T15:22:55.216Z		COORDINATE_ROUNDED;CONTINENT_DERIVED_FROM_COORDINATES;INSTITUTION_MATCH_NONE
2862869974	d740f242-6c26-4229-9a8f-b63bfab63dc6	95460	Animalia	Chordata	Aves	Galliformes	Phasianidae	Tetrao	Tetrao urogallus		SPECIES	Tetrao urogallus Linnaeus, 1758	Tetrao urogallus		CH	Emmental		PRESENT	1	2963d877-8230-45bd-a223-544376275120	46.883333	7.75	18479.0						1901-10-20	20	10	1901	55QS7	55QS7	PRESERVED_SPECIMEN	Naturhistorisches Museum Bern, Switzerland						CC_BY_4_0					2026-09-09T15:22:56.109Z		COORDINATE_ROUNDED;CONTINENT_DERIVED_FROM_COORDINATES;INSTITUTION_MATCH_NONE
2862869960	d740f242-6c26-4229-9a8f-b63bfab63dc6	95127	Animalia	Chordata	Aves	Galliformes	Phasianidae	Tetrao	Tetrao urogallus		SPECIES	Tetrao urogallus Linnaeus, 1758	Tetrao urogallus		CH	Innertkirchen		PRESENT	1	2963d877-8230-45bd-a223-544376275120	46.666667	7.85	1848.0						1894			1894	55QS7	55QS7	PRESERVED_SPECIMEN	Naturhistorisches Museum Bern, Switzerland						CC_BY_4_0					2026-09-09T15:22:56.414Z		COORDINATE_ROUNDED;CONTINENT_DERIVED_FROM_COORDINATES;INSTITUTION_MATCH_NONE
2862869706	d740f242-6c26-4229-9a8f-b63bfab63dc6	88071	Animalia	Chordata	Aves	Galliformes	Phasianidae	Tetrao	Tetrao urogallus		SPECIES	Tetrao urogallus Linnaeus, 1758	Tetrao urogallus		CH			PRESENT		2963d877-8230-45bd-a223-544376275120									2001			2001	55QS7	55QS7	HUMAN_OBSERVATION							CC_BY_4_0					2026-09-09T15:22:56.287Z		CONTINENT_DERIVED_FROM_COUNTRY
2862869252	d740f242-6c26-4229-9a8f-b63bfab63dc6	79265	Animalia	Chordata	Aves	Galliformes	Phasianidae	Tetrao	Tetrao urogallus		SPECIES	Tetrao urogallus Linnaeus, 1758	Tetrao urogallus		CH	Chézard		PRESENT	1	2963d877-8230-45bd-a223-544376275120									1887			1887	55QS7	55QS7	PRESERVED_SPECIMEN	Museum d'Histoire Naturelle de Neuchatel, Switzerland						CC_BY_4_0		Robert Samuel			2026-09-09T15:22:54.958Z		CONTINENT_DERIVED_FROM_COUNTRY;INSTITUTION_MATCH_NONE
2862869250	d740f242-6c26-4229-9a8f-b63bfab63dc6	79229	Animalia	Chordata	Aves	Galliformes	Phasianidae	Tetrao	Tetrao urogallus		SPECIES	Tetrao urogallus Linnaeus, 1758	Tetrao urogallus		CH	Creux-du-Van, La Baronne		PRESENT	1	2963d877-8230-45bd-a223-544376275120									1890			1890	55QS7	55QS7	PRESERVED_SPECIMEN	Museum d'Histoire Naturelle de Neuchatel, Switzerland						CC_BY_4_0		Jeanneret C.			2026-09-09T15:22:56.097Z		CONTINENT_DERIVED_FROM_COUNTRY;INSTITUTION_MATCH_NONE
2862868637	d740f242-6c26-4229-9a8f-b63bfab63dc6	62443	Animalia	Chordata	Aves	Galliformes	Phasianidae	Tetrao	Tetrao urogallus		SPECIES	Tetrao urogallus Linnaeus, 1758	Tetrao urogallus		CH			PRESENT	1	2963d877-8230-45bd-a223-544376275120													55QS7	55QS7	PRESERVED_SPECIMEN	Naturhistorisches Museum, Basel, Switzerland						CC_BY_4_0					2026-09-09T15:22:54.669Z		CONTINENT_DERIVED_FROM_COUNTRY;RECORDED_DATE_INVALID;INSTITUTION_MATCH_NONE
2862868594	d740f242-6c26-4229-9a8f-b63bfab63dc6	59942	Animalia	Chordata	Aves	Galliformes	Phasianidae	Tetrao	Tetrao urogallus		SPECIES	Tetrao urogallus Linnaeus, 1758	Tetrao urogallus		CH	Pré Anselme & Pré Mollens (between)		PRESENT	1	2963d877-8230-45bd-a223-544376275120									1968-10-05	5	10	1968	55QS7	55QS7	PRESERVED_SPECIMEN	Musee Zoologie, Lausanne, Switzerland						CC_BY_4_0					2026-09-09T15:22:54.688Z		CONTINENT_DERIVED_FROM_COUNTRY;INSTITUTION_MATCH_NONE
2862868255	d740f242-6c26-4229-9a8f-b63bfab63dc6	79228	Animalia	Chordata	Aves	Galliformes	Phasianidae	Tetrao	Tetrao urogallus		SPECIES	Tetrao urogallus Linnaeus, 1758	Tetrao urogallus		CH	Creux-du-Van, La Baronne		PRESENT	1	2963d877-8230-45bd-a223-544376275120									1890			1890	55QS7	55QS7	PRESERVED_SPECIMEN	Museum d'Histoire Naturelle de Neuchatel, Switzerland						CC_BY_4_0		Jeanneret C.			2026-09-09T15:22:54.497Z		CONTINENT_DERIVED_FROM_COUNTRY;INSTITUTION_MATCH_NONE
2862867642	d740f242-6c26-4229-9a8f-b63bfab63dc6	62460	Animalia	Chordata	Aves	Galliformes	Phasianidae	Tetrao	Tetrao urogallus		SPECIES	Tetrao urogallus Linnaeus, 1758	Tetrao urogallus		CH	Wägital		PRESENT	1	2963d877-8230-45bd-a223-544376275120									2001-06-19	19	6	2001	55QS7	55QS7	PRESERVED_SPECIMEN	Naturhistorisches Museum, Basel, Switzerland						CC_BY_4_0					2026-09-09T15:22:55.541Z		CONTINENT_DERIVED_FROM_COUNTRY;INSTITUTION_MATCH_NONE
2862867580	d740f242-6c26-4229-9a8f-b63bfab63dc6	58537	Animalia	Chordata	Aves	Galliformes	Phasianidae	Tetrao	Tetrao urogallus		SPECIES	Tetrao urogallus Linnaeus, 1758	Tetrao urogallus		CH			PRESENT	1	2963d877-8230-45bd-a223-544376275120									1878			1878	55QS7	55QS7	PRESERVED_SPECIMEN	Musee Zoologique de l'Universite Louis Pasteur et de la Ville de Strasbourg, France						CC_BY_4_0		Schneider, G			2026-09-09T15:22:55.216Z		CONTINENT_DERIVED_FROM_COUNTRY;INSTITUTION_MATCH_NONE
2862867083	d740f242-6c26-4229-9a8f-b63bfab63dc6	47372	Animalia	Chordata	Aves	Galliformes	Phasianidae	Tetrao	Tetrao urogallus		SPECIES	Tetrao urogallus Linnaeus, 1758	Tetrao urogallus		CH	Digitised Locality 1083		PRESENT		2963d877-8230-45bd-a223-544376275120	46.040359	7.182466	1848.0						1980/1992				55QS7	55QS7	HUMAN_OBSERVATION							CC_BY_4_0					2026-09-09T15:22:53.982Z		COORDINATE_ROUNDED;COUNTRY_DERIVED_FROM_COORDINATES;CONTINENT_DERIVED_FROM_COORDINATES
2862866250	d740f242-6c26-4229-9a8f-b63bfab63dc6	79209	Animalia	Chordata	Aves	Galliformes	Phasianidae	Tetrao	Tetrao urogallus		SPECIES	Tetrao urogallus Linnaeus, 1758	Tetrao urogallus		CH	Boudry		PRESENT	1	2963d877-8230-45bd-a223-544376275120	46.95	6.816667	1848.0						1983			1983	55QS7	55QS7	PRESERVED_SPECIMEN	Museum d'Histoire Naturelle de Neuchatel, Switzerland						CC_BY_4_0		Gehringer F.			2026-09-09T15:22:53.687Z		COORDINATE_ROUNDED;CONTINENT_DERIVED_FROM_COORDINATES;INSTITUTION_MATCH_NONE
2862866083	d740f242-6c26-4229-9a8f-b63bfab63dc6	74718	Animalia	Chordata	Aves	Galliformes	Phasianidae	Tetrao	Tetrao urogallus		SPECIES	Tetrao urogallus Linnaeus, 1758	Tetrao urogallus		CH	Olmetto in Val di Pecia		PRESENT	1	2963d877-8230-45bd-a223-544376275120									1880-04-26	26	4	1880	55QS7	55QS7	PRESERVED_SPECIMEN	Universita di Pavia, Italy						CC_BY_4_0					2026-09-09T15:22:53.632Z		CONTINENT_DERIVED_FROM_COUNTRY;INSTITUTION_MATCH_NONE
2862865597	d740f242-6c26-4229-9a8f-b63bfab63dc6	59959	Animalia	Chordata	Aves	Galliformes	Phasianidae	Tetrao	Tetrao urogallus		SPECIES	Tetrao urogallus Linnaeus, 1758	Tetrao urogallus		CH			PRESENT	1	2963d877-8230-45bd-a223-544376275120	47.366667	7.2	18479.0						1949			1949	55QS7	55QS7	PRESERVED_SPECIMEN	Musee Zoologie, Lausanne, Switzerland						CC_BY_4_0					2026-09-09T15:22:54.401Z		COORDINATE_ROUNDED;CONTINENT_DERIVED_FROM_COORDINATES;INSTITUTION_MATCH_NONE
2862865595	d740f242-6c26-4229-9a8f-b63bfab63dc6	59922	Animalia	Chordata	Aves	Galliformes	Phasianidae	Tetrao	Tetrao urogallus		SPECIES	Tetrao urogallus Linnaeus, 1758	Tetrao urogallus		CH	Frenières sur Bex		PRESENT		2963d877-8230-45bd-a223-544376275120	46.266667	7.05	1848.0										55QS7	55QS7	PRESERVED_SPECIMEN	Musee Zoologie, Lausanne, Switzerland						CC_BY_4_0					2026-09-09T15:22:54.400Z		COORDINATE_ROUNDED;CONTINENT_DERIVED_FROM_COORDINATES;RECORDED_DATE_INVALID;INSTITUTION_MATCH_NONE
2862865269	d740f242-6c26-4229-9a8f-b63bfab63dc6	79306	Animalia	Chordata	Aves	Galliformes	Phasianidae	Tetrao	Tetrao urogallus		SPECIES	Tetrao urogallus Linnaeus, 1758	Tetrao urogallus		CH	Areuse		PRESENT	1	2963d877-8230-45bd-a223-544376275120	46.933333	6.866667	18479.0						1983			1983	55QS7	55QS7	PRESERVED_SPECIMEN	Museum d'Histoire Naturelle de Neuchatel, Switzerland						CC_BY_4_0					2026-09-09T15:22:54.223Z		COORDINATE_ROUNDED;CONTINENT_DERIVED_FROM_COORDINATES;INSTITUTION_MATCH_NONE
2862865267	d740f242-6c26-4229-9a8f-b63bfab63dc6	79261	Animalia	Chordata	Aves	Galliformes	Phasianidae	Tetrao	Tetrao urogallus		SPECIES	Tetrao urogallus Linnaeus, 1758	Tetrao urogallus		CH	Grandes Pradières		PRESENT	1	2963d877-8230-45bd-a223-544376275120									1983			1983	55QS7	55QS7	PRESERVED_SPECIMEN	Museum d'Histoire Naturelle de Neuchatel, Switzerland						CC_BY_4_0					2026-09-09T15:22:53.257Z		CONTINENT_DERIVED_FROM_COUNTRY;INSTITUTION_MATCH_NONE
2862864601	d740f242-6c26-4229-9a8f-b63bfab63dc6	59957	Animalia	Chordata	Aves	Galliformes	Phasianidae	Tetrao	Tetrao urogallus		SPECIES	Tetrao urogallus Linnaeus, 1758	Tetrao urogallus		CH	Pré Anselme		PRESENT	1	2963d877-8230-45bd-a223-544376275120	47.366667	7.2	18479.0						1955-10-24	24	10	1955	55QS7	55QS7	PRESERVED_SPECIMEN	Musee Zoologie, Lausanne, Switzerland						CC_BY_4_0					2026-09-09T15:22:54Z		COORDINATE_ROUNDED;CONTINENT_DERIVED_FROM_COORDINATES;INSTITUTION_MATCH_NONE
2862864076	d740f242-6c26-4229-9a8f-b63bfab63dc6	47371	Animalia	Chordata	Aves	Galliformes	Phasianidae	Tetrao	Tetrao urogallus		SPECIES	Tetrao urogallus Linnaeus, 1758	Tetrao urogallus		CH	Digitised Locality 1082		PRESENT		2963d877-8230-45bd-a223-544376275120	46.480117	6.55424	1848.0						1980/1992				55QS7	55QS7	HUMAN_OBSERVATION							CC_BY_4_0					2026-09-09T15:22:52.692Z		COORDINATE_ROUNDED;COUNTRY_DERIVED_FROM_COORDINATES;CONTINENT_DERIVED_FROM_COORDINATES
2862863073	d740f242-6c26-4229-9a8f-b63bfab63dc6	47370	Animalia	Chordata	Aves	Galliformes	Phasianidae	Tetrao	Tetrao urogallus		SPECIES	Tetrao urogallus Linnaeus, 1758	Tetrao urogallus		CH	Digitised Locality 1081		PRESENT		2963d877-8230-45bd-a223-544376275120	46.54294	7.245289	1848.0						1980/1992				55QS7	55QS7	HUMAN_OBSERVATION							CC_BY_4_0					2026-09-09T15:22:53.286Z		COORDINATE_ROUNDED;COUNTRY_DERIVED_FROM_COORDINATES;CONTINENT_DERIVED_FROM_COORDINATES
2862862272	d740f242-6c26-4229-9a8f-b63bfab63dc6	79262	Animalia	Chordata	Aves	Galliformes	Phasianidae	Tetrao	Tetrao urogallus		SPECIES	Tetrao urogallus Linnaeus, 1758	Tetrao urogallus		CH	Fresens		PRESENT	1	2963d877-8230-45bd-a223-544376275120	46.95	6.816667	18479.0						1983			1983	55QS7	55QS7	PRESERVED_SPECIMEN	Museum d'Histoire Naturelle de Neuchatel, Switzerland						CC_BY_4_0					2026-09-09T15:22:52.023Z		COORDINATE_ROUNDED;CONTINENT_DERIVED_FROM_COORDINATES;INSTITUTION_MATCH_NONE
2862862104	d740f242-6c26-4229-9a8f-b63bfab63dc6	74717	Animalia	Chordata	Aves	Galliformes	Phasianidae	Tetrao	Tetrao urogallus		SPECIES	Tetrao urogallus Linnaeus, 1758	Tetrao urogallus		CH	Canton Ticino		PRESENT	1	2963d877-8230-45bd-a223-544376275120	46.316667	8.783333	55426.0						1880			1880	55QS7	55QS7	PRESERVED_SPECIMEN	Universita di Pavia, Italy						CC_BY_4_0					2026-09-09T15:22:51.980Z		COORDINATE_ROUNDED;CONTINENT_DERIVED_FROM_COORDINATES;INSTITUTION_MATCH_NONE
2862861652	d740f242-6c26-4229-9a8f-b63bfab63dc6	62459	Animalia	Chordata	Aves	Galliformes	Phasianidae	Tetrao	Tetrao urogallus		SPECIES	Tetrao urogallus Linnaeus, 1758	Tetrao urogallus		CH	Baldegg		PRESENT	1	2963d877-8230-45bd-a223-544376275120									1995-05-04	4	5	1995	55QS7	55QS7	PRESERVED_SPECIMEN	Naturhistorisches Museum, Basel, Switzerland						CC_BY_4_0					2026-09-09T15:22:51.792Z		CONTINENT_DERIVED_FROM_COUNTRY;INSTITUTION_MATCH_NONE
2862861609	d740f242-6c26-4229-9a8f-b63bfab63dc6	59958	Animalia	Chordata	Aves	Galliformes	Phasianidae	Tetrao	Tetrao urogallus		SPECIES	Tetrao urogallus Linnaeus, 1758	Tetrao urogallus		CH			PRESENT	1	2963d877-8230-45bd-a223-544376275120	47.366667	7.2	18479.0						1964			1964	55QS7	55QS7	PRESERVED_SPECIMEN	Musee Zoologie, Lausanne, Switzerland						CC_BY_4_0					2026-09-09T15:22:52.962Z		COORDINATE_ROUNDED;CONTINENT_DERIVED_FROM_COORDINATES;INSTITUTION_MATCH_NONE
2862860291	d740f242-6c26-4229-9a8f-b63bfab63dc6	79305	Animalia	Chordata	Aves	Galliformes	Phasianidae	Tetrao	Tetrao urogallus		SPECIES	Tetrao urogallus Linnaeus, 1758	Tetrao urogallus		CH	Côte de Montalchez		PRESENT	1	2963d877-8230-45bd-a223-544376275120									1997			1997	55QS7	55QS7	PRESERVED_SPECIMEN	Museum d'Histoire Naturelle de Neuchatel, Switzerland						CC_BY_4_0					2026-09-09T15:22:51.113Z		CONTINENT_DERIVED_FROM_COUNTRY;INSTITUTION_MATCH_NONE
2862860288	d740f242-6c26-4229-9a8f-b63bfab63dc6	79260	Animalia	Chordata	Aves	Galliformes	Phasianidae	Tetrao	Tetrao urogallus		SPECIES	Tetrao urogallus Linnaeus, 1758	Tetrao urogallus		CH	Grandes Pradières		PRESENT	1	2963d877-8230-45bd-a223-544376275120									1983			1983	55QS7	55QS7	PRESERVED_SPECIMEN	Museum d'Histoire Naturelle de Neuchatel, Switzerland						CC_BY_4_0					2026-09-09T15:22:51.140Z		CONTINENT_DERIVED_FROM_COUNTRY;INSTITUTION_MATCH_NONE
2862859667	d740f242-6c26-4229-9a8f-b63bfab63dc6	62457	Animalia	Chordata	Aves	Galliformes	Phasianidae	Tetrao	Tetrao urogallus		SPECIES	Tetrao urogallus Linnaeus, 1758	Tetrao urogallus		CH	Alt St.Johann		PRESENT	1	2963d877-8230-45bd-a223-544376275120	47.2	9.3	1848.0										55QS7	55QS7	PRESERVED_SPECIMEN	Naturhistorisches Museum, Basel, Switzerland						CC_BY_4_0					2026-09-09T15:22:52.065Z		CONTINENT_DERIVED_FROM_COORDINATES;RECORDED_DATE_INVALID;INSTITUTION_MATCH_NONE
2862859619	d740f242-6c26-4229-9a8f-b63bfab63dc6	59956	Animalia	Chordata	Aves	Galliformes	Phasianidae	Tetrao	Tetrao urogallus		SPECIES	Tetrao urogallus Linnaeus, 1758	Tetrao urogallus		CH	Pré Anselme		PRESENT	1	2963d877-8230-45bd-a223-544376275120	47.366667	7.2	18479.0						1945			1945	55QS7	55QS7	PRESERVED_SPECIMEN	Musee Zoologie, Lausanne, Switzerland						CC_BY_4_0					2026-09-09T15:22:51.915Z		COORDINATE_ROUNDED;CONTINENT_DERIVED_FROM_COORDINATES;INSTITUTION_MATCH_NONE
2862859618	d740f242-6c26-4229-9a8f-b63bfab63dc6	59938	Animalia	Chordata	Aves	Galliformes	Phasianidae	Tetrao	Tetrao urogallus		SPECIES	Tetrao urogallus Linnaeus, 1758	Tetrao urogallus		CH	L’abbaye		PRESENT	1	2963d877-8230-45bd-a223-544376275120	46.65	6.3	1848.0										55QS7	55QS7	PRESERVED_SPECIMEN	Musee Zoologie, Lausanne, Switzerland						CC_BY_4_0					2026-09-09T15:22:50.890Z		CONTINENT_DERIVED_FROM_COORDINATES;RECORDED_DATE_INVALID;INSTITUTION_MATCH_NONE
2862858101	d740f242-6c26-4229-9a8f-b63bfab63dc6	47828	Animalia	Chordata	Aves	Galliformes	Phasianidae	Tetrao	Tetrao urogallus		SPECIES	Tetrao urogallus Linnaeus, 1758	Tetrao urogallus		CH	Digitised Locality 1187		PRESENT		2963d877-8230-45bd-a223-544376275120	46.166004	9.004323	1848.0						1979/1992				55QS7	55QS7	HUMAN_OBSERVATION							CC_BY_4_0					2026-09-09T15:22:50.394Z		COORDINATE_ROUNDED;COUNTRY_DERIVED_FROM_COORDINATES;CONTINENT_DERIVED_FROM_COORDINATES
2862858081	d740f242-6c26-4229-9a8f-b63bfab63dc6	47369	Animalia	Chordata	Aves	Galliformes	Phasianidae	Tetrao	Tetrao urogallus		SPECIES	Tetrao urogallus Linnaeus, 1758	Tetrao urogallus		CH	Digitised Locality 1080		PRESENT		2963d877-8230-45bd-a223-544376275120	46.919876	7.182466	1848.0						1980/1992				55QS7	55QS7	HUMAN_OBSERVATION							CC_BY_4_0					2026-09-09T15:22:51.489Z		COORDINATE_ROUNDED;COUNTRY_DERIVED_FROM_COORDINATES;CONTINENT_DERIVED_FROM_COORDINATES
2862857077	d740f242-6c26-4229-9a8f-b63bfab63dc6	47368	Animalia	Chordata	Aves	Galliformes	Phasianidae	Tetrao	Tetrao urogallus		SPECIES	Tetrao urogallus Linnaeus, 1758	Tetrao urogallus		CH	Digitised Locality 1079		PRESENT		2963d877-8230-45bd-a223-544376275120	47.422457	7.810693	1848.0						1980/1992				55QS7	55QS7	HUMAN_OBSERVATION							CC_BY_4_0					2026-09-09T15:22:50.998Z		COORDINATE_ROUNDED;COUNTRY_DERIVED_FROM_COORDINATES;CONTINENT_DERIVED_FROM_COORDINATES
2862856069	d740f242-6c26-4229-9a8f-b63bfab63dc6	47367	Animalia	Chordata	Aves	Galliformes	Phasianidae	Tetrao	Tetrao urogallus		SPECIES	Tetrao urogallus Linnaeus, 1758	Tetrao urogallus		CH	Digitised Locality 1078		PRESENT		2963d877-8230-45bd-a223-544376275120	47.48528	7.182466	1848.0						1980/1992				55QS7	55QS7	HUMAN_OBSERVATION							CC_BY_4_0					2026-09-09T15:22:50.547Z		COORDINATE_ROUNDED;COUNTRY_DERIVED_FROM_COORDINATES;CONTINENT_DERIVED_FROM_COORDINATES
2862853073	d740f242-6c26-4229-9a8f-b63bfab63dc6	47366	Animalia	Chordata	Aves	Galliformes	Phasianidae	Tetrao	Tetrao urogallus		SPECIES	Tetrao urogallus Linnaeus, 1758	Tetrao urogallus		CH	Digitised Locality 1077		PRESENT		2963d877-8230-45bd-a223-544376275120	46.919876	6.55424	1848.0						1980/1992				55QS7	55QS7	HUMAN_OBSERVATION							CC_BY_4_0					2026-09-09T15:22:50.087Z		COORDINATE_ROUNDED;COUNTRY_DERIVED_FROM_COORDINATES;CONTINENT_DERIVED_FROM_COORDINATES
2862851784	d740f242-6c26-4229-9a8f-b63bfab63dc6	41514	Animalia	Chordata	Aves	Galliformes	Phasianidae	Tetrao	Tetrao urogallus		SPECIES	Tetrao urogallus Linnaeus, 1758	Tetrao urogallus		CH	Mt. Pilatus		PRESENT	1	2963d877-8230-45bd-a223-544376275120	46.983333	8.25	18479.0						1906-04-14	14	4	1906	55QS7	55QS7	PRESERVED_SPECIMEN	American Museum of Natural History, New York, USA						CC_BY_4_0		v. Burg, G.			2026-09-09T15:22:49.607Z		COORDINATE_ROUNDED;CONTINENT_DERIVED_FROM_COORDINATES;INSTITUTION_MATCH_NONE
2862850080	d740f242-6c26-4229-9a8f-b63bfab63dc6	47409	Animalia	Chordata	Aves	Galliformes	Phasianidae	Tetrao	Tetrao urogallus		SPECIES	Tetrao urogallus Linnaeus, 1758	Tetrao urogallus		CH	Digitised Locality 1120		PRESENT		2963d877-8230-45bd-a223-544376275120	46.982699	10.386422	1848.0						1985/1990				55QS7	55QS7	HUMAN_OBSERVATION							CC_BY_4_0					2026-09-09T15:22:47.751Z		COORDINATE_ROUNDED;COUNTRY_DERIVED_FROM_COORDINATES;CONTINENT_DERIVED_FROM_COORDINATES
2862849790	d740f242-6c26-4229-9a8f-b63bfab63dc6	41513	Animalia	Chordata	Aves	Galliformes	Phasianidae	Tetrao	Tetrao urogallus		SPECIES	Tetrao urogallus Linnaeus, 1758	Tetrao urogallus		CH	Freibourg Alps		PRESENT	1	2963d877-8230-45bd-a223-544376275120									1924-04-29	29	4	1924	55QS7	55QS7	PRESERVED_SPECIMEN	American Museum of Natural History, New York, USA						CC_BY_4_0		v. Burg, G.			2026-09-09T15:22:47.577Z		CONTINENT_DERIVED_FROM_COUNTRY;INSTITUTION_MATCH_NONE
2862809412	d740f242-6c26-4229-9a8f-b63bfab63dc6	154554	Animalia	Chordata	Aves	Galliformes	Phasianidae	Tetrao	Tetrao urogallus		SPECIES	Tetrao urogallus Linnaeus, 1758	Tetrao urogallus		CH	GRAUBUENDEN		PRESENT	1	2963d877-8230-45bd-a223-544376275120	46.666667	9.583333	101614.0						1960			1960	55QS7	55QS7	PRESERVED_SPECIMEN	Zoologisches Museum der Universitat Zurich-Irchel, Switzerland						CC_BY_4_0					2026-09-09T15:22:31.952Z		COORDINATE_ROUNDED;CONTINENT_DERIVED_FROM_COORDINATES;INSTITUTION_MATCH_NONE
2862808439	d740f242-6c26-4229-9a8f-b63bfab63dc6	154556	Animalia	Chordata	Aves	Galliformes	Phasianidae	Tetrao	Tetrao urogallus		SPECIES	Tetrao urogallus Linnaeus, 1758	Tetrao urogallus		CH	KT. SCHWYZ		PRESENT	1	2963d877-8230-45bd-a223-544376275120	47.05	8.733333	36947.0						1929			1929	55QS7	55QS7	PRESERVED_SPECIMEN	Zoologisches Museum der Universitat Zurich-Irchel, Switzerland						CC_BY_4_0					2026-09-09T15:22:32.872Z		COORDINATE_ROUNDED;CONTINENT_DERIVED_FROM_COORDINATES;INSTITUTION_MATCH_NONE
2862807426	d740f242-6c26-4229-9a8f-b63bfab63dc6	154555	Animalia	Chordata	Aves	Galliformes	Phasianidae	Tetrao	Tetrao urogallus		SPECIES	Tetrao urogallus Linnaeus, 1758	Tetrao urogallus		CH	IBERG SZ		PRESENT	1	2963d877-8230-45bd-a223-544376275120									1912			1912	55QS7	55QS7	PRESERVED_SPECIMEN	Zoologisches Museum der Universitat Zurich-Irchel, Switzerland						CC_BY_4_0					2026-09-09T15:22:32.451Z		CONTINENT_DERIVED_FROM_COUNTRY;INSTITUTION_MATCH_NONE
2862804526	d740f242-6c26-4229-9a8f-b63bfab63dc6	157114	Animalia	Chordata	Aves	Galliformes	Phasianidae	Tetrao	Tetrao urogallus		SPECIES	Tetrao urogallus Linnaeus, 1758	Tetrao urogallus		CH			PRESENT	1	2963d877-8230-45bd-a223-544376275120	47.05	8.133333	36947.0						1939-05-12	12	5	1939	55QS7	55QS7	PRESERVED_SPECIMEN	National Museum of Natural History, Leiden, Netherlands						CC_BY_4_0		Huber, J.			2026-09-09T15:22:31.230Z		COORDINATE_ROUNDED;CONTINENT_DERIVED_FROM_COORDINATES;INSTITUTION_MATCH_NONE
2862804523	d740f242-6c26-4229-9a8f-b63bfab63dc6	157033	Animalia	Chordata	Aves	Galliformes	Phasianidae	Tetrao	Tetrao urogallus		SPECIES	Tetrao urogallus Linnaeus, 1758	Tetrao urogallus		CH			PRESENT	1	2963d877-8230-45bd-a223-544376275120	46.883333	7.766667	55426.0										55QS7	55QS7	PRESERVED_SPECIMEN	National Museum of Natural History, Leiden, Netherlands						CC_BY_4_0		Wickevoort Crommelin, J.P.  v.			2026-09-09T15:22:30.012Z		COORDINATE_ROUNDED;CONTINENT_DERIVED_FROM_COORDINATES;RECORDED_DATE_INVALID;INSTITUTION_MATCH_NONE
2862795345	d740f242-6c26-4229-9a8f-b63bfab63dc6	130782	Animalia	Chordata	Aves	Galliformes	Phasianidae	Tetrao	Tetrao urogallus		SPECIES	Tetrao urogallus Linnaeus, 1758	Tetrao urogallus		CH	Ringing data 974		PRESENT	1	2963d877-8230-45bd-a223-544376275120	46.9	8.2							1971-05-08	8	5	1971	55QS7	55QS7	HUMAN_OBSERVATION	EURING						CC_BY_4_0					2026-09-09T15:22:26.726Z		CONTINENT_DERIVED_FROM_COORDINATES
2862792872	d740f242-6c26-4229-9a8f-b63bfab63dc6	114660	Animalia	Chordata	Aves	Galliformes	Phasianidae	Tetrao	Tetrao urogallus		SPECIES	Tetrao urogallus Linnaeus, 1758	Tetrao urogallus		CH			PRESENT	1	2963d877-8230-45bd-a223-544376275120													55QS7	55QS7	PRESERVED_SPECIMEN	Museum d'Histoire Naturelle de la Ville de Geneve, Switzerland						CC_BY_4_0					2026-09-09T15:22:25.816Z		CONTINENT_DERIVED_FROM_COUNTRY;RECORDED_DATE_INVALID;INSTITUTION_MATCH_NONE
2862789880	d740f242-6c26-4229-9a8f-b63bfab63dc6	114662	Animalia	Chordata	Aves	Galliformes	Phasianidae	Tetrao	Tetrao urogallus		SPECIES	Tetrao urogallus Linnaeus, 1758	Tetrao urogallus		CH			PRESENT	1	2963d877-8230-45bd-a223-544376275120													55QS7	55QS7	PRESERVED_SPECIMEN	Museum d'Histoire Naturelle de la Ville de Geneve, Switzerland						CC_BY_4_0					2026-09-09T15:22:24.845Z		CONTINENT_DERIVED_FROM_COUNTRY;RECORDED_DATE_INVALID;INSTITUTION_MATCH_NONE
2862788882	d740f242-6c26-4229-9a8f-b63bfab63dc6	116178	Animalia	Chordata	Aves	Galliformes	Phasianidae	Tetrao	Tetrao urogallus		SPECIES	Tetrao urogallus Linnaeus, 1758	Tetrao urogallus		CH			PRESENT	1	2963d877-8230-45bd-a223-544376275120													55QS7	55QS7	PRESERVED_SPECIMEN	Institut Royal des Sciences Naturelles de Belgique, Belgium						CC_BY_4_0		du Bus de Gisignies			2026-09-09T15:22:24.689Z		CONTINENT_DERIVED_FROM_COUNTRY;RECORDED_DATE_INVALID;INSTITUTION_MATCH_NONE
2862784885	d740f242-6c26-4229-9a8f-b63bfab63dc6	114708	Animalia	Chordata	Aves	Galliformes	Phasianidae	Tetrao	Tetrao urogallus		SPECIES	Tetrao urogallus Linnaeus, 1758	Tetrao urogallus		CH			PRESENT	1	2963d877-8230-45bd-a223-544376275120													55QS7	55QS7	PRESERVED_SPECIMEN	Museum d'Histoire Naturelle de la Ville de Geneve, Switzerland						CC_BY_4_0					2026-09-09T15:22:23.526Z		CONTINENT_DERIVED_FROM_COUNTRY;RECORDED_DATE_INVALID;INSTITUTION_MATCH_NONE
2862783874	d740f242-6c26-4229-9a8f-b63bfab63dc6	114704	Animalia	Chordata	Aves	Galliformes	Phasianidae	Tetrao	Tetrao urogallus		SPECIES	Tetrao urogallus Linnaeus, 1758	Tetrao urogallus		CH			PRESENT	1	2963d877-8230-45bd-a223-544376275120													55QS7	55QS7	PRESERVED_SPECIMEN	Museum d'Histoire Naturelle de la Ville de Geneve, Switzerland						CC_BY_4_0					2026-09-09T15:22:22.870Z		CONTINENT_DERIVED_FROM_COUNTRY;RECORDED_DATE_INVALID;INSTITUTION_MATCH_NONE
2862783135	d740f242-6c26-4229-9a8f-b63bfab63dc6	99317	Animalia	Chordata	Aves	Galliformes	Phasianidae	Tetrao	Tetrao urogallus		SPECIES	Tetrao urogallus Linnaeus, 1758	Tetrao urogallus		CH	Chaumont		PRESENT		2963d877-8230-45bd-a223-544376275120	47.016667	6.95	1848.0						1890			1890	55QS7	55QS7	HUMAN_OBSERVATION							CC_BY_4_0					2026-09-09T15:22:22.836Z		COORDINATE_ROUNDED;CONTINENT_DERIVED_FROM_COORDINATES
2862782965	d740f242-6c26-4229-9a8f-b63bfab63dc6	95573	Animalia	Chordata	Aves	Galliformes	Phasianidae	Tetrao	Tetrao urogallus		SPECIES	Tetrao urogallus Linnaeus, 1758	Tetrao urogallus		CH	Simmental		PRESENT	1	2963d877-8230-45bd-a223-544376275120	46.65	7.5	1330.0						1960-05-02	2	5	1960	55QS7	55QS7	PRESERVED_SPECIMEN	Naturhistorisches Museum Bern, Switzerland						CC_BY_4_0		Allemann			2026-09-09T15:22:23.885Z		CONTINENT_DERIVED_FROM_COORDINATES;INSTITUTION_MATCH_NONE
2862781941	d740f242-6c26-4229-9a8f-b63bfab63dc6	95306	Animalia	Chordata	Aves	Galliformes	Phasianidae	Tetrao	Tetrao urogallus		SPECIES	Tetrao urogallus Linnaeus, 1758	Tetrao urogallus		CH	Col Marchairuz		PRESENT	1	2963d877-8230-45bd-a223-544376275120									1956-06-09	9	6	1956	55QS7	55QS7	PRESERVED_SPECIMEN	Naturhistorisches Museum Bern, Switzerland						CC_BY_4_0		Pochelon G.			2026-09-09T15:22:22.241Z		CONTINENT_DERIVED_FROM_COUNTRY;INSTITUTION_MATCH_NONE
2862781936	d740f242-6c26-4229-9a8f-b63bfab63dc6	95199	Animalia	Chordata	Aves	Galliformes	Phasianidae	Tetrao	Tetrao urogallus		SPECIES	Tetrao urogallus Linnaeus, 1758	Tetrao urogallus		CH	Gurnigel		PRESENT	1	2963d877-8230-45bd-a223-544376275120	46.766667	7.45	18479.0						1976-06-17	17	6	1976	55QS7	55QS7	PRESERVED_SPECIMEN	Naturhistorisches Museum Bern, Switzerland						CC_BY_4_0		Maurer F.			2026-09-09T15:22:22.237Z		COORDINATE_ROUNDED;CONTINENT_DERIVED_FROM_COORDINATES;INSTITUTION_MATCH_NONE
2862781683	d740f242-6c26-4229-9a8f-b63bfab63dc6	88070	Animalia	Chordata	Aves	Galliformes	Phasianidae	Tetrao	Tetrao urogallus		SPECIES	Tetrao urogallus Linnaeus, 1758	Tetrao urogallus		CH			PRESENT		2963d877-8230-45bd-a223-544376275120									1985			1985	55QS7	55QS7	HUMAN_OBSERVATION							CC_BY_4_0					2026-09-09T15:22:23.452Z		CONTINENT_DERIVED_FROM_COUNTRY
2862780956	d740f242-6c26-4229-9a8f-b63bfab63dc6	95616	Animalia	Chordata	Aves	Galliformes	Phasianidae	Tetrao	Tetrao urogallus		SPECIES	Tetrao urogallus Linnaeus, 1758	Tetrao urogallus		CH	Gurnigel		PRESENT	1	2963d877-8230-45bd-a223-544376275120	46.766667	7.45	18479.0						1928-10		10	1928	55QS7	55QS7	PRESERVED_SPECIMEN	Naturhistorisches Museum Bern, Switzerland						CC_BY_4_0					2026-09-09T15:22:21.724Z		COORDINATE_ROUNDED;CONTINENT_DERIVED_FROM_COORDINATES;INSTITUTION_MATCH_NONE
2862780943	d740f242-6c26-4229-9a8f-b63bfab63dc6	95238	Animalia	Chordata	Aves	Galliformes	Phasianidae	Tetrao	Tetrao urogallus		SPECIES	Tetrao urogallus Linnaeus, 1758	Tetrao urogallus		CH			PRESENT	1	2963d877-8230-45bd-a223-544376275120	47.366667	7.2	18479.0						1900-05-15	15	5	1900	55QS7	55QS7	PRESERVED_SPECIMEN	Naturhistorisches Museum Bern, Switzerland						CC_BY_4_0		Henrici			2026-09-09T15:22:21.714Z		COORDINATE_ROUNDED;CONTINENT_DERIVED_FROM_COORDINATES;INSTITUTION_MATCH_NONE
2862780942	d740f242-6c26-4229-9a8f-b63bfab63dc6	95201	Animalia	Chordata	Aves	Galliformes	Phasianidae	Tetrao	Tetrao urogallus		SPECIES	Tetrao urogallus Linnaeus, 1758	Tetrao urogallus		CH	Gurnigel		PRESENT	1	2963d877-8230-45bd-a223-544376275120	46.766667	7.45	18479.0						1976-06-17	17	6	1976	55QS7	55QS7	PRESERVED_SPECIMEN	Naturhistorisches Museum Bern, Switzerland						CC_BY_4_0		Maurer F.			2026-09-09T15:22:21.911Z		COORDINATE_ROUNDED;CONTINENT_DERIVED_FROM_COORDINATES;INSTITUTION_MATCH_NONE
2862779976	d740f242-6c26-4229-9a8f-b63bfab63dc6	95674	Animalia	Chordata	Aves	Galliformes	Phasianidae	Tetrao	Tetrao urogallus		SPECIES	Tetrao urogallus Linnaeus, 1758	Tetrao urogallus		CH	Susch		PRESENT	1	2963d877-8230-45bd-a223-544376275120	46.75	10.066667	1848.0						1981			1981	55QS7	55QS7	PRESERVED_SPECIMEN	Naturhistorisches Museum Bern, Switzerland						CC_BY_4_0		Haller Heinrich, Dr.			2026-09-09T15:22:22.894Z		COORDINATE_ROUNDED;CONTINENT_DERIVED_FROM_COORDINATES;INSTITUTION_MATCH_NONE
2862779969	d740f242-6c26-4229-9a8f-b63bfab63dc6	95502	Animalia	Chordata	Aves	Galliformes	Phasianidae	Tetrao	Tetrao urogallus		SPECIES	Tetrao urogallus Linnaeus, 1758	Tetrao urogallus		CH	Schangnau		PRESENT	1	2963d877-8230-45bd-a223-544376275120	46.816667	7.85	1848.0						1955-10-30	30	10	1955	55QS7	55QS7	PRESERVED_SPECIMEN	Naturhistorisches Museum Bern, Switzerland						CC_BY_4_0		Grütter, WH			2026-09-09T15:22:22.891Z		COORDINATE_ROUNDED;CONTINENT_DERIVED_FROM_COORDINATES;INSTITUTION_MATCH_NONE
2862779695	d740f242-6c26-4229-9a8f-b63bfab63dc6	88069	Animalia	Chordata	Aves	Galliformes	Phasianidae	Tetrao	Tetrao urogallus		SPECIES	Tetrao urogallus Linnaeus, 1758	Tetrao urogallus		CH			PRESENT		2963d877-8230-45bd-a223-544376275120									1968/1971				55QS7	55QS7	HUMAN_OBSERVATION							CC_BY_4_0					2026-09-09T15:22:21.499Z		CONTINENT_DERIVED_FROM_COUNTRY
2862778939	d740f242-6c26-4229-9a8f-b63bfab63dc6	95632	Animalia	Chordata	Aves	Galliformes	Phasianidae	Tetrao	Tetrao urogallus		SPECIES	Tetrao urogallus Linnaeus, 1758	Tetrao urogallus		CH	Bönigen		PRESENT	1	2963d877-8230-45bd-a223-544376275120	46.683333	7.883333	1848.0						1950-06-09	9	6	1950	55QS7	55QS7	PRESERVED_SPECIMEN	Naturhistorisches Museum Bern, Switzerland						CC_BY_4_0		Eggler E.			2026-09-09T15:22:21.396Z		COORDINATE_ROUNDED;CONTINENT_DERIVED_FROM_COORDINATES;INSTITUTION_MATCH_NONE
2862778927	d740f242-6c26-4229-9a8f-b63bfab63dc6	95218	Animalia	Chordata	Aves	Galliformes	Phasianidae	Tetrao	Tetrao urogallus		SPECIES	Tetrao urogallus Linnaeus, 1758	Tetrao urogallus		CH	Gantlauenen		PRESENT	1	2963d877-8230-45bd-a223-544376275120	46.516667	7.383333	1848.0						2000-06-01	1	6	2000	55QS7	55QS7	PRESERVED_SPECIMEN	Naturhistorisches Museum Bern, Switzerland						CC_BY_4_0		Kunz Walter, WH			2026-09-09T15:22:21.034Z		COORDINATE_ROUNDED;CONTINENT_DERIVED_FROM_COORDINATES;INSTITUTION_MATCH_NONE
2862778642	d740f242-6c26-4229-9a8f-b63bfab63dc6	87785	Animalia	Chordata	Aves	Galliformes	Phasianidae	Tetrao	Tetrao urogallus		SPECIES	Tetrao urogallus Linnaeus, 1758	Tetrao urogallus		CH			PRESENT		2963d877-8230-45bd-a223-544376275120	47.366667	7.2	18479.0										55QS7	55QS7	HUMAN_OBSERVATION							CC_BY_4_0					2026-09-09T15:22:20.925Z		COORDINATE_ROUNDED;CONTINENT_DERIVED_FROM_COORDINATES;RECORDED_DATE_INVALID
2862778130	d740f242-6c26-4229-9a8f-b63bfab63dc6	99318	Animalia	Chordata	Aves	Galliformes	Phasianidae	Tetrao	Tetrao urogallus		SPECIES	Tetrao urogallus Linnaeus, 1758	Tetrao urogallus		CH	Alps		PRESENT		2963d877-8230-45bd-a223-544376275120									1890			1890	55QS7	55QS7	HUMAN_OBSERVATION							CC_BY_4_0					2026-09-09T15:22:21.137Z		CONTINENT_DERIVED_FROM_COUNTRY
2862777952	d740f242-6c26-4229-9a8f-b63bfab63dc6	95501	Animalia	Chordata	Aves	Galliformes	Phasianidae	Tetrao	Tetrao urogallus		SPECIES	Tetrao urogallus Linnaeus, 1758	Tetrao urogallus		CH	Switzerland		PRESENT	1	2963d877-8230-45bd-a223-544376275120	46.85	8.266667	221704.0										55QS7	55QS7	PRESERVED_SPECIMEN	Naturhistorisches Museum Bern, Switzerland						CC_BY_4_0		Gruner, Coll.			2026-09-09T15:22:21.093Z		COORDINATE_ROUNDED;CONTINENT_DERIVED_FROM_COORDINATES;RECORDED_DATE_INVALID;INSTITUTION_MATCH_NONE
2862776920	d740f242-6c26-4229-9a8f-b63bfab63dc6	95200	Animalia	Chordata	Aves	Galliformes	Phasianidae	Tetrao	Tetrao urogallus		SPECIES	Tetrao urogallus Linnaeus, 1758	Tetrao urogallus		CH	Gurnigel		PRESENT	1	2963d877-8230-45bd-a223-544376275120	46.766667	7.45	18479.0						1976-06-17	17	6	1976	55QS7	55QS7	PRESERVED_SPECIMEN	Naturhistorisches Museum Bern, Switzerland						CC_BY_4_0		Maurer F.			2026-09-09T15:22:21.700Z		COORDINATE_ROUNDED;CONTINENT_DERIVED_FROM_COORDINATES;INSTITUTION_MATCH_NONE
2862776913	d740f242-6c26-4229-9a8f-b63bfab63dc6	95020	Animalia	Chordata	Aves	Galliformes	Phasianidae	Tetrao	Tetrao urogallus		SPECIES	Tetrao urogallus Linnaeus, 1758	Tetrao urogallus		CH	Zwischenflüh		PRESENT	1	2963d877-8230-45bd-a223-544376275120	46.633333	7.55	1848.0						1938-11-07	7	11	1938	55QS7	55QS7	PRESERVED_SPECIMEN	Naturhistorisches Museum Bern, Switzerland						CC_BY_4_0					2026-09-09T15:22:20.783Z		COORDINATE_ROUNDED;CONTINENT_DERIVED_FROM_COORDINATES;INSTITUTION_MATCH_NONE
2862775971	d740f242-6c26-4229-9a8f-b63bfab63dc6	95459	Animalia	Chordata	Aves	Galliformes	Phasianidae	Tetrao	Tetrao urogallus		SPECIES	Tetrao urogallus Linnaeus, 1758	Tetrao urogallus		CH	Emmental		PRESENT	1	2963d877-8230-45bd-a223-544376275120	46.883333	7.75	18479.0						1901-10-20	20	10	1901	55QS7	55QS7	PRESERVED_SPECIMEN	Naturhistorisches Museum Bern, Switzerland						CC_BY_4_0					2026-09-09T15:22:20.425Z		COORDINATE_ROUNDED;CONTINENT_DERIVED_FROM_COORDINATES;INSTITUTION_MATCH_NONE
2862775968	d740f242-6c26-4229-9a8f-b63bfab63dc6	95305	Animalia	Chordata	Aves	Galliformes	Phasianidae	Tetrao	Tetrao urogallus		SPECIES	Tetrao urogallus Linnaeus, 1758	Tetrao urogallus		CH	Patûrage du Buron (V. de Joux)		PRESENT	1	2963d877-8230-45bd-a223-544376275120	46.6	6.183333	1848.0						1956-06-03	3	6	1956	55QS7	55QS7	PRESERVED_SPECIMEN	Naturhistorisches Museum Bern, Switzerland						CC_BY_4_0		Pochelon G.			2026-09-09T15:22:21.336Z		COORDINATE_ROUNDED;CONTINENT_DERIVED_FROM_COORDINATES;INSTITUTION_MATCH_NONE
2862775958	d740f242-6c26-4229-9a8f-b63bfab63dc6	95107	Animalia	Chordata	Aves	Galliformes	Phasianidae	Tetrao	Tetrao urogallus		SPECIES	Tetrao urogallus Linnaeus, 1758	Tetrao urogallus		CH	Kandersteg		PRESENT	1	2963d877-8230-45bd-a223-544376275120	46.466667	7.65	1848.0						1974-06-13	13	6	1974	55QS7	55QS7	PRESERVED_SPECIMEN	Naturhistorisches Museum Bern, Switzerland						CC_BY_4_0		Hari Hermann, WH			2026-09-09T15:22:20.001Z		COORDINATE_ROUNDED;CONTINENT_DERIVED_FROM_COORDINATES;INSTITUTION_MATCH_NONE
2862774922	d740f242-6c26-4229-9a8f-b63bfab63dc6	95118	Animalia	Chordata	Aves	Galliformes	Phasianidae	Tetrao	Tetrao urogallus		SPECIES	Tetrao urogallus Linnaeus, 1758	Tetrao urogallus		CH	Schüpberg		PRESENT	1	2963d877-8230-45bd-a223-544376275120	47.033333	7.366667	18479.0						1907-11		11	1907	55QS7	55QS7	PRESERVED_SPECIMEN	Naturhistorisches Museum Bern, Switzerland						CC_BY_4_0		Oppliger Walter, Coll.			2026-09-09T15:22:19.614Z		COORDINATE_ROUNDED;CONTINENT_DERIVED_FROM_COORDINATES;INSTITUTION_MATCH_NONE
2862774919	d740f242-6c26-4229-9a8f-b63bfab63dc6	95019	Animalia	Chordata	Aves	Galliformes	Phasianidae	Tetrao	Tetrao urogallus		SPECIES	Tetrao urogallus Linnaeus, 1758	Tetrao urogallus		CH	Bern		PRESENT	1	2963d877-8230-45bd-a223-544376275120	46.933333	7.433333	1848.0						1954-06-01	1	6	1954	55QS7	55QS7	PRESERVED_SPECIMEN	Naturhistorisches Museum Bern, Switzerland						CC_BY_4_0		Streich Hans, WH			2026-09-09T15:22:19.628Z		COORDINATE_ROUNDED;CONTINENT_DERIVED_FROM_COORDINATES;INSTITUTION_MATCH_NONE
2862774136	d740f242-6c26-4229-9a8f-b63bfab63dc6	99316	Animalia	Chordata	Aves	Galliformes	Phasianidae	Tetrao	Tetrao urogallus		SPECIES	Tetrao urogallus Linnaeus, 1758	Tetrao urogallus		CH			PRESENT		2963d877-8230-45bd-a223-544376275120	47.366667	7.2	18479.0						1890			1890	55QS7	55QS7	HUMAN_OBSERVATION							CC_BY_4_0					2026-09-09T15:22:19.741Z		COORDINATE_ROUNDED;CONTINENT_DERIVED_FROM_COORDINATES
2862773966	d740f242-6c26-4229-9a8f-b63bfab63dc6	95653	Animalia	Chordata	Aves	Galliformes	Phasianidae	Tetrao	Tetrao urogallus		SPECIES	Tetrao urogallus Linnaeus, 1758	Tetrao urogallus		CH	Schangnau		PRESENT	1	2963d877-8230-45bd-a223-544376275120	46.816667	7.85	1848.0						1948-02-26	26	2	1948	55QS7	55QS7	PRESERVED_SPECIMEN	Naturhistorisches Museum Bern, Switzerland						CC_BY_4_0		Grütter			2026-09-09T15:22:20.576Z		COORDINATE_ROUNDED;CONTINENT_DERIVED_FROM_COORDINATES;INSTITUTION_MATCH_NONE
2862773961	d740f242-6c26-4229-9a8f-b63bfab63dc6	95518	Animalia	Chordata	Aves	Galliformes	Phasianidae	Tetrao	Tetrao urogallus		SPECIES	Tetrao urogallus Linnaeus, 1758	Tetrao urogallus		CH	Eriswil near Huttwil		PRESENT	1	2963d877-8230-45bd-a223-544376275120	47.083333	7.85	1848.0						1955-05-07	7	5	1955	55QS7	55QS7	PRESERVED_SPECIMEN	Naturhistorisches Museum Bern, Switzerland						CC_BY_4_0		Oppliger Walter, Coll.			2026-09-09T15:22:19.685Z		COORDINATE_ROUNDED;CONTINENT_DERIVED_FROM_COORDINATES;INSTITUTION_MATCH_NONE
2862773960	d740f242-6c26-4229-9a8f-b63bfab63dc6	95473	Animalia	Chordata	Aves	Galliformes	Phasianidae	Tetrao	Tetrao urogallus		SPECIES	Tetrao urogallus Linnaeus, 1758	Tetrao urogallus		CH	Burgdorf		PRESENT	1	2963d877-8230-45bd-a223-544376275120	47.05	7.616667	1848.0						1881-11		11	1881	55QS7	55QS7	PRESERVED_SPECIMEN	Naturhistorisches Museum Bern, Switzerland						CC_BY_4_0		Cassani			2026-09-09T15:22:19.271Z		COORDINATE_ROUNDED;CONTINENT_DERIVED_FROM_COORDINATES;INSTITUTION_MATCH_NONE
2862773952	d740f242-6c26-4229-9a8f-b63bfab63dc6	95275	Animalia	Chordata	Aves	Galliformes	Phasianidae	Tetrao	Tetrao urogallus		SPECIES	Tetrao urogallus Linnaeus, 1758	Tetrao urogallus		CH	Ulmizberg		PRESENT	1	2963d877-8230-45bd-a223-544376275120	46.916667	7.4	18479.0						1917-05-27	27	5	1917	55QS7	55QS7	PRESERVED_SPECIMEN	Naturhistorisches Museum Bern, Switzerland						CC_BY_4_0		Henrici			2026-09-09T15:22:19.264Z		COORDINATE_ROUNDED;CONTINENT_DERIVED_FROM_COORDINATES;INSTITUTION_MATCH_NONE
2862773947	d740f242-6c26-4229-9a8f-b63bfab63dc6	95194	Animalia	Chordata	Aves	Galliformes	Phasianidae	Tetrao	Tetrao urogallus		SPECIES	Tetrao urogallus Linnaeus, 1758	Tetrao urogallus		CH	Wachthubel		PRESENT	1	2963d877-8230-45bd-a223-544376275120	46.866667	7.783333	18479.0						1974-08-20	20	8	1974	55QS7	55QS7	PRESERVED_SPECIMEN	Naturhistorisches Museum Bern, Switzerland						CC_BY_4_0		Ziörjen Werner			2026-09-09T15:22:19.261Z		COORDINATE_ROUNDED;CONTINENT_DERIVED_FROM_COORDINATES;INSTITUTION_MATCH_NONE
2862773941	d740f242-6c26-4229-9a8f-b63bfab63dc6	95022	Animalia	Chordata	Aves	Galliformes	Phasianidae	Tetrao	Tetrao urogallus		SPECIES	Tetrao urogallus Linnaeus, 1758	Tetrao urogallus		CH	Schangnau		PRESENT	1	2963d877-8230-45bd-a223-544376275120	46.816667	7.85	1848.0						1954-10-30	30	10	1954	55QS7	55QS7	PRESERVED_SPECIMEN	Naturhistorisches Museum Bern, Switzerland						CC_BY_4_0		Grütter E.			2026-09-09T15:22:19.672Z		COORDINATE_ROUNDED;CONTINENT_DERIVED_FROM_COORDINATES;INSTITUTION_MATCH_NONE
2862773276	d740f242-6c26-4229-9a8f-b63bfab63dc6	79300	Animalia	Chordata	Aves	Galliformes	Phasianidae	Tetrao	Tetrao urogallus		SPECIES	Tetrao urogallus Linnaeus, 1758	Tetrao urogallus		CH	Pradières		PRESENT	1	2963d877-8230-45bd-a223-544376275120									1977			1977	55QS7	55QS7	PRESERVED_SPECIMEN	Museum d'Histoire Naturelle de Neuchatel, Switzerland						CC_BY_4_0					2026-09-09T15:22:20.343Z		CONTINENT_DERIVED_FROM_COUNTRY;INSTITUTION_MATCH_NONE
2862772648	d740f242-6c26-4229-9a8f-b63bfab63dc6	62452	Animalia	Chordata	Aves	Galliformes	Phasianidae	Tetrao	Tetrao urogallus		SPECIES	Tetrao urogallus Linnaeus, 1758	Tetrao urogallus		CH	Alp Mädens ob Mels		PRESENT	1	2963d877-8230-45bd-a223-544376275120	47.033333	9.4	18479.0						1965			1965	55QS7	55QS7	PRESERVED_SPECIMEN	Naturhistorisches Museum, Basel, Switzerland						CC_BY_4_0					2026-09-09T15:22:19.173Z		COORDINATE_ROUNDED;CONTINENT_DERIVED_FROM_COORDINATES;INSTITUTION_MATCH_NONE
2862772606	d740f242-6c26-4229-9a8f-b63bfab63dc6	59951	Animalia	Chordata	Aves	Galliformes	Phasianidae	Tetrao	Tetrao urogallus		SPECIES	Tetrao urogallus Linnaeus, 1758	Tetrao urogallus		CH			PRESENT	1	2963d877-8230-45bd-a223-544376275120	47.366667	7.2	18479.0						1949			1949	55QS7	55QS7	PRESERVED_SPECIMEN	Musee Zoologie, Lausanne, Switzerland						CC_BY_4_0					2026-09-09T15:22:20.126Z		COORDINATE_ROUNDED;CONTINENT_DERIVED_FROM_COORDINATES;INSTITUTION_MATCH_NONE
2862772577	d740f242-6c26-4229-9a8f-b63bfab63dc6	58547	Animalia	Chordata	Aves	Galliformes	Phasianidae	Tetrao	Tetrao urogallus		SPECIES	Tetrao urogallus Linnaeus, 1758	Tetrao urogallus		CH			PRESENT	1	2963d877-8230-45bd-a223-544376275120									1887			1887	55QS7	55QS7	PRESERVED_SPECIMEN	Musee Zoologique de l'Universite Louis Pasteur et de la Ville de Strasbourg, France						CC_BY_4_0					2026-09-09T15:22:19.147Z		CONTINENT_DERIVED_FROM_COUNTRY;INSTITUTION_MATCH_NONE
2862772276	d740f242-6c26-4229-9a8f-b63bfab63dc6	79304	Animalia	Chordata	Aves	Galliformes	Phasianidae	Tetrao	Tetrao urogallus		SPECIES	Tetrao urogallus Linnaeus, 1758	Tetrao urogallus		CH	Boudry		PRESENT	1	2963d877-8230-45bd-a223-544376275120	46.95	6.816667	1848.0						1986			1986	55QS7	55QS7	PRESERVED_SPECIMEN	Museum d'Histoire Naturelle de Neuchatel, Switzerland						CC_BY_4_0					2026-09-09T15:22:19.847Z		COORDINATE_ROUNDED;CONTINENT_DERIVED_FROM_COORDINATES;INSTITUTION_MATCH_NONE
2862772272	d740f242-6c26-4229-9a8f-b63bfab63dc6	79223	Animalia	Chordata	Aves	Galliformes	Phasianidae	Tetrao	Tetrao urogallus		SPECIES	Tetrao urogallus Linnaeus, 1758	Tetrao urogallus		CH	Suisse		PRESENT	1	2963d877-8230-45bd-a223-544376275120									1846			1846	55QS7	55QS7	PRESERVED_SPECIMEN	Museum d'Histoire Naturelle de Neuchatel, Switzerland						CC_BY_4_0		Coulon L. de			2026-09-09T15:22:18.982Z		CONTINENT_DERIVED_FROM_COUNTRY;INSTITUTION_MATCH_NONE
2862771646	d740f242-6c26-4229-9a8f-b63bfab63dc6	62456	Animalia	Chordata	Aves	Galliformes	Phasianidae	Tetrao	Tetrao urogallus		SPECIES	Tetrao urogallus Linnaeus, 1758	Tetrao urogallus		CH	Regelstein		PRESENT	1	2963d877-8230-45bd-a223-544376275120	47.25	9.116667	18479.0						1979-12-01	1	12	1979	55QS7	55QS7	PRESERVED_SPECIMEN	Naturhistorisches Museum, Basel, Switzerland						CC_BY_4_0					2026-09-09T15:22:19.623Z		COORDINATE_ROUNDED;CONTINENT_DERIVED_FROM_COORDINATES;INSTITUTION_MATCH_NONE
2862771603	d740f242-6c26-4229-9a8f-b63bfab63dc6	59973	Animalia	Chordata	Aves	Galliformes	Phasianidae	Tetrao	Tetrao urogallus		SPECIES	Tetrao urogallus Linnaeus, 1758	Tetrao urogallus		CH	sur Montricher		PRESENT	1	2963d877-8230-45bd-a223-544376275120	46.6	6.366667	18479.0						1950-10-06	6	10	1950	55QS7	55QS7	PRESERVED_SPECIMEN	Musee Zoologie, Lausanne, Switzerland						CC_BY_4_0					2026-09-09T15:22:18.787Z		COORDINATE_ROUNDED;CONTINENT_DERIVED_FROM_COORDINATES;INSTITUTION_MATCH_NONE
2862771602	d740f242-6c26-4229-9a8f-b63bfab63dc6	59955	Animalia	Chordata	Aves	Galliformes	Phasianidae	Tetrao	Tetrao urogallus		SPECIES	Tetrao urogallus Linnaeus, 1758	Tetrao urogallus		CH	Alpes Vaudoises		PRESENT	1	2963d877-8230-45bd-a223-544376275120	46.316667	7.166667	18479.0						1949			1949	55QS7	55QS7	PRESERVED_SPECIMEN	Musee Zoologie, Lausanne, Switzerland						CC_BY_4_0					2026-09-09T15:22:18.453Z		COORDINATE_ROUNDED;CONTINENT_DERIVED_FROM_COORDINATES;INSTITUTION_MATCH_NONE
2862771576	d740f242-6c26-4229-9a8f-b63bfab63dc6	58532	Animalia	Chordata	Aves	Galliformes	Phasianidae	Tetrao	Tetrao urogallus		SPECIES	Tetrao urogallus Linnaeus, 1758	Tetrao urogallus		CH			PRESENT	1	2963d877-8230-45bd-a223-544376275120									1878			1878	55QS7	55QS7	PRESERVED_SPECIMEN	Musee Zoologique de l'Universite Louis Pasteur et de la Ville de Strasbourg, France						CC_BY_4_0		Schneider, G			2026-09-09T15:22:18.771Z		CONTINENT_DERIVED_FROM_COUNTRY;INSTITUTION_MATCH_NONE
2862771262	d740f242-6c26-4229-9a8f-b63bfab63dc6	79254	Animalia	Chordata	Aves	Galliformes	Phasianidae	Tetrao	Tetrao urogallus		SPECIES	Tetrao urogallus Linnaeus, 1758	Tetrao urogallus		CH	Bevaix		PRESENT	1	2963d877-8230-45bd-a223-544376275120	46.916667	6.8	1848.0						1971			1971	55QS7	55QS7	PRESERVED_SPECIMEN	Museum d'Histoire Naturelle de Neuchatel, Switzerland						CC_BY_4_0		Reutter G. P.			2026-09-09T15:22:18.298Z		COORDINATE_ROUNDED;CONTINENT_DERIVED_FROM_COORDINATES;INSTITUTION_MATCH_NONE
2862771261	d740f242-6c26-4229-9a8f-b63bfab63dc6	79236	Animalia	Chordata	Aves	Galliformes	Phasianidae	Tetrao	Tetrao urogallus		SPECIES	Tetrao urogallus Linnaeus, 1758	Tetrao urogallus		CH	Chez-le-Bart		PRESENT	1	2963d877-8230-45bd-a223-544376275120	46.9	6.766667	1848.0						1944			1944	55QS7	55QS7	PRESERVED_SPECIMEN	Museum d'Histoire Naturelle de Neuchatel, Switzerland						CC_BY_4_0		Beau P.			2026-09-09T15:22:18.653Z		COORDINATE_ROUNDED;CONTINENT_DERIVED_FROM_COORDINATES;INSTITUTION_MATCH_NONE
2862770643	d740f242-6c26-4229-9a8f-b63bfab63dc6	62450	Animalia	Chordata	Aves	Galliformes	Phasianidae	Tetrao	Tetrao urogallus		SPECIES	Tetrao urogallus Linnaeus, 1758	Tetrao urogallus		CH	Eriswil near Huttwil		PRESENT	1	2963d877-8230-45bd-a223-544376275120	47.083333	7.85	1848.0						1955			1955	55QS7	55QS7	PRESERVED_SPECIMEN	Naturhistorisches Museum, Basel, Switzerland						CC_BY_4_0					2026-09-09T15:22:19.282Z		COORDINATE_ROUNDED;CONTINENT_DERIVED_FROM_COORDINATES;INSTITUTION_MATCH_NONE
2862770282	d740f242-6c26-4229-9a8f-b63bfab63dc6	79302	Animalia	Chordata	Aves	Galliformes	Phasianidae	Tetrao	Tetrao urogallus		SPECIES	Tetrao urogallus Linnaeus, 1758	Tetrao urogallus		CH	Grandes Pradières		PRESENT	1	2963d877-8230-45bd-a223-544376275120									1985			1985	55QS7	55QS7	PRESERVED_SPECIMEN	Museum d'Histoire Naturelle de Neuchatel, Switzerland						CC_BY_4_0					2026-09-09T15:22:18.306Z		CONTINENT_DERIVED_FROM_COUNTRY;INSTITUTION_MATCH_NONE
2862770281	d740f242-6c26-4229-9a8f-b63bfab63dc6	79294	Animalia	Chordata	Aves	Galliformes	Phasianidae	Tetrao	Tetrao urogallus		SPECIES	Tetrao urogallus Linnaeus, 1758	Tetrao urogallus		CH	Chasseral		PRESENT	1	2963d877-8230-45bd-a223-544376275120	47.133333	7.05	18479.0						1962			1962	55QS7	55QS7	PRESERVED_SPECIMEN	Museum d'Histoire Naturelle de Neuchatel, Switzerland						CC_BY_4_0		Juan J.-P.			2026-09-09T15:22:17.817Z		COORDINATE_ROUNDED;CONTINENT_DERIVED_FROM_COORDINATES;INSTITUTION_MATCH_NONE
2862770280	d740f242-6c26-4229-9a8f-b63bfab63dc6	79276	Animalia	Chordata	Aves	Galliformes	Phasianidae	Tetrao	Tetrao urogallus		SPECIES	Tetrao urogallus Linnaeus, 1758	Tetrao urogallus		CH	Soleure		PRESENT	6	2963d877-8230-45bd-a223-544376275120	47.233333	7.516667	1848.0						1877			1877	55QS7	55QS7	PRESERVED_SPECIMEN	Museum d'Histoire Naturelle de Neuchatel, Switzerland						CC_BY_4_0		Robert Samuel			2026-09-09T15:22:19.122Z		COORDINATE_ROUNDED;CONTINENT_DERIVED_FROM_COORDINATES;INSTITUTION_MATCH_NONE
2862770279	d740f242-6c26-4229-9a8f-b63bfab63dc6	79258	Animalia	Chordata	Aves	Galliformes	Phasianidae	Tetrao	Tetrao urogallus		SPECIES	Tetrao urogallus Linnaeus, 1758	Tetrao urogallus		CH	Fresens		PRESENT	1	2963d877-8230-45bd-a223-544376275120	46.95	6.816667	18479.0						1983			1983	55QS7	55QS7	PRESERVED_SPECIMEN	Museum d'Histoire Naturelle de Neuchatel, Switzerland						CC_BY_4_0					2026-09-09T15:22:19.120Z		COORDINATE_ROUNDED;CONTINENT_DERIVED_FROM_COORDINATES;INSTITUTION_MATCH_NONE
2862770278	d740f242-6c26-4229-9a8f-b63bfab63dc6	79221	Animalia	Chordata	Aves	Galliformes	Phasianidae	Tetrao	Tetrao urogallus		SPECIES	Tetrao urogallus Linnaeus, 1758	Tetrao urogallus		CH	Neuchâtel		PRESENT	1	2963d877-8230-45bd-a223-544376275120	47.0	6.766667	18479.0						1844			1844	55QS7	55QS7	PRESERVED_SPECIMEN	Museum d'Histoire Naturelle de Neuchatel, Switzerland						CC_BY_4_0		Jaquet			2026-09-09T15:22:18.305Z		COORDINATE_ROUNDED;CONTINENT_DERIVED_FROM_COORDINATES;INSTITUTION_MATCH_NONE
2862769659	d740f242-6c26-4229-9a8f-b63bfab63dc6	62454	Animalia	Chordata	Aves	Galliformes	Phasianidae	Tetrao	Tetrao urogallus		SPECIES	Tetrao urogallus Linnaeus, 1758	Tetrao urogallus		CH	Martina		PRESENT	1	2963d877-8230-45bd-a223-544376275120	46.883333	10.466667	1848.0						1971-06-24	24	6	1971	55QS7	55QS7	PRESERVED_SPECIMEN	Naturhistorisches Museum, Basel, Switzerland						CC_BY_4_0					2026-09-09T15:22:17.581Z		COORDINATE_ROUNDED;CONTINENT_DERIVED_FROM_COORDINATES;INSTITUTION_MATCH_NONE
2862769612	d740f242-6c26-4229-9a8f-b63bfab63dc6	59953	Animalia	Chordata	Aves	Galliformes	Phasianidae	Tetrao	Tetrao urogallus		SPECIES	Tetrao urogallus Linnaeus, 1758	Tetrao urogallus		CH	Fairosaz		PRESENT	1	2963d877-8230-45bd-a223-544376275120									1959			1959	55QS7	55QS7	PRESERVED_SPECIMEN	Musee Zoologie, Lausanne, Switzerland						CC_BY_4_0					2026-09-09T15:22:17.561Z		CONTINENT_DERIVED_FROM_COUNTRY;INSTITUTION_MATCH_NONE
2862769249	d740f242-6c26-4229-9a8f-b63bfab63dc6	79315	Animalia	Chordata	Aves	Galliformes	Phasianidae	Tetrao	Tetrao urogallus		SPECIES	Tetrao urogallus Linnaeus, 1758	Tetrao urogallus		CH	Creux-du-Van, La Baronne		PRESENT	1	2963d877-8230-45bd-a223-544376275120									1941			1941	55QS7	55QS7	PRESERVED_SPECIMEN	Museum d'Histoire Naturelle de Neuchatel, Switzerland						CC_BY_4_0					2026-09-09T15:22:17.880Z		CONTINENT_DERIVED_FROM_COUNTRY;INSTITUTION_MATCH_NONE
2862768632	d740f242-6c26-4229-9a8f-b63bfab63dc6	62449	Animalia	Chordata	Aves	Galliformes	Phasianidae	Tetrao	Tetrao urogallus		SPECIES	Tetrao urogallus Linnaeus, 1758	Tetrao urogallus		CH			PRESENT	1	2963d877-8230-45bd-a223-544376275120													55QS7	55QS7	PRESERVED_SPECIMEN	Naturhistorisches Museum, Basel, Switzerland						CC_BY_4_0					2026-09-09T15:22:17.432Z		CONTINENT_DERIVED_FROM_COUNTRY;RECORDED_DATE_INVALID;INSTITUTION_MATCH_NONE
2862768595	d740f242-6c26-4229-9a8f-b63bfab63dc6	59984	Animalia	Chordata	Aves	Galliformes	Phasianidae	Tetrao	Tetrao urogallus		SPECIES	Tetrao urogallus Linnaeus, 1758	Tetrao urogallus		CH	Alpes Vaudoises		PRESENT	1	2963d877-8230-45bd-a223-544376275120	46.316667	7.166667	18479.0						1921			1921	55QS7	55QS7	PRESERVED_SPECIMEN	Musee Zoologie, Lausanne, Switzerland						CC_BY_4_0					2026-09-09T15:22:17.421Z		COORDINATE_ROUNDED;CONTINENT_DERIVED_FROM_COORDINATES;INSTITUTION_MATCH_NONE
2862768594	d740f242-6c26-4229-9a8f-b63bfab63dc6	59948	Animalia	Chordata	Aves	Galliformes	Phasianidae	Tetrao	Tetrao urogallus		SPECIES	Tetrao urogallus Linnaeus, 1758	Tetrao urogallus		CH	Pré Anselme		PRESENT	1	2963d877-8230-45bd-a223-544376275120	47.366667	7.2	18479.0						1956-10-08	8	10	1956	55QS7	55QS7	PRESERVED_SPECIMEN	Musee Zoologie, Lausanne, Switzerland						CC_BY_4_0					2026-09-09T15:22:17.419Z		COORDINATE_ROUNDED;CONTINENT_DERIVED_FROM_COORDINATES;INSTITUTION_MATCH_NONE
2862768274	d740f242-6c26-4229-9a8f-b63bfab63dc6	79301	Animalia	Chordata	Aves	Galliformes	Phasianidae	Tetrao	Tetrao urogallus		SPECIES	Tetrao urogallus Linnaeus, 1758	Tetrao urogallus		CH	Côte de Montalchez pt. 1281-1144		PRESENT	1	2963d877-8230-45bd-a223-544376275120									1979			1979	55QS7	55QS7	PRESERVED_SPECIMEN	Museum d'Histoire Naturelle de Neuchatel, Switzerland						CC_BY_4_0		Fivaz			2026-09-09T15:22:17.537Z		CONTINENT_DERIVED_FROM_COUNTRY;INSTITUTION_MATCH_NONE
2862768271	d740f242-6c26-4229-9a8f-b63bfab63dc6	79257	Animalia	Chordata	Aves	Galliformes	Phasianidae	Tetrao	Tetrao urogallus		SPECIES	Tetrao urogallus Linnaeus, 1758	Tetrao urogallus		CH	Fresens		PRESENT	1	2963d877-8230-45bd-a223-544376275120	46.95	6.816667	18479.0						1983			1983	55QS7	55QS7	PRESERVED_SPECIMEN	Museum d'Histoire Naturelle de Neuchatel, Switzerland						CC_BY_4_0					2026-09-09T15:22:16.975Z		COORDINATE_ROUNDED;CONTINENT_DERIVED_FROM_COORDINATES;INSTITUTION_MATCH_NONE
2862767656	d740f242-6c26-4229-9a8f-b63bfab63dc6	62453	Animalia	Chordata	Aves	Galliformes	Phasianidae	Tetrao	Tetrao urogallus		SPECIES	Tetrao urogallus Linnaeus, 1758	Tetrao urogallus		CH	Schwyz		PRESENT	1	2963d877-8230-45bd-a223-544376275120	47.016667	8.616667	1848.0						1966-11-08	8	11	1966	55QS7	55QS7	PRESERVED_SPECIMEN	Naturhistorisches Museum, Basel, Switzerland						CC_BY_4_0					2026-09-09T15:22:16.781Z		COORDINATE_ROUNDED;CONTINENT_DERIVED_FROM_COORDINATES;INSTITUTION_MATCH_NONE
2862767612	d740f242-6c26-4229-9a8f-b63bfab63dc6	59952	Animalia	Chordata	Aves	Galliformes	Phasianidae	Tetrao	Tetrao urogallus		SPECIES	Tetrao urogallus Linnaeus, 1758	Tetrao urogallus		CH	Mollendruz		PRESENT	1	2963d877-8230-45bd-a223-544376275120	46.65	6.4	1848.0						1959			1959	55QS7	55QS7	PRESERVED_SPECIMEN	Musee Zoologie, Lausanne, Switzerland						CC_BY_4_0					2026-09-09T15:22:17.301Z		CONTINENT_DERIVED_FROM_COORDINATES;INSTITUTION_MATCH_NONE
2862767242	d740f242-6c26-4229-9a8f-b63bfab63dc6	79271	Animalia	Chordata	Aves	Galliformes	Phasianidae	Tetrao	Tetrao urogallus		SPECIES	Tetrao urogallus Linnaeus, 1758	Tetrao urogallus		CH	Saint-Aubin		PRESENT	4	2963d877-8230-45bd-a223-544376275120	46.883333	6.966667	1848.0						1981			1981	55QS7	55QS7	PRESERVED_SPECIMEN	Museum d'Histoire Naturelle de Neuchatel, Switzerland						CC_BY_4_0		Gehringer F.			2026-09-09T15:22:17.829Z		COORDINATE_ROUNDED;CONTINENT_DERIVED_FROM_COORDINATES;INSTITUTION_MATCH_NONE
2862767241	d740f242-6c26-4229-9a8f-b63bfab63dc6	79253	Animalia	Chordata	Aves	Galliformes	Phasianidae	Tetrao	Tetrao urogallus		SPECIES	Tetrao urogallus Linnaeus, 1758	Tetrao urogallus		CH	La Brévine		PRESENT	1	2963d877-8230-45bd-a223-544376275120	46.966667	6.6	1848.0						1971			1971	55QS7	55QS7	PRESERVED_SPECIMEN	Museum d'Histoire Naturelle de Neuchatel, Switzerland						CC_BY_4_0					2026-09-09T15:22:17.112Z		COORDINATE_ROUNDED;CONTINENT_DERIVED_FROM_COORDINATES;INSTITUTION_MATCH_NONE
2862766587	d740f242-6c26-4229-9a8f-b63bfab63dc6	59949	Animalia	Chordata	Aves	Galliformes	Phasianidae	Tetrao	Tetrao urogallus		SPECIES	Tetrao urogallus Linnaeus, 1758	Tetrao urogallus		CH	Pré Anselme		PRESENT	1	2963d877-8230-45bd-a223-544376275120	47.366667	7.2	18479.0						1961-10-01	1	10	1961	55QS7	55QS7	PRESERVED_SPECIMEN	Musee Zoologie, Lausanne, Switzerland						CC_BY_4_0					2026-09-09T15:22:16.886Z		COORDINATE_ROUNDED;CONTINENT_DERIVED_FROM_COORDINATES;INSTITUTION_MATCH_NONE
2862766241	d740f242-6c26-4229-9a8f-b63bfab63dc6	79288	Animalia	Chordata	Aves	Galliformes	Phasianidae	Tetrao	Tetrao urogallus		SPECIES	Tetrao urogallus Linnaeus, 1758	Tetrao urogallus		CH	Wäggithal		PRESENT	10	2963d877-8230-45bd-a223-544376275120									1876			1876	55QS7	55QS7	PRESERVED_SPECIMEN	Museum d'Histoire Naturelle de Neuchatel, Switzerland						CC_BY_4_0		Robert Samuel			2026-09-09T15:22:16.471Z		CONTINENT_DERIVED_FROM_COUNTRY;INSTITUTION_MATCH_NONE
2862765625	d740f242-6c26-4229-9a8f-b63bfab63dc6	62448	Animalia	Chordata	Aves	Galliformes	Phasianidae	Tetrao	Tetrao urogallus		SPECIES	Tetrao urogallus Linnaeus, 1758	Tetrao urogallus		CH	Hürnberg		PRESENT	1	2963d877-8230-45bd-a223-544376275120									1931-10-01	1	10	1931	55QS7	55QS7	PRESERVED_SPECIMEN	Naturhistorisches Museum, Basel, Switzerland						CC_BY_4_0					2026-09-09T15:22:16.450Z		CONTINENT_DERIVED_FROM_COUNTRY;INSTITUTION_MATCH_NONE
2862765586	d740f242-6c26-4229-9a8f-b63bfab63dc6	59965	Animalia	Chordata	Aves	Galliformes	Phasianidae	Tetrao	Tetrao urogallus		SPECIES	Tetrao urogallus Linnaeus, 1758	Tetrao urogallus		CH	Pré Anselme		PRESENT	1	2963d877-8230-45bd-a223-544376275120	47.366667	7.2	18479.0						1961-10-03	3	10	1961	55QS7	55QS7	PRESERVED_SPECIMEN	Musee Zoologie, Lausanne, Switzerland						CC_BY_4_0					2026-09-09T15:22:16.436Z		COORDINATE_ROUNDED;CONTINENT_DERIVED_FROM_COORDINATES;INSTITUTION_MATCH_NONE
2862765585	d740f242-6c26-4229-9a8f-b63bfab63dc6	59947	Animalia	Chordata	Aves	Galliformes	Phasianidae	Tetrao	Tetrao urogallus		SPECIES	Tetrao urogallus Linnaeus, 1758	Tetrao urogallus		CH	Risoux		PRESENT	1	2963d877-8230-45bd-a223-544376275120	46.533333	6.166667	1848.0						1964			1964	55QS7	55QS7	PRESERVED_SPECIMEN	Musee Zoologie, Lausanne, Switzerland						CC_BY_4_0					2026-09-09T15:22:16.204Z		COORDINATE_ROUNDED;CONTINENT_DERIVED_FROM_COORDINATES;INSTITUTION_MATCH_NONE
2862765296	d740f242-6c26-4229-9a8f-b63bfab63dc6	79303	Animalia	Chordata	Aves	Galliformes	Phasianidae	Tetrao	Tetrao urogallus		SPECIES	Tetrao urogallus Linnaeus, 1758	Tetrao urogallus		CH	Dählhölzli		PRESENT	1	2963d877-8230-45bd-a223-544376275120									1986			1986	55QS7	55QS7	PRESERVED_SPECIMEN	Museum d'Histoire Naturelle de Neuchatel, Switzerland						CC_BY_4_0					2026-09-09T15:22:17.005Z		CONTINENT_DERIVED_FROM_COUNTRY;INSTITUTION_MATCH_NONE
2862765293	d740f242-6c26-4229-9a8f-b63bfab63dc6	79259	Animalia	Chordata	Aves	Galliformes	Phasianidae	Tetrao	Tetrao urogallus		SPECIES	Tetrao urogallus Linnaeus, 1758	Tetrao urogallus		CH	Fresens		PRESENT	1	2963d877-8230-45bd-a223-544376275120	46.95	6.816667	18479.0						1983			1983	55QS7	55QS7	PRESERVED_SPECIMEN	Museum d'Histoire Naturelle de Neuchatel, Switzerland						CC_BY_4_0					2026-09-09T15:22:17.004Z		COORDINATE_ROUNDED;CONTINENT_DERIVED_FROM_COORDINATES;INSTITUTION_MATCH_NONE
2862765291	d740f242-6c26-4229-9a8f-b63bfab63dc6	79222	Animalia	Chordata	Aves	Galliformes	Phasianidae	Tetrao	Tetrao urogallus		SPECIES	Tetrao urogallus Linnaeus, 1758	Tetrao urogallus		CH	Suisse		PRESENT	1	2963d877-8230-45bd-a223-544376275120									1846			1846	55QS7	55QS7	PRESERVED_SPECIMEN	Museum d'Histoire Naturelle de Neuchatel, Switzerland						CC_BY_4_0					2026-09-09T15:22:16.296Z		CONTINENT_DERIVED_FROM_COUNTRY;INSTITUTION_MATCH_NONE
2862764665	d740f242-6c26-4229-9a8f-b63bfab63dc6	62455	Animalia	Chordata	Aves	Galliformes	Phasianidae	Tetrao	Tetrao urogallus		SPECIES	Tetrao urogallus Linnaeus, 1758	Tetrao urogallus		CH	Suren		PRESENT	1	2963d877-8230-45bd-a223-544376275120	46.766667	10.166667	1848.0						1977-07-15	15	7	1977	55QS7	55QS7	PRESERVED_SPECIMEN	Naturhistorisches Museum, Basel, Switzerland						CC_BY_4_0					2026-09-09T15:22:15.846Z		COORDINATE_ROUNDED;CONTINENT_DERIVED_FROM_COORDINATES;INSTITUTION_MATCH_NONE
2862764619	d740f242-6c26-4229-9a8f-b63bfab63dc6	59954	Animalia	Chordata	Aves	Galliformes	Phasianidae	Tetrao	Tetrao urogallus		SPECIES	Tetrao urogallus Linnaeus, 1758	Tetrao urogallus		CH	Alpes Vaudoises		PRESENT	1	2963d877-8230-45bd-a223-544376275120	46.316667	7.166667	18479.0						1949			1949	55QS7	55QS7	PRESERVED_SPECIMEN	Musee Zoologie, Lausanne, Switzerland						CC_BY_4_0					2026-09-09T15:22:15.821Z		COORDINATE_ROUNDED;CONTINENT_DERIVED_FROM_COORDINATES;INSTITUTION_MATCH_NONE
2862764266	d740f242-6c26-4229-9a8f-b63bfab63dc6	79237	Animalia	Chordata	Aves	Galliformes	Phasianidae	Tetrao	Tetrao urogallus		SPECIES	Tetrao urogallus Linnaeus, 1758	Tetrao urogallus		CH	Chez-le-Bart		PRESENT	1	2963d877-8230-45bd-a223-544376275120	46.9	6.766667	1848.0						1944			1944	55QS7	55QS7	PRESERVED_SPECIMEN	Museum d'Histoire Naturelle de Neuchatel, Switzerland						CC_BY_4_0		Beau P.			2026-09-09T15:22:16.578Z		COORDINATE_ROUNDED;CONTINENT_DERIVED_FROM_COORDINATES;INSTITUTION_MATCH_NONE
2862763646	d740f242-6c26-4229-9a8f-b63bfab63dc6	62451	Animalia	Chordata	Aves	Galliformes	Phasianidae	Tetrao	Tetrao urogallus		SPECIES	Tetrao urogallus Linnaeus, 1758	Tetrao urogallus		CH	Siebnen		PRESENT	1	2963d877-8230-45bd-a223-544376275120	47.166667	8.883333	1848.0						1959-04-04	4	4	1959	55QS7	55QS7	PRESERVED_SPECIMEN	Naturhistorisches Museum, Basel, Switzerland						CC_BY_4_0					2026-09-09T15:22:15.397Z		COORDINATE_ROUNDED;CONTINENT_DERIVED_FROM_COORDINATES;INSTITUTION_MATCH_NONE
2862763607	d740f242-6c26-4229-9a8f-b63bfab63dc6	59950	Animalia	Chordata	Aves	Galliformes	Phasianidae	Tetrao	Tetrao urogallus		SPECIES	Tetrao urogallus Linnaeus, 1758	Tetrao urogallus		CH	Risoux		PRESENT	1	2963d877-8230-45bd-a223-544376275120	46.533333	6.166667	1848.0						1952			1952	55QS7	55QS7	PRESERVED_SPECIMEN	Musee Zoologie, Lausanne, Switzerland						CC_BY_4_0					2026-09-09T15:22:14.885Z		COORDINATE_ROUNDED;CONTINENT_DERIVED_FROM_COORDINATES;INSTITUTION_MATCH_NONE
2862762784	d740f242-6c26-4229-9a8f-b63bfab63dc6	41512	Animalia	Chordata	Aves	Galliformes	Phasianidae	Tetrao	Tetrao urogallus		SPECIES	Tetrao urogallus Linnaeus, 1758	Tetrao urogallus		CH	Lyon?		PRESENT	1	2963d877-8230-45bd-a223-544376275120	46.616667	7.066667	18479.0						1806/1865				55QS7	55QS7	PRESERVED_SPECIMEN	American Museum of Natural History, New York, USA						CC_BY_4_0		Brehm;Galliard, L.O.			2026-09-09T15:22:14.503Z		COORDINATE_ROUNDED;CONTINENT_DERIVED_FROM_COORDINATES;INSTITUTION_MATCH_NONE
2862762074	d740f242-6c26-4229-9a8f-b63bfab63dc6	47378	Animalia	Chordata	Aves	Galliformes	Phasianidae	Tetrao	Tetrao urogallus		SPECIES	Tetrao urogallus Linnaeus, 1758	Tetrao urogallus		CH	Digitised Locality 1089		PRESENT		2963d877-8230-45bd-a223-544376275120	46.54294	9.067146	1848.0						1979/1992				55QS7	55QS7	HUMAN_OBSERVATION							CC_BY_4_0					2026-09-09T15:22:14.155Z		COORDINATE_ROUNDED;COUNTRY_DERIVED_FROM_COORDINATES;CONTINENT_DERIVED_FROM_COORDINATES
2862761080	d740f242-6c26-4229-9a8f-b63bfab63dc6	47406	Animalia	Chordata	Aves	Galliformes	Phasianidae	Tetrao	Tetrao urogallus		SPECIES	Tetrao urogallus Linnaeus, 1758	Tetrao urogallus		CH	Digitised Locality 1117		PRESENT		2963d877-8230-45bd-a223-544376275120	46.605763	9.695373	1848.0						1985/1990				55QS7	55QS7	HUMAN_OBSERVATION							CC_BY_4_0					2026-09-09T15:22:14.665Z		COORDINATE_ROUNDED;COUNTRY_DERIVED_FROM_COORDINATES;CONTINENT_DERIVED_FROM_COORDINATES
2862760083	d740f242-6c26-4229-9a8f-b63bfab63dc6	47376	Animalia	Chordata	Aves	Galliformes	Phasianidae	Tetrao	Tetrao urogallus		SPECIES	Tetrao urogallus Linnaeus, 1758	Tetrao urogallus		CH	Digitised Locality 1087		PRESENT		2963d877-8230-45bd-a223-544376275120	46.54294	8.501742	1848.0						1979/1992				55QS7	55QS7	HUMAN_OBSERVATION							CC_BY_4_0					2026-09-09T15:22:13.260Z		COORDINATE_ROUNDED;COUNTRY_DERIVED_FROM_COORDINATES;CONTINENT_DERIVED_FROM_COORDINATES
2862759079	d740f242-6c26-4229-9a8f-b63bfab63dc6	47374	Animalia	Chordata	Aves	Galliformes	Phasianidae	Tetrao	Tetrao urogallus		SPECIES	Tetrao urogallus Linnaeus, 1758	Tetrao urogallus		CH	Digitised Locality 1085		PRESENT		2963d877-8230-45bd-a223-544376275120	46.919876	8.43892	1848.0						1979/1992				55QS7	55QS7	HUMAN_OBSERVATION							CC_BY_4_0					2026-09-09T15:22:14.341Z		COORDINATE_ROUNDED;COUNTRY_DERIVED_FROM_COORDINATES;CONTINENT_DERIVED_FROM_COORDINATES
2862758072	d740f242-6c26-4229-9a8f-b63bfab63dc6	47373	Animalia	Chordata	Aves	Galliformes	Phasianidae	Tetrao	Tetrao urogallus		SPECIES	Tetrao urogallus Linnaeus, 1758	Tetrao urogallus		CH	Digitised Locality 1084		PRESENT		2963d877-8230-45bd-a223-544376275120	46.919876	7.810693	1848.0						1980/1992				55QS7	55QS7	HUMAN_OBSERVATION							CC_BY_4_0					2026-09-09T15:22:12.460Z		COORDINATE_ROUNDED;COUNTRY_DERIVED_FROM_COORDINATES;CONTINENT_DERIVED_FROM_COORDINATES
2862757073	d740f242-6c26-4229-9a8f-b63bfab63dc6	47375	Animalia	Chordata	Aves	Galliformes	Phasianidae	Tetrao	Tetrao urogallus		SPECIES	Tetrao urogallus Linnaeus, 1758	Tetrao urogallus		CH	Digitised Locality 1086		PRESENT		2963d877-8230-45bd-a223-544376275120	46.54294	7.810693	1848.0						1980/1992				55QS7	55QS7	HUMAN_OBSERVATION							CC_BY_4_0					2026-09-09T15:22:12.407Z		COORDINATE_ROUNDED;COUNTRY_DERIVED_FROM_COORDINATES;CONTINENT_DERIVED_FROM_COORDINATES
2862756087	d740f242-6c26-4229-9a8f-b63bfab63dc6	47405	Animalia	Chordata	Aves	Galliformes	Phasianidae	Tetrao	Tetrao urogallus		SPECIES	Tetrao urogallus Linnaeus, 1758	Tetrao urogallus		CH	Digitised Locality 1116		PRESENT		2963d877-8230-45bd-a223-544376275120	46.982699	9.758195	1848.0						1985/1990				55QS7	55QS7	HUMAN_OBSERVATION							CC_BY_4_0					2026-09-09T15:22:12.486Z		COORDINATE_ROUNDED;COUNTRY_DERIVED_FROM_COORDINATES;CONTINENT_DERIVED_FROM_COORDINATES
2862755085	d740f242-6c26-4229-9a8f-b63bfab63dc6	47377	Animalia	Chordata	Aves	Galliformes	Phasianidae	Tetrao	Tetrao urogallus		SPECIES	Tetrao urogallus Linnaeus, 1758	Tetrao urogallus		CH	Digitised Locality 1088		PRESENT		2963d877-8230-45bd-a223-544376275120	46.982699	9.067146	1848.0						1979/1992				55QS7	55QS7	HUMAN_OBSERVATION							CC_BY_4_0					2026-09-09T15:22:12.060Z		COORDINATE_ROUNDED;COUNTRY_DERIVED_FROM_COORDINATES;CONTINENT_DERIVED_FROM_COORDINATES
2848601514	b1047888-ae52-4179-9dd5-5448ea342a24	https://data.biodiversitydata.nl/xeno-canto/observation/XC551836	Animalia	Chordata	Aves	Galliformes	Phasianidae	Tetrao	Tetrao urogallus		SPECIES	Tetrao urogallus Linnaeus, 1758	Tetrao urogallus		CH	Swiss Prealps		PRESENT		1f00d75c-f6fc-4224-a595-975e82d7689c									2020-04-26	26	4	2020	55QS7	55QS7	HUMAN_OBSERVATION		Wildlife sounds - Birds	XC551836				CC_BY_NC_4_0	David Marques	David Marques			2026-09-09T21:22:53.778Z	StillImage;Sound	CONTINENT_DERIVED_FROM_COUNTRY
2848599506	b1047888-ae52-4179-9dd5-5448ea342a24	https://data.biodiversitydata.nl/xeno-canto/observation/XC551834	Animalia	Chordata	Aves	Galliformes	Phasianidae	Tetrao	Tetrao urogallus		SPECIES	Tetrao urogallus Linnaeus, 1758	Tetrao urogallus		CH	Swiss Prealps		PRESENT		1f00d75c-f6fc-4224-a595-975e82d7689c									2020-04-26	26	4	2020	55QS7	55QS7	HUMAN_OBSERVATION		Wildlife sounds - Birds	XC551834				CC_BY_NC_4_0	David Marques	David Marques			2026-09-09T21:22:45.854Z	StillImage;Sound	CONTINENT_DERIVED_FROM_COUNTRY
2848565506	b1047888-ae52-4179-9dd5-5448ea342a24	https://data.biodiversitydata.nl/xeno-canto/observation/XC551835	Animalia	Chordata	Aves	Galliformes	Phasianidae	Tetrao	Tetrao urogallus		SPECIES	Tetrao urogallus Linnaeus, 1758	Tetrao urogallus		CH	Swiss Prealps		PRESENT		1f00d75c-f6fc-4224-a595-975e82d7689c									2020-04-26	26	4	2020	55QS7	55QS7	HUMAN_OBSERVATION		Wildlife sounds - Birds	XC551835				CC_BY_NC_4_0	David Marques	David Marques			2026-09-09T21:22:33.024Z	StillImage;Sound	CONTINENT_DERIVED_FROM_COUNTRY
2729055882	4fa7b334-ce0d-4e88-aaae-2e0c138d049e	URN:catalog:CLO:EBIRD:OBS502686597	Animalia	Chordata	Aves	Galliformes	Phasianidae	Tetrao	Tetrao urogallus		SPECIES	Tetrao urogallus Linnaeus, 1758	Tetrao urogallus		CH	Grotte à Chenuz	Vaud	PRESENT	1	e2e717bf-551a-4917-bdc9-4fa0f342c530	46.606586	6.339396							2017-05-21	21	5	2017	55QS7	55QS7	HUMAN_OBSERVATION	CLO	EBIRD	OBS502686597				CC_BY_4_0		obsr497615			2026-09-02T06:30:45.893Z		COORDINATE_ROUNDED;CONTINENT_DERIVED_FROM_COORDINATES;TAXON_CONCEPT_ID_NOT_FOUND
2652083262	4fa7b334-ce0d-4e88-aaae-2e0c138d049e	URN:catalog:CLO:EBIRD:OBS426757252	Animalia	Chordata	Aves	Galliformes	Phasianidae	Tetrao	Tetrao urogallus		SPECIES	Tetrao urogallus Linnaeus, 1758	Tetrao urogallus		CH	Grotte à Chenuz	Vaud	PRESENT	1	e2e717bf-551a-4917-bdc9-4fa0f342c530	46.606586	6.339396							2017-09-01	1	9	2017	55QS7	55QS7	HUMAN_OBSERVATION	CLO	EBIRD	OBS426757252				CC_BY_4_0		obsr497615			2026-09-02T06:29:49.548Z		COORDINATE_ROUNDED;CONTINENT_DERIVED_FROM_COORDINATES;TAXON_CONCEPT_ID_NOT_FOUND
2434095426	889c91a3-614f-4355-8df8-b6d0260a118c	https://data.biodiversitydata.nl/naturalis/specimen/RMNH.AVES.229734	Animalia	Chordata	Aves	Galliformes	Phasianidae	Tetrao	Tetrao urogallus		SPECIES	Tetrao urogallus Linnaeus, 1758	Tetrao urogallus Linnaeus	Linnaeus	CH		Emmenthal	PRESENT	1	396d5f30-dea9-11db-8ab4-b8a03c50a862													55QS7	55QS7	PRESERVED_SPECIMEN		Aves	RMNH.AVES.229734				CC0_1_0	Naturalis Biodiversity Center				2026-09-10T16:16:33.737Z		CONTINENT_DERIVED_FROM_COUNTRY;OCCURRENCE_STATUS_INFERRED_FROM_INDIVIDUAL_COUNT
2434088882	889c91a3-614f-4355-8df8-b6d0260a118c	https://data.biodiversitydata.nl/naturalis/specimen/RMNH.AVES.22541	Animalia	Chordata	Aves	Galliformes	Phasianidae	Tetrao	Tetrao urogallus		SPECIES	Tetrao urogallus Linnaeus, 1758	Tetrao urogallus Linnaeus	Linnaeus	CH	Breezand	North Holland	PRESENT	1	396d5f30-dea9-11db-8ab4-b8a03c50a862									1939-05-12	12	5	1939	55QS7	55QS7	PRESERVED_SPECIMEN		Aves	RMNH.AVES.22541				CC0_1_0	Naturalis Biodiversity Center	Huber J.			2026-09-10T16:16:32.209Z		CONTINENT_DERIVED_FROM_COUNTRY;OCCURRENCE_STATUS_INFERRED_FROM_INDIVIDUAL_COUNT
2434088350	889c91a3-614f-4355-8df8-b6d0260a118c	https://data.biodiversitydata.nl/naturalis/specimen/RMNH.AVES.224422	Animalia	Chordata	Aves	Galliformes	Phasianidae	Tetrao	Tetrao urogallus		SPECIES	Tetrao urogallus Linnaeus, 1758	Tetrao urogallus Linnaeus	Linnaeus	CH	Bij Thun		PRESENT	1	396d5f30-dea9-11db-8ab4-b8a03c50a862													55QS7	55QS7	PRESERVED_SPECIMEN		Aves	RMNH.AVES.224422				CC0_1_0	Naturalis Biodiversity Center				2026-09-10T16:16:32.130Z		CONTINENT_DERIVED_FROM_COUNTRY;OCCURRENCE_STATUS_INFERRED_FROM_INDIVIDUAL_COUNT
2331919441	50c9509d-22c7-4a22-a47d-8c48425ef4a7	https://www.inaturalist.org/observations/30265855	Animalia	Chordata	Aves	Galliformes	Phasianidae	Tetrao	Tetrao urogallus		SPECIES	Tetrao urogallus Linnaeus, 1758	Tetrao urogallus		CH		Graubünden	PRESENT		28eb1a3f-1c15-4a95-931a-4af90ecb574d	46.942946	9.8165	26935.0						2019-03-10T16:19:30	10	3	2019	55QS7	55QS7	HUMAN_OBSERVATION	iNaturalist	Observations	30265855		Timo M.	2019-08-05T20:22:37	CC_BY_NC_4_0	Timo M.	Timo M.			2026-09-11T05:38:49.359Z	StillImage	COORDINATE_ROUNDED;CONTINENT_DERIVED_FROM_COORDINATES;TAXON_ID_NOT_FOUND
2294408538	50c9509d-22c7-4a22-a47d-8c48425ef4a7	https://www.inaturalist.org/observations/21315066	Animalia	Chordata	Aves	Galliformes	Phasianidae	Tetrao	Tetrao urogallus		SPECIES	Tetrao urogallus Linnaeus, 1758	Tetrao urogallus		CH		Graubünden	PRESENT		28eb1a3f-1c15-4a95-931a-4af90ecb574d	46.987626	9.737774	26935.0						2014-05-28T11:00	28	5	2014	55QS7	55QS7	HUMAN_OBSERVATION	iNaturalist	Observations	21315066		Joost .	2019-03-17T11:27:08	CC_BY_NC_4_0	Joost .	Joost .			2026-09-11T06:00:01.730Z	StillImage	COORDINATE_ROUNDED;CONTINENT_DERIVED_FROM_COORDINATES;TAXON_ID_NOT_FOUND
1915516747	868ad223-8e90-45e7-ba2c-c69751663ab1	MZS Ave01235	Animalia	Chordata	Aves	Galliformes	Phasianidae	Tetrao	Tetrao urogallus		SPECIES	Tetrao urogallus Linnaeus, 1758	Tetrao urogallus Linnaeus, 1758		CH			PRESENT		609d49d0-78fe-11dd-b871-b8a03c50a862									1887			1887	55QS7	55QS7	PRESERVED_SPECIMEN			MZS Ave01235				CC_BY_4_0	Actuel : inconnu 1887 (1887)				2026-08-24T16:57:49.228Z		
1915516744	868ad223-8e90-45e7-ba2c-c69751663ab1	MZS Ave01225	Animalia	Chordata	Aves	Galliformes	Phasianidae	Tetrao	Tetrao urogallus		SPECIES	Tetrao urogallus Linnaeus, 1758	Tetrao urogallus Linnaeus, 1758		CH			PRESENT		609d49d0-78fe-11dd-b871-b8a03c50a862									1878			1878	55QS7	55QS7	PRESERVED_SPECIMEN			MZS Ave01225				CC_BY_4_0	Actuel : Schneider G 1878 (achat : Schneider Gustav , 1878)				2026-08-24T16:57:56.327Z		
1915516710	868ad223-8e90-45e7-ba2c-c69751663ab1	MZS Ave01220	Animalia	Chordata	Aves	Galliformes	Phasianidae	Tetrao	Tetrao urogallus	major	SUBSPECIES	Tetrao urogallus major C.L.Brehm, 1831	Tetrao urogallus major Brehm, 1831		CH			PRESENT		609d49d0-78fe-11dd-b871-b8a03c50a862									1878			1878	5LGHT	55QS7	PRESERVED_SPECIMEN			MZS Ave01220				CC_BY_4_0	Actuel : Schneider G 1878 (achat : Schneider Gustav , 1878)				2026-08-24T16:57:49.296Z		
1915509469	868ad223-8e90-45e7-ba2c-c69751663ab1	MZS Ave17090	Animalia	Chordata	Aves	Galliformes	Phasianidae	Tetrao	Tetrao urogallus		SPECIES	Tetrao urogallus Linnaeus, 1758	Tetrao urogallus Linnaeus, 1758		CH		Canton des Grisons	PRESENT		609d49d0-78fe-11dd-b871-b8a03c50a862													55QS7	55QS7	PRESERVED_SPECIMEN			MZS Ave17090				CC_BY_4_0					2026-08-24T16:57:53.507Z		
1268729329	aad97542-a068-449d-adb3-a8e937f64cb4	urn:catalog:AK:AK:LB7955	Animalia	Chordata	Aves	Galliformes	Phasianidae	Tetrao	Tetrao urogallus		SPECIES	Tetrao urogallus Linnaeus, 1758	Tetrao urogallus Linnaeus, 1758		CH			PRESENT		32e82a64-c9b4-4b2f-9fbd-d446309b973f	46.961389	8.245556	150000.0										55QS7	55QS7	PRESERVED_SPECIMEN	AK	AK	LB7955				CC_BY_4_0					2026-09-02T00:32:03.868Z	StillImage	COORDINATE_ROUNDED;COUNTRY_DERIVED_FROM_COORDINATES;CONTINENT_DERIVED_FROM_COORDINATES;RECORDED_DATE_INVALID;MULTIMEDIA_URI_INVALID;AMBIGUOUS_COLLECTION;INSTITUTION_MATCH_FUZZY
1224386614	c779b049-28f3-4daf-bbf4-0a40830819b6	64632	Animalia	Chordata	Aves	Galliformes	Phasianidae	Tetrao	Tetrao urogallus		SPECIES	Tetrao urogallus Linnaeus, 1758	Tetrao urogallus		CH			PRESENT		d3f94e8a-bb06-4d2b-89a6-6cd66abfa66c	47.177574	9.331484											55QS7	55QS7	HUMAN_OBSERVATION	SOVON	EOA	64632				CC_BY_4_0					2026-09-10T16:18:56.975Z		COORDINATE_ROUNDED;COUNTRY_DERIVED_FROM_COORDINATES;RECORDED_DATE_INVALID;INDIVIDUAL_COUNT_INVALID;TAXON_ID_NOT_FOUND
1224386581	c779b049-28f3-4daf-bbf4-0a40830819b6	64630	Animalia	Chordata	Aves	Galliformes	Phasianidae	Tetrao	Tetrao urogallus		SPECIES	Tetrao urogallus Linnaeus, 1758	Tetrao urogallus		CH			PRESENT		d3f94e8a-bb06-4d2b-89a6-6cd66abfa66c	46.723925	9.982989											55QS7	55QS7	HUMAN_OBSERVATION	SOVON	EOA	64630				CC_BY_4_0					2026-09-10T16:19:02.322Z		COORDINATE_ROUNDED;COUNTRY_DERIVED_FROM_COORDINATES;RECORDED_DATE_INVALID;INDIVIDUAL_COUNT_INVALID;TAXON_ID_NOT_FOUND
1224386551	c779b049-28f3-4daf-bbf4-0a40830819b6	64628	Animalia	Chordata	Aves	Galliformes	Phasianidae	Tetrao	Tetrao urogallus		SPECIES	Tetrao urogallus Linnaeus, 1758	Tetrao urogallus		CH			PRESENT		d3f94e8a-bb06-4d2b-89a6-6cd66abfa66c	46.72765	9.328694											55QS7	55QS7	HUMAN_OBSERVATION	SOVON	EOA	64628				CC_BY_4_0					2026-09-10T16:18:51.228Z		COORDINATE_ROUNDED;COUNTRY_DERIVED_FROM_COORDINATES;RECORDED_DATE_INVALID;INDIVIDUAL_COUNT_INVALID;TAXON_ID_NOT_FOUND
1224386503	c779b049-28f3-4daf-bbf4-0a40830819b6	64625	Animalia	Chordata	Aves	Galliformes	Phasianidae	Tetrao	Tetrao urogallus		SPECIES	Tetrao urogallus Linnaeus, 1758	Tetrao urogallus		CH			PRESENT		d3f94e8a-bb06-4d2b-89a6-6cd66abfa66c	47.177574	8.668824											55QS7	55QS7	HUMAN_OBSERVATION	SOVON	EOA	64625				CC_BY_4_0					2026-09-10T16:18:51.171Z		COORDINATE_ROUNDED;COUNTRY_DERIVED_FROM_COORDINATES;RECORDED_DATE_INVALID;INDIVIDUAL_COUNT_INVALID;TAXON_ID_NOT_FOUND
1224386487	c779b049-28f3-4daf-bbf4-0a40830819b6	64624	Animalia	Chordata	Aves	Galliformes	Phasianidae	Tetrao	Tetrao urogallus		SPECIES	Tetrao urogallus Linnaeus, 1758	Tetrao urogallus		CH			PRESENT		d3f94e8a-bb06-4d2b-89a6-6cd66abfa66c	47.173794	8.009029											55QS7	55QS7	HUMAN_OBSERVATION	SOVON	EOA	64624				CC_BY_4_0					2026-09-10T16:18:51.123Z		COORDINATE_ROUNDED;COUNTRY_DERIVED_FROM_COORDINATES;RECORDED_DATE_INVALID;INDIVIDUAL_COUNT_INVALID;TAXON_ID_NOT_FOUND
1224386457	c779b049-28f3-4daf-bbf4-0a40830819b6	64622	Animalia	Chordata	Aves	Galliformes	Phasianidae	Tetrao	Tetrao urogallus		SPECIES	Tetrao urogallus Linnaeus, 1758	Tetrao urogallus		CH			PRESENT		d3f94e8a-bb06-4d2b-89a6-6cd66abfa66c	46.72765	8.671614											55QS7	55QS7	HUMAN_OBSERVATION	SOVON	EOA	64622				CC_BY_4_0					2026-09-10T16:19:04.898Z		COORDINATE_ROUNDED;COUNTRY_DERIVED_FROM_COORDINATES;RECORDED_DATE_INVALID;INDIVIDUAL_COUNT_INVALID;TAXON_ID_NOT_FOUND
1224386439	c779b049-28f3-4daf-bbf4-0a40830819b6	64621	Animalia	Chordata	Aves	Galliformes	Phasianidae	Tetrao	Tetrao urogallus		SPECIES	Tetrao urogallus Linnaeus, 1758	Tetrao urogallus		CH			PRESENT		d3f94e8a-bb06-4d2b-89a6-6cd66abfa66c	46.723925	8.017319											55QS7	55QS7	HUMAN_OBSERVATION	SOVON	EOA	64621				CC_BY_4_0					2026-09-10T16:18:57.578Z		COORDINATE_ROUNDED;COUNTRY_DERIVED_FROM_COORDINATES;RECORDED_DATE_INVALID;INDIVIDUAL_COUNT_INVALID;TAXON_ID_NOT_FOUND
1224386425	c779b049-28f3-4daf-bbf4-0a40830819b6	64620	Animalia	Chordata	Aves	Galliformes	Phasianidae	Tetrao	Tetrao urogallus		SPECIES	Tetrao urogallus Linnaeus, 1758	Tetrao urogallus		CH			PRESENT		d3f94e8a-bb06-4d2b-89a6-6cd66abfa66c	47.166209	7.349429											55QS7	55QS7	HUMAN_OBSERVATION	SOVON	EOA	64620				CC_BY_4_0					2026-09-10T16:18:51.213Z		COORDINATE_ROUNDED;COUNTRY_DERIVED_FROM_COORDINATES;RECORDED_DATE_INVALID;INDIVIDUAL_COUNT_INVALID;TAXON_ID_NOT_FOUND
1224386383	c779b049-28f3-4daf-bbf4-0a40830819b6	64616	Animalia	Chordata	Aves	Galliformes	Phasianidae	Tetrao	Tetrao urogallus		SPECIES	Tetrao urogallus Linnaeus, 1758	Tetrao urogallus		CH			PRESENT		d3f94e8a-bb06-4d2b-89a6-6cd66abfa66c	46.26667	7.376684											55QS7	55QS7	HUMAN_OBSERVATION	SOVON	EOA	64616				CC_BY_4_0					2026-09-10T16:19:02.597Z		COORDINATE_ROUNDED;COUNTRY_DERIVED_FROM_COORDINATES;RECORDED_DATE_INVALID;INDIVIDUAL_COUNT_INVALID;TAXON_ID_NOT_FOUND
1224386373	c779b049-28f3-4daf-bbf4-0a40830819b6	64615	Animalia	Chordata	Aves	Galliformes	Phasianidae	Tetrao	Tetrao urogallus		SPECIES	Tetrao urogallus Linnaeus, 1758	Tetrao urogallus		CH			PRESENT		d3f94e8a-bb06-4d2b-89a6-6cd66abfa66c	46.71646	7.363224											55QS7	55QS7	HUMAN_OBSERVATION	SOVON	EOA	64615				CC_BY_4_0					2026-09-10T16:18:57.060Z		COORDINATE_ROUNDED;COUNTRY_DERIVED_FROM_COORDINATES;RECORDED_DATE_INVALID;INDIVIDUAL_COUNT_INVALID;TAXON_ID_NOT_FOUND
1224386354	c779b049-28f3-4daf-bbf4-0a40830819b6	64613	Animalia	Chordata	Aves	Galliformes	Phasianidae	Tetrao	Tetrao urogallus		SPECIES	Tetrao urogallus Linnaeus, 1758	Tetrao urogallus		CH			PRESENT		d3f94e8a-bb06-4d2b-89a6-6cd66abfa66c	46.70526	6.709449											55QS7	55QS7	HUMAN_OBSERVATION	SOVON	EOA	64613				CC_BY_4_0					2026-09-10T16:18:57.230Z		COORDINATE_ROUNDED;COUNTRY_DERIVED_FROM_COORDINATES;RECORDED_DATE_INVALID;INDIVIDUAL_COUNT_INVALID;TAXON_ID_NOT_FOUND
863440957	4bfac3ea-8763-4f4b-a71a-76a6f5f243d3	MCZ:Orn:104199	Animalia	Chordata	Aves	Galliformes	Phasianidae	Tetrao	Tetrao urogallus	major	SUBSPECIES	Tetrao urogallus major C.L.Brehm, 1831	Tetrao urogallus major		CH	[no specific locality data]		PRESENT	1	b4640710-8e03-11d8-b956-b8a03c50a862	46.78563	8.13037	183026.0	1.0E-5					1901-03-13	13	3	1901	5LGHT	55QS7	PRESERVED_SPECIMEN	MCZ	Orn	104199		Katherine Eldridge		CC_BY_NC_4_0	President and Fellows of Harvard College	L. C. Halcomb			2026-09-04T11:59:47.267Z		INSTITUTION_MATCH_FUZZY;COLLECTION_MATCH_FUZZY
858435474	96c93a1e-f762-11e1-a439-00145eb45e9a		Animalia	Chordata	Aves	Galliformes	Phasianidae	Tetrao	Tetrao urogallus	major	SUBSPECIES	Tetrao urogallus major C.L.Brehm, 1831	Tetrao urogallus major		CH	Freibourg Alps		PRESENT	1	ccd1ddc0-6c21-11de-8224-b8a03c50a862									1924-04-29	29	4	1924	5LGHT	55QS7	PRESERVED_SPECIMEN	AMNH	Birds	Skin-539484				CC0_1_0		G. v. Burg		native	2026-09-01T20:49:11.858Z		INSTITUTION_COLLECTION_MISMATCH
858435471	96c93a1e-f762-11e1-a439-00145eb45e9a		Animalia	Chordata	Aves	Galliformes	Phasianidae	Tetrao	Tetrao urogallus	major	SUBSPECIES	Tetrao urogallus major C.L.Brehm, 1831	Tetrao urogallus major		CH	"""Lyon""?, Bulle"		PRESENT	1	ccd1ddc0-6c21-11de-8224-b8a03c50a862													5LGHT	55QS7	PRESERVED_SPECIMEN	AMNH	Birds	Skin-539483				CC0_1_0		Brehm; L. O. Galliard		native	2026-09-01T20:48:55.271Z		CONTINENT_DERIVED_FROM_COUNTRY;INSTITUTION_COLLECTION_MISMATCH
858435470	96c93a1e-f762-11e1-a439-00145eb45e9a		Animalia	Chordata	Aves	Galliformes	Phasianidae	Tetrao	Tetrao urogallus	major	SUBSPECIES	Tetrao urogallus major C.L.Brehm, 1831	Tetrao urogallus major		CH	Mt. Pilatus		PRESENT	1	ccd1ddc0-6c21-11de-8224-b8a03c50a862									1906-04-14	14	4	1906	5LGHT	55QS7	PRESERVED_SPECIMEN	AMNH	Birds	Skin-539485				CC0_1_0		G. v. Burg		native	2026-09-01T20:48:55.127Z		INSTITUTION_COLLECTION_MISMATCH
730720742	830fd460-f762-11e1-a439-00145eb45e9a	URN:catalog:UWBM:Bird:95719	Animalia	Chordata	Aves	Galliformes	Phasianidae	Tetrao	Tetrao urogallus		SPECIES	Tetrao urogallus Linnaeus, 1758	Tetrao urogallus		CH	SWITZERLAND; Iseltwald		PRESENT	1	06fcbbf0-0562-11d8-b851-b8a03c50a862	0.0	0.0			0.0	0.0	0.0	0.0	1935-11-16	16	11	1935	55QS7	55QS7	PRESERVED_SPECIMEN	UWBM	Bird	95719				CC0_1_0		E. Flukiger			2026-09-11T08:00:14.557Z		ZERO_COORDINATE;GEODETIC_DATUM_ASSUMED_WGS84;COORDINATE_UNCERTAINTY_METERS_INVALID;COUNTRY_COORDINATE_MISMATCH;CONTINENT_INVALID;IDENTIFIED_DATE_INVALID;INSTITUTION_MATCH_FUZZY;COLLECTION_MATCH_FUZZY
730720741	830fd460-f762-11e1-a439-00145eb45e9a	URN:catalog:UWBM:Bird:95718	Animalia	Chordata	Aves	Galliformes	Phasianidae	Tetrao	Tetrao urogallus		SPECIES	Tetrao urogallus Linnaeus, 1758	Tetrao urogallus		CH	SWITZERLAND; Lucerne		PRESENT	1	06fcbbf0-0562-11d8-b851-b8a03c50a862	0.0	0.0			0.0	0.0	0.0	0.0	1951-04-25	25	4	1951	55QS7	55QS7	PRESERVED_SPECIMEN	UWBM	Bird	95718				CC0_1_0		E. Flukiger			2026-09-11T08:00:13.983Z		ZERO_COORDINATE;GEODETIC_DATUM_ASSUMED_WGS84;COORDINATE_UNCERTAINTY_METERS_INVALID;COUNTRY_COORDINATE_MISMATCH;CONTINENT_INVALID;IDENTIFIED_DATE_INVALID;INSTITUTION_MATCH_FUZZY;COLLECTION_MATCH_FUZZY
614954931	82ab0954-f762-11e1-a439-00145eb45e9a		Animalia	Chordata	Aves	Galliformes	Phasianidae	Tetrao	Tetrao urogallus		SPECIES	Tetrao urogallus Linnaeus, 1758	Tetrao urogallus Linnaeus, 1758		CH	Savognin/Kanton Graubünden		PRESENT		23e067c0-a255-11da-beae-b8a03c50a862	46.61713	9.59419	7070.0		1790.0				2004-04-15	15	4	2004	55QS7	55QS7	OBSERVATION	BDMCH	Bird Observational Records	BDMCH-Z7Voegel-32894				CC_BY_NC_4_0		F. Borleis			2026-07-18T16:05:57.751Z		GEODETIC_DATUM_ASSUMED_WGS84;CONTINENT_DERIVED_FROM_COORDINATES
614954879	82ab0954-f762-11e1-a439-00145eb45e9a		Animalia	Chordata	Aves	Galliformes	Phasianidae	Tetrao	Tetrao urogallus		SPECIES	Tetrao urogallus Linnaeus, 1758	Tetrao urogallus Linnaeus, 1758		CH	Val Müstair/Kanton Graubünden		PRESENT		23e067c0-a255-11da-beae-b8a03c50a862	46.59961	10.37706	7070.0		2140.0				2004-04-15	15	4	2004	55QS7	55QS7	OBSERVATION	BDMCH	Bird Observational Records	BDMCH-Z7Voegel-33129				CC_BY_NC_4_0		D. Jenny			2026-07-18T16:05:57.750Z		GEODETIC_DATUM_ASSUMED_WGS84;CONTINENT_DERIVED_FROM_COORDINATES
614954867	82ab0954-f762-11e1-a439-00145eb45e9a		Animalia	Chordata	Aves	Galliformes	Phasianidae	Tetrao	Tetrao urogallus		SPECIES	Tetrao urogallus Linnaeus, 1758	Tetrao urogallus Linnaeus, 1758		CH	Sent/Kanton Graubünden		PRESENT		23e067c0-a255-11da-beae-b8a03c50a862	46.77941	10.38687	7070.0		1630.0				2004-04-15	15	4	2004	55QS7	55QS7	OBSERVATION	BDMCH	Bird Observational Records	BDMCH-Z7Voegel-33164				CC_BY_NC_4_0		D. Jenny			2026-07-18T16:05:58.149Z		GEODETIC_DATUM_ASSUMED_WGS84;CONTINENT_DERIVED_FROM_COORDINATES
614954231	82ab0954-f762-11e1-a439-00145eb45e9a		Animalia	Chordata	Aves	Galliformes	Phasianidae	Tetrao	Tetrao urogallus		SPECIES	Tetrao urogallus Linnaeus, 1758	Tetrao urogallus Linnaeus, 1758		CH	Lachen/Kanton Schwyz		PRESENT		23e067c0-a255-11da-beae-b8a03c50a862	47.16896	8.82475	7070.0		1210.0				2005-04-15	15	4	2005	55QS7	55QS7	OBSERVATION	BDMCH	Bird Observational Records	BDMCH-Z7Voegel-35553				CC_BY_NC_4_0		Ebneter G			2026-07-18T16:05:58.198Z		GEODETIC_DATUM_ASSUMED_WGS84;CONTINENT_DERIVED_FROM_COORDINATES
614951815	82ab0954-f762-11e1-a439-00145eb45e9a		Animalia	Chordata	Aves	Galliformes	Phasianidae	Tetrao	Tetrao urogallus		SPECIES	Tetrao urogallus Linnaeus, 1758	Tetrao urogallus Linnaeus, 1758		CH	Weesen/Kanton Sankt Gallen		PRESENT		23e067c0-a255-11da-beae-b8a03c50a862	47.16548	9.08852	7070.0		1180.0				2008-05-05	5	5	2008	55QS7	55QS7	OBSERVATION	BDMCH	Bird Observational Records	BDMCH-Z7Voegel-44781				CC_BY_NC_4_0		B. Keist			2026-07-18T16:05:57.728Z		GEODETIC_DATUM_ASSUMED_WGS84;CONTINENT_DERIVED_FROM_COORDINATES
207788580	96653d3e-f762-11e1-a439-00145eb45e9a	https://id.senckenberg.de/object/sesam-86326	Animalia	Chordata	Aves	Galliformes	Phasianidae	Tetrao	Tetrao urogallus		SPECIES	Tetrao urogallus Linnaeus, 1758	Tetrao urogallus		CH			PRESENT		c76cf030-2a95-11da-9cc1-b8a03c50a862									1859			1859	55QS7	55QS7	PRESERVED_SPECIMEN	SMF	Collection Aves (bird skeletons)	1696				CC_BY_4_0					2026-09-01T20:39:43.001Z		CONTINENT_DERIVED_FROM_COUNTRY;COLLECTION_MATCH_NONE;INSTITUTION_MATCH_FUZZY
