gbifid	datasetkey	occurrenceid	kingdom	phylum	class	order	family	genus	species	infraspecificepithet	taxonrank	scientificname	verbatimscientificname	verbatimscientificnameauthorship	countrycode	locality	stateprovince	occurrencestatus	individualcount	publishingorgkey	decimallatitude	decimallongitude	coordinateuncertaintyinmeters	coordinateprecision	elevation	elevationaccuracy	depth	depthaccuracy	eventdate	day	month	year	taxonkey	specieskey	basisofrecord	institutioncode	collectioncode	catalognumber	recordnumber	identifiedby	dateidentified	license	rightsholder	recordedby	typestatus	establishmentmeans	lastinterpreted	mediatype	issue	dataset_name	datasetDOI
1	3.05711192138023e-314	729c66ce-74a9-447c-a94e-dc0ab23a0b33	92-13891	Animalia	Chordata	Aves	Galliformes	Phasianidae	Tetrao	Tetrao urogallus	NA	SPECIES	Tetrao urogallus Linnaeus, 1758	Tetrao urogallus Linnaeus, 1758	Linnaeus, 1758	CH		Vaud	PRESENT	NA	9661d20d-86b6-4485-8948-f3c86b022fa7	46.927798	7.011898	3535	NA	NA	NA	NA	NA	2007-07	NA	7	2007	2473577	2473577	PRESERVED_SPECIMEN	MHNN	MHNN-AVES	MHNN-92-13891	NA		NA	CC_BY_4_0			NA	NA	2026-09-07 13:43:24.466		COORDINATE_ROUNDED;RECORDED_DATE_INVALID;TAXON_ID_NOT_FOUND	Birds (MHNN-AVES) of Muséum d'histoire naturelle de Neuchâtel	10.15468/2b2va9
2	3.05711169114564e-314	729c66ce-74a9-447c-a94e-dc0ab23a0b33	92-13558	Animalia	Chordata	Aves	Galliformes	Phasianidae	Tetrao	Tetrao urogallus	NA	SPECIES	Tetrao urogallus Linnaeus, 1758	Tetrao urogallus Linnaeus, 1758	Linnaeus, 1758	CH	Le Brasel	Neuchâtel	PRESENT	NA	9661d20d-86b6-4485-8948-f3c86b022fa7	46.970138	6.551619	3535	NA	1000	50	NA	NA	2011-10-26	26	10	2011	2473577	2473577	PRESERVED_SPECIMEN	MHNN	MHNN-AVES	MHNN-92-13558	NA	Blaise Mulhauser	NA	CC_BY_4_0			NA	NA	2026-09-07 13:43:23.876		COORDINATE_ROUNDED;TAXON_ID_NOT_FOUND	Birds (MHNN-AVES) of Muséum d'histoire naturelle de Neuchâtel	10.15468/2b2va9
3	3.05710977367687e-314	729c66ce-74a9-447c-a94e-dc0ab23a0b33	92-14004	Animalia	Chordata	Aves	Galliformes	Phasianidae	Tetrao	Tetrao urogallus	NA	SPECIES	Tetrao urogallus Linnaeus, 1758	Tetrao urogallus Linnaeus, 1758	Linnaeus, 1758	CH		Neuchâtel	PRESENT	NA	9661d20d-86b6-4485-8948-f3c86b022fa7	46.924638	6.486717	3535	NA	NA	NA	NA	NA	2002-10-20	20	10	2002	2473577	2473577	PRESERVED_SPECIMEN	MHNN	MHNN-AVES	MHNN-92-14004	NA		NA	CC_BY_4_0			NA	NA	2026-09-07 13:43:16.458		COORDINATE_ROUNDED;TAXON_ID_NOT_FOUND	Birds (MHNN-AVES) of Muséum d'histoire naturelle de Neuchâtel	10.15468/2b2va9
4	3.05710977268873e-314	729c66ce-74a9-447c-a94e-dc0ab23a0b33	92-14006	Animalia	Chordata	Aves	Galliformes	Phasianidae	Tetrao	Tetrao urogallus	NA	SPECIES	Tetrao urogallus Linnaeus, 1758	Tetrao urogallus Linnaeus, 1758	Linnaeus, 1758	CH		Neuchâtel	PRESENT	NA	9661d20d-86b6-4485-8948-f3c86b022fa7	46.969611	6.48592	3535	NA	NA	NA	NA	NA	2002-10-18	18	10	2002	2473577	2473577	PRESERVED_SPECIMEN	MHNN	MHNN-AVES	MHNN-92-14006	NA		NA	CC_BY_4_0			NA	NA	2026-09-07 13:43:16.312		COORDINATE_ROUNDED;TAXON_ID_NOT_FOUND	Birds (MHNN-AVES) of Muséum d'histoire naturelle de Neuchâtel	10.15468/2b2va9
5	2.9949880660647e-314	e47b30f3-e957-460f-8c5f-d299a76fc080	MHNG-AVES-3029.040	Animalia	Chordata	Aves	Galliformes	Phasianidae	Tetrao	Tetrao urogallus	NA	SPECIES	Tetrao urogallus Linnaeus, 1758	Tetrao urogallus Linnaeus, 1758		CH	Jura	Vaud	PRESENT	NA	9661d20d-86b6-4485-8948-f3c86b022fa7	46.607353	6.231227	3535	NA	NA	NA	NA	NA	1994	NA	NA	1994	2473577	2473577	PRESERVED_SPECIMEN	MHNG	MHNG-AVES	MHNG-AVES-3029.040	NA		NA	CC_BY_4_0		Thélin, Mireille	NA	NA	2026-09-07 14:35:02.194		COORDINATE_ROUNDED;GEODETIC_DATUM_ASSUMED_WGS84;TAXON_ID_NOT_FOUND	Bird Collection (MHNG-AVES) of Muséum d'histoire naturelle de Genève	10.15468/x767j5
6	2.48334400475691e-314	6ac3f774-d9fb-4796-b3e9-92bf6c81c084		Animalia	Chordata	Aves	Galliformes	Phasianidae	Tetrao	Tetrao urogallus	NA	SPECIES	Tetrao urogallus Linnaeus, 1758	Tetrao urogallus		CH	Sunnbüel bis Arvewald		PRESENT	NA	bb646dff-a905-4403-a49b-6d378c2cf0d9	46.452049	7.645369	250	NA	NA	NA	NA	NA	2015-08-02T00:00	2	8	2015	2473577	2473577	HUMAN_OBSERVATION	NABU|naturgucker	NABU|naturgucker	788766305	NA		NA	CC_BY_4_0		341725260	NA	NA	2026-09-10 18:04:55.131		COORDINATE_ROUNDED;GEODETIC_DATUM_ASSUMED_WGS84;CONTINENT_DERIVED_FROM_COORDINATES	NABU|naturgucker	10.15468/uc1apo
7	2.48282825654614e-314	6ac3f774-d9fb-4796-b3e9-92bf6c81c084		Animalia	Chordata	Aves	Galliformes	Phasianidae	Tetrao	Tetrao urogallus	NA	SPECIES	Tetrao urogallus Linnaeus, 1758	Tetrao urogallus		CH	Scuol und Umgebung		PRESENT	NA	bb646dff-a905-4403-a49b-6d378c2cf0d9	46.78791	10.304254	25	NA	NA	NA	NA	NA	2021-05-20T00:00	20	5	2021	2473577	2473577	HUMAN_OBSERVATION	NABU|naturgucker	NABU|naturgucker	573187445	NA		NA	CC_BY_4_0		70776056	NA	NA	2026-09-10 18:06:02.873	StillImage	COORDINATE_ROUNDED;GEODETIC_DATUM_ASSUMED_WGS84;CONTINENT_DERIVED_FROM_COORDINATES	NABU|naturgucker	10.15468/uc1apo
8	2.48053451034315e-314	6ac3f774-d9fb-4796-b3e9-92bf6c81c084		Animalia	Chordata	Aves	Galliformes	Phasianidae	Tetrao	Tetrao urogallus	NA	SPECIES	Tetrao urogallus Linnaeus, 1758	Tetrao urogallus		CH	Gadmen - Wendenalb		PRESENT	NA	bb646dff-a905-4403-a49b-6d378c2cf0d9	46.74733	8.373556	250	NA	NA	NA	NA	NA	2009-05-25T00:00	25	5	2009	2473577	2473577	HUMAN_OBSERVATION	NABU|naturgucker	NABU|naturgucker	1959817240	NA		NA	CC_BY_4_0		-1950247279	NA	NA	2026-09-10 18:03:11.418		COORDINATE_ROUNDED;GEODETIC_DATUM_ASSUMED_WGS84;CONTINENT_DERIVED_FROM_COORDINATES	NABU|naturgucker	10.15468/uc1apo
9	2.20139484032072e-314	63f077c9-96a0-49de-b3ea-2aa565ee1098	SOI-AVES-4288748679	Animalia	Chordata	Aves	Galliformes	Phasianidae	Tetrao	Tetrao urogallus	NA	SPECIES	Tetrao urogallus Linnaeus, 1758	Tetrao urogallus Linnaeus, 1758	Linnaeus, 1758	CH		Gr	PRESENT	NA	64ee55c9-570a-42af-b7da-3f13c6b4e5a9	46.52072	9.84988	7070	NA	NA	NA	NA	NA	2023	NA	NA	2023	2473577	2473577	HUMAN_OBSERVATION	SOI		SOI-AVES-4288748679	NA		NA	CC_BY_4_0	Schweizerische Vogelwarte		NA	NA	2026-07-18 15:05:06.814		TAXON_ID_NOT_FOUND	Swiss National Breeding Bird Databank	10.15468/jujcgr
10	2.20139470840519e-314	63f077c9-96a0-49de-b3ea-2aa565ee1098	SOI-AVES-4256182168	Animalia	Chordata	Aves	Galliformes	Phasianidae	Tetrao	Tetrao urogallus	NA	SPECIES	Tetrao urogallus Linnaeus, 1758	Tetrao urogallus Linnaeus, 1758	Linnaeus, 1758	CH		Gr	PRESENT	NA	64ee55c9-570a-42af-b7da-3f13c6b4e5a9	46.69769	9.9886	7070	NA	NA	NA	NA	NA	2016	NA	NA	2016	2473577	2473577	HUMAN_OBSERVATION	SOI		SOI-AVES-4256182168	NA		NA	CC_BY_4_0	Schweizerische Vogelwarte		NA	NA	2026-07-18 15:05:04.486		TAXON_ID_NOT_FOUND	Swiss National Breeding Bird Databank	10.15468/jujcgr
11	2.2013933334205e-314	63f077c9-96a0-49de-b3ea-2aa565ee1098	SOI-AVES-4282261117	Animalia	Chordata	Aves	Galliformes	Phasianidae	Tetrao	Tetrao urogallus	NA	SPECIES	Tetrao urogallus Linnaeus, 1758	Tetrao urogallus Linnaeus, 1758	Linnaeus, 1758	CH		Nw	PRESENT	NA	64ee55c9-570a-42af-b7da-3f13c6b4e5a9	46.99288	8.29316	7070	NA	NA	NA	NA	NA	2014	NA	NA	2014	2473577	2473577	HUMAN_OBSERVATION	SOI		SOI-AVES-4282261117	NA		NA	CC_BY_4_0	Schweizerische Vogelwarte		NA	NA	2026-07-18 15:05:04.218		TAXON_ID_NOT_FOUND	Swiss National Breeding Bird Databank	10.15468/jujcgr
12	2.20139301277189e-314	63f077c9-96a0-49de-b3ea-2aa565ee1098	SOI-AVES-4197269537	Animalia	Chordata	Aves	Galliformes	Phasianidae	Tetrao	Tetrao urogallus	NA	SPECIES	Tetrao urogallus Linnaeus, 1758	Tetrao urogallus Linnaeus, 1758	Linnaeus, 1758	CH		Gl	PRESENT	NA	64ee55c9-570a-42af-b7da-3f13c6b4e5a9	46.98429	9.08178	7070	NA	NA	NA	NA	NA	2016	NA	NA	2016	2473577	2473577	HUMAN_OBSERVATION	SOI		SOI-AVES-4197269537	NA		NA	CC_BY_4_0	Schweizerische Vogelwarte		NA	NA	2026-07-18 15:05:06.792		TAXON_ID_NOT_FOUND	Swiss National Breeding Bird Databank	10.15468/jujcgr
13	2.20139194509603e-314	63f077c9-96a0-49de-b3ea-2aa565ee1098	SOI-AVES-4204701581	Animalia	Chordata	Aves	Galliformes	Phasianidae	Tetrao	Tetrao urogallus	NA	SPECIES	Tetrao urogallus Linnaeus, 1758	Tetrao urogallus Linnaeus, 1758	Linnaeus, 1758	CH		Gr	PRESENT	NA	64ee55c9-570a-42af-b7da-3f13c6b4e5a9	47.0629	9.74258	7070	NA	NA	NA	NA	NA	2020	NA	NA	2020	2473577	2473577	HUMAN_OBSERVATION	SOI		SOI-AVES-4204701581	NA		NA	CC_BY_4_0	Schweizerische Vogelwarte		NA	NA	2026-07-18 15:05:04.182		TAXON_ID_NOT_FOUND	Swiss National Breeding Bird Databank	10.15468/jujcgr
14	2.20139135221726e-314	63f077c9-96a0-49de-b3ea-2aa565ee1098	SOI-AVES-4151107591	Animalia	Chordata	Aves	Galliformes	Phasianidae	Tetrao	Tetrao urogallus	NA	SPECIES	Tetrao urogallus Linnaeus, 1758	Tetrao urogallus Linnaeus, 1758	Linnaeus, 1758	CH		Gl	PRESENT	NA	64ee55c9-570a-42af-b7da-3f13c6b4e5a9	46.9861	8.95037	7070	NA	NA	NA	NA	NA	1996	NA	NA	1996	2473577	2473577	HUMAN_OBSERVATION	SOI		SOI-AVES-4151107591	NA		NA	CC_BY_4_0	Schweizerische Vogelwarte		NA	NA	2026-07-18 15:05:07.068		TAXON_ID_NOT_FOUND	Swiss National Breeding Bird Databank	10.15468/jujcgr
15	2.20139133097243e-314	63f077c9-96a0-49de-b3ea-2aa565ee1098	SOI-AVES-4146382929	Animalia	Chordata	Aves	Galliformes	Phasianidae	Tetrao	Tetrao urogallus	NA	SPECIES	Tetrao urogallus Linnaeus, 1758	Tetrao urogallus Linnaeus, 1758	Linnaeus, 1758	CH		Gr	PRESENT	NA	64ee55c9-570a-42af-b7da-3f13c6b4e5a9	46.3461	9.58222	7070	NA	NA	NA	NA	NA	2011	NA	NA	2011	2473577	2473577	HUMAN_OBSERVATION	SOI		SOI-AVES-4146382929	NA		NA	CC_BY_4_0	Schweizerische Vogelwarte		NA	NA	2026-07-18 15:05:04.293		TAXON_ID_NOT_FOUND	Swiss National Breeding Bird Databank	10.15468/jujcgr
16	2.20139117138923e-314	63f077c9-96a0-49de-b3ea-2aa565ee1098	SOI-AVES-4106889778	Animalia	Chordata	Aves	Galliformes	Phasianidae	Tetrao	Tetrao urogallus	NA	SPECIES	Tetrao urogallus Linnaeus, 1758	Tetrao urogallus Linnaeus, 1758	Linnaeus, 1758	CH		Be	PRESENT	NA	64ee55c9-570a-42af-b7da-3f13c6b4e5a9	47.17548	7.10885	7070	NA	NA	NA	NA	NA	2006	NA	NA	2006	2473577	2473577	HUMAN_OBSERVATION	SOI		SOI-AVES-4106889778	NA		NA	CC_BY_4_0	Schweizerische Vogelwarte		NA	NA	2026-07-18 15:05:07.063		TAXON_ID_NOT_FOUND	Swiss National Breeding Bird Databank	10.15468/jujcgr
17	2.20139101971108e-314	63f077c9-96a0-49de-b3ea-2aa565ee1098	SOI-AVES-4060274598	Animalia	Chordata	Aves	Galliformes	Phasianidae	Tetrao	Tetrao urogallus	NA	SPECIES	Tetrao urogallus Linnaeus, 1758	Tetrao urogallus Linnaeus, 1758	Linnaeus, 1758	CH		Gr	PRESENT	NA	64ee55c9-570a-42af-b7da-3f13c6b4e5a9	46.78144	10.25461	7070	NA	NA	NA	NA	NA	2016	NA	NA	2016	2473577	2473577	HUMAN_OBSERVATION	SOI		SOI-AVES-4060274598	NA		NA	CC_BY_4_0	Schweizerische Vogelwarte		NA	NA	2026-07-18 15:05:07.059		TAXON_ID_NOT_FOUND	Swiss National Breeding Bird Databank	10.15468/jujcgr
18	2.20139063631613e-314	63f077c9-96a0-49de-b3ea-2aa565ee1098	SOI-AVES-4100955786	Animalia	Chordata	Aves	Galliformes	Phasianidae	Tetrao	Tetrao urogallus	NA	SPECIES	Tetrao urogallus Linnaeus, 1758	Tetrao urogallus Linnaeus, 1758	Linnaeus, 1758	CH		Ur	PRESENT	NA	64ee55c9-570a-42af-b7da-3f13c6b4e5a9	46.89616	8.94784	7070	NA	NA	NA	NA	NA	2007	NA	NA	2007	2473577	2473577	HUMAN_OBSERVATION	SOI		SOI-AVES-4100955786	NA		NA	CC_BY_4_0	Schweizerische Vogelwarte		NA	NA	2026-07-18 15:05:05.784		TAXON_ID_NOT_FOUND	Swiss National Breeding Bird Databank	10.15468/jujcgr
19	2.20139061852977e-314	63f077c9-96a0-49de-b3ea-2aa565ee1098	SOI-AVES-4096933119	Animalia	Chordata	Aves	Galliformes	Phasianidae	Tetrao	Tetrao urogallus	NA	SPECIES	Tetrao urogallus Linnaeus, 1758	Tetrao urogallus Linnaeus, 1758	Linnaeus, 1758	CH		Lu	PRESENT	NA	64ee55c9-570a-42af-b7da-3f13c6b4e5a9	46.99454	8.03024	7070	NA	NA	NA	NA	NA	1991	NA	NA	1991	2473577	2473577	HUMAN_OBSERVATION	SOI		SOI-AVES-4096933119	NA		NA	CC_BY_4_0	Schweizerische Vogelwarte		NA	NA	2026-07-18 15:05:07.049		TAXON_ID_NOT_FOUND	Swiss National Breeding Bird Databank	10.15468/jujcgr
20	2.20138972328282e-314	63f077c9-96a0-49de-b3ea-2aa565ee1098	SOI-AVES-4012012206	Animalia	Chordata	Aves	Galliformes	Phasianidae	Tetrao	Tetrao urogallus	NA	SPECIES	Tetrao urogallus Linnaeus, 1758	Tetrao urogallus Linnaeus, 1758	Linnaeus, 1758	CH		Ur	PRESENT	NA	64ee55c9-570a-42af-b7da-3f13c6b4e5a9	46.89932	8.68542	7070	NA	NA	NA	NA	NA	1996	NA	NA	1996	2473577	2473577	HUMAN_OBSERVATION	SOI		SOI-AVES-4012012206	NA		NA	CC_BY_4_0	Schweizerische Vogelwarte		NA	NA	2026-07-18 15:05:04.256		TAXON_ID_NOT_FOUND	Swiss National Breeding Bird Databank	10.15468/jujcgr
21	2.20138904295443e-314	63f077c9-96a0-49de-b3ea-2aa565ee1098	SOI-AVES-3931635322	Animalia	Chordata	Aves	Galliformes	Phasianidae	Tetrao	Tetrao urogallus	NA	SPECIES	Tetrao urogallus Linnaeus, 1758	Tetrao urogallus Linnaeus, 1758	Linnaeus, 1758	CH		Vd	PRESENT	NA	64ee55c9-570a-42af-b7da-3f13c6b4e5a9	46.53953	6.20015	7070	NA	NA	NA	NA	NA	2022	NA	NA	2022	2473577	2473577	HUMAN_OBSERVATION	SOI		SOI-AVES-3931635322	NA		NA	CC_BY_4_0	Schweizerische Vogelwarte		NA	NA	2026-07-18 15:05:04.328		TAXON_ID_NOT_FOUND	Swiss National Breeding Bird Databank	10.15468/jujcgr
22	2.20138901676895e-314	63f077c9-96a0-49de-b3ea-2aa565ee1098	SOI-AVES-3924745634	Animalia	Chordata	Aves	Galliformes	Phasianidae	Tetrao	Tetrao urogallus	NA	SPECIES	Tetrao urogallus Linnaeus, 1758	Tetrao urogallus Linnaeus, 1758	Linnaeus, 1758	CH		Ne	PRESENT	NA	64ee55c9-570a-42af-b7da-3f13c6b4e5a9	47.08508	6.97771	7070	NA	NA	NA	NA	NA	2006	NA	NA	2006	2473577	2473577	HUMAN_OBSERVATION	SOI		SOI-AVES-3924745634	NA		NA	CC_BY_4_0	Schweizerische Vogelwarte		NA	NA	2026-07-18 15:05:06.998		TAXON_ID_NOT_FOUND	Swiss National Breeding Bird Databank	10.15468/jujcgr
23	2.20138892437867e-314	63f077c9-96a0-49de-b3ea-2aa565ee1098	SOI-AVES-3904106257	Animalia	Chordata	Aves	Galliformes	Phasianidae	Tetrao	Tetrao urogallus	NA	SPECIES	Tetrao urogallus Linnaeus, 1758	Tetrao urogallus Linnaeus, 1758	Linnaeus, 1758	CH		Gr	PRESENT	NA	64ee55c9-570a-42af-b7da-3f13c6b4e5a9	46.80037	9.33823	7070	NA	NA	NA	NA	NA	2023	NA	NA	2023	2473577	2473577	HUMAN_OBSERVATION	SOI		SOI-AVES-3904106257	NA		NA	CC_BY_4_0	Schweizerische Vogelwarte		NA	NA	2026-07-18 15:05:05.743		TAXON_ID_NOT_FOUND	Swiss National Breeding Bird Databank	10.15468/jujcgr
24	2.20138852319737e-314	63f077c9-96a0-49de-b3ea-2aa565ee1098	SOI-AVES-3939007701	Animalia	Chordata	Aves	Galliformes	Phasianidae	Tetrao	Tetrao urogallus	NA	SPECIES	Tetrao urogallus Linnaeus, 1758	Tetrao urogallus Linnaeus, 1758	Linnaeus, 1758	CH		Sg	PRESENT	NA	64ee55c9-570a-42af-b7da-3f13c6b4e5a9	47.25211	9.22216	7070	NA	NA	NA	NA	NA	2023	NA	NA	2023	2473577	2473577	HUMAN_OBSERVATION	SOI		SOI-AVES-3939007701	NA		NA	CC_BY_4_0	Schweizerische Vogelwarte		NA	NA	2026-07-18 15:05:04.314		TAXON_ID_NOT_FOUND	Swiss National Breeding Bird Databank	10.15468/jujcgr
25	2.20138787794763e-314	63f077c9-96a0-49de-b3ea-2aa565ee1098	SOI-AVES-3899835399	Animalia	Chordata	Aves	Galliformes	Phasianidae	Tetrao	Tetrao urogallus	NA	SPECIES	Tetrao urogallus Linnaeus, 1758	Tetrao urogallus Linnaeus, 1758	Linnaeus, 1758	CH		Gr	PRESENT	NA	64ee55c9-570a-42af-b7da-3f13c6b4e5a9	46.97027	9.87007	7070	NA	NA	NA	NA	NA	1996	NA	NA	1996	2473577	2473577	HUMAN_OBSERVATION	SOI		SOI-AVES-3899835399	NA		NA	CC_BY_4_0	Schweizerische Vogelwarte		NA	NA	2026-07-18 15:05:06.655		TAXON_ID_NOT_FOUND	Swiss National Breeding Bird Databank	10.15468/jujcgr
26	2.20138761411658e-314	63f077c9-96a0-49de-b3ea-2aa565ee1098	SOI-AVES-3976684999	Animalia	Chordata	Aves	Galliformes	Phasianidae	Tetrao	Tetrao urogallus	NA	SPECIES	Tetrao urogallus Linnaeus, 1758	Tetrao urogallus Linnaeus, 1758	Linnaeus, 1758	CH		Gl	PRESENT	NA	64ee55c9-570a-42af-b7da-3f13c6b4e5a9	46.8924	9.21022	7070	NA	NA	NA	NA	NA	2013	NA	NA	2013	2473577	2473577	HUMAN_OBSERVATION	SOI		SOI-AVES-3976684999	NA		NA	CC_BY_4_0	Schweizerische Vogelwarte		NA	NA	2026-07-18 15:05:04.051		TAXON_ID_NOT_FOUND	Swiss National Breeding Bird Databank	10.15468/jujcgr
27	2.20138730927808e-314	63f077c9-96a0-49de-b3ea-2aa565ee1098	SOI-AVES-3896594644	Animalia	Chordata	Aves	Galliformes	Phasianidae	Tetrao	Tetrao urogallus	NA	SPECIES	Tetrao urogallus Linnaeus, 1758	Tetrao urogallus Linnaeus, 1758	Linnaeus, 1758	CH		Gr	PRESENT	NA	64ee55c9-570a-42af-b7da-3f13c6b4e5a9	46.71044	9.33506	7070	NA	NA	NA	NA	NA	2016	NA	NA	2016	2473577	2473577	HUMAN_OBSERVATION	SOI		SOI-AVES-3896594644	NA		NA	CC_BY_4_0	Schweizerische Vogelwarte		NA	NA	2026-07-18 15:05:04.042		TAXON_ID_NOT_FOUND	Swiss National Breeding Bird Databank	10.15468/jujcgr
28	2.20138701530902e-314	63f077c9-96a0-49de-b3ea-2aa565ee1098	SOI-AVES-3796322243	Animalia	Chordata	Aves	Galliformes	Phasianidae	Tetrao	Tetrao urogallus	NA	SPECIES	Tetrao urogallus Linnaeus, 1758	Tetrao urogallus Linnaeus, 1758	Linnaeus, 1758	CH		Gr	PRESENT	NA	64ee55c9-570a-42af-b7da-3f13c6b4e5a9	46.77814	10.38547	7070	NA	NA	NA	NA	NA	2016	NA	NA	2016	2473577	2473577	HUMAN_OBSERVATION	SOI		SOI-AVES-3796322243	NA		NA	CC_BY_4_0	Schweizerische Vogelwarte		NA	NA	2026-07-18 15:05:04.036		TAXON_ID_NOT_FOUND	Swiss National Breeding Bird Databank	10.15468/jujcgr
29	2.20138683942165e-314	63f077c9-96a0-49de-b3ea-2aa565ee1098	SOI-AVES-3749884505	Animalia	Chordata	Aves	Galliformes	Phasianidae	Tetrao	Tetrao urogallus	NA	SPECIES	Tetrao urogallus Linnaeus, 1758	Tetrao urogallus Linnaeus, 1758	Linnaeus, 1758	CH		Sz	PRESENT	NA	64ee55c9-570a-42af-b7da-3f13c6b4e5a9	47.16596	8.95545	7070	NA	NA	NA	NA	NA	2001	NA	NA	2001	2473577	2473577	HUMAN_OBSERVATION	SOI		SOI-AVES-3749884505	NA		NA	CC_BY_4_0	Schweizerische Vogelwarte		NA	NA	2026-07-18 15:05:06.625		TAXON_ID_NOT_FOUND	Swiss National Breeding Bird Databank	10.15468/jujcgr
30	2.20138643033529e-314	63f077c9-96a0-49de-b3ea-2aa565ee1098	SOI-AVES-3787809872	Animalia	Chordata	Aves	Galliformes	Phasianidae	Tetrao	Tetrao urogallus	NA	SPECIES	Tetrao urogallus Linnaeus, 1758	Tetrao urogallus Linnaeus, 1758	Linnaeus, 1758	CH		Fr	PRESENT	NA	64ee55c9-570a-42af-b7da-3f13c6b4e5a9	46.54537	6.98232	7070	NA	NA	NA	NA	NA	1994	NA	NA	1994	2473577	2473577	HUMAN_OBSERVATION	SOI		SOI-AVES-3787809872	NA		NA	CC_BY_4_0	Schweizerische Vogelwarte		NA	NA	2026-07-18 15:05:04.164		TAXON_ID_NOT_FOUND	Swiss National Breeding Bird Databank	10.15468/jujcgr
31	2.20138616156358e-314	63f077c9-96a0-49de-b3ea-2aa565ee1098	SOI-AVES-3839343470	Animalia	Chordata	Aves	Galliformes	Phasianidae	Tetrao	Tetrao urogallus	NA	SPECIES	Tetrao urogallus Linnaeus, 1758	Tetrao urogallus Linnaeus, 1758	Linnaeus, 1758	CH		Be	PRESENT	NA	64ee55c9-570a-42af-b7da-3f13c6b4e5a9	46.45631	7.37356	7070	NA	NA	NA	NA	NA	2016	NA	NA	2016	2473577	2473577	HUMAN_OBSERVATION	SOI		SOI-AVES-3839343470	NA		NA	CC_BY_4_0	Schweizerische Vogelwarte		NA	NA	2026-07-18 15:05:04.013		TAXON_ID_NOT_FOUND	Swiss National Breeding Bird Databank	10.15468/jujcgr
32	2.20138553360614e-314	63f077c9-96a0-49de-b3ea-2aa565ee1098	SOI-AVES-3827323035	Animalia	Chordata	Aves	Galliformes	Phasianidae	Tetrao	Tetrao urogallus	NA	SPECIES	Tetrao urogallus Linnaeus, 1758	Tetrao urogallus Linnaeus, 1758	Linnaeus, 1758	CH		Sg	PRESENT	NA	64ee55c9-570a-42af-b7da-3f13c6b4e5a9	47.24771	9.48627	7070	NA	NA	NA	NA	NA	1996	NA	NA	1996	2473577	2473577	HUMAN_OBSERVATION	SOI		SOI-AVES-3827323035	NA		NA	CC_BY_4_0	Schweizerische Vogelwarte		NA	NA	2026-07-18 15:05:05.659		TAXON_ID_NOT_FOUND	Swiss National Breeding Bird Databank	10.15468/jujcgr
33	2.20138532659264e-314	63f077c9-96a0-49de-b3ea-2aa565ee1098	SOI-AVES-3774704769	Animalia	Chordata	Aves	Galliformes	Phasianidae	Tetrao	Tetrao urogallus	NA	SPECIES	Tetrao urogallus Linnaeus, 1758	Tetrao urogallus Linnaeus, 1758	Linnaeus, 1758	CH		Gr	PRESENT	NA	64ee55c9-570a-42af-b7da-3f13c6b4e5a9	46.7876	9.99286	7070	NA	NA	NA	NA	NA	1996	NA	NA	1996	2473577	2473577	HUMAN_OBSERVATION	SOI		SOI-AVES-3774704769	NA		NA	CC_BY_4_0	Schweizerische Vogelwarte		NA	NA	2026-07-18 15:05:06.588		TAXON_ID_NOT_FOUND	Swiss National Breeding Bird Databank	10.15468/jujcgr
34	2.20138447531753e-314	63f077c9-96a0-49de-b3ea-2aa565ee1098	SOI-AVES-3668650438	Animalia	Chordata	Aves	Galliformes	Phasianidae	Tetrao	Tetrao urogallus	NA	SPECIES	Tetrao urogallus Linnaeus, 1758	Tetrao urogallus Linnaeus, 1758	Linnaeus, 1758	CH		Be	PRESENT	NA	64ee55c9-570a-42af-b7da-3f13c6b4e5a9	46.72618	7.50404	7070	NA	NA	NA	NA	NA	2019	NA	NA	2019	2473577	2473577	HUMAN_OBSERVATION	SOI		SOI-AVES-3668650438	NA		NA	CC_BY_4_0	Schweizerische Vogelwarte		NA	NA	2026-07-18 15:05:03.971		TAXON_ID_NOT_FOUND	Swiss National Breeding Bird Databank	10.15468/jujcgr
35	2.2013835869875e-314	63f077c9-96a0-49de-b3ea-2aa565ee1098	SOI-AVES-3711298658	Animalia	Chordata	Aves	Galliformes	Phasianidae	Tetrao	Tetrao urogallus	NA	SPECIES	Tetrao urogallus Linnaeus, 1758	Tetrao urogallus Linnaeus, 1758	Linnaeus, 1758	CH		Lu	PRESENT	NA	64ee55c9-570a-42af-b7da-3f13c6b4e5a9	46.90459	8.02925	7070	NA	NA	NA	NA	NA	2021	NA	NA	2021	2473577	2473577	HUMAN_OBSERVATION	SOI		SOI-AVES-3711298658	NA		NA	CC_BY_4_0	Schweizerische Vogelwarte		NA	NA	2026-07-18 15:05:03.939		TAXON_ID_NOT_FOUND	Swiss National Breeding Bird Databank	10.15468/jujcgr
36	2.20138284737123e-314	63f077c9-96a0-49de-b3ea-2aa565ee1098	SOI-AVES-1788727229	Animalia	Chordata	Aves	Galliformes	Phasianidae	Tetrao	Tetrao urogallus	NA	SPECIES	Tetrao urogallus Linnaeus, 1758	Tetrao urogallus Linnaeus, 1758	Linnaeus, 1758	CH		Be	PRESENT	NA	64ee55c9-570a-42af-b7da-3f13c6b4e5a9	46.63473	8.02631	7070	NA	NA	NA	NA	NA	2015	NA	NA	2015	2473577	2473577	HUMAN_OBSERVATION	SOI		SOI-AVES-1788727229	NA		NA	CC_BY_4_0	Schweizerische Vogelwarte		NA	NA	2026-07-18 15:05:03.922		TAXON_ID_NOT_FOUND	Swiss National Breeding Bird Databank	10.15468/jujcgr
37	2.20138226733816e-314	63f077c9-96a0-49de-b3ea-2aa565ee1098	SOI-AVES-1785720925	Animalia	Chordata	Aves	Galliformes	Phasianidae	Tetrao	Tetrao urogallus	NA	SPECIES	Tetrao urogallus Linnaeus, 1758	Tetrao urogallus Linnaeus, 1758	Linnaeus, 1758	CH		Gr	PRESENT	NA	64ee55c9-570a-42af-b7da-3f13c6b4e5a9	46.79316	9.73104	7070	NA	NA	NA	NA	NA	2017	NA	NA	2017	2473577	2473577	HUMAN_OBSERVATION	SOI		SOI-AVES-1785720925	NA		NA	CC_BY_4_0	Schweizerische Vogelwarte		NA	NA	2026-07-18 15:05:05.595		TAXON_ID_NOT_FOUND	Swiss National Breeding Bird Databank	10.15468/jujcgr
38	2.20138174313451e-314	63f077c9-96a0-49de-b3ea-2aa565ee1098	SOI-AVES-3589870999	Animalia	Chordata	Aves	Galliformes	Phasianidae	Tetrao	Tetrao urogallus	NA	SPECIES	Tetrao urogallus Linnaeus, 1758	Tetrao urogallus Linnaeus, 1758	Linnaeus, 1758	CH		Vd	PRESENT	NA	64ee55c9-570a-42af-b7da-3f13c6b4e5a9	46.63202	6.45922	7070	NA	NA	NA	NA	NA	1995	NA	NA	1995	2473577	2473577	HUMAN_OBSERVATION	SOI		SOI-AVES-3589870999	NA		NA	CC_BY_4_0	Schweizerische Vogelwarte		NA	NA	2026-07-18 15:05:06.916		TAXON_ID_NOT_FOUND	Swiss National Breeding Bird Databank	10.15468/jujcgr
39	2.20138067348239e-314	63f077c9-96a0-49de-b3ea-2aa565ee1098	SOI-AVES-3577208027	Animalia	Chordata	Aves	Galliformes	Phasianidae	Tetrao	Tetrao urogallus	NA	SPECIES	Tetrao urogallus Linnaeus, 1758	Tetrao urogallus Linnaeus, 1758	Linnaeus, 1758	CH		Sg	PRESENT	NA	64ee55c9-570a-42af-b7da-3f13c6b4e5a9	47.07226	9.21617	7070	NA	NA	NA	NA	NA	2023	NA	NA	2023	2473577	2473577	HUMAN_OBSERVATION	SOI		SOI-AVES-3577208027	NA		NA	CC_BY_4_0	Schweizerische Vogelwarte		NA	NA	2026-07-18 15:05:03.842		TAXON_ID_NOT_FOUND	Swiss National Breeding Bird Databank	10.15468/jujcgr
40	2.20138063198087e-314	63f077c9-96a0-49de-b3ea-2aa565ee1098	SOI-AVES-3566611926	Animalia	Chordata	Aves	Galliformes	Phasianidae	Tetrao	Tetrao urogallus	NA	SPECIES	Tetrao urogallus Linnaeus, 1758	Tetrao urogallus Linnaeus, 1758	Linnaeus, 1758	CH		Gr	PRESENT	NA	64ee55c9-570a-42af-b7da-3f13c6b4e5a9	46.60779	9.98436	7070	NA	NA	NA	NA	NA	2022	NA	NA	2022	2473577	2473577	HUMAN_OBSERVATION	SOI		SOI-AVES-3566611926	NA		NA	CC_BY_4_0	Schweizerische Vogelwarte		NA	NA	2026-07-18 15:05:06.9		TAXON_ID_NOT_FOUND	Swiss National Breeding Bird Databank	10.15468/jujcgr
41	2.20138058158618e-314	63f077c9-96a0-49de-b3ea-2aa565ee1098	SOI-AVES-3551802056	Animalia	Chordata	Aves	Galliformes	Phasianidae	Tetrao	Tetrao urogallus	NA	SPECIES	Tetrao urogallus Linnaeus, 1758	Tetrao urogallus Linnaeus, 1758	Linnaeus, 1758	CH		Gr	PRESENT	NA	64ee55c9-570a-42af-b7da-3f13c6b4e5a9	46.71449	9.07357	7070	NA	NA	NA	NA	NA	2020	NA	NA	2020	2473577	2473577	HUMAN_OBSERVATION	SOI		SOI-AVES-3551802056	NA		NA	CC_BY_4_0	Schweizerische Vogelwarte		NA	NA	2026-07-18 15:05:05.574		TAXON_ID_NOT_FOUND	Swiss National Breeding Bird Databank	10.15468/jujcgr
42	2.20138030342722e-314	63f077c9-96a0-49de-b3ea-2aa565ee1098	SOI-AVES-3480862950	Animalia	Chordata	Aves	Galliformes	Phasianidae	Tetrao	Tetrao urogallus	NA	SPECIES	Tetrao urogallus Linnaeus, 1758	Tetrao urogallus Linnaeus, 1758	Linnaeus, 1758	CH		Vd	PRESENT	NA	64ee55c9-570a-42af-b7da-3f13c6b4e5a9	46.62947	6.19809	7070	NA	NA	NA	NA	NA	2023	NA	NA	2023	2473577	2473577	HUMAN_OBSERVATION	SOI		SOI-AVES-3480862950	NA		NA	CC_BY_4_0	Schweizerische Vogelwarte		NA	NA	2026-07-18 15:05:06.893		TAXON_ID_NOT_FOUND	Swiss National Breeding Bird Databank	10.15468/jujcgr
43	2.20138001094036e-314	63f077c9-96a0-49de-b3ea-2aa565ee1098	SOI-AVES-3523560794	Animalia	Chordata	Aves	Galliformes	Phasianidae	Tetrao	Tetrao urogallus	NA	SPECIES	Tetrao urogallus Linnaeus, 1758	Tetrao urogallus Linnaeus, 1758	Linnaeus, 1758	CH		Gr	PRESENT	NA	64ee55c9-570a-42af-b7da-3f13c6b4e5a9	46.79046	9.86196	7070	NA	NA	NA	NA	NA	2022	NA	NA	2022	2473577	2473577	HUMAN_OBSERVATION	SOI		SOI-AVES-3523560794	NA		NA	CC_BY_4_0	Schweizerische Vogelwarte		NA	NA	2026-07-18 15:05:05.564		TAXON_ID_NOT_FOUND	Swiss National Breeding Bird Databank	10.15468/jujcgr
44	2.20137979898619e-314	63f077c9-96a0-49de-b3ea-2aa565ee1098	SOI-AVES-3470100067	Animalia	Chordata	Aves	Galliformes	Phasianidae	Tetrao	Tetrao urogallus	NA	SPECIES	Tetrao urogallus Linnaeus, 1758	Tetrao urogallus Linnaeus, 1758	Linnaeus, 1758	CH		Gr	PRESENT	NA	64ee55c9-570a-42af-b7da-3f13c6b4e5a9	46.8903	9.3414	7070	NA	NA	NA	NA	NA	2023	NA	NA	2023	2473577	2473577	HUMAN_OBSERVATION	SOI		SOI-AVES-3470100067	NA		NA	CC_BY_4_0	Schweizerische Vogelwarte		NA	NA	2026-07-18 15:05:05.56		TAXON_ID_NOT_FOUND	Swiss National Breeding Bird Databank	10.15468/jujcgr
45	2.20137755642223e-314	63f077c9-96a0-49de-b3ea-2aa565ee1098	SOI-AVES-3395173165	Animalia	Chordata	Aves	Galliformes	Phasianidae	Tetrao	Tetrao urogallus	NA	SPECIES	Tetrao urogallus Linnaeus, 1758	Tetrao urogallus Linnaeus, 1758	Linnaeus, 1758	CH		Sz	PRESENT	NA	64ee55c9-570a-42af-b7da-3f13c6b4e5a9	46.98926	8.6875	7070	NA	NA	NA	NA	NA	2019	NA	NA	2019	2473577	2473577	HUMAN_OBSERVATION	SOI		SOI-AVES-3395173165	NA		NA	CC_BY_4_0	Schweizerische Vogelwarte		NA	NA	2026-07-18 15:05:05.516		TAXON_ID_NOT_FOUND	Swiss National Breeding Bird Databank	10.15468/jujcgr
46	2.20137752331983e-314	63f077c9-96a0-49de-b3ea-2aa565ee1098	SOI-AVES-3386581344	Animalia	Chordata	Aves	Galliformes	Phasianidae	Tetrao	Tetrao urogallus	NA	SPECIES	Tetrao urogallus Linnaeus, 1758	Tetrao urogallus Linnaeus, 1758	Linnaeus, 1758	CH		Ur	PRESENT	NA	64ee55c9-570a-42af-b7da-3f13c6b4e5a9	46.72079	8.55048	7070	NA	NA	NA	NA	NA	2023	NA	NA	2023	2473577	2473577	HUMAN_OBSERVATION	SOI		SOI-AVES-3386581344	NA		NA	CC_BY_4_0	Schweizerische Vogelwarte		NA	NA	2026-07-18 15:05:05.515		TAXON_ID_NOT_FOUND	Swiss National Breeding Bird Databank	10.15468/jujcgr
47	2.20137740820253e-314	63f077c9-96a0-49de-b3ea-2aa565ee1098	SOI-AVES-3359592764	Animalia	Chordata	Aves	Galliformes	Phasianidae	Tetrao	Tetrao urogallus	NA	SPECIES	Tetrao urogallus Linnaeus, 1758	Tetrao urogallus Linnaeus, 1758	Linnaeus, 1758	CH		So	PRESENT	NA	64ee55c9-570a-42af-b7da-3f13c6b4e5a9	47.35568	7.63716	7070	NA	NA	NA	NA	NA	1996	NA	NA	1996	2473577	2473577	HUMAN_OBSERVATION	SOI		SOI-AVES-3359592764	NA		NA	CC_BY_4_0	Schweizerische Vogelwarte		NA	NA	2026-07-18 15:05:06.287		TAXON_ID_NOT_FOUND	Swiss National Breeding Bird Databank	10.15468/jujcgr
48	2.20137727035822e-314	63f077c9-96a0-49de-b3ea-2aa565ee1098	SOI-AVES-1759264076	Animalia	Chordata	Aves	Galliformes	Phasianidae	Tetrao	Tetrao urogallus	NA	SPECIES	Tetrao urogallus Linnaeus, 1758	Tetrao urogallus Linnaeus, 1758	Linnaeus, 1758	CH		Gr	PRESENT	NA	64ee55c9-570a-42af-b7da-3f13c6b4e5a9	46.97299	9.73872	7070	NA	NA	NA	NA	NA	2023	NA	NA	2023	2473577	2473577	HUMAN_OBSERVATION	SOI		SOI-AVES-1759264076	NA		NA	CC_BY_4_0	Schweizerische Vogelwarte		NA	NA	2026-07-18 15:05:05.495		TAXON_ID_NOT_FOUND	Swiss National Breeding Bird Databank	10.15468/jujcgr
49	2.20137703073638e-314	63f077c9-96a0-49de-b3ea-2aa565ee1098	SOI-AVES-1698160480	Animalia	Chordata	Aves	Galliformes	Phasianidae	Tetrao	Tetrao urogallus	NA	SPECIES	Tetrao urogallus Linnaeus, 1758	Tetrao urogallus Linnaeus, 1758	Linnaeus, 1758	CH		Be	PRESENT	NA	64ee55c9-570a-42af-b7da-3f13c6b4e5a9	46.99589	7.63584	7070	NA	NA	NA	NA	NA	2010	NA	NA	2010	2473577	2473577	HUMAN_OBSERVATION	SOI		SOI-AVES-1698160480	NA		NA	CC_BY_4_0	Schweizerische Vogelwarte		NA	NA	2026-07-18 15:05:03.835		TAXON_ID_NOT_FOUND	Swiss National Breeding Bird Databank	10.15468/jujcgr
50	2.20137652827162e-314	63f077c9-96a0-49de-b3ea-2aa565ee1098	SOI-AVES-3397226474	Animalia	Chordata	Aves	Galliformes	Phasianidae	Tetrao	Tetrao urogallus	NA	SPECIES	Tetrao urogallus Linnaeus, 1758	Tetrao urogallus Linnaeus, 1758	Linnaeus, 1758	CH		Lu	PRESENT	NA	64ee55c9-570a-42af-b7da-3f13c6b4e5a9	46.81464	8.02827	7070	NA	NA	NA	NA	NA	2022	NA	NA	2022	2473577	2473577	HUMAN_OBSERVATION	SOI		SOI-AVES-3397226474	NA		NA	CC_BY_4_0	Schweizerische Vogelwarte		NA	NA	2026-07-18 15:05:05.481		TAXON_ID_NOT_FOUND	Swiss National Breeding Bird Databank	10.15468/jujcgr
51	2.20137650850899e-314	63f077c9-96a0-49de-b3ea-2aa565ee1098	SOI-AVES-3392514022	Animalia	Chordata	Aves	Galliformes	Phasianidae	Tetrao	Tetrao urogallus	NA	SPECIES	Tetrao urogallus Linnaeus, 1758	Tetrao urogallus Linnaeus, 1758	Linnaeus, 1758	CH		Sg	PRESENT	NA	64ee55c9-570a-42af-b7da-3f13c6b4e5a9	47.07014	9.34779	7070	NA	NA	NA	NA	NA	2023	NA	NA	2023	2473577	2473577	HUMAN_OBSERVATION	SOI		SOI-AVES-3392514022	NA		NA	CC_BY_4_0	Schweizerische Vogelwarte		NA	NA	2026-07-18 15:05:03.76		TAXON_ID_NOT_FOUND	Swiss National Breeding Bird Databank	10.15468/jujcgr
52	2.2013756829253e-314	63f077c9-96a0-49de-b3ea-2aa565ee1098	SOI-AVES-3458520076	Animalia	Chordata	Aves	Galliformes	Phasianidae	Tetrao	Tetrao urogallus	NA	SPECIES	Tetrao urogallus Linnaeus, 1758	Tetrao urogallus Linnaeus, 1758	Linnaeus, 1758	CH		Vd	PRESENT	NA	64ee55c9-570a-42af-b7da-3f13c6b4e5a9	46.63082	6.32865	7070	NA	NA	NA	NA	NA	2023	NA	NA	2023	2473577	2473577	HUMAN_OBSERVATION	SOI		SOI-AVES-3458520076	NA		NA	CC_BY_4_0	Schweizerische Vogelwarte		NA	NA	2026-07-18 15:05:03.722		TAXON_ID_NOT_FOUND	Swiss National Breeding Bird Databank	10.15468/jujcgr
53	2.2013751335243e-314	63f077c9-96a0-49de-b3ea-2aa565ee1098	SOI-AVES-1605618144	Animalia	Chordata	Aves	Galliformes	Phasianidae	Tetrao	Tetrao urogallus	NA	SPECIES	Tetrao urogallus Linnaeus, 1758	Tetrao urogallus Linnaeus, 1758	Linnaeus, 1758	CH		Be	PRESENT	NA	64ee55c9-570a-42af-b7da-3f13c6b4e5a9	46.81569	7.76621	7070	NA	NA	NA	NA	NA	2008	NA	NA	2008	2473577	2473577	HUMAN_OBSERVATION	SOI		SOI-AVES-1605618144	NA		NA	CC_BY_4_0	Schweizerische Vogelwarte		NA	NA	2026-07-18 15:05:06.677		TAXON_ID_NOT_FOUND	Swiss National Breeding Bird Databank	10.15468/jujcgr
54	2.20137510931508e-314	63f077c9-96a0-49de-b3ea-2aa565ee1098	SOI-AVES-1600032529	Animalia	Chordata	Aves	Galliformes	Phasianidae	Tetrao	Tetrao urogallus	NA	SPECIES	Tetrao urogallus Linnaeus, 1758	Tetrao urogallus Linnaeus, 1758	Linnaeus, 1758	CH		Sz	PRESENT	NA	64ee55c9-570a-42af-b7da-3f13c6b4e5a9	47.07603	8.9529	7070	NA	NA	NA	NA	NA	2022	NA	NA	2022	2473577	2473577	HUMAN_OBSERVATION	SOI		SOI-AVES-1600032529	NA		NA	CC_BY_4_0	Schweizerische Vogelwarte		NA	NA	2026-07-18 15:05:03.66		TAXON_ID_NOT_FOUND	Swiss National Breeding Bird Databank	10.15468/jujcgr
55	2.20137495220221e-314	63f077c9-96a0-49de-b3ea-2aa565ee1098	SOI-AVES-1559335832	Animalia	Chordata	Aves	Galliformes	Phasianidae	Tetrao	Tetrao urogallus	NA	SPECIES	Tetrao urogallus Linnaeus, 1758	Tetrao urogallus Linnaeus, 1758	Linnaeus, 1758	CH		Sg	PRESENT	NA	64ee55c9-570a-42af-b7da-3f13c6b4e5a9	46.98022	9.34459	7070	NA	NA	NA	NA	NA	2007	NA	NA	2007	2473577	2473577	HUMAN_OBSERVATION	SOI		SOI-AVES-1559335832	NA		NA	CC_BY_4_0	Schweizerische Vogelwarte		NA	NA	2026-07-18 15:05:03.719		TAXON_ID_NOT_FOUND	Swiss National Breeding Bird Databank	10.15468/jujcgr
56	2.20137464637557e-314	63f077c9-96a0-49de-b3ea-2aa565ee1098	SOI-AVES-1607744715	Animalia	Chordata	Aves	Galliformes	Phasianidae	Tetrao	Tetrao urogallus	NA	SPECIES	Tetrao urogallus Linnaeus, 1758	Tetrao urogallus Linnaeus, 1758	Linnaeus, 1758	CH		Sz	PRESENT	NA	64ee55c9-570a-42af-b7da-3f13c6b4e5a9	47.0792	8.6896	7070	NA	NA	NA	NA	NA	2023	NA	NA	2023	2473577	2473577	HUMAN_OBSERVATION	SOI		SOI-AVES-1607744715	NA		NA	CC_BY_4_0	Schweizerische Vogelwarte		NA	NA	2026-07-18 15:05:03.865		TAXON_ID_NOT_FOUND	Swiss National Breeding Bird Databank	10.15468/jujcgr
57	2.20137423778328e-314	63f077c9-96a0-49de-b3ea-2aa565ee1098	SOI-AVES-1611560977	Animalia	Chordata	Aves	Galliformes	Phasianidae	Tetrao	Tetrao urogallus	NA	SPECIES	Tetrao urogallus Linnaeus, 1758	Tetrao urogallus Linnaeus, 1758	Linnaeus, 1758	CH		Gr	PRESENT	NA	64ee55c9-570a-42af-b7da-3f13c6b4e5a9	46.7846	10.12374	7070	NA	NA	NA	NA	NA	2010	NA	NA	2010	2473577	2473577	HUMAN_OBSERVATION	SOI		SOI-AVES-1611560977	NA		NA	CC_BY_4_0	Schweizerische Vogelwarte		NA	NA	2026-07-18 15:05:06.743		TAXON_ID_NOT_FOUND	Swiss National Breeding Bird Databank	10.15468/jujcgr
58	2.20137324174694e-314	63f077c9-96a0-49de-b3ea-2aa565ee1098	SOI-AVES-1614091368	Animalia	Chordata	Aves	Galliformes	Phasianidae	Tetrao	Tetrao urogallus	NA	SPECIES	Tetrao urogallus Linnaeus, 1758	Tetrao urogallus Linnaeus, 1758	Linnaeus, 1758	CH		Gr	PRESENT	NA	64ee55c9-570a-42af-b7da-3f13c6b4e5a9	46.69155	10.24992	7070	NA	NA	NA	NA	NA	2020	NA	NA	2020	2473577	2473577	HUMAN_OBSERVATION	SOI		SOI-AVES-1614091368	NA		NA	CC_BY_4_0	Schweizerische Vogelwarte		NA	NA	2026-07-18 15:05:06.086		TAXON_ID_NOT_FOUND	Swiss National Breeding Bird Databank	10.15468/jujcgr
59	2.20137294975414e-314	63f077c9-96a0-49de-b3ea-2aa565ee1098	SOI-AVES-1536996686	Animalia	Chordata	Aves	Galliformes	Phasianidae	Tetrao	Tetrao urogallus	NA	SPECIES	Tetrao urogallus Linnaeus, 1758	Tetrao urogallus Linnaeus, 1758	Linnaeus, 1758	CH		Be	PRESENT	NA	64ee55c9-570a-42af-b7da-3f13c6b4e5a9	46.63623	7.50394	7070	NA	NA	NA	NA	NA	1995	NA	NA	1995	2473577	2473577	HUMAN_OBSERVATION	SOI		SOI-AVES-1536996686	NA		NA	CC_BY_4_0	Schweizerische Vogelwarte		NA	NA	2026-07-18 15:05:06.078		TAXON_ID_NOT_FOUND	Swiss National Breeding Bird Databank	10.15468/jujcgr
60	2.20137246112322e-314	63f077c9-96a0-49de-b3ea-2aa565ee1098	SOI-AVES-3235278854	Animalia	Chordata	Aves	Galliformes	Phasianidae	Tetrao	Tetrao urogallus	NA	SPECIES	Tetrao urogallus Linnaeus, 1758	Tetrao urogallus Linnaeus, 1758	Linnaeus, 1758	CH		Gr	PRESENT	NA	64ee55c9-570a-42af-b7da-3f13c6b4e5a9	46.61827	9.46242	7070	NA	NA	NA	NA	NA	2021	NA	NA	2021	2473577	2473577	HUMAN_OBSERVATION	SOI		SOI-AVES-3235278854	NA		NA	CC_BY_4_0	Schweizerische Vogelwarte		NA	NA	2026-07-18 15:05:03.65		TAXON_ID_NOT_FOUND	Swiss National Breeding Bird Databank	10.15468/jujcgr
61	2.2013718400827e-314	63f077c9-96a0-49de-b3ea-2aa565ee1098	SOI-AVES-3361859302	Animalia	Chordata	Aves	Galliformes	Phasianidae	Tetrao	Tetrao urogallus	NA	SPECIES	Tetrao urogallus Linnaeus, 1758	Tetrao urogallus Linnaeus, 1758	Linnaeus, 1758	CH		Be	PRESENT	NA	64ee55c9-570a-42af-b7da-3f13c6b4e5a9	46.54627	7.50383	7070	NA	NA	NA	NA	NA	2010	NA	NA	2010	2473577	2473577	HUMAN_OBSERVATION	SOI		SOI-AVES-3361859302	NA		NA	CC_BY_4_0	Schweizerische Vogelwarte		NA	NA	2026-07-18 15:05:06.661		TAXON_ID_NOT_FOUND	Swiss National Breeding Bird Databank	10.15468/jujcgr
62	2.20137160589559e-314	63f077c9-96a0-49de-b3ea-2aa565ee1098	SOI-AVES-3295341108	Animalia	Chordata	Aves	Galliformes	Phasianidae	Tetrao	Tetrao urogallus	NA	SPECIES	Tetrao urogallus Linnaeus, 1758	Tetrao urogallus Linnaeus, 1758	Linnaeus, 1758	CH		Sg	PRESENT	NA	64ee55c9-570a-42af-b7da-3f13c6b4e5a9	47.25589	8.958	7070	NA	NA	NA	NA	NA	2022	NA	NA	2022	2473577	2473577	HUMAN_OBSERVATION	SOI		SOI-AVES-3295341108	NA		NA	CC_BY_4_0	Schweizerische Vogelwarte		NA	NA	2026-07-18 15:05:06.655		TAXON_ID_NOT_FOUND	Swiss National Breeding Bird Databank	10.15468/jujcgr
63	2.20137111578247e-314	63f077c9-96a0-49de-b3ea-2aa565ee1098	SOI-AVES-1456149143	Animalia	Chordata	Aves	Galliformes	Phasianidae	Tetrao	Tetrao urogallus	NA	SPECIES	Tetrao urogallus Linnaeus, 1758	Tetrao urogallus Linnaeus, 1758	Linnaeus, 1758	CH		Gr	PRESENT	NA	64ee55c9-570a-42af-b7da-3f13c6b4e5a9	46.79812	9.46918	7070	NA	NA	NA	NA	NA	2023	NA	NA	2023	2473577	2473577	HUMAN_OBSERVATION	SOI		SOI-AVES-1456149143	NA		NA	CC_BY_4_0	Schweizerische Vogelwarte		NA	NA	2026-07-18 15:05:03.746		TAXON_ID_NOT_FOUND	Swiss National Breeding Bird Databank	10.15468/jujcgr
64	2.20137072102402e-314	63f077c9-96a0-49de-b3ea-2aa565ee1098	SOI-AVES-1488721847	Animalia	Chordata	Aves	Galliformes	Phasianidae	Tetrao	Tetrao urogallus	NA	SPECIES	Tetrao urogallus Linnaeus, 1758	Tetrao urogallus Linnaeus, 1758	Linnaeus, 1758	CH		Ow	PRESENT	NA	64ee55c9-570a-42af-b7da-3f13c6b4e5a9	46.90384	8.16049	7070	NA	NA	NA	NA	NA	2023	NA	NA	2023	2473577	2473577	HUMAN_OBSERVATION	SOI		SOI-AVES-1488721847	NA		NA	CC_BY_4_0	Schweizerische Vogelwarte		NA	NA	2026-07-18 15:05:05.97		TAXON_ID_NOT_FOUND	Swiss National Breeding Bird Databank	10.15468/jujcgr
65	2.20136958417897e-314	63f077c9-96a0-49de-b3ea-2aa565ee1098	SOI-AVES-3128931703	Animalia	Chordata	Aves	Galliformes	Phasianidae	Tetrao	Tetrao urogallus	NA	SPECIES	Tetrao urogallus Linnaeus, 1758	Tetrao urogallus Linnaeus, 1758	Linnaeus, 1758	CH		Gr	PRESENT	NA	64ee55c9-570a-42af-b7da-3f13c6b4e5a9	46.97555	9.60736	7070	NA	NA	NA	NA	NA	2022	NA	NA	2022	2473577	2473577	HUMAN_OBSERVATION	SOI		SOI-AVES-3128931703	NA		NA	CC_BY_4_0	Schweizerische Vogelwarte		NA	NA	2026-07-18 15:05:06.597		TAXON_ID_NOT_FOUND	Swiss National Breeding Bird Databank	10.15468/jujcgr
66	2.2013688890286e-314	63f077c9-96a0-49de-b3ea-2aa565ee1098	SOI-AVES-3203165616	Animalia	Chordata	Aves	Galliformes	Phasianidae	Tetrao	Tetrao urogallus	NA	SPECIES	Tetrao urogallus Linnaeus, 1758	Tetrao urogallus Linnaeus, 1758	Linnaeus, 1758	CH		Gr	PRESENT	NA	64ee55c9-570a-42af-b7da-3f13c6b4e5a9	46.43349	9.71583	7070	NA	NA	NA	NA	NA	2015	NA	NA	2015	2473577	2473577	HUMAN_OBSERVATION	SOI		SOI-AVES-3203165616	NA		NA	CC_BY_4_0	Schweizerische Vogelwarte		NA	NA	2026-07-18 15:05:05.891		TAXON_ID_NOT_FOUND	Swiss National Breeding Bird Databank	10.15468/jujcgr
67	2.20136857974351e-314	63f077c9-96a0-49de-b3ea-2aa565ee1098	SOI-AVES-3126083509	Animalia	Chordata	Aves	Galliformes	Phasianidae	Tetrao	Tetrao urogallus	NA	SPECIES	Tetrao urogallus Linnaeus, 1758	Tetrao urogallus Linnaeus, 1758	Linnaeus, 1758	CH		Gr	PRESENT	NA	64ee55c9-570a-42af-b7da-3f13c6b4e5a9	46.62261	9.20138	7070	NA	NA	NA	NA	NA	2016	NA	NA	2016	2473577	2473577	HUMAN_OBSERVATION	SOI		SOI-AVES-3126083509	NA		NA	CC_BY_4_0	Schweizerische Vogelwarte		NA	NA	2026-07-18 15:05:06.571		TAXON_ID_NOT_FOUND	Swiss National Breeding Bird Databank	10.15468/jujcgr
68	2.20136855454616e-314	63f077c9-96a0-49de-b3ea-2aa565ee1098	SOI-AVES-3120930054	Animalia	Chordata	Aves	Galliformes	Phasianidae	Tetrao	Tetrao urogallus	NA	SPECIES	Tetrao urogallus Linnaeus, 1758	Tetrao urogallus Linnaeus, 1758	Linnaeus, 1758	CH		Fr	PRESENT	NA	64ee55c9-570a-42af-b7da-3f13c6b4e5a9	46.72573	7.11161	7070	NA	NA	NA	NA	NA	1995	NA	NA	1995	2473577	2473577	HUMAN_OBSERVATION	SOI		SOI-AVES-3120930054	NA		NA	CC_BY_4_0	Schweizerische Vogelwarte		NA	NA	2026-07-18 15:05:05.279		TAXON_ID_NOT_FOUND	Swiss National Breeding Bird Databank	10.15468/jujcgr
69	2.20136824526107e-314	63f077c9-96a0-49de-b3ea-2aa565ee1098	SOI-AVES-3169524620	Animalia	Chordata	Aves	Galliformes	Phasianidae	Tetrao	Tetrao urogallus	NA	SPECIES	Tetrao urogallus Linnaeus, 1758	Tetrao urogallus Linnaeus, 1758	Linnaeus, 1758	CH		Gr	PRESENT	NA	64ee55c9-570a-42af-b7da-3f13c6b4e5a9	46.79571	9.60012	7070	NA	NA	NA	NA	NA	2017	NA	NA	2017	2473577	2473577	HUMAN_OBSERVATION	SOI		SOI-AVES-3169524620	NA		NA	CC_BY_4_0	Schweizerische Vogelwarte		NA	NA	2026-07-18 15:05:03.604		TAXON_ID_NOT_FOUND	Swiss National Breeding Bird Databank	10.15468/jujcgr
70	2.20136718153773e-314	63f077c9-96a0-49de-b3ea-2aa565ee1098	SOI-AVES-1345557352	Animalia	Chordata	Aves	Galliformes	Phasianidae	Tetrao	Tetrao urogallus	NA	SPECIES	Tetrao urogallus Linnaeus, 1758	Tetrao urogallus Linnaeus, 1758	Linnaeus, 1758	CH		Gr	PRESENT	NA	64ee55c9-570a-42af-b7da-3f13c6b4e5a9	46.86803	10.39039	7070	NA	NA	NA	NA	NA	2023	NA	NA	2023	2473577	2473577	HUMAN_OBSERVATION	SOI		SOI-AVES-1345557352	NA		NA	CC_BY_4_0	Schweizerische Vogelwarte		NA	NA	2026-07-18 15:05:03.575		TAXON_ID_NOT_FOUND	Swiss National Breeding Bird Databank	10.15468/jujcgr
71	2.20136681839948e-314	63f077c9-96a0-49de-b3ea-2aa565ee1098	SOI-AVES-1366385804	Animalia	Chordata	Aves	Galliformes	Phasianidae	Tetrao	Tetrao urogallus	NA	SPECIES	Tetrao urogallus Linnaeus, 1758	Tetrao urogallus Linnaeus, 1758	Linnaeus, 1758	CH		Gr	PRESENT	NA	64ee55c9-570a-42af-b7da-3f13c6b4e5a9	46.61587	9.59292	7070	NA	NA	NA	NA	NA	2023	NA	NA	2023	2473577	2473577	HUMAN_OBSERVATION	SOI		SOI-AVES-1366385804	NA		NA	CC_BY_4_0	Schweizerische Vogelwarte		NA	NA	2026-07-18 15:05:05.826		TAXON_ID_NOT_FOUND	Swiss National Breeding Bird Databank	10.15468/jujcgr
72	2.20136601010808e-314	63f077c9-96a0-49de-b3ea-2aa565ee1098	SOI-AVES-1266882246	Animalia	Chordata	Aves	Galliformes	Phasianidae	Tetrao	Tetrao urogallus	NA	SPECIES	Tetrao urogallus Linnaeus, 1758	Tetrao urogallus Linnaeus, 1758	Linnaeus, 1758	CH		Gr	PRESENT	NA	64ee55c9-570a-42af-b7da-3f13c6b4e5a9	46.52834	9.45906	7070	NA	NA	NA	NA	NA	2021	NA	NA	2021	2473577	2473577	HUMAN_OBSERVATION	SOI		SOI-AVES-1266882246	NA		NA	CC_BY_4_0	Schweizerische Vogelwarte		NA	NA	2026-07-18 15:05:03.384		TAXON_ID_NOT_FOUND	Swiss National Breeding Bird Databank	10.15468/jujcgr
73	2.20136591870594e-314	63f077c9-96a0-49de-b3ea-2aa565ee1098	SOI-AVES-3075063870	Animalia	Chordata	Aves	Galliformes	Phasianidae	Tetrao	Tetrao urogallus	NA	SPECIES	Tetrao urogallus Linnaeus, 1758	Tetrao urogallus Linnaeus, 1758	Linnaeus, 1758	CH		Vd	PRESENT	NA	64ee55c9-570a-42af-b7da-3f13c6b4e5a9	46.44809	6.07208	7070	NA	NA	NA	NA	NA	2022	NA	NA	2022	2473577	2473577	HUMAN_OBSERVATION	SOI		SOI-AVES-3075063870	NA		NA	CC_BY_4_0	Schweizerische Vogelwarte		NA	NA	2026-07-18 15:05:05.787		TAXON_ID_NOT_FOUND	Swiss National Breeding Bird Databank	10.15468/jujcgr
74	2.20136530902893e-314	63f077c9-96a0-49de-b3ea-2aa565ee1098	SOI-AVES-1352201911	Animalia	Chordata	Aves	Galliformes	Phasianidae	Tetrao	Tetrao urogallus	NA	SPECIES	Tetrao urogallus Linnaeus, 1758	Tetrao urogallus Linnaeus, 1758	Linnaeus, 1758	CH		Ow	PRESENT	NA	64ee55c9-570a-42af-b7da-3f13c6b4e5a9	46.90293	8.29173	7070	NA	NA	NA	NA	NA	2015	NA	NA	2015	2473577	2473577	HUMAN_OBSERVATION	SOI		SOI-AVES-1352201911	NA		NA	CC_BY_4_0	Schweizerische Vogelwarte		NA	NA	2026-07-18 15:05:06.287		TAXON_ID_NOT_FOUND	Swiss National Breeding Bird Databank	10.15468/jujcgr
75	2.20136530062982e-314	63f077c9-96a0-49de-b3ea-2aa565ee1098	SOI-AVES-1349984197	Animalia	Chordata	Aves	Galliformes	Phasianidae	Tetrao	Tetrao urogallus	NA	SPECIES	Tetrao urogallus Linnaeus, 1758	Tetrao urogallus Linnaeus, 1758	Linnaeus, 1758	CH		Gr	PRESENT	NA	64ee55c9-570a-42af-b7da-3f13c6b4e5a9	46.43841	9.45571	7070	NA	NA	NA	NA	NA	1992	NA	NA	1992	2473577	2473577	HUMAN_OBSERVATION	SOI		SOI-AVES-1349984197	NA		NA	CC_BY_4_0	Schweizerische Vogelwarte		NA	NA	2026-07-18 15:05:06.286		TAXON_ID_NOT_FOUND	Swiss National Breeding Bird Databank	10.15468/jujcgr
76	2.20136505310293e-314	63f077c9-96a0-49de-b3ea-2aa565ee1098	SOI-AVES-1289391086	Animalia	Chordata	Aves	Galliformes	Phasianidae	Tetrao	Tetrao urogallus	NA	SPECIES	Tetrao urogallus Linnaeus, 1758	Tetrao urogallus Linnaeus, 1758	Linnaeus, 1758	CH		Vd	PRESENT	NA	64ee55c9-570a-42af-b7da-3f13c6b4e5a9	46.81192	6.45595	7070	NA	NA	NA	NA	NA	2013	NA	NA	2013	2473577	2473577	HUMAN_OBSERVATION	SOI		SOI-AVES-1289391086	NA		NA	CC_BY_4_0	Schweizerische Vogelwarte		NA	NA	2026-07-18 15:05:06.277		TAXON_ID_NOT_FOUND	Swiss National Breeding Bird Databank	10.15468/jujcgr
77	2.2013645170417e-314	63f077c9-96a0-49de-b3ea-2aa565ee1098	SOI-AVES-2974021819	Animalia	Chordata	Aves	Galliformes	Phasianidae	Tetrao	Tetrao urogallus	NA	SPECIES	Tetrao urogallus Linnaeus, 1758	Tetrao urogallus Linnaeus, 1758	Linnaeus, 1758	CH		Ne	PRESENT	NA	64ee55c9-570a-42af-b7da-3f13c6b4e5a9	46.99453	6.84702	7070	NA	NA	NA	NA	NA	1997	NA	NA	1997	2473577	2473577	HUMAN_OBSERVATION	SOI		SOI-AVES-2974021819	NA		NA	CC_BY_4_0	Schweizerische Vogelwarte		NA	NA	2026-07-18 15:05:06.261		TAXON_ID_NOT_FOUND	Swiss National Breeding Bird Databank	10.15468/jujcgr
78	2.20136397455762e-314	63f077c9-96a0-49de-b3ea-2aa565ee1098	SOI-AVES-3117432362	Animalia	Chordata	Aves	Galliformes	Phasianidae	Tetrao	Tetrao urogallus	NA	SPECIES	Tetrao urogallus Linnaeus, 1758	Tetrao urogallus Linnaeus, 1758	Linnaeus, 1758	CH		Sz	PRESENT	NA	64ee55c9-570a-42af-b7da-3f13c6b4e5a9	47.16914	8.6917	7070	NA	NA	NA	NA	NA	2020	NA	NA	2020	2473577	2473577	HUMAN_OBSERVATION	SOI		SOI-AVES-3117432362	NA		NA	CC_BY_4_0	Schweizerische Vogelwarte		NA	NA	2026-07-18 15:05:06.229		TAXON_ID_NOT_FOUND	Swiss National Breeding Bird Databank	10.15468/jujcgr
79	2.20136373641798e-314	63f077c9-96a0-49de-b3ea-2aa565ee1098	SOI-AVES-3058753984	Animalia	Chordata	Aves	Galliformes	Phasianidae	Tetrao	Tetrao urogallus	NA	SPECIES	Tetrao urogallus Linnaeus, 1758	Tetrao urogallus Linnaeus, 1758	Linnaeus, 1758	CH		Zh	PRESENT	NA	64ee55c9-570a-42af-b7da-3f13c6b4e5a9	47.34582	8.96056	7070	NA	NA	NA	NA	NA	2015	NA	NA	2015	2473577	2473577	HUMAN_OBSERVATION	SOI		SOI-AVES-3058753984	NA		NA	CC_BY_4_0	Schweizerische Vogelwarte		NA	NA	2026-07-18 15:05:03.414		TAXON_ID_NOT_FOUND	Swiss National Breeding Bird Databank	10.15468/jujcgr
80	2.2013629192334e-314	63f077c9-96a0-49de-b3ea-2aa565ee1098	SOI-AVES-1251851353	Animalia	Chordata	Aves	Galliformes	Phasianidae	Tetrao	Tetrao urogallus	NA	SPECIES	Tetrao urogallus Linnaeus, 1758	Tetrao urogallus Linnaeus, 1758	Linnaeus, 1758	CH		Be	PRESENT	NA	64ee55c9-570a-42af-b7da-3f13c6b4e5a9	47.17579	7.24076	7070	NA	NA	NA	NA	NA	2008	NA	NA	2008	2473577	2473577	HUMAN_OBSERVATION	SOI		SOI-AVES-1251851353	NA		NA	CC_BY_4_0	Schweizerische Vogelwarte		NA	NA	2026-07-18 15:05:06.171		TAXON_ID_NOT_FOUND	Swiss National Breeding Bird Databank	10.15468/jujcgr
81	2.20136271419616e-314	63f077c9-96a0-49de-b3ea-2aa565ee1098	SOI-AVES-1192231306	Animalia	Chordata	Aves	Galliformes	Phasianidae	Tetrao	Tetrao urogallus	NA	SPECIES	Tetrao urogallus Linnaeus, 1758	Tetrao urogallus Linnaeus, 1758	Linnaeus, 1758	CH		Sg	PRESENT	NA	64ee55c9-570a-42af-b7da-3f13c6b4e5a9	47.16218	9.21916	7070	NA	NA	NA	NA	NA	2023	NA	NA	2023	2473577	2473577	HUMAN_OBSERVATION	SOI		SOI-AVES-1192231306	NA		NA	CC_BY_4_0	Schweizerische Vogelwarte		NA	NA	2026-07-18 15:05:05.671		TAXON_ID_NOT_FOUND	Swiss National Breeding Bird Databank	10.15468/jujcgr
82	2.20136226953708e-314	63f077c9-96a0-49de-b3ea-2aa565ee1098	SOI-AVES-1198784153	Animalia	Chordata	Aves	Galliformes	Phasianidae	Tetrao	Tetrao urogallus	NA	SPECIES	Tetrao urogallus Linnaeus, 1758	Tetrao urogallus Linnaeus, 1758	Linnaeus, 1758	CH		Sz	PRESENT	NA	64ee55c9-570a-42af-b7da-3f13c6b4e5a9	47.08177	8.42627	7070	NA	NA	NA	NA	NA	1997	NA	NA	1997	2473577	2473577	HUMAN_OBSERVATION	SOI		SOI-AVES-1198784153	NA		NA	CC_BY_4_0	Schweizerische Vogelwarte		NA	NA	2026-07-18 15:05:06.277		TAXON_ID_NOT_FOUND	Swiss National Breeding Bird Databank	10.15468/jujcgr
83	2.20136218949844e-314	63f077c9-96a0-49de-b3ea-2aa565ee1098	SOI-AVES-1180377790	Animalia	Chordata	Aves	Galliformes	Phasianidae	Tetrao	Tetrao urogallus	NA	SPECIES	Tetrao urogallus Linnaeus, 1758	Tetrao urogallus Linnaeus, 1758	Linnaeus, 1758	CH		Sz	PRESENT	NA	64ee55c9-570a-42af-b7da-3f13c6b4e5a9	46.99062	8.55606	7070	NA	NA	NA	NA	NA	1996	NA	NA	1996	2473577	2473577	HUMAN_OBSERVATION	SOI		SOI-AVES-1180377790	NA		NA	CC_BY_4_0	Schweizerische Vogelwarte		NA	NA	2026-07-18 15:05:06.273		TAXON_ID_NOT_FOUND	Swiss National Breeding Bird Databank	10.15468/jujcgr
84	2.20136187527269e-314	63f077c9-96a0-49de-b3ea-2aa565ee1098	SOI-AVES-1232041482	Animalia	Chordata	Aves	Galliformes	Phasianidae	Tetrao	Tetrao urogallus	NA	SPECIES	Tetrao urogallus Linnaeus, 1758	Tetrao urogallus Linnaeus, 1758	Linnaeus, 1758	CH		Ur	PRESENT	NA	64ee55c9-570a-42af-b7da-3f13c6b4e5a9	46.81073	8.55233	7070	NA	NA	NA	NA	NA	1995	NA	NA	1995	2473577	2473577	HUMAN_OBSERVATION	SOI		SOI-AVES-1232041482	NA		NA	CC_BY_4_0	Schweizerische Vogelwarte		NA	NA	2026-07-18 15:05:03.385		TAXON_ID_NOT_FOUND	Swiss National Breeding Bird Databank	10.15468/jujcgr
85	2.20136114949026e-314	63f077c9-96a0-49de-b3ea-2aa565ee1098	SOI-AVES-2862867802	Animalia	Chordata	Aves	Galliformes	Phasianidae	Tetrao	Tetrao urogallus	NA	SPECIES	Tetrao urogallus Linnaeus, 1758	Tetrao urogallus Linnaeus, 1758	Linnaeus, 1758	CH		Be	PRESENT	NA	64ee55c9-570a-42af-b7da-3f13c6b4e5a9	46.72304	8.28889	7070	NA	NA	NA	NA	NA	1996	NA	NA	1996	2473577	2473577	HUMAN_OBSERVATION	SOI		SOI-AVES-2862867802	NA		NA	CC_BY_4_0	Schweizerische Vogelwarte		NA	NA	2026-07-18 15:05:03.253		TAXON_ID_NOT_FOUND	Swiss National Breeding Bird Databank	10.15468/jujcgr
86	2.2013611287395e-314	63f077c9-96a0-49de-b3ea-2aa565ee1098	SOI-AVES-2859160385	Animalia	Chordata	Aves	Galliformes	Phasianidae	Tetrao	Tetrao urogallus	NA	SPECIES	Tetrao urogallus Linnaeus, 1758	Tetrao urogallus Linnaeus, 1758	Linnaeus, 1758	CH		Gl	PRESENT	NA	64ee55c9-570a-42af-b7da-3f13c6b4e5a9	46.80623	8.94532	7070	NA	NA	NA	NA	NA	2015	NA	NA	2015	2473577	2473577	HUMAN_OBSERVATION	SOI		SOI-AVES-2859160385	NA		NA	CC_BY_4_0	Schweizerische Vogelwarte		NA	NA	2026-07-18 15:05:06.077		TAXON_ID_NOT_FOUND	Swiss National Breeding Bird Databank	10.15468/jujcgr
87	2.20136103289077e-314	63f077c9-96a0-49de-b3ea-2aa565ee1098	SOI-AVES-2836140616	Animalia	Chordata	Aves	Galliformes	Phasianidae	Tetrao	Tetrao urogallus	NA	SPECIES	Tetrao urogallus Linnaeus, 1758	Tetrao urogallus Linnaeus, 1758	Linnaeus, 1758	CH		Ju	PRESENT	NA	64ee55c9-570a-42af-b7da-3f13c6b4e5a9	47.17503	6.97694	7070	NA	NA	NA	NA	NA	2008	NA	NA	2008	2473577	2473577	HUMAN_OBSERVATION	SOI		SOI-AVES-2836140616	NA		NA	CC_BY_4_0	Schweizerische Vogelwarte		NA	NA	2026-07-18 15:05:06.227		TAXON_ID_NOT_FOUND	Swiss National Breeding Bird Databank	10.15468/jujcgr
88	2.20135976956491e-314	63f077c9-96a0-49de-b3ea-2aa565ee1098	SOI-AVES-2923984977	Animalia	Chordata	Aves	Galliformes	Phasianidae	Tetrao	Tetrao urogallus	NA	SPECIES	Tetrao urogallus Linnaeus, 1758	Tetrao urogallus Linnaeus, 1758	Linnaeus, 1758	CH		Gr	PRESENT	NA	64ee55c9-570a-42af-b7da-3f13c6b4e5a9	46.60165	10.24524	7070	NA	NA	NA	NA	NA	2022	NA	NA	2022	2473577	2473577	HUMAN_OBSERVATION	SOI		SOI-AVES-2923984977	NA		NA	CC_BY_4_0	Schweizerische Vogelwarte		NA	NA	2026-07-18 15:05:06.025		TAXON_ID_NOT_FOUND	Swiss National Breeding Bird Databank	10.15468/jujcgr
89	2.20135958824282e-314	63f077c9-96a0-49de-b3ea-2aa565ee1098	SOI-AVES-2877405847	Animalia	Chordata	Aves	Galliformes	Phasianidae	Tetrao	Tetrao urogallus	NA	SPECIES	Tetrao urogallus Linnaeus, 1758	Tetrao urogallus Linnaeus, 1758	Linnaeus, 1758	CH		Gr	PRESENT	NA	64ee55c9-570a-42af-b7da-3f13c6b4e5a9	46.71794	8.81204	7070	NA	NA	NA	NA	NA	2023	NA	NA	2023	2473577	2473577	HUMAN_OBSERVATION	SOI		SOI-AVES-2877405847	NA		NA	CC_BY_4_0	Schweizerische Vogelwarte		NA	NA	2026-07-18 15:05:03.212		TAXON_ID_NOT_FOUND	Swiss National Breeding Bird Databank	10.15468/jujcgr
90	2.20135917520394e-314	63f077c9-96a0-49de-b3ea-2aa565ee1098	SOI-AVES-1074470654	Animalia	Chordata	Aves	Galliformes	Phasianidae	Tetrao	Tetrao urogallus	NA	SPECIES	Tetrao urogallus Linnaeus, 1758	Tetrao urogallus Linnaeus, 1758	Linnaeus, 1758	CH		Ur	PRESENT	NA	64ee55c9-570a-42af-b7da-3f13c6b4e5a9	46.80788	8.81433	7070	NA	NA	NA	NA	NA	1999	NA	NA	1999	2473577	2473577	HUMAN_OBSERVATION	SOI		SOI-AVES-1074470654	NA		NA	CC_BY_4_0	Schweizerische Vogelwarte		NA	NA	2026-07-18 15:05:05.076		TAXON_ID_NOT_FOUND	Swiss National Breeding Bird Databank	10.15468/jujcgr
91	2.20135688076308e-314	63f077c9-96a0-49de-b3ea-2aa565ee1098	SOI-AVES-2789385627	Animalia	Chordata	Aves	Galliformes	Phasianidae	Tetrao	Tetrao urogallus	NA	SPECIES	Tetrao urogallus Linnaeus, 1758	Tetrao urogallus Linnaeus, 1758	Linnaeus, 1758	CH		Be	PRESENT	NA	64ee55c9-570a-42af-b7da-3f13c6b4e5a9	46.72573	7.76567	7070	NA	NA	NA	NA	NA	2020	NA	NA	2020	2473577	2473577	HUMAN_OBSERVATION	SOI		SOI-AVES-2789385627	NA		NA	CC_BY_4_0	Schweizerische Vogelwarte		NA	NA	2026-07-18 15:05:04.978		TAXON_ID_NOT_FOUND	Swiss National Breeding Bird Databank	10.15468/jujcgr
92	2.20135660556851e-314	63f077c9-96a0-49de-b3ea-2aa565ee1098	SOI-AVES-2716821468	Animalia	Chordata	Aves	Galliformes	Phasianidae	Tetrao	Tetrao urogallus	NA	SPECIES	Tetrao urogallus Linnaeus, 1758	Tetrao urogallus Linnaeus, 1758	Linnaeus, 1758	CH		Gr	PRESENT	NA	64ee55c9-570a-42af-b7da-3f13c6b4e5a9	46.71629	8.94281	7070	NA	NA	NA	NA	NA	2020	NA	NA	2020	2473577	2473577	HUMAN_OBSERVATION	SOI		SOI-AVES-2716821468	NA		NA	CC_BY_4_0	Schweizerische Vogelwarte		NA	NA	2026-07-18 15:05:03.22		TAXON_ID_NOT_FOUND	Swiss National Breeding Bird Databank	10.15468/jujcgr
93	2.20135658234743e-314	63f077c9-96a0-49de-b3ea-2aa565ee1098	SOI-AVES-2711336361	Animalia	Chordata	Aves	Galliformes	Phasianidae	Tetrao	Tetrao urogallus	NA	SPECIES	Tetrao urogallus Linnaeus, 1758	Tetrao urogallus Linnaeus, 1758	Linnaeus, 1758	CH		Be	PRESENT	NA	64ee55c9-570a-42af-b7da-3f13c6b4e5a9	46.72528	7.89648	7070	NA	NA	NA	NA	NA	2023	NA	NA	2023	2473577	2473577	HUMAN_OBSERVATION	SOI		SOI-AVES-2711336361	NA		NA	CC_BY_4_0	Schweizerische Vogelwarte		NA	NA	2026-07-18 15:05:05.448		TAXON_ID_NOT_FOUND	Swiss National Breeding Bird Databank	10.15468/jujcgr
94	2.20135652454175e-314	63f077c9-96a0-49de-b3ea-2aa565ee1098	SOI-AVES-2854448337	Animalia	Chordata	Aves	Galliformes	Phasianidae	Tetrao	Tetrao urogallus	NA	SPECIES	Tetrao urogallus Linnaeus, 1758	Tetrao urogallus Linnaeus, 1758	Linnaeus, 1758	CH		Be	PRESENT	NA	64ee55c9-570a-42af-b7da-3f13c6b4e5a9	46.72468	8.02729	7070	NA	NA	NA	NA	NA	1996	NA	NA	1996	2473577	2473577	HUMAN_OBSERVATION	SOI		SOI-AVES-2854448337	NA		NA	CC_BY_4_0	Schweizerische Vogelwarte		NA	NA	2026-07-18 15:05:03.118		TAXON_ID_NOT_FOUND	Swiss National Breeding Bird Databank	10.15468/jujcgr
95	2.20135599638557e-314	63f077c9-96a0-49de-b3ea-2aa565ee1098	SOI-AVES-2817570741	Animalia	Chordata	Aves	Galliformes	Phasianidae	Tetrao	Tetrao urogallus	NA	SPECIES	Tetrao urogallus Linnaeus, 1758	Tetrao urogallus Linnaeus, 1758	Linnaeus, 1758	CH		Gr	PRESENT	NA	64ee55c9-570a-42af-b7da-3f13c6b4e5a9	46.628	8.80975	7070	NA	NA	NA	NA	NA	2023	NA	NA	2023	2473577	2473577	HUMAN_OBSERVATION	SOI		SOI-AVES-2817570741	NA		NA	CC_BY_4_0	Schweizerische Vogelwarte		NA	NA	2026-07-18 15:05:05.879		TAXON_ID_NOT_FOUND	Swiss National Breeding Bird Databank	10.15468/jujcgr
96	2.20135599391525e-314	63f077c9-96a0-49de-b3ea-2aa565ee1098	SOI-AVES-2817212456	Animalia	Chordata	Aves	Galliformes	Phasianidae	Tetrao	Tetrao urogallus	NA	SPECIES	Tetrao urogallus Linnaeus, 1758	Tetrao urogallus Linnaeus, 1758	Linnaeus, 1758	CH		Gr	PRESENT	NA	64ee55c9-570a-42af-b7da-3f13c6b4e5a9	46.88563	9.60373	7070	NA	NA	NA	NA	NA	2017	NA	NA	2017	2473577	2473577	HUMAN_OBSERVATION	SOI		SOI-AVES-2817212456	NA		NA	CC_BY_4_0	Schweizerische Vogelwarte		NA	NA	2026-07-18 15:05:03.106		TAXON_ID_NOT_FOUND	Swiss National Breeding Bird Databank	10.15468/jujcgr
97	2.20135551813003e-314	63f077c9-96a0-49de-b3ea-2aa565ee1098	SOI-AVES-1023795186	Animalia	Chordata	Aves	Galliformes	Phasianidae	Tetrao	Tetrao urogallus	NA	SPECIES	Tetrao urogallus Linnaeus, 1758	Tetrao urogallus Linnaeus, 1758	Linnaeus, 1758	CH		Be	PRESENT	NA	64ee55c9-570a-42af-b7da-3f13c6b4e5a9	46.54612	7.63421	7070	NA	NA	NA	NA	NA	2001	NA	NA	2001	2473577	2473577	HUMAN_OBSERVATION	SOI		SOI-AVES-1023795186	NA		NA	CC_BY_4_0	Schweizerische Vogelwarte		NA	NA	2026-07-18 15:05:03.088		TAXON_ID_NOT_FOUND	Swiss National Breeding Bird Databank	10.15468/jujcgr
98	2.20135384522375e-314	63f077c9-96a0-49de-b3ea-2aa565ee1098	SOI-AVES-954014049	Animalia	Chordata	Aves	Galliformes	Phasianidae	Tetrao	Tetrao urogallus	NA	SPECIES	Tetrao urogallus Linnaeus, 1758	Tetrao urogallus Linnaeus, 1758	Linnaeus, 1758	CH		Gr	PRESENT	NA	64ee55c9-570a-42af-b7da-3f13c6b4e5a9	46.71254	9.20432	7070	NA	NA	NA	NA	NA	2023	NA	NA	2023	2473577	2473577	HUMAN_OBSERVATION	SOI		SOI-AVES-954014049	NA		NA	CC_BY_4_0	Schweizerische Vogelwarte		NA	NA	2026-07-18 15:05:03.115		TAXON_ID_NOT_FOUND	Swiss National Breeding Bird Databank	10.15468/jujcgr
99	2.20135364759749e-314	63f077c9-96a0-49de-b3ea-2aa565ee1098	SOI-AVES-900972012	Animalia	Chordata	Aves	Galliformes	Phasianidae	Tetrao	Tetrao urogallus	NA	SPECIES	Tetrao urogallus Linnaeus, 1758	Tetrao urogallus Linnaeus, 1758	Linnaeus, 1758	CH		Gr	PRESENT	NA	64ee55c9-570a-42af-b7da-3f13c6b4e5a9	46.87134	10.25932	7070	NA	NA	NA	NA	NA	2005	NA	NA	2005	2473577	2473577	HUMAN_OBSERVATION	SOI		SOI-AVES-900972012	NA		NA	CC_BY_4_0	Schweizerische Vogelwarte		NA	NA	2026-07-18 15:05:05.296		TAXON_ID_NOT_FOUND	Swiss National Breeding Bird Databank	10.15468/jujcgr
100	2.20135228348224e-314	63f077c9-96a0-49de-b3ea-2aa565ee1098	SOI-AVES-2624633989	Animalia	Chordata	Aves	Galliformes	Phasianidae	Tetrao	Tetrao urogallus	NA	SPECIES	Tetrao urogallus Linnaeus, 1758	Tetrao urogallus Linnaeus, 1758	Linnaeus, 1758	CH		Vd	PRESENT	NA	64ee55c9-570a-42af-b7da-3f13c6b4e5a9	46.54088	6.3305	7070	NA	NA	NA	NA	NA	2023	NA	NA	2023	2473577	2473577	HUMAN_OBSERVATION	SOI		SOI-AVES-2624633989	NA		NA	CC_BY_4_0	Schweizerische Vogelwarte		NA	NA	2026-07-18 15:05:05.721		TAXON_ID_NOT_FOUND	Swiss National Breeding Bird Databank	10.15468/jujcgr
101	2.20135216391836e-314	63f077c9-96a0-49de-b3ea-2aa565ee1098	SOI-AVES-2593274800	Animalia	Chordata	Aves	Galliformes	Phasianidae	Tetrao	Tetrao urogallus	NA	SPECIES	Tetrao urogallus Linnaeus, 1758	Tetrao urogallus Linnaeus, 1758	Linnaeus, 1758	CH		Sg	PRESENT	NA	64ee55c9-570a-42af-b7da-3f13c6b4e5a9	47.16415	9.08731	7070	NA	NA	NA	NA	NA	2020	NA	NA	2020	2473577	2473577	HUMAN_OBSERVATION	SOI		SOI-AVES-2593274800	NA		NA	CC_BY_4_0	Schweizerische Vogelwarte		NA	NA	2026-07-18 15:05:02.999		TAXON_ID_NOT_FOUND	Swiss National Breeding Bird Databank	10.15468/jujcgr
102	2.20135213723881e-314	63f077c9-96a0-49de-b3ea-2aa565ee1098	SOI-AVES-2586849655	Animalia	Chordata	Aves	Galliformes	Phasianidae	Tetrao	Tetrao urogallus	NA	SPECIES	Tetrao urogallus Linnaeus, 1758	Tetrao urogallus Linnaeus, 1758	Linnaeus, 1758	CH		Gr	PRESENT	NA	64ee55c9-570a-42af-b7da-3f13c6b4e5a9	46.61333	9.72341	7070	NA	NA	NA	NA	NA	2023	NA	NA	2023	2473577	2473577	HUMAN_OBSERVATION	SOI		SOI-AVES-2586849655	NA		NA	CC_BY_4_0	Schweizerische Vogelwarte		NA	NA	2026-07-18 15:05:04.841		TAXON_ID_NOT_FOUND	Swiss National Breeding Bird Databank	10.15468/jujcgr
103	2.20135141639704e-314	63f077c9-96a0-49de-b3ea-2aa565ee1098	SOI-AVES-852402783	Animalia	Chordata	Aves	Galliformes	Phasianidae	Tetrao	Tetrao urogallus	NA	SPECIES	Tetrao urogallus Linnaeus, 1758	Tetrao urogallus Linnaeus, 1758	Linnaeus, 1758	CH		Vd	PRESENT	NA	64ee55c9-570a-42af-b7da-3f13c6b4e5a9	46.72077	6.3268	7070	NA	NA	NA	NA	NA	2012	NA	NA	2012	2473577	2473577	HUMAN_OBSERVATION	SOI		SOI-AVES-852402783	NA		NA	CC_BY_4_0	Schweizerische Vogelwarte		NA	NA	2026-07-18 15:05:02.904		TAXON_ID_NOT_FOUND	Swiss National Breeding Bird Databank	10.15468/jujcgr
104	2.20135001275654e-314	63f077c9-96a0-49de-b3ea-2aa565ee1098	SOI-AVES-850655676	Animalia	Chordata	Aves	Galliformes	Phasianidae	Tetrao	Tetrao urogallus	NA	SPECIES	Tetrao urogallus Linnaeus, 1758	Tetrao urogallus Linnaeus, 1758	Linnaeus, 1758	CH		Gr	PRESENT	NA	64ee55c9-570a-42af-b7da-3f13c6b4e5a9	46.70324	9.72722	7070	NA	NA	NA	NA	NA	2023	NA	NA	2023	2473577	2473577	HUMAN_OBSERVATION	SOI		SOI-AVES-850655676	NA		NA	CC_BY_4_0	Schweizerische Vogelwarte		NA	NA	2026-07-18 15:05:02.868		TAXON_ID_NOT_FOUND	Swiss National Breeding Bird Databank	10.15468/jujcgr
105	2.20134987046563e-314	63f077c9-96a0-49de-b3ea-2aa565ee1098	SOI-AVES-812674231	Animalia	Chordata	Aves	Galliformes	Phasianidae	Tetrao	Tetrao urogallus	NA	SPECIES	Tetrao urogallus Linnaeus, 1758	Tetrao urogallus Linnaeus, 1758	Linnaeus, 1758	CH		Ne	PRESENT	NA	64ee55c9-570a-42af-b7da-3f13c6b4e5a9	46.90186	6.4543	7070	NA	NA	NA	NA	NA	2013	NA	NA	2013	2473577	2473577	HUMAN_OBSERVATION	SOI		SOI-AVES-812674231	NA		NA	CC_BY_4_0	Schweizerische Vogelwarte		NA	NA	2026-07-18 15:05:05.163		TAXON_ID_NOT_FOUND	Swiss National Breeding Bird Databank	10.15468/jujcgr
106	2.20134909132411e-314	63f077c9-96a0-49de-b3ea-2aa565ee1098	SOI-AVES-2564346533	Animalia	Chordata	Aves	Galliformes	Phasianidae	Tetrao	Tetrao urogallus	NA	SPECIES	Tetrao urogallus Linnaeus, 1758	Tetrao urogallus Linnaeus, 1758	Linnaeus, 1758	CH		Ur	PRESENT	NA	64ee55c9-570a-42af-b7da-3f13c6b4e5a9	46.89782	8.81663	7070	NA	NA	NA	NA	NA	1996	NA	NA	1996	2473577	2473577	HUMAN_OBSERVATION	SOI		SOI-AVES-2564346533	NA		NA	CC_BY_4_0	Schweizerische Vogelwarte		NA	NA	2026-07-18 15:05:04.753		TAXON_ID_NOT_FOUND	Swiss National Breeding Bird Databank	10.15468/jujcgr
107	2.20134878895593e-314	63f077c9-96a0-49de-b3ea-2aa565ee1098	SOI-AVES-2486753860	Animalia	Chordata	Aves	Galliformes	Phasianidae	Tetrao	Tetrao urogallus	NA	SPECIES	Tetrao urogallus Linnaeus, 1758	Tetrao urogallus Linnaeus, 1758	Linnaeus, 1758	CH		Ne	PRESENT	NA	64ee55c9-570a-42af-b7da-3f13c6b4e5a9	46.90292	6.58553	7070	NA	NA	NA	NA	NA	2021	NA	NA	2021	2473577	2473577	HUMAN_OBSERVATION	SOI		SOI-AVES-2486753860	NA		NA	CC_BY_4_0	Schweizerische Vogelwarte		NA	NA	2026-07-18 15:05:05.617		TAXON_ID_NOT_FOUND	Swiss National Breeding Bird Databank	10.15468/jujcgr
108	2.20134769855305e-314	63f077c9-96a0-49de-b3ea-2aa565ee1098	SOI-AVES-2486131630	Animalia	Chordata	Aves	Galliformes	Phasianidae	Tetrao	Tetrao urogallus	NA	SPECIES	Tetrao urogallus Linnaeus, 1758	Tetrao urogallus Linnaeus, 1758	Linnaeus, 1758	CH		Ai	PRESENT	NA	64ee55c9-570a-42af-b7da-3f13c6b4e5a9	47.33763	9.48972	7070	NA	NA	NA	NA	NA	1996	NA	NA	1996	2473577	2473577	HUMAN_OBSERVATION	SOI		SOI-AVES-2486131630	NA		NA	CC_BY_4_0	Schweizerische Vogelwarte		NA	NA	2026-07-18 15:05:02.836		TAXON_ID_NOT_FOUND	Swiss National Breeding Bird Databank	10.15468/jujcgr
109	2.20134653404032e-314	63f077c9-96a0-49de-b3ea-2aa565ee1098	SOI-AVES-727445749	Animalia	Chordata	Aves	Galliformes	Phasianidae	Tetrao	Tetrao urogallus	NA	SPECIES	Tetrao urogallus Linnaeus, 1758	Tetrao urogallus Linnaeus, 1758	Linnaeus, 1758	CH		Gl	PRESENT	NA	64ee55c9-570a-42af-b7da-3f13c6b4e5a9	47.07422	9.08454	7070	NA	NA	NA	NA	NA	2021	NA	NA	2021	2473577	2473577	HUMAN_OBSERVATION	SOI		SOI-AVES-727445749	NA		NA	CC_BY_4_0	Schweizerische Vogelwarte		NA	NA	2026-07-18 15:05:04.67		TAXON_ID_NOT_FOUND	Swiss National Breeding Bird Databank	10.15468/jujcgr
110	2.20134649056255e-314	63f077c9-96a0-49de-b3ea-2aa565ee1098	SOI-AVES-716958652	Animalia	Chordata	Aves	Galliformes	Phasianidae	Tetrao	Tetrao urogallus	NA	SPECIES	Tetrao urogallus Linnaeus, 1758	Tetrao urogallus Linnaeus, 1758	Linnaeus, 1758	CH		Gr	PRESENT	NA	64ee55c9-570a-42af-b7da-3f13c6b4e5a9	46.59836	10.37567	7070	NA	NA	NA	NA	NA	2021	NA	NA	2021	2473577	2473577	HUMAN_OBSERVATION	SOI		SOI-AVES-716958652	NA		NA	CC_BY_4_0	Schweizerische Vogelwarte		NA	NA	2026-07-18 15:05:04.67		TAXON_ID_NOT_FOUND	Swiss National Breeding Bird Databank	10.15468/jujcgr
111	2.20134641002985e-314	63f077c9-96a0-49de-b3ea-2aa565ee1098	SOI-AVES-696972206	Animalia	Chordata	Aves	Galliformes	Phasianidae	Tetrao	Tetrao urogallus	NA	SPECIES	Tetrao urogallus Linnaeus, 1758	Tetrao urogallus Linnaeus, 1758	Linnaeus, 1758	CH		Vd	PRESENT	NA	64ee55c9-570a-42af-b7da-3f13c6b4e5a9	46.72197	6.45759	7070	NA	NA	NA	NA	NA	2013	NA	NA	2013	2473577	2473577	HUMAN_OBSERVATION	SOI		SOI-AVES-696972206	NA		NA	CC_BY_4_0	Schweizerische Vogelwarte		NA	NA	2026-07-18 15:05:02.783		TAXON_ID_NOT_FOUND	Swiss National Breeding Bird Databank	10.15468/jujcgr
112	2.20134627020927e-314	63f077c9-96a0-49de-b3ea-2aa565ee1098	SOI-AVES-659858400	Animalia	Chordata	Aves	Galliformes	Phasianidae	Tetrao	Tetrao urogallus	NA	SPECIES	Tetrao urogallus Linnaeus, 1758	Tetrao urogallus Linnaeus, 1758	Linnaeus, 1758	CH		Lu	PRESENT	NA	64ee55c9-570a-42af-b7da-3f13c6b4e5a9	46.99378	8.1617	7070	NA	NA	NA	NA	NA	2023	NA	NA	2023	2473577	2473577	HUMAN_OBSERVATION	SOI		SOI-AVES-659858400	NA		NA	CC_BY_4_0	Schweizerische Vogelwarte		NA	NA	2026-07-18 15:05:05.047		TAXON_ID_NOT_FOUND	Swiss National Breeding Bird Databank	10.15468/jujcgr
113	2.20134592683365e-314	63f077c9-96a0-49de-b3ea-2aa565ee1098	SOI-AVES-687614046	Animalia	Chordata	Aves	Galliformes	Phasianidae	Tetrao	Tetrao urogallus	NA	SPECIES	Tetrao urogallus Linnaeus, 1758	Tetrao urogallus Linnaeus, 1758	Linnaeus, 1758	CH		Vd	PRESENT	NA	64ee55c9-570a-42af-b7da-3f13c6b4e5a9	46.36591	7.11378	7070	NA	NA	NA	NA	NA	1994	NA	NA	1994	2473577	2473577	HUMAN_OBSERVATION	SOI		SOI-AVES-687614046	NA		NA	CC_BY_4_0	Schweizerische Vogelwarte		NA	NA	2026-07-18 15:05:02.832		TAXON_ID_NOT_FOUND	Swiss National Breeding Bird Databank	10.15468/jujcgr
114	2.2013456412637e-314	63f077c9-96a0-49de-b3ea-2aa565ee1098	SOI-AVES-2433823417	Animalia	Chordata	Aves	Galliformes	Phasianidae	Tetrao	Tetrao urogallus	NA	SPECIES	Tetrao urogallus Linnaeus, 1758	Tetrao urogallus Linnaeus, 1758	Linnaeus, 1758	CH		Gr	PRESENT	NA	64ee55c9-570a-42af-b7da-3f13c6b4e5a9	46.88804	9.47257	7070	NA	NA	NA	NA	NA	2023	NA	NA	2023	2473577	2473577	HUMAN_OBSERVATION	SOI		SOI-AVES-2433823417	NA		NA	CC_BY_4_0	Schweizerische Vogelwarte		NA	NA	2026-07-18 15:05:02.804		TAXON_ID_NOT_FOUND	Swiss National Breeding Bird Databank	10.15468/jujcgr
115	2.20134551428883e-314	63f077c9-96a0-49de-b3ea-2aa565ee1098	SOI-AVES-2402190069	Animalia	Chordata	Aves	Galliformes	Phasianidae	Tetrao	Tetrao urogallus	NA	SPECIES	Tetrao urogallus Linnaeus, 1758	Tetrao urogallus Linnaeus, 1758	Linnaeus, 1758	CH		Gr	PRESENT	NA	64ee55c9-570a-42af-b7da-3f13c6b4e5a9	46.4308	9.84588	7070	NA	NA	NA	NA	NA	2015	NA	NA	2015	2473577	2473577	HUMAN_OBSERVATION	SOI		SOI-AVES-2402190069	NA		NA	CC_BY_4_0	Schweizerische Vogelwarte		NA	NA	2026-07-18 15:05:04.996		TAXON_ID_NOT_FOUND	Swiss National Breeding Bird Databank	10.15468/jujcgr
116	2.20134532456762e-314	63f077c9-96a0-49de-b3ea-2aa565ee1098	SOI-AVES-2354507076	Animalia	Chordata	Aves	Galliformes	Phasianidae	Tetrao	Tetrao urogallus	NA	SPECIES	Tetrao urogallus Linnaeus, 1758	Tetrao urogallus Linnaeus, 1758	Linnaeus, 1758	CH		Gr	PRESENT	NA	64ee55c9-570a-42af-b7da-3f13c6b4e5a9	46.88307	9.73487	7070	NA	NA	NA	NA	NA	2022	NA	NA	2022	2473577	2473577	HUMAN_OBSERVATION	SOI		SOI-AVES-2354507076	NA		NA	CC_BY_4_0	Schweizerische Vogelwarte		NA	NA	2026-07-18 15:05:02.795		TAXON_ID_NOT_FOUND	Swiss National Breeding Bird Databank	10.15468/jujcgr
117	2.20134453603885e-314	63f077c9-96a0-49de-b3ea-2aa565ee1098	SOI-AVES-2436978379	Animalia	Chordata	Aves	Galliformes	Phasianidae	Tetrao	Tetrao urogallus	NA	SPECIES	Tetrao urogallus Linnaeus, 1758	Tetrao urogallus Linnaeus, 1758	Linnaeus, 1758	CH		Gr	PRESENT	NA	64ee55c9-570a-42af-b7da-3f13c6b4e5a9	46.88037	9.86601	7070	NA	NA	NA	NA	NA	2023	NA	NA	2023	2473577	2473577	HUMAN_OBSERVATION	SOI		SOI-AVES-2436978379	NA		NA	CC_BY_4_0	Schweizerische Vogelwarte		NA	NA	2026-07-18 15:05:04.633		TAXON_ID_NOT_FOUND	Swiss National Breeding Bird Databank	10.15468/jujcgr
118	2.20134440807585e-314	63f077c9-96a0-49de-b3ea-2aa565ee1098	SOI-AVES-2405180057	Animalia	Chordata	Aves	Galliformes	Phasianidae	Tetrao	Tetrao urogallus	NA	SPECIES	Tetrao urogallus Linnaeus, 1758	Tetrao urogallus Linnaeus, 1758	Linnaeus, 1758	CH		Gr	PRESENT	NA	64ee55c9-570a-42af-b7da-3f13c6b4e5a9	46.60479	10.11481	7070	NA	NA	NA	NA	NA	2016	NA	NA	2016	2473577	2473577	HUMAN_OBSERVATION	SOI		SOI-AVES-2405180057	NA		NA	CC_BY_4_0	Schweizerische Vogelwarte		NA	NA	2026-07-18 15:05:02.766		TAXON_ID_NOT_FOUND	Swiss National Breeding Bird Databank	10.15468/jujcgr
119	2.20134380877422e-314	63f077c9-96a0-49de-b3ea-2aa565ee1098	SOI-AVES-2363582212	Animalia	Chordata	Aves	Galliformes	Phasianidae	Tetrao	Tetrao urogallus	NA	SPECIES	Tetrao urogallus Linnaeus, 1758	Tetrao urogallus Linnaeus, 1758	Linnaeus, 1758	CH		Vd	PRESENT	NA	64ee55c9-570a-42af-b7da-3f13c6b4e5a9	46.90382	6.71677	7070	NA	NA	NA	NA	NA	2013	NA	NA	2013	2473577	2473577	HUMAN_OBSERVATION	SOI		SOI-AVES-2363582212	NA		NA	CC_BY_4_0	Schweizerische Vogelwarte		NA	NA	2026-07-18 15:05:04.919		TAXON_ID_NOT_FOUND	Swiss National Breeding Bird Databank	10.15468/jujcgr
120	2.20134356075327e-314	63f077c9-96a0-49de-b3ea-2aa565ee1098	SOI-AVES-613610651	Animalia	Chordata	Aves	Galliformes	Phasianidae	Tetrao	Tetrao urogallus	NA	SPECIES	Tetrao urogallus Linnaeus, 1758	Tetrao urogallus Linnaeus, 1758	Linnaeus, 1758	CH		Sg	PRESENT	NA	64ee55c9-570a-42af-b7da-3f13c6b4e5a9	47.25408	9.09008	7070	NA	NA	NA	NA	NA	2023	NA	NA	2023	2473577	2473577	HUMAN_OBSERVATION	SOI		SOI-AVES-613610651	NA		NA	CC_BY_4_0	Schweizerische Vogelwarte		NA	NA	2026-07-18 15:05:02.742		TAXON_ID_NOT_FOUND	Swiss National Breeding Bird Databank	10.15468/jujcgr
121	2.20134337498458e-314	63f077c9-96a0-49de-b3ea-2aa565ee1098	SOI-AVES-565113381	Animalia	Chordata	Aves	Galliformes	Phasianidae	Tetrao	Tetrao urogallus	NA	SPECIES	Tetrao urogallus Linnaeus, 1758	Tetrao urogallus Linnaeus, 1758	Linnaeus, 1758	CH		Nw	PRESENT	NA	64ee55c9-570a-42af-b7da-3f13c6b4e5a9	46.90188	8.42297	7070	NA	NA	NA	NA	NA	1994	NA	NA	1994	2473577	2473577	HUMAN_OBSERVATION	SOI		SOI-AVES-565113381	NA		NA	CC_BY_4_0	Schweizerische Vogelwarte		NA	NA	2026-07-18 15:05:02.738		TAXON_ID_NOT_FOUND	Swiss National Breeding Bird Databank	10.15468/jujcgr
122	2.20134322133017e-314	63f077c9-96a0-49de-b3ea-2aa565ee1098	SOI-AVES-649326004	Animalia	Chordata	Aves	Galliformes	Phasianidae	Tetrao	Tetrao urogallus	NA	SPECIES	Tetrao urogallus Linnaeus, 1758	Tetrao urogallus Linnaeus, 1758	Linnaeus, 1758	CH		Be	PRESENT	NA	64ee55c9-570a-42af-b7da-3f13c6b4e5a9	46.72199	8.41969	7070	NA	NA	NA	NA	NA	2015	NA	NA	2015	2473577	2473577	HUMAN_OBSERVATION	SOI		SOI-AVES-649326004	NA		NA	CC_BY_4_0	Schweizerische Vogelwarte		NA	NA	2026-07-18 15:05:02.656		TAXON_ID_NOT_FOUND	Swiss National Breeding Bird Databank	10.15468/jujcgr
123	2.2013428023625e-314	63f077c9-96a0-49de-b3ea-2aa565ee1098	SOI-AVES-539737547	Animalia	Chordata	Aves	Galliformes	Phasianidae	Tetrao	Tetrao urogallus	NA	SPECIES	Tetrao urogallus Linnaeus, 1758	Tetrao urogallus Linnaeus, 1758	Linnaeus, 1758	CH		Gr	PRESENT	NA	64ee55c9-570a-42af-b7da-3f13c6b4e5a9	46.52595	9.58934	7070	NA	NA	NA	NA	NA	2021	NA	NA	2021	2473577	2473577	HUMAN_OBSERVATION	SOI		SOI-AVES-539737547	NA		NA	CC_BY_4_0	Schweizerische Vogelwarte		NA	NA	2026-07-18 15:05:02.635		TAXON_ID_NOT_FOUND	Swiss National Breeding Bird Databank	10.15468/jujcgr
124	2.20134249258334e-314	63f077c9-96a0-49de-b3ea-2aa565ee1098	SOI-AVES-576651108	Animalia	Chordata	Aves	Galliformes	Phasianidae	Tetrao	Tetrao urogallus	NA	SPECIES	Tetrao urogallus Linnaeus, 1758	Tetrao urogallus Linnaeus, 1758	Linnaeus, 1758	CH		Ne	PRESENT	NA	64ee55c9-570a-42af-b7da-3f13c6b4e5a9	46.90458	6.84801	7070	NA	NA	NA	NA	NA	1999	NA	NA	1999	2473577	2473577	HUMAN_OBSERVATION	SOI		SOI-AVES-576651108	NA		NA	CC_BY_4_0	Schweizerische Vogelwarte		NA	NA	2026-07-18 15:05:05.354		TAXON_ID_NOT_FOUND	Swiss National Breeding Bird Databank	10.15468/jujcgr
125	2.20134247282072e-314	63f077c9-96a0-49de-b3ea-2aa565ee1098	SOI-AVES-572951415	Animalia	Chordata	Aves	Galliformes	Phasianidae	Tetrao	Tetrao urogallus	NA	SPECIES	Tetrao urogallus Linnaeus, 1758	Tetrao urogallus Linnaeus, 1758	Linnaeus, 1758	CH		Sz	PRESENT	NA	64ee55c9-570a-42af-b7da-3f13c6b4e5a9	47.08056	8.55794	7070	NA	NA	NA	NA	NA	2022	NA	NA	2022	2473577	2473577	HUMAN_OBSERVATION	SOI		SOI-AVES-572951415	NA		NA	CC_BY_4_0	Schweizerische Vogelwarte		NA	NA	2026-07-18 15:05:02.709		TAXON_ID_NOT_FOUND	Swiss National Breeding Bird Databank	10.15468/jujcgr
126	2.20134245454029e-314	63f077c9-96a0-49de-b3ea-2aa565ee1098	SOI-AVES-568007807	Animalia	Chordata	Aves	Galliformes	Phasianidae	Tetrao	Tetrao urogallus	NA	SPECIES	Tetrao urogallus Linnaeus, 1758	Tetrao urogallus Linnaeus, 1758	Linnaeus, 1758	CH		Gr	PRESENT	NA	64ee55c9-570a-42af-b7da-3f13c6b4e5a9	46.6947	10.11927	7070	NA	NA	NA	NA	NA	2022	NA	NA	2022	2473577	2473577	HUMAN_OBSERVATION	SOI		SOI-AVES-568007807	NA		NA	CC_BY_4_0	Schweizerische Vogelwarte		NA	NA	2026-07-18 15:05:04.556		TAXON_ID_NOT_FOUND	Swiss National Breeding Bird Databank	10.15468/jujcgr
127	2.20134208102666e-314	63f077c9-96a0-49de-b3ea-2aa565ee1098	SOI-AVES-586224391	Animalia	Chordata	Aves	Galliformes	Phasianidae	Tetrao	Tetrao urogallus	NA	SPECIES	Tetrao urogallus Linnaeus, 1758	Tetrao urogallus Linnaeus, 1758	Linnaeus, 1758	CH		Vd	PRESENT	NA	64ee55c9-570a-42af-b7da-3f13c6b4e5a9	46.44958	6.20221	7070	NA	NA	NA	NA	NA	2023	NA	NA	2023	2473577	2473577	HUMAN_OBSERVATION	SOI		SOI-AVES-586224391	NA		NA	CC_BY_4_0	Schweizerische Vogelwarte		NA	NA	2026-07-18 15:05:05.338		TAXON_ID_NOT_FOUND	Swiss National Breeding Bird Databank	10.15468/jujcgr
128	2.20134203310229e-314	63f077c9-96a0-49de-b3ea-2aa565ee1098	SOI-AVES-575900037	Animalia	Chordata	Aves	Galliformes	Phasianidae	Tetrao	Tetrao urogallus	NA	SPECIES	Tetrao urogallus Linnaeus, 1758	Tetrao urogallus Linnaeus, 1758	Linnaeus, 1758	CH		Sg	PRESENT	NA	64ee55c9-570a-42af-b7da-3f13c6b4e5a9	46.97796	9.47598	7070	NA	NA	NA	NA	NA	2023	NA	NA	2023	2473577	2473577	HUMAN_OBSERVATION	SOI		SOI-AVES-575900037	NA		NA	CC_BY_4_0	Schweizerische Vogelwarte		NA	NA	2026-07-18 15:05:05.336		TAXON_ID_NOT_FOUND	Swiss National Breeding Bird Databank	10.15468/jujcgr
129	2.20134142095496e-314	63f077c9-96a0-49de-b3ea-2aa565ee1098	SOI-AVES-2237060252	Animalia	Chordata	Aves	Galliformes	Phasianidae	Tetrao	Tetrao urogallus	NA	SPECIES	Tetrao urogallus Linnaeus, 1758	Tetrao urogallus Linnaeus, 1758	Linnaeus, 1758	CH		Sz	PRESENT	NA	64ee55c9-570a-42af-b7da-3f13c6b4e5a9	47.07769	8.82125	7070	NA	NA	NA	NA	NA	2023	NA	NA	2023	2473577	2473577	HUMAN_OBSERVATION	SOI		SOI-AVES-2237060252	NA		NA	CC_BY_4_0	Schweizerische Vogelwarte		NA	NA	2026-07-18 15:05:02.582		TAXON_ID_NOT_FOUND	Swiss National Breeding Bird Databank	10.15468/jujcgr
130	2.20133944617457e-314	63f077c9-96a0-49de-b3ea-2aa565ee1098	SOI-AVES-438748597	Animalia	Chordata	Aves	Galliformes	Phasianidae	Tetrao	Tetrao urogallus	NA	SPECIES	Tetrao urogallus Linnaeus, 1758	Tetrao urogallus Linnaeus, 1758	Linnaeus, 1758	CH		Sg	PRESENT	NA	64ee55c9-570a-42af-b7da-3f13c6b4e5a9	47.16007	9.351	7070	NA	NA	NA	NA	NA	2023	NA	NA	2023	2473577	2473577	HUMAN_OBSERVATION	SOI		SOI-AVES-438748597	NA		NA	CC_BY_4_0	Schweizerische Vogelwarte		NA	NA	2026-07-18 15:05:02.545		TAXON_ID_NOT_FOUND	Swiss National Breeding Bird Databank	10.15468/jujcgr
131	2.20133915072331e-314	63f077c9-96a0-49de-b3ea-2aa565ee1098	SOI-AVES-476973595	Animalia	Chordata	Aves	Galliformes	Phasianidae	Tetrao	Tetrao urogallus	NA	SPECIES	Tetrao urogallus Linnaeus, 1758	Tetrao urogallus Linnaeus, 1758	Linnaeus, 1758	CH		Be	PRESENT	NA	64ee55c9-570a-42af-b7da-3f13c6b4e5a9	46.63533	7.89572	7070	NA	NA	NA	NA	NA	2023	NA	NA	2023	2473577	2473577	HUMAN_OBSERVATION	SOI		SOI-AVES-476973595	NA		NA	CC_BY_4_0	Schweizerische Vogelwarte		NA	NA	2026-07-18 15:05:02.535		TAXON_ID_NOT_FOUND	Swiss National Breeding Bird Databank	10.15468/jujcgr
132	2.20133835774795e-314	63f077c9-96a0-49de-b3ea-2aa565ee1098	SOI-AVES-416158171	Animalia	Chordata	Aves	Galliformes	Phasianidae	Tetrao	Tetrao urogallus	NA	SPECIES	Tetrao urogallus Linnaeus, 1758	Tetrao urogallus Linnaeus, 1758	Linnaeus, 1758	CH		Fr	PRESENT	NA	64ee55c9-570a-42af-b7da-3f13c6b4e5a9	46.72603	7.24242	7070	NA	NA	NA	NA	NA	1993	NA	NA	1993	2473577	2473577	HUMAN_OBSERVATION	SOI		SOI-AVES-416158171	NA		NA	CC_BY_4_0	Schweizerische Vogelwarte		NA	NA	2026-07-18 15:05:05.091		TAXON_ID_NOT_FOUND	Swiss National Breeding Bird Databank	10.15468/jujcgr
133	2.20133694076768e-314	63f077c9-96a0-49de-b3ea-2aa565ee1098	SOI-AVES-2108644141	Animalia	Chordata	Aves	Galliformes	Phasianidae	Tetrao	Tetrao urogallus	NA	SPECIES	Tetrao urogallus Linnaeus, 1758	Tetrao urogallus Linnaeus, 1758	Linnaeus, 1758	CH		Ne	PRESENT	NA	64ee55c9-570a-42af-b7da-3f13c6b4e5a9	46.99287	6.5841	7070	NA	NA	NA	NA	NA	1994	NA	NA	1994	2473577	2473577	HUMAN_OBSERVATION	SOI		SOI-AVES-2108644141	NA		NA	CC_BY_4_0	Schweizerische Vogelwarte		NA	NA	2026-07-18 15:05:02.451		TAXON_ID_NOT_FOUND	Swiss National Breeding Bird Databank	10.15468/jujcgr
134	2.20133659294546e-314	63f077c9-96a0-49de-b3ea-2aa565ee1098	SOI-AVES-2165657497	Animalia	Chordata	Aves	Galliformes	Phasianidae	Tetrao	Tetrao urogallus	NA	SPECIES	Tetrao urogallus Linnaeus, 1758	Tetrao urogallus Linnaeus, 1758	Linnaeus, 1758	CH		Ow	PRESENT	NA	64ee55c9-570a-42af-b7da-3f13c6b4e5a9	46.81389	8.15929	7070	NA	NA	NA	NA	NA	2021	NA	NA	2021	2473577	2473577	HUMAN_OBSERVATION	SOI		SOI-AVES-2165657497	NA		NA	CC_BY_4_0	Schweizerische Vogelwarte		NA	NA	2026-07-18 15:05:05.039		TAXON_ID_NOT_FOUND	Swiss National Breeding Bird Databank	10.15468/jujcgr
135	2.20133485383439e-314	63f077c9-96a0-49de-b3ea-2aa565ee1098	SOI-AVES-262458466	Animalia	Chordata	Aves	Galliformes	Phasianidae	Tetrao	Tetrao urogallus	NA	SPECIES	Tetrao urogallus Linnaeus, 1758	Tetrao urogallus Linnaeus, 1758	Linnaeus, 1758	CH		So	PRESENT	NA	64ee55c9-570a-42af-b7da-3f13c6b4e5a9	47.26589	7.50469	7070	NA	NA	NA	NA	NA	2007	NA	NA	2007	2473577	2473577	HUMAN_OBSERVATION	SOI		SOI-AVES-262458466	NA		NA	CC_BY_4_0	Schweizerische Vogelwarte		NA	NA	2026-07-18 15:05:04.959		TAXON_ID_NOT_FOUND	Swiss National Breeding Bird Databank	10.15468/jujcgr
136	2.20133479355838e-314	63f077c9-96a0-49de-b3ea-2aa565ee1098	SOI-AVES-2201249693	Animalia	Chordata	Aves	Galliformes	Phasianidae	Tetrao	Tetrao urogallus	NA	SPECIES	Tetrao urogallus Linnaeus, 1758	Tetrao urogallus Linnaeus, 1758	Linnaeus, 1758	CH		Ai	PRESENT	NA	64ee55c9-570a-42af-b7da-3f13c6b4e5a9	47.24999	9.35422	7070	NA	NA	NA	NA	NA	2022	NA	NA	2022	2473577	2473577	HUMAN_OBSERVATION	SOI		SOI-AVES-2201249693	NA		NA	CC_BY_4_0	Schweizerische Vogelwarte		NA	NA	2026-07-18 15:05:04.368		TAXON_ID_NOT_FOUND	Swiss National Breeding Bird Databank	10.15468/jujcgr
137	2.20133470067404e-314	63f077c9-96a0-49de-b3ea-2aa565ee1098	SOI-AVES-2178939739	Animalia	Chordata	Aves	Galliformes	Phasianidae	Tetrao	Tetrao urogallus	NA	SPECIES	Tetrao urogallus Linnaeus, 1758	Tetrao urogallus Linnaeus, 1758	Linnaeus, 1758	CH		Gr	PRESENT	NA	64ee55c9-570a-42af-b7da-3f13c6b4e5a9	46.70819	9.46579	7070	NA	NA	NA	NA	NA	2023	NA	NA	2023	2473577	2473577	HUMAN_OBSERVATION	SOI		SOI-AVES-2178939739	NA		NA	CC_BY_4_0	Schweizerische Vogelwarte		NA	NA	2026-07-18 15:05:04.477		TAXON_ID_NOT_FOUND	Swiss National Breeding Bird Databank	10.15468/jujcgr
138	2.20133380345083e-314	63f077c9-96a0-49de-b3ea-2aa565ee1098	SOI-AVES-253611354	Animalia	Chordata	Aves	Galliformes	Phasianidae	Tetrao	Tetrao urogallus	NA	SPECIES	Tetrao urogallus Linnaeus, 1758	Tetrao urogallus Linnaeus, 1758	Linnaeus, 1758	CH		Gr	PRESENT	NA	64ee55c9-570a-42af-b7da-3f13c6b4e5a9	46.62455	9.07085	7070	NA	NA	NA	NA	NA	2020	NA	NA	2020	2473577	2473577	HUMAN_OBSERVATION	SOI		SOI-AVES-253611354	NA		NA	CC_BY_4_0	Schweizerische Vogelwarte		NA	NA	2026-07-18 15:05:02.337		TAXON_ID_NOT_FOUND	Swiss National Breeding Bird Databank	10.15468/jujcgr
139	2.20133209793622e-314	63f077c9-96a0-49de-b3ea-2aa565ee1098	SOI-AVES-184969222	Animalia	Chordata	Aves	Galliformes	Phasianidae	Tetrao	Tetrao urogallus	NA	SPECIES	Tetrao urogallus Linnaeus, 1758	Tetrao urogallus Linnaeus, 1758	Linnaeus, 1758	CH		Be	PRESENT	NA	64ee55c9-570a-42af-b7da-3f13c6b4e5a9	46.72618	7.37323	7070	NA	NA	NA	NA	NA	2023	NA	NA	2023	2473577	2473577	HUMAN_OBSERVATION	SOI		SOI-AVES-184969222	NA		NA	CC_BY_4_0	Schweizerische Vogelwarte		NA	NA	2026-07-18 15:05:02.283		TAXON_ID_NOT_FOUND	Swiss National Breeding Bird Databank	10.15468/jujcgr
140	2.20133197194948e-314	63f077c9-96a0-49de-b3ea-2aa565ee1098	SOI-AVES-153568755	Animalia	Chordata	Aves	Galliformes	Phasianidae	Tetrao	Tetrao urogallus	NA	SPECIES	Tetrao urogallus Linnaeus, 1758	Tetrao urogallus Linnaeus, 1758	Linnaeus, 1758	CH		Ai	PRESENT	NA	64ee55c9-570a-42af-b7da-3f13c6b4e5a9	47.3399	9.35745	7070	NA	NA	NA	NA	NA	2008	NA	NA	2008	2473577	2473577	HUMAN_OBSERVATION	SOI		SOI-AVES-153568755	NA		NA	CC_BY_4_0	Schweizerische Vogelwarte		NA	NA	2026-07-18 15:05:02.28		TAXON_ID_NOT_FOUND	Swiss National Breeding Bird Databank	10.15468/jujcgr
141	2.20133155989873e-314	63f077c9-96a0-49de-b3ea-2aa565ee1098	SOI-AVES-183048210	Animalia	Chordata	Aves	Galliformes	Phasianidae	Tetrao	Tetrao urogallus	NA	SPECIES	Tetrao urogallus Linnaeus, 1758	Tetrao urogallus Linnaeus, 1758	Linnaeus, 1758	CH		Gr	PRESENT	NA	64ee55c9-570a-42af-b7da-3f13c6b4e5a9	46.62051	9.3319	7070	NA	NA	NA	NA	NA	2022	NA	NA	2022	2473577	2473577	HUMAN_OBSERVATION	SOI		SOI-AVES-183048210	NA		NA	CC_BY_4_0	Schweizerische Vogelwarte		NA	NA	2026-07-18 15:05:04.683		TAXON_ID_NOT_FOUND	Swiss National Breeding Bird Databank	10.15468/jujcgr
142	2.2013313173125e-314	63f077c9-96a0-49de-b3ea-2aa565ee1098	SOI-AVES-241580297	Animalia	Chordata	Aves	Galliformes	Phasianidae	Tetrao	Tetrao urogallus	NA	SPECIES	Tetrao urogallus Linnaeus, 1758	Tetrao urogallus Linnaeus, 1758	Linnaeus, 1758	CH		Be	PRESENT	NA	64ee55c9-570a-42af-b7da-3f13c6b4e5a9	46.81524	7.89724	7070	NA	NA	NA	NA	NA	2023	NA	NA	2023	2473577	2473577	HUMAN_OBSERVATION	SOI		SOI-AVES-241580297	NA		NA	CC_BY_4_0	Schweizerische Vogelwarte		NA	NA	2026-07-18 15:05:02.284		TAXON_ID_NOT_FOUND	Swiss National Breeding Bird Databank	10.15468/jujcgr
143	2.20133128964482e-314	63f077c9-96a0-49de-b3ea-2aa565ee1098	SOI-AVES-233350842	Animalia	Chordata	Aves	Galliformes	Phasianidae	Tetrao	Tetrao urogallus	NA	SPECIES	Tetrao urogallus Linnaeus, 1758	Tetrao urogallus Linnaeus, 1758	Linnaeus, 1758	CH		Be	PRESENT	NA	64ee55c9-570a-42af-b7da-3f13c6b4e5a9	47.08553	7.1094	7070	NA	NA	NA	NA	NA	1996	NA	NA	1996	2473577	2473577	HUMAN_OBSERVATION	SOI		SOI-AVES-233350842	NA		NA	CC_BY_4_0	Schweizerische Vogelwarte		NA	NA	2026-07-18 15:05:04.364		TAXON_ID_NOT_FOUND	Swiss National Breeding Bird Databank	10.15468/jujcgr
144	2.20133099271137e-314	63f077c9-96a0-49de-b3ea-2aa565ee1098	SOI-AVES-159036242	Animalia	Chordata	Aves	Galliformes	Phasianidae	Tetrao	Tetrao urogallus	NA	SPECIES	Tetrao urogallus Linnaeus, 1758	Tetrao urogallus Linnaeus, 1758	Linnaeus, 1758	CH		Ur	PRESENT	NA	64ee55c9-570a-42af-b7da-3f13c6b4e5a9	46.90068	8.55419	7070	NA	NA	NA	NA	NA	1994	NA	NA	1994	2473577	2473577	HUMAN_OBSERVATION	SOI		SOI-AVES-159036242	NA		NA	CC_BY_4_0	Schweizerische Vogelwarte		NA	NA	2026-07-18 15:05:04.357		TAXON_ID_NOT_FOUND	Swiss National Breeding Bird Databank	10.15468/jujcgr
145	2.20133089389824e-314	63f077c9-96a0-49de-b3ea-2aa565ee1098	SOI-AVES-134914495	Animalia	Chordata	Aves	Galliformes	Phasianidae	Tetrao	Tetrao urogallus	NA	SPECIES	Tetrao urogallus Linnaeus, 1758	Tetrao urogallus Linnaeus, 1758	Linnaeus, 1758	CH		Be	PRESENT	NA	64ee55c9-570a-42af-b7da-3f13c6b4e5a9	46.99514	7.89878	7070	NA	NA	NA	NA	NA	2000	NA	NA	2000	2473577	2473577	HUMAN_OBSERVATION	SOI		SOI-AVES-134914495	NA		NA	CC_BY_4_0	Schweizerische Vogelwarte		NA	NA	2026-07-18 15:05:04.592		TAXON_ID_NOT_FOUND	Swiss National Breeding Bird Databank	10.15468/jujcgr
146	2.20133002878929e-314	63f077c9-96a0-49de-b3ea-2aa565ee1098	SOI-AVES-1991518101	Animalia	Chordata	Aves	Galliformes	Phasianidae	Tetrao	Tetrao urogallus	NA	SPECIES	Tetrao urogallus Linnaeus, 1758	Tetrao urogallus Linnaeus, 1758	Linnaeus, 1758	CH		Gl	PRESENT	NA	64ee55c9-570a-42af-b7da-3f13c6b4e5a9	46.98233	9.21319	7070	NA	NA	NA	NA	NA	2001	NA	NA	2001	2473577	2473577	HUMAN_OBSERVATION	SOI		SOI-AVES-1991518101	NA		NA	CC_BY_4_0	Schweizerische Vogelwarte		NA	NA	2026-07-18 15:05:04.332		TAXON_ID_NOT_FOUND	Swiss National Breeding Bird Databank	10.15468/jujcgr
147	2.2013299912403e-314	63f077c9-96a0-49de-b3ea-2aa565ee1098	SOI-AVES-1982897608	Animalia	Chordata	Aves	Galliformes	Phasianidae	Tetrao	Tetrao urogallus	NA	SPECIES	Tetrao urogallus Linnaeus, 1758	Tetrao urogallus Linnaeus, 1758	Linnaeus, 1758	CH		Gr	PRESENT	NA	64ee55c9-570a-42af-b7da-3f13c6b4e5a9	46.87751	9.99713	7070	NA	NA	NA	NA	NA	2022	NA	NA	2022	2473577	2473577	HUMAN_OBSERVATION	SOI		SOI-AVES-1982897608	NA		NA	CC_BY_4_0	Schweizerische Vogelwarte		NA	NA	2026-07-18 15:05:02.185		TAXON_ID_NOT_FOUND	Swiss National Breeding Bird Databank	10.15468/jujcgr
148	2.20132928917302e-314	63f077c9-96a0-49de-b3ea-2aa565ee1098	SOI-AVES-97519365	Animalia	Chordata	Aves	Galliformes	Phasianidae	Tetrao	Tetrao urogallus	NA	SPECIES	Tetrao urogallus Linnaeus, 1758	Tetrao urogallus Linnaeus, 1758	Linnaeus, 1758	CH		Gr	PRESENT	NA	64ee55c9-570a-42af-b7da-3f13c6b4e5a9	46.70579	9.59651	7070	NA	NA	NA	NA	NA	2019	NA	NA	2019	2473577	2473577	HUMAN_OBSERVATION	SOI		SOI-AVES-97519365	NA		NA	CC_BY_4_0	Schweizerische Vogelwarte		NA	NA	2026-07-18 15:05:04.617		TAXON_ID_NOT_FOUND	Swiss National Breeding Bird Databank	10.15468/jujcgr
149	2.20132928769082e-314	63f077c9-96a0-49de-b3ea-2aa565ee1098	SOI-AVES-97079018	Animalia	Chordata	Aves	Galliformes	Phasianidae	Tetrao	Tetrao urogallus	NA	SPECIES	Tetrao urogallus Linnaeus, 1758	Tetrao urogallus Linnaeus, 1758	Linnaeus, 1758	CH		Gr	PRESENT	NA	64ee55c9-570a-42af-b7da-3f13c6b4e5a9	46.80247	9.20727	7070	NA	NA	NA	NA	NA	2023	NA	NA	2023	2473577	2473577	HUMAN_OBSERVATION	SOI		SOI-AVES-97079018	NA		NA	CC_BY_4_0	Schweizerische Vogelwarte		NA	NA	2026-07-18 15:05:04.499		TAXON_ID_NOT_FOUND	Swiss National Breeding Bird Databank	10.15468/jujcgr
150	2.20132856536685e-314	63f077c9-96a0-49de-b3ea-2aa565ee1098	SOI-AVES-42976186	Animalia	Chordata	Aves	Galliformes	Phasianidae	Tetrao	Tetrao urogallus	NA	SPECIES	Tetrao urogallus Linnaeus, 1758	Tetrao urogallus Linnaeus, 1758	Linnaeus, 1758	CH		Gr	PRESENT	NA	64ee55c9-570a-42af-b7da-3f13c6b4e5a9	46.61063	9.85389	7070	NA	NA	NA	NA	NA	1995	NA	NA	1995	2473577	2473577	HUMAN_OBSERVATION	SOI		SOI-AVES-42976186	NA		NA	CC_BY_4_0	Schweizerische Vogelwarte		NA	NA	2026-07-18 15:05:04.251		TAXON_ID_NOT_FOUND	Swiss National Breeding Bird Databank	10.15468/jujcgr
151	2.20132852139501e-314	63f077c9-96a0-49de-b3ea-2aa565ee1098	SOI-AVES-30934082	Animalia	Chordata	Aves	Galliformes	Phasianidae	Tetrao	Tetrao urogallus	NA	SPECIES	Tetrao urogallus Linnaeus, 1758	Tetrao urogallus Linnaeus, 1758	Linnaeus, 1758	CH		Sg	PRESENT	NA	64ee55c9-570a-42af-b7da-3f13c6b4e5a9	47.1578	9.48283	7070	NA	NA	NA	NA	NA	2017	NA	NA	2017	2473577	2473577	HUMAN_OBSERVATION	SOI		SOI-AVES-30934082	NA		NA	CC_BY_4_0	Schweizerische Vogelwarte		NA	NA	2026-07-18 15:05:04.297		TAXON_ID_NOT_FOUND	Swiss National Breeding Bird Databank	10.15468/jujcgr
152	2.20132846507152e-314	63f077c9-96a0-49de-b3ea-2aa565ee1098	SOI-AVES-15601958	Animalia	Chordata	Aves	Galliformes	Phasianidae	Tetrao	Tetrao urogallus	NA	SPECIES	Tetrao urogallus Linnaeus, 1758	Tetrao urogallus Linnaeus, 1758	Linnaeus, 1758	CH		Be	PRESENT	NA	64ee55c9-570a-42af-b7da-3f13c6b4e5a9	46.63578	7.76512	7070	NA	NA	NA	NA	NA	2022	NA	NA	2022	2473577	2473577	HUMAN_OBSERVATION	SOI		SOI-AVES-15601958	NA		NA	CC_BY_4_0	Schweizerische Vogelwarte		NA	NA	2026-07-18 15:05:02.072		TAXON_ID_NOT_FOUND	Swiss National Breeding Bird Databank	10.15468/jujcgr
153	2.20132824471825e-314	63f077c9-96a0-49de-b3ea-2aa565ee1098	SOI-AVES-80455514	Animalia	Chordata	Aves	Galliformes	Phasianidae	Tetrao	Tetrao urogallus	NA	SPECIES	Tetrao urogallus Linnaeus, 1758	Tetrao urogallus Linnaeus, 1758	Linnaeus, 1758	CH		Gl	PRESENT	NA	64ee55c9-570a-42af-b7da-3f13c6b4e5a9	46.89436	9.07904	7070	NA	NA	NA	NA	NA	2003	NA	NA	2003	2473577	2473577	HUMAN_OBSERVATION	SOI		SOI-AVES-80455514	NA		NA	CC_BY_4_0	Schweizerische Vogelwarte		NA	NA	2026-07-18 15:05:04.579		TAXON_ID_NOT_FOUND	Swiss National Breeding Bird Databank	10.15468/jujcgr
154	2.20132813009502e-314	63f077c9-96a0-49de-b3ea-2aa565ee1098	SOI-AVES-55546788	Animalia	Chordata	Aves	Galliformes	Phasianidae	Tetrao	Tetrao urogallus	NA	SPECIES	Tetrao urogallus Linnaeus, 1758	Tetrao urogallus Linnaeus, 1758	Linnaeus, 1758	CH		Be	PRESENT	NA	64ee55c9-570a-42af-b7da-3f13c6b4e5a9	47.26588	7.37256	7070	NA	NA	NA	NA	NA	2010	NA	NA	2010	2473577	2473577	HUMAN_OBSERVATION	SOI		SOI-AVES-55546788	NA		NA	CC_BY_4_0	Schweizerische Vogelwarte		NA	NA	2026-07-18 15:05:04.576		TAXON_ID_NOT_FOUND	Swiss National Breeding Bird Databank	10.15468/jujcgr
155	2.20132676943823e-314	63f077c9-96a0-49de-b3ea-2aa565ee1098	SOI-AVES-1920292311	Animalia	Chordata	Aves	Galliformes	Phasianidae	Tetrao	Tetrao urogallus	NA	SPECIES	Tetrao urogallus Linnaeus, 1758	Tetrao urogallus Linnaeus, 1758	Linnaeus, 1758	CH		Sz	PRESENT	NA	64ee55c9-570a-42af-b7da-3f13c6b4e5a9	46.98776	8.81894	7070	NA	NA	NA	NA	NA	2015	NA	NA	2015	2473577	2473577	HUMAN_OBSERVATION	SOI		SOI-AVES-1920292311	NA		NA	CC_BY_4_0	Schweizerische Vogelwarte		NA	NA	2026-07-18 15:05:04.254		TAXON_ID_NOT_FOUND	Swiss National Breeding Bird Databank	10.15468/jujcgr
156	2.20132662813545e-314	63f077c9-96a0-49de-b3ea-2aa565ee1098	SOI-AVES-1885101587	Animalia	Chordata	Aves	Galliformes	Phasianidae	Tetrao	Tetrao urogallus	NA	SPECIES	Tetrao urogallus Linnaeus, 1758	Tetrao urogallus Linnaeus, 1758	Linnaeus, 1758	CH		Be	PRESENT	NA	64ee55c9-570a-42af-b7da-3f13c6b4e5a9	46.36636	7.37367	7070	NA	NA	NA	NA	NA	1993	NA	NA	1993	2473577	2473577	HUMAN_OBSERVATION	SOI		SOI-AVES-1885101587	NA		NA	CC_BY_4_0	Schweizerische Vogelwarte		NA	NA	2026-07-18 15:05:01.902		TAXON_ID_NOT_FOUND	Swiss National Breeding Bird Databank	10.15468/jujcgr
157	2.20132654612056e-314	63f077c9-96a0-49de-b3ea-2aa565ee1098	SOI-AVES-1863336954	Animalia	Chordata	Aves	Galliformes	Phasianidae	Tetrao	Tetrao urogallus	NA	SPECIES	Tetrao urogallus Linnaeus, 1758	Tetrao urogallus Linnaeus, 1758	Linnaeus, 1758	CH		Gr	PRESENT	NA	64ee55c9-570a-42af-b7da-3f13c6b4e5a9	46.80442	9.0763	7070	NA	NA	NA	NA	NA	2023	NA	NA	2023	2473577	2473577	HUMAN_OBSERVATION	SOI		SOI-AVES-1863336954	NA		NA	CC_BY_4_0	Schweizerische Vogelwarte		NA	NA	2026-07-18 15:05:01.907		TAXON_ID_NOT_FOUND	Swiss National Breeding Bird Databank	10.15468/jujcgr
158	2.20132641716942e-314	63f077c9-96a0-49de-b3ea-2aa565ee1098	SOI-AVES-1941329624	Animalia	Chordata	Aves	Galliformes	Phasianidae	Tetrao	Tetrao urogallus	NA	SPECIES	Tetrao urogallus Linnaeus, 1758	Tetrao urogallus Linnaeus, 1758	Linnaeus, 1758	CH		Vd	PRESENT	NA	64ee55c9-570a-42af-b7da-3f13c6b4e5a9	46.81297	6.58696	7070	NA	NA	NA	NA	NA	1992	NA	NA	1992	2473577	2473577	HUMAN_OBSERVATION	SOI		SOI-AVES-1941329624	NA		NA	CC_BY_4_0	Schweizerische Vogelwarte		NA	NA	2026-07-18 15:05:04.211		TAXON_ID_NOT_FOUND	Swiss National Breeding Bird Databank	10.15468/jujcgr
159	2.20132617557132e-314	63f077c9-96a0-49de-b3ea-2aa565ee1098	SOI-AVES-1875842242	Animalia	Chordata	Aves	Galliformes	Phasianidae	Tetrao	Tetrao urogallus	NA	SPECIES	Tetrao urogallus Linnaeus, 1758	Tetrao urogallus Linnaeus, 1758	Linnaeus, 1758	CH		Sz	PRESENT	NA	64ee55c9-570a-42af-b7da-3f13c6b4e5a9	47.16763	8.82358	7070	NA	NA	NA	NA	NA	2018	NA	NA	2018	2473577	2473577	HUMAN_OBSERVATION	SOI		SOI-AVES-1875842242	NA		NA	CC_BY_4_0	Schweizerische Vogelwarte		NA	NA	2026-07-18 15:05:01.535		TAXON_ID_NOT_FOUND	Swiss National Breeding Bird Databank	10.15468/jujcgr
160	1.83025999832888e-314	b1047888-ae52-4179-9dd5-5448ea342a24	https://data.biodiversitydata.nl/xeno-canto/observation/XC704281	Animalia	Chordata	Aves	Galliformes	Phasianidae	Tetrao	Tetrao urogallus	NA	SPECIES	Tetrao urogallus Linnaeus, 1758	Tetrao urogallus		CH	Arzier-Le Muids, Nyon District, Vaud		PRESENT	NA	1f00d75c-f6fc-4224-a595-975e82d7689c	46.4908	6.1534	NA	NA	NA	NA	NA	NA	2021-04-25	25	4	2021	2473577	2473577	HUMAN_OBSERVATION		Wildlife sounds - Birds	XC704281	NA		NA	CC_BY_NC_4_0	Pierre Mollet	Pierre Mollet	NA	NA	2026-09-09 21:22:53.633	StillImage;Sound	CONTINENT_DERIVED_FROM_COORDINATES	Xeno-canto - Bird sounds from around the world	10.15468/qv0ksn
161	1.41445358992779e-314	d740f242-6c26-4229-9a8f-b63bfab63dc6	95612	Animalia	Chordata	Aves	Galliformes	Phasianidae	Tetrao	Tetrao urogallus	NA	SPECIES	Tetrao urogallus Linnaeus, 1758	Tetrao urogallus		CH	Trachselwald		PRESENT	1	2963d877-8230-45bd-a223-544376275120	47.016667	7.733333	1848	NA	NA	NA	NA	NA	1989-11-24	24	11	1989	2473577	2473577	PRESERVED_SPECIMEN	Naturhistorisches Museum Bern, Switzerland			NA		NA	CC_BY_4_0		Tierspital Bern	NA	NA	2026-09-09 15:23:01.135		COORDINATE_ROUNDED;CONTINENT_DERIVED_FROM_COORDINATES;INSTITUTION_MATCH_NONE	GalliForm: Galliformes occurrence records from the Indo-Malay and Palaearctic, 1800-2008	10.15468/9825yw
162	1.41445358943373e-314	d740f242-6c26-4229-9a8f-b63bfab63dc6	95568	Animalia	Chordata	Aves	Galliformes	Phasianidae	Tetrao	Tetrao urogallus	NA	SPECIES	Tetrao urogallus Linnaeus, 1758	Tetrao urogallus		CH	Huttwil		PRESENT	1	2963d877-8230-45bd-a223-544376275120	47.116667	7.833333	1848	NA	NA	NA	NA	NA	1988-03-15	15	3	1988	2473577	2473577	PRESERVED_SPECIMEN	Naturhistorisches Museum Bern, Switzerland			NA		NA	CC_BY_4_0			NA	NA	2026-09-09 15:23:01.133		COORDINATE_ROUNDED;CONTINENT_DERIVED_FROM_COORDINATES;INSTITUTION_MATCH_NONE	GalliForm: Galliformes occurrence records from the Indo-Malay and Palaearctic, 1800-2008	10.15468/9825yw
163	1.41445259339739e-314	d740f242-6c26-4229-9a8f-b63bfab63dc6	95214	Animalia	Chordata	Aves	Galliformes	Phasianidae	Tetrao	Tetrao urogallus	NA	SPECIES	Tetrao urogallus Linnaeus, 1758	Tetrao urogallus		CH	Eggiwil		PRESENT	1	2963d877-8230-45bd-a223-544376275120	46.866667	7.783333	1848	NA	NA	NA	NA	NA	1983-04-17	17	4	1983	2473577	2473577	PRESERVED_SPECIMEN	Naturhistorisches Museum Bern, Switzerland			NA		NA	CC_BY_4_0		Trachsel, WH	NA	NA	2026-09-09 15:23:00.453		COORDINATE_ROUNDED;CONTINENT_DERIVED_FROM_COORDINATES;INSTITUTION_MATCH_NONE	GalliForm: Galliformes occurrence records from the Indo-Malay and Palaearctic, 1800-2008	10.15468/9825yw
164	1.4144501354208e-314	d740f242-6c26-4229-9a8f-b63bfab63dc6	95663	Animalia	Chordata	Aves	Galliformes	Phasianidae	Tetrao	Tetrao urogallus	NA	SPECIES	Tetrao urogallus Linnaeus, 1758	Tetrao urogallus		CH	Ranflüh		PRESENT	1	2963d877-8230-45bd-a223-544376275120	46.983333	7.733333	1848	NA	NA	NA	NA	NA	1993-09	NA	9	1993	2473577	2473577	PRESERVED_SPECIMEN	Naturhistorisches Museum Bern, Switzerland			NA		NA	CC_BY_4_0		Wittwer H.	NA	NA	2026-09-09 15:22:59.455		COORDINATE_ROUNDED;CONTINENT_DERIVED_FROM_COORDINATES;INSTITUTION_MATCH_NONE	GalliForm: Galliformes occurrence records from the Indo-Malay and Palaearctic, 1800-2008	10.15468/9825yw
165	1.41444964678987e-314	d740f242-6c26-4229-9a8f-b63bfab63dc6	95563	Animalia	Chordata	Aves	Galliformes	Phasianidae	Tetrao	Tetrao urogallus	NA	SPECIES	Tetrao urogallus Linnaeus, 1758	Tetrao urogallus		CH	Dürrenroth		PRESENT	1	2963d877-8230-45bd-a223-544376275120	47.083333	7.783333	1848	NA	NA	NA	NA	NA	1979-05-26	26	5	1979	2473577	2473577	PRESERVED_SPECIMEN	Naturhistorisches Museum Bern, Switzerland			NA		NA	CC_BY_4_0		Appenzeller Ernst, WH	NA	NA	2026-09-09 15:22:58.135		COORDINATE_ROUNDED;CONTINENT_DERIVED_FROM_COORDINATES;INSTITUTION_MATCH_NONE	GalliForm: Galliformes occurrence records from the Indo-Malay and Palaearctic, 1800-2008	10.15468/9825yw
166	1.4144486497654e-314	d740f242-6c26-4229-9a8f-b63bfab63dc6	95010	Animalia	Chordata	Aves	Galliformes	Phasianidae	Tetrao	Tetrao urogallus	NA	SPECIES	Tetrao urogallus Linnaeus, 1758	Tetrao urogallus		CH	Schwyz		PRESENT	1	2963d877-8230-45bd-a223-544376275120	47.016667	8.616667	1848	NA	NA	NA	NA	NA	1983-10-20	20	10	1983	2473577	2473577	PRESERVED_SPECIMEN	Naturhistorisches Museum Bern, Switzerland			NA		NA	CC_BY_4_0		Tierspital Bern	NA	NA	2026-09-09 15:22:57.349		COORDINATE_ROUNDED;CONTINENT_DERIVED_FROM_COORDINATES;INSTITUTION_MATCH_NONE	GalliForm: Galliformes occurrence records from the Indo-Malay and Palaearctic, 1800-2008	10.15468/9825yw
167	1.41444816261667e-314	d740f242-6c26-4229-9a8f-b63bfab63dc6	95508	Animalia	Chordata	Aves	Galliformes	Phasianidae	Tetrao	Tetrao urogallus	NA	SPECIES	Tetrao urogallus Linnaeus, 1758	Tetrao urogallus		CH	Bönigen		PRESENT	1	2963d877-8230-45bd-a223-544376275120	46.683333	7.883333	1848	NA	NA	NA	NA	NA	1970-04-24	24	4	1970	2473577	2473577	PRESERVED_SPECIMEN	Naturhistorisches Museum Bern, Switzerland			NA		NA	CC_BY_4_0		Kaufmann Christian, WH	NA	NA	2026-09-09 15:22:57.002		COORDINATE_ROUNDED;CONTINENT_DERIVED_FROM_COORDINATES;INSTITUTION_MATCH_NONE	GalliForm: Galliformes occurrence records from the Indo-Malay and Palaearctic, 1800-2008	10.15468/9825yw
168	1.41444816162854e-314	d740f242-6c26-4229-9a8f-b63bfab63dc6	95463	Animalia	Chordata	Aves	Galliformes	Phasianidae	Tetrao	Tetrao urogallus	NA	SPECIES	Tetrao urogallus Linnaeus, 1758	Tetrao urogallus		CH	Lauterbrunnen		PRESENT	1	2963d877-8230-45bd-a223-544376275120	46.6	7.883333	1848	NA	NA	NA	NA	NA	1977-01-02	2	1	1977	2473577	2473577	PRESERVED_SPECIMEN	Naturhistorisches Museum Bern, Switzerland			NA		NA	CC_BY_4_0		Tierpark Dählhölzli	NA	NA	2026-09-09 15:22:58.043		COORDINATE_ROUNDED;CONTINENT_DERIVED_FROM_COORDINATES;INSTITUTION_MATCH_NONE	GalliForm: Galliformes occurrence records from the Indo-Malay and Palaearctic, 1800-2008	10.15468/9825yw
169	1.41444781084193e-314	d740f242-6c26-4229-9a8f-b63bfab63dc6	79312	Animalia	Chordata	Aves	Galliformes	Phasianidae	Tetrao	Tetrao urogallus	NA	SPECIES	Tetrao urogallus Linnaeus, 1758	Tetrao urogallus		CH	Boudry		PRESENT	1	2963d877-8230-45bd-a223-544376275120	46.95	6.816667	1848	NA	NA	NA	NA	NA	1986	NA	NA	1986	2473577	2473577	PRESERVED_SPECIMEN	Museum d'Histoire Naturelle de Neuchatel, Switzerland			NA		NA	CC_BY_4_0		Insp. chasse NE	NA	NA	2026-09-09 15:22:56.782		COORDINATE_ROUNDED;CONTINENT_DERIVED_FROM_COORDINATES;INSTITUTION_MATCH_NONE	GalliForm: Galliformes occurrence records from the Indo-Malay and Palaearctic, 1800-2008	10.15468/9825yw
170	1.41444781034787e-314	d740f242-6c26-4229-9a8f-b63bfab63dc6	79286	Animalia	Chordata	Aves	Galliformes	Phasianidae	Tetrao	Tetrao urogallus	NA	SPECIES	Tetrao urogallus Linnaeus, 1758	Tetrao urogallus		CH	Les Geneveys sur Coffrane		PRESENT	8	2963d877-8230-45bd-a223-544376275120	47.016667	6.866667	1848	NA	NA	NA	NA	NA	1983	NA	NA	1983	2473577	2473577	PRESERVED_SPECIMEN	Museum d'Histoire Naturelle de Neuchatel, Switzerland			NA		NA	CC_BY_4_0		Gehringer F.	NA	NA	2026-09-09 15:22:56.78		COORDINATE_ROUNDED;CONTINENT_DERIVED_FROM_COORDINATES;INSTITUTION_MATCH_NONE	GalliForm: Galliformes occurrence records from the Indo-Malay and Palaearctic, 1800-2008	10.15468/9825yw
171	1.41440883103874e-314	d740f242-6c26-4229-9a8f-b63bfab63dc6	130782	Animalia	Chordata	Aves	Galliformes	Phasianidae	Tetrao	Tetrao urogallus	NA	SPECIES	Tetrao urogallus Linnaeus, 1758	Tetrao urogallus		CH	Ringing data 974		PRESENT	1	2963d877-8230-45bd-a223-544376275120	46.9	8.2	NA	NA	NA	NA	NA	NA	1971-05-08	8	5	1971	2473577	2473577	HUMAN_OBSERVATION	EURING			NA		NA	CC_BY_4_0			NA	NA	2026-09-09 15:22:26.726		CONTINENT_DERIVED_FROM_COORDINATES	GalliForm: Galliformes occurrence records from the Indo-Malay and Palaearctic, 1800-2008	10.15468/9825yw
172	1.41440123774383e-314	d740f242-6c26-4229-9a8f-b63bfab63dc6	95674	Animalia	Chordata	Aves	Galliformes	Phasianidae	Tetrao	Tetrao urogallus	NA	SPECIES	Tetrao urogallus Linnaeus, 1758	Tetrao urogallus		CH	Susch		PRESENT	1	2963d877-8230-45bd-a223-544376275120	46.75	10.066667	1848	NA	NA	NA	NA	NA	1981	NA	NA	1981	2473577	2473577	PRESERVED_SPECIMEN	Naturhistorisches Museum Bern, Switzerland			NA		NA	CC_BY_4_0		Haller Heinrich, Dr.	NA	NA	2026-09-09 15:22:22.894		COORDINATE_ROUNDED;CONTINENT_DERIVED_FROM_COORDINATES;INSTITUTION_MATCH_NONE	GalliForm: Galliformes occurrence records from the Indo-Malay and Palaearctic, 1800-2008	10.15468/9825yw
173	1.41440071946897e-314	d740f242-6c26-4229-9a8f-b63bfab63dc6	95218	Animalia	Chordata	Aves	Galliformes	Phasianidae	Tetrao	Tetrao urogallus	NA	SPECIES	Tetrao urogallus Linnaeus, 1758	Tetrao urogallus		CH	Gantlauenen		PRESENT	1	2963d877-8230-45bd-a223-544376275120	46.516667	7.383333	1848	NA	NA	NA	NA	NA	2000-06-01	1	6	2000	2473577	2473577	PRESERVED_SPECIMEN	Naturhistorisches Museum Bern, Switzerland			NA		NA	CC_BY_4_0		Kunz Walter, WH	NA	NA	2026-09-09 15:22:21.034		COORDINATE_ROUNDED;CONTINENT_DERIVED_FROM_COORDINATES;INSTITUTION_MATCH_NONE	GalliForm: Galliformes occurrence records from the Indo-Malay and Palaearctic, 1800-2008	10.15468/9825yw
174	1.41439925258806e-314	d740f242-6c26-4229-9a8f-b63bfab63dc6	95107	Animalia	Chordata	Aves	Galliformes	Phasianidae	Tetrao	Tetrao urogallus	NA	SPECIES	Tetrao urogallus Linnaeus, 1758	Tetrao urogallus		CH	Kandersteg		PRESENT	1	2963d877-8230-45bd-a223-544376275120	46.466667	7.65	1848	NA	NA	NA	NA	NA	1974-06-13	13	6	1974	2473577	2473577	PRESERVED_SPECIMEN	Naturhistorisches Museum Bern, Switzerland			NA		NA	CC_BY_4_0		Hari Hermann, WH	NA	NA	2026-09-09 15:22:20.001		COORDINATE_ROUNDED;CONTINENT_DERIVED_FROM_COORDINATES;INSTITUTION_MATCH_NONE	GalliForm: Galliformes occurrence records from the Indo-Malay and Palaearctic, 1800-2008	10.15468/9825yw
175	1.41439693245579e-314	d740f242-6c26-4229-9a8f-b63bfab63dc6	79254	Animalia	Chordata	Aves	Galliformes	Phasianidae	Tetrao	Tetrao urogallus	NA	SPECIES	Tetrao urogallus Linnaeus, 1758	Tetrao urogallus		CH	Bevaix		PRESENT	1	2963d877-8230-45bd-a223-544376275120	46.916667	6.8	1848	NA	NA	NA	NA	NA	1971	NA	NA	1971	2473577	2473577	PRESERVED_SPECIMEN	Museum d'Histoire Naturelle de Neuchatel, Switzerland			NA		NA	CC_BY_4_0		Reutter G. P.	NA	NA	2026-09-09 15:22:18.298		COORDINATE_ROUNDED;CONTINENT_DERIVED_FROM_COORDINATES;INSTITUTION_MATCH_NONE	GalliForm: Galliformes occurrence records from the Indo-Malay and Palaearctic, 1800-2008	10.15468/9825yw
176	1.41439614046856e-314	d740f242-6c26-4229-9a8f-b63bfab63dc6	62454	Animalia	Chordata	Aves	Galliformes	Phasianidae	Tetrao	Tetrao urogallus	NA	SPECIES	Tetrao urogallus Linnaeus, 1758	Tetrao urogallus		CH	Martina		PRESENT	1	2963d877-8230-45bd-a223-544376275120	46.883333	10.466667	1848	NA	NA	NA	NA	NA	1971-06-24	24	6	1971	2473577	2473577	PRESERVED_SPECIMEN	Naturhistorisches Museum, Basel, Switzerland			NA		NA	CC_BY_4_0			NA	NA	2026-09-09 15:22:17.581		COORDINATE_ROUNDED;CONTINENT_DERIVED_FROM_COORDINATES;INSTITUTION_MATCH_NONE	GalliForm: Galliformes occurrence records from the Indo-Malay and Palaearctic, 1800-2008	10.15468/9825yw
177	1.41439494631189e-314	d740f242-6c26-4229-9a8f-b63bfab63dc6	79271	Animalia	Chordata	Aves	Galliformes	Phasianidae	Tetrao	Tetrao urogallus	NA	SPECIES	Tetrao urogallus Linnaeus, 1758	Tetrao urogallus		CH	Saint-Aubin		PRESENT	4	2963d877-8230-45bd-a223-544376275120	46.883333	6.966667	1848	NA	NA	NA	NA	NA	1981	NA	NA	1981	2473577	2473577	PRESERVED_SPECIMEN	Museum d'Histoire Naturelle de Neuchatel, Switzerland			NA		NA	CC_BY_4_0		Gehringer F.	NA	NA	2026-09-09 15:22:17.829		COORDINATE_ROUNDED;CONTINENT_DERIVED_FROM_COORDINATES;INSTITUTION_MATCH_NONE	GalliForm: Galliformes occurrence records from the Indo-Malay and Palaearctic, 1800-2008	10.15468/9825yw
178	1.41439494581783e-314	d740f242-6c26-4229-9a8f-b63bfab63dc6	79253	Animalia	Chordata	Aves	Galliformes	Phasianidae	Tetrao	Tetrao urogallus	NA	SPECIES	Tetrao urogallus Linnaeus, 1758	Tetrao urogallus		CH	La Brévine		PRESENT	1	2963d877-8230-45bd-a223-544376275120	46.966667	6.6	1848	NA	NA	NA	NA	NA	1971	NA	NA	1971	2473577	2473577	PRESERVED_SPECIMEN	Museum d'Histoire Naturelle de Neuchatel, Switzerland			NA		NA	CC_BY_4_0			NA	NA	2026-09-09 15:22:17.112		COORDINATE_ROUNDED;CONTINENT_DERIVED_FROM_COORDINATES;INSTITUTION_MATCH_NONE	GalliForm: Galliformes occurrence records from the Indo-Malay and Palaearctic, 1800-2008	10.15468/9825yw
179	1.41439367310472e-314	d740f242-6c26-4229-9a8f-b63bfab63dc6	62455	Animalia	Chordata	Aves	Galliformes	Phasianidae	Tetrao	Tetrao urogallus	NA	SPECIES	Tetrao urogallus Linnaeus, 1758	Tetrao urogallus		CH	Suren		PRESENT	1	2963d877-8230-45bd-a223-544376275120	46.766667	10.166667	1848	NA	NA	NA	NA	NA	1977-07-15	15	7	1977	2473577	2473577	PRESERVED_SPECIMEN	Naturhistorisches Museum, Basel, Switzerland			NA		NA	CC_BY_4_0			NA	NA	2026-09-09 15:22:15.846		COORDINATE_ROUNDED;CONTINENT_DERIVED_FROM_COORDINATES;INSTITUTION_MATCH_NONE	GalliForm: Galliformes occurrence records from the Indo-Malay and Palaearctic, 1800-2008	10.15468/9825yw
180	1.34833275687718e-314	4fa7b334-ce0d-4e88-aaae-2e0c138d049e	URN:catalog:CLO:EBIRD:OBS502686597	Animalia	Chordata	Aves	Galliformes	Phasianidae	Tetrao	Tetrao urogallus	NA	SPECIES	Tetrao urogallus Linnaeus, 1758	Tetrao urogallus		CH	Grotte à Chenuz	Vaud	PRESENT	1	e2e717bf-551a-4917-bdc9-4fa0f342c530	46.606586	6.339396	NA	NA	NA	NA	NA	NA	2017-05-21	21	5	2017	2473577	2473577	HUMAN_OBSERVATION	CLO	EBIRD	OBS502686597	NA		NA	CC_BY_4_0		obsr497615	NA	NA	2026-09-02 06:30:45.893		COORDINATE_ROUNDED;CONTINENT_DERIVED_FROM_COORDINATES;TAXON_CONCEPT_ID_NOT_FOUND	EOD – eBird Observation Dataset	10.15468/aomfnb
181	3.03828105147774e-315	82ab0954-f762-11e1-a439-00145eb45e9a		Animalia	Chordata	Aves	Galliformes	Phasianidae	Tetrao	Tetrao urogallus	NA	SPECIES	Tetrao urogallus Linnaeus, 1758	Tetrao urogallus Linnaeus, 1758		CH	Savognin/Kanton Graubünden		PRESENT	NA	23e067c0-a255-11da-beae-b8a03c50a862	46.61713	9.59419	7070	NA	1790	NA	NA	NA	2004-04-15	15	4	2004	2473577	2473577	OBSERVATION	BDMCH	Bird Observational Records	BDMCH-Z7Voegel-32894	NA		NA	CC_BY_NC_4_0		F. Borleis	NA	NA	2026-07-18 16:05:57.751		GEODETIC_DATUM_ASSUMED_WGS84;CONTINENT_DERIVED_FROM_COORDINATES	Bird Observational Records	10.15468/waz4ep
182	3.03828079456361e-315	82ab0954-f762-11e1-a439-00145eb45e9a		Animalia	Chordata	Aves	Galliformes	Phasianidae	Tetrao	Tetrao urogallus	NA	SPECIES	Tetrao urogallus Linnaeus, 1758	Tetrao urogallus Linnaeus, 1758		CH	Val Müstair/Kanton Graubünden		PRESENT	NA	23e067c0-a255-11da-beae-b8a03c50a862	46.59961	10.37706	7070	NA	2140	NA	NA	NA	2004-04-15	15	4	2004	2473577	2473577	OBSERVATION	BDMCH	Bird Observational Records	BDMCH-Z7Voegel-33129	NA		NA	CC_BY_NC_4_0		D. Jenny	NA	NA	2026-07-18 16:05:57.75		GEODETIC_DATUM_ASSUMED_WGS84;CONTINENT_DERIVED_FROM_COORDINATES	Bird Observational Records	10.15468/waz4ep
183	3.03828073527573e-315	82ab0954-f762-11e1-a439-00145eb45e9a		Animalia	Chordata	Aves	Galliformes	Phasianidae	Tetrao	Tetrao urogallus	NA	SPECIES	Tetrao urogallus Linnaeus, 1758	Tetrao urogallus Linnaeus, 1758		CH	Sent/Kanton Graubünden		PRESENT	NA	23e067c0-a255-11da-beae-b8a03c50a862	46.77941	10.38687	7070	NA	1630	NA	NA	NA	2004-04-15	15	4	2004	2473577	2473577	OBSERVATION	BDMCH	Bird Observational Records	BDMCH-Z7Voegel-33164	NA		NA	CC_BY_NC_4_0		D. Jenny	NA	NA	2026-07-18 16:05:58.149		GEODETIC_DATUM_ASSUMED_WGS84;CONTINENT_DERIVED_FROM_COORDINATES	Bird Observational Records	10.15468/waz4ep
184	3.03827759301822e-315	82ab0954-f762-11e1-a439-00145eb45e9a		Animalia	Chordata	Aves	Galliformes	Phasianidae	Tetrao	Tetrao urogallus	NA	SPECIES	Tetrao urogallus Linnaeus, 1758	Tetrao urogallus Linnaeus, 1758		CH	Lachen/Kanton Schwyz		PRESENT	NA	23e067c0-a255-11da-beae-b8a03c50a862	47.16896	8.82475	7070	NA	1210	NA	NA	NA	2005-04-15	15	4	2005	2473577	2473577	OBSERVATION	BDMCH	Bird Observational Records	BDMCH-Z7Voegel-35553	NA		NA	CC_BY_NC_4_0		Ebneter G	NA	NA	2026-07-18 16:05:58.198		GEODETIC_DATUM_ASSUMED_WGS84;CONTINENT_DERIVED_FROM_COORDINATES	Bird Observational Records	10.15468/waz4ep
185	3.03826565639222e-315	82ab0954-f762-11e1-a439-00145eb45e9a		Animalia	Chordata	Aves	Galliformes	Phasianidae	Tetrao	Tetrao urogallus	NA	SPECIES	Tetrao urogallus Linnaeus, 1758	Tetrao urogallus Linnaeus, 1758		CH	Weesen/Kanton Sankt Gallen		PRESENT	NA	23e067c0-a255-11da-beae-b8a03c50a862	47.16548	9.08852	7070	NA	1180	NA	NA	NA	2008-05-05	5	5	2008	2473577	2473577	OBSERVATION	BDMCH	Bird Observational Records	BDMCH-Z7Voegel-44781	NA		NA	CC_BY_NC_4_0		B. Keist	NA	NA	2026-07-18 16:05:57.728		GEODETIC_DATUM_ASSUMED_WGS84;CONTINENT_DERIVED_FROM_COORDINATES	Bird Observational Records	10.15468/waz4ep
